latitude,longitude,brightness,scan,track,acq_date,acq_time,satellite,instrument,confidence,version,bright_t31,frp,daynight
-34.69958,-58.97041,298.34,0.56,0.43,2026-01-25,0522,N,VIIRS,n,2.0NRT,267.73,0.66,N
-33.2589,-60.28627,313.18,0.47,0.4,2026-01-25,0522,N,VIIRS,n,2.0NRT,294.19,2.01,N
-34.70358,-58.97106,313.92,0.56,0.43,2026-01-25,0522,N,VIIRS,n,2.0NRT,267.17,1.17,N
-34.79192,-58.4521,306.89,0.39,0.44,2026-01-25,0522,N,VIIRS,n,2.0NRT,269.69,1.3,N
-34.85792,-57.89405,319.74,0.42,0.45,2026-01-25,0522,N,VIIRS,n,2.0NRT,281.28,1.83,N
-33.25703,-60.28765,331.01,0.47,0.4,2026-01-25,0522,N,VIIRS,n,2.0NRT,295.59,2.98,N
-33.25766,-60.28255,316.27,0.47,0.4,2026-01-25,0522,N,VIIRS,n,2.0NRT,294.11,2.98,N
-33.36185,-60.14361,306.85,0.48,0.4,2026-01-25,0522,N,VIIRS,n,2.0NRT,294.59,2.51,N
-33.3673,-60.16049,331.71,0.47,0.4,2026-01-25,0522,N,VIIRS,n,2.0NRT,295.02,3.01,N
-33.371,-60.16116,317.35,0.47,0.4,2026-01-25,0522,N,VIIRS,n,2.0NRT,294.48,3.01,N
-33.37667,-60.1463,332.74,0.48,0.4,2026-01-25,0522,N,VIIRS,n,2.0NRT,294.9,10.89,N
-33.25588,-60.28048,310.2,0.47,0.4,2026-01-25,0522,N,VIIRS,n,2.0NRT,294.12,2.09,N
-33.37728,-60.14775,335.43,0.48,0.4,2026-01-25,0522,N,VIIRS,n,2.0NRT,293.74,10.99,N
-34.1467,-58.98777,316.43,0.55,0.42,2026-01-25,0522,N,VIIRS,n,2.0NRT,283.34,2.14,N
-34.15067,-58.98843,308.03,0.55,0.42,2026-01-25,0522,N,VIIRS,n,2.0NRT,285.24,1.65,N
-32.73757,-68.84675,303.52,0.51,0.41,2026-01-25,0522,N,VIIRS,n,2.0NRT,291.61,0.95,N
-32.81286,-68.77839,301.56,0.5,0.41,2026-01-25,0522,N,VIIRS,n,2.0NRT,289.67,0.57,N
-34.70256,-58.96954,318.38,0.56,0.43,2026-01-25,0522,N,VIIRS,n,2.0NRT,267.98,1.38,N
-33.25523,-60.28558,323.99,0.47,0.4,2026-01-25,0522,N,VIIRS,n,2.0NRT,295.27,3.57,N
-29.15742,-61.10091,327.3,0.41,0.37,2026-01-25,0522,N,VIIRS,n,2.0NRT,293.28,2.1,N
-28.46704,-65.2284,301.65,0.42,0.37,2026-01-25,0522,N,VIIRS,n,2.0NRT,285.56,0.76,N
-27.08236,-60.91529,298.14,0.4,0.37,2026-01-25,0522,N,VIIRS,n,2.0NRT,284.14,0.5,N
-27.07896,-60.91467,305.12,0.4,0.37,2026-01-25,0522,N,VIIRS,n,2.0NRT,285.15,0.63,N
-26.9039,-61.43864,315.18,0.39,0.36,2026-01-25,0522,N,VIIRS,n,2.0NRT,283.91,1.44,N
-26.60773,-62.11615,295.56,0.38,0.36,2026-01-25,0522,N,VIIRS,n,2.0NRT,260.38,0.76,N
-25.63234,-62.03908,307.77,0.38,0.36,2026-01-25,0522,N,VIIRS,n,2.0NRT,292.7,0.88,N
-42.27032,-71.43533,299.36,0.46,0.39,2026-01-25,0525,N,VIIRS,n,2.0NRT,284.08,1.06,N
-42.27392,-71.43647,312.64,0.46,0.39,2026-01-25,0525,N,VIIRS,n,2.0NRT,283.63,1.81,N
-42.25504,-71.55145,324.54,0.47,0.39,2026-01-25,0525,N,VIIRS,n,2.0NRT,289.1,3.47,N
-42.25602,-71.54653,308.63,0.46,0.39,2026-01-25,0525,N,VIIRS,n,2.0NRT,286.89,1.38,N
-42.25861,-71.55291,324.09,0.47,0.39,2026-01-25,0525,N,VIIRS,n,2.0NRT,287.35,3.01,N
-42.25964,-71.54773,305.63,0.46,0.39,2026-01-25,0525,N,VIIRS,n,2.0NRT,285.65,1.11,N
-42.26326,-71.54885,296.13,0.46,0.39,2026-01-25,0525,N,VIIRS,n,2.0NRT,284.09,1.11,N
-42.26694,-71.54973,331.38,0.46,0.39,2026-01-25,0525,N,VIIRS,n,2.0NRT,287.44,2.49,N
-42.26809,-71.54391,307.81,0.46,0.39,2026-01-25,0525,N,VIIRS,n,2.0NRT,287.95,2.49,N
-42.27179,-71.54463,305.72,0.46,0.39,2026-01-25,0525,N,VIIRS,n,2.0NRT,284.8,2.49,N
-42.30136,-71.51145,304.97,0.46,0.39,2026-01-25,0525,N,VIIRS,n,2.0NRT,281.41,1.58,N
-42.30697,-71.50251,299.2,0.46,0.39,2026-01-25,0525,N,VIIRS,n,2.0NRT,282.54,0.9,N
-42.3007,-71.50775,304.57,0.46,0.39,2026-01-25,0525,N,VIIRS,n,2.0NRT,282.77,1.11,N
-42.30896,-71.50487,299.72,0.46,0.39,2026-01-25,0525,N,VIIRS,n,2.0NRT,281.22,0.82,N
-42.31789,-71.47938,297.19,0.46,0.39,2026-01-25,0525,N,VIIRS,n,2.0NRT,283.36,0.88,N
-42.31712,-71.50251,315.62,0.46,0.39,2026-01-25,0525,N,VIIRS,n,2.0NRT,285.34,2.7,N
-42.32143,-71.48091,302.17,0.46,0.39,2026-01-25,0525,N,VIIRS,n,2.0NRT,281.82,1.97,N
-42.32323,-71.51041,327.94,0.46,0.39,2026-01-25,0525,N,VIIRS,n,2.0NRT,286.49,4.93,N
-42.32432,-71.50494,333.44,0.46,0.39,2026-01-25,0525,N,VIIRS,n,2.0NRT,288.82,3.48,N
-42.32699,-71.51083,317.68,0.46,0.39,2026-01-25,0525,N,VIIRS,n,2.0NRT,284.96,4.93,N
-42.32805,-71.5055,299.28,0.46,0.39,2026-01-25,0525,N,VIIRS,n,2.0NRT,283.9,3.48,N
-42.33213,-71.48502,317.13,0.46,0.39,2026-01-25,0525,N,VIIRS,n,2.0NRT,285.47,2.06,N
-42.33175,-71.50623,300.26,0.46,0.39,2026-01-25,0525,N,VIIRS,n,2.0NRT,282.56,1.09,N
-42.33569,-71.48641,304.91,0.46,0.39,2026-01-25,0525,N,VIIRS,n,2.0NRT,284.22,1.27,N
-42.33833,-71.49245,307.4,0.46,0.39,2026-01-25,0525,N,VIIRS,n,2.0NRT,284.28,1.69,N
-42.33928,-71.48766,307.72,0.46,0.39,2026-01-25,0525,N,VIIRS,n,2.0NRT,285.73,1.27,N
-42.34288,-71.48887,333.97,0.46,0.39,2026-01-25,0525,N,VIIRS,n,2.0NRT,302.46,18.11,N
-42.34649,-71.49002,301.82,0.46,0.39,2026-01-25,0525,N,VIIRS,n,2.0NRT,284.08,18.11,N
-42.55535,-71.54543,322.85,0.46,0.39,2026-01-25,0525,N,VIIRS,n,2.0NRT,296.42,4.07,N
-42.55649,-71.53969,334.26,0.46,0.39,2026-01-25,0525,N,VIIRS,n,2.0NRT,300.34,4.07,N
-42.55875,-71.52829,324.84,0.46,0.39,2026-01-25,0525,N,VIIRS,n,2.0NRT,283.42,2.69,N
-42.55422,-71.55111,306.77,0.46,0.39,2026-01-25,0525,N,VIIRS,n,2.0NRT,287.07,1.41,N
-42.55762,-71.53395,317.61,0.46,0.39,2026-01-25,0525,N,VIIRS,n,2.0NRT,288.2,2.69,N
-42.55895,-71.54659,321.88,0.46,0.39,2026-01-25,0525,N,VIIRS,n,2.0NRT,300.15,3.45,N
-42.56121,-71.5352,325.27,0.46,0.39,2026-01-25,0525,N,VIIRS,n,2.0NRT,297.82,3.92,N
-42.56233,-71.52955,335.53,0.46,0.39,2026-01-25,0525,N,VIIRS,n,2.0NRT,290.01,3.92,N
-42.55671,-71.55791,300.31,0.46,0.39,2026-01-25,0525,N,VIIRS,n,2.0NRT,289.6,1.65,N
-42.55783,-71.55224,314.37,0.46,0.39,2026-01-25,0525,N,VIIRS,n,2.0NRT,294.91,1.65,N
-42.56009,-71.54089,319.44,0.46,0.39,2026-01-25,0525,N,VIIRS,n,2.0NRT,296.46,3.45,N
-42.56369,-71.54207,325.69,0.46,0.39,2026-01-25,0525,N,VIIRS,n,2.0NRT,301.95,3.45,N
-42.56481,-71.5364,330.8,0.46,0.39,2026-01-25,0525,N,VIIRS,n,2.0NRT,303.58,3.92,N
-42.56593,-71.53072,322.15,0.46,0.39,2026-01-25,0525,N,VIIRS,n,2.0NRT,299.39,3.92,N
-42.56034,-71.55896,308.97,0.46,0.39,2026-01-25,0525,N,VIIRS,n,2.0NRT,291.24,1.65,N
-42.56145,-71.55336,309.92,0.46,0.39,2026-01-25,0525,N,VIIRS,n,2.0NRT,292.19,1.65,N
-42.56256,-71.54774,319.93,0.46,0.39,2026-01-25,0525,N,VIIRS,n,2.0NRT,295.95,3.45,N
-42.56619,-71.54879,322,0.46,0.39,2026-01-25,0525,N,VIIRS,n,2.0NRT,302.45,3.3,N
-42.5673,-71.54317,322.04,0.46,0.39,2026-01-25,0525,N,VIIRS,n,2.0NRT,300.46,3.3,N
-42.56841,-71.5376,329.61,0.46,0.39,2026-01-25,0525,N,VIIRS,n,2.0NRT,304.2,5.47,N
-42.56954,-71.53185,332.52,0.46,0.39,2026-01-25,0525,N,VIIRS,n,2.0NRT,307.77,5.47,N
-42.56396,-71.56001,307.3,0.46,0.39,2026-01-25,0525,N,VIIRS,n,2.0NRT,290.18,1.62,N
-42.56507,-71.55444,307.69,0.46,0.39,2026-01-25,0525,N,VIIRS,n,2.0NRT,293.44,1.62,N
-42.57066,-71.52619,302.24,0.46,0.39,2026-01-25,0525,N,VIIRS,n,2.0NRT,284.34,1.23,N
-42.57202,-71.53871,332.43,0.46,0.39,2026-01-25,0525,N,VIIRS,n,2.0NRT,306.33,5.47,N
-42.57313,-71.53309,341.73,0.46,0.39,2026-01-25,0525,N,VIIRS,n,2.0NRT,314,5.47,N
-42.56646,-71.56683,298.46,0.46,0.39,2026-01-25,0525,N,VIIRS,n,2.0NRT,286.81,1.43,N
-42.56758,-71.5611,303.9,0.46,0.39,2026-01-25,0525,N,VIIRS,n,2.0NRT,290.23,1.62,N
-42.5687,-71.55548,311.6,0.46,0.39,2026-01-25,0525,N,VIIRS,n,2.0NRT,296.57,1.62,N
-42.56982,-71.54984,319.6,0.46,0.39,2026-01-25,0525,N,VIIRS,n,2.0NRT,299.67,3.3,N
-42.57093,-71.54424,317.96,0.46,0.39,2026-01-25,0525,N,VIIRS,n,2.0NRT,297.48,3.3,N
-42.57425,-71.52745,311.07,0.46,0.39,2026-01-25,0525,N,VIIRS,n,2.0NRT,285.51,1.23,N
-42.57456,-71.54521,327.55,0.46,0.39,2026-01-25,0525,N,VIIRS,n,2.0NRT,302.7,3.67,N
-42.57563,-71.5398,338.59,0.46,0.39,2026-01-25,0525,N,VIIRS,n,2.0NRT,307.9,5.45,N
-42.57672,-71.53429,343.41,0.46,0.39,2026-01-25,0525,N,VIIRS,n,2.0NRT,298.38,5.45,N
-42.57121,-71.56215,307.78,0.46,0.39,2026-01-25,0525,N,VIIRS,n,2.0NRT,292.85,1.41,N
-42.57234,-71.55648,304.24,0.46,0.39,2026-01-25,0525,N,VIIRS,n,2.0NRT,291.74,1.41,N
-42.57346,-71.5508,310.18,0.46,0.39,2026-01-25,0525,N,VIIRS,n,2.0NRT,294.94,3.67,N
-42.57783,-71.5287,298.29,0.46,0.39,2026-01-25,0525,N,VIIRS,n,2.0NRT,278.35,0.71,N
-42.5782,-71.54621,330.55,0.46,0.39,2026-01-25,0525,N,VIIRS,n,2.0NRT,303.91,3.67,N
-42.57927,-71.54079,331.32,0.46,0.39,2026-01-25,0525,N,VIIRS,n,2.0NRT,304.11,5.45,N
-42.58035,-71.53533,326.94,0.46,0.39,2026-01-25,0525,N,VIIRS,n,2.0NRT,295.18,5.45,N
-42.56229,-71.62664,297.21,0.46,0.39,2026-01-25,0525,N,VIIRS,n,2.0NRT,287.14,1.05,N
-42.57487,-71.56306,305.31,0.46,0.39,2026-01-25,0525,N,VIIRS,n,2.0NRT,289.64,1.41,N
-42.57599,-71.55737,304.51,0.46,0.39,2026-01-25,0525,N,VIIRS,n,2.0NRT,291.18,1.41,N
-42.57711,-71.55173,318.09,0.46,0.39,2026-01-25,0525,N,VIIRS,n,2.0NRT,298.62,3.67,N
-42.55961,-71.6595,326.79,0.46,0.39,2026-01-25,0525,N,VIIRS,n,2.0NRT,302.36,22.81,N
-42.58076,-71.55261,321.24,0.46,0.39,2026-01-25,0525,N,VIIRS,n,2.0NRT,296.25,14.24,N
-42.58185,-71.54712,342.45,0.46,0.39,2026-01-25,0525,N,VIIRS,n,2.0NRT,306.76,14.24,N
-42.58293,-71.54167,345.11,0.46,0.39,2026-01-25,0525,N,VIIRS,n,2.0NRT,311.68,8.21,N
-42.58401,-71.53619,340.23,0.46,0.39,2026-01-25,0525,N,VIIRS,n,2.0NRT,298.92,8.21,N
-42.55862,-71.66451,317.36,0.46,0.39,2026-01-25,0525,N,VIIRS,n,2.0NRT,282.56,22.81,N
-42.56592,-71.62776,303.47,0.46,0.39,2026-01-25,0525,N,VIIRS,n,2.0NRT,290.04,1.24,N
-42.56708,-71.62189,295.82,0.46,0.39,2026-01-25,0525,N,VIIRS,n,2.0NRT,285.53,0.46,N
-42.57272,-71.59336,317.7,0.46,0.39,2026-01-25,0525,N,VIIRS,n,2.0NRT,294.25,2.11,N
-42.57743,-71.56951,305.85,0.46,0.39,2026-01-25,0525,N,VIIRS,n,2.0NRT,287.29,1.49,N
-42.57854,-71.56391,305.42,0.46,0.39,2026-01-25,0525,N,VIIRS,n,2.0NRT,290.77,3.63,N
-42.57965,-71.55826,310.53,0.46,0.39,2026-01-25,0525,N,VIIRS,n,2.0NRT,291.01,3.63,N
-42.56318,-71.66093,356.49,0.46,0.39,2026-01-25,0525,N,VIIRS,n,2.0NRT,294.52,22.81,N
-42.56409,-71.65634,320.81,0.46,0.39,2026-01-25,0525,N,VIIRS,n,2.0NRT,289.55,9.78,N
-42.5822,-71.56477,341.27,0.46,0.39,2026-01-25,0525,N,VIIRS,n,2.0NRT,293.29,3.63,N
-42.58331,-71.55917,337.82,0.46,0.39,2026-01-25,0525,N,VIIRS,n,2.0NRT,295.62,3.63,N
-42.58443,-71.55348,348.96,0.46,0.39,2026-01-25,0525,N,VIIRS,n,2.0NRT,301.46,14.24,N
-42.58551,-71.548,356.74,0.46,0.39,2026-01-25,0525,N,VIIRS,n,2.0NRT,314.97,14.24,N
-42.58659,-71.54251,353.19,0.46,0.39,2026-01-25,0525,N,VIIRS,n,2.0NRT,310.52,8.21,N
-42.58768,-71.53699,347.17,0.46,0.39,2026-01-25,0525,N,VIIRS,n,2.0NRT,298.26,8.21,N
-42.56224,-71.66565,297.96,0.46,0.39,2026-01-25,0525,N,VIIRS,n,2.0NRT,282.17,22.81,N
-42.56954,-71.62889,301.51,0.46,0.39,2026-01-25,0525,N,VIIRS,n,2.0NRT,288.2,1.24,N
-42.57637,-71.59433,310.63,0.46,0.39,2026-01-25,0525,N,VIIRS,n,2.0NRT,288.76,2.11,N
-42.5811,-71.57037,305.72,0.46,0.39,2026-01-25,0525,N,VIIRS,n,2.0NRT,283.12,1.49,N
-42.56765,-71.65788,324.71,0.46,0.39,2026-01-25,0525,N,VIIRS,n,2.0NRT,289,2.8,N
-42.58808,-71.55439,328.19,0.46,0.39,2026-01-25,0525,N,VIIRS,n,2.0NRT,284.96,7.71,N
-42.59025,-71.54337,367,0.46,0.39,2026-01-25,0525,N,VIIRS,h,2.0NRT,301.77,7.76,N
-42.59135,-71.5378,346.02,0.46,0.39,2026-01-25,0525,N,VIIRS,n,2.0NRT,287.74,7.76,N
-42.56672,-71.66255,298.12,0.46,0.39,2026-01-25,0525,N,VIIRS,n,2.0NRT,284.06,2.1,N
-42.58586,-71.56564,305.29,0.46,0.39,2026-01-25,0525,N,VIIRS,n,2.0NRT,282.49,1.94,N
-42.58696,-71.56007,313.49,0.46,0.39,2026-01-25,0525,N,VIIRS,n,2.0NRT,283.43,1.94,N
-42.57118,-71.6595,322.12,0.46,0.39,2026-01-25,0525,N,VIIRS,n,2.0NRT,288.42,2.8,N
-42.5939,-71.54427,330.54,0.46,0.39,2026-01-25,0525,N,VIIRS,n,2.0NRT,282.99,7.76,N
-42.58368,-71.59619,299.57,0.46,0.39,2026-01-25,0525,N,VIIRS,n,2.0NRT,287.11,1.04,N
-42.5848,-71.59047,298.07,0.46,0.39,2026-01-25,0525,N,VIIRS,n,2.0NRT,286.04,1.54,N
-42.58599,-71.58445,304.14,0.46,0.39,2026-01-25,0525,N,VIIRS,n,2.0NRT,285.94,1.54,N
-42.59282,-71.54978,318.36,0.46,0.39,2026-01-25,0525,N,VIIRS,n,2.0NRT,281.83,7.71,N
-42.595,-71.53867,310.06,0.46,0.39,2026-01-25,0525,N,VIIRS,n,2.0NRT,281.67,7.76,N
-42.58622,-71.60278,296.59,0.46,0.39,2026-01-25,0525,N,VIIRS,n,2.0NRT,286.21,1.94,N
-42.58733,-71.59711,304.79,0.46,0.39,2026-01-25,0525,N,VIIRS,n,2.0NRT,289.61,1.94,N
-42.58846,-71.59142,306.78,0.46,0.39,2026-01-25,0525,N,VIIRS,n,2.0NRT,284.51,1.74,N
-42.59102,-71.59785,333.87,0.46,0.39,2026-01-25,0525,N,VIIRS,n,2.0NRT,287.44,1.94,N
-42.58992,-71.60342,305.02,0.46,0.39,2026-01-25,0525,N,VIIRS,n,2.0NRT,285.27,1.94,N
-42.59366,-71.60388,302.5,0.46,0.39,2026-01-25,0525,N,VIIRS,n,2.0NRT,282.98,1.81,N
-42.59473,-71.5985,313.18,0.46,0.39,2026-01-25,0525,N,VIIRS,n,2.0NRT,282.71,1.81,N
-42.60189,-71.64035,309.57,0.46,0.39,2026-01-25,0525,N,VIIRS,n,2.0NRT,286.72,1.43,N
-42.60544,-71.64188,304.12,0.46,0.39,2026-01-25,0525,N,VIIRS,n,2.0NRT,287.17,1.43,N
-42.60359,-71.64194,311.77,0.46,0.39,2026-01-25,0525,N,VIIRS,n,2.0NRT,287.74,1.39,N
-42.60715,-71.64336,299.86,0.46,0.39,2026-01-25,0525,N,VIIRS,n,2.0NRT,286.31,1.39,N
-42.61678,-71.65295,304.19,0.46,0.39,2026-01-25,0525,N,VIIRS,n,2.0NRT,285.44,1.43,N
-42.62167,-71.6478,295.65,0.46,0.39,2026-01-25,0525,N,VIIRS,n,2.0NRT,283.31,1.11,N
-42.65877,-71.55798,354.23,0.46,0.39,2026-01-25,0525,N,VIIRS,n,2.0NRT,299.08,8.95,N
-42.65996,-71.55199,353.19,0.46,0.39,2026-01-25,0525,N,VIIRS,n,2.0NRT,304.26,5.08,N
-42.66329,-71.53518,324.31,0.46,0.39,2026-01-25,0525,N,VIIRS,n,2.0NRT,289.15,2.72,N
-42.65757,-71.56398,317.8,0.46,0.39,2026-01-25,0525,N,VIIRS,n,2.0NRT,283.02,8.95,N
-42.6611,-71.54621,305.21,0.46,0.39,2026-01-25,0525,N,VIIRS,n,2.0NRT,283.94,5.08,N
-42.66221,-71.54064,302.78,0.46,0.39,2026-01-25,0525,N,VIIRS,n,2.0NRT,283.36,2.72,N
-42.66439,-71.52964,317.92,0.46,0.39,2026-01-25,0525,N,VIIRS,n,2.0NRT,285.12,2.47,N
-42.66114,-71.56532,367,0.46,0.39,2026-01-25,0525,N,VIIRS,h,2.0NRT,298.47,8.95,N
-42.66464,-71.54769,328.76,0.46,0.39,2026-01-25,0525,N,VIIRS,n,2.0NRT,289.89,5.08,N
-42.66684,-71.53655,327.62,0.46,0.39,2026-01-25,0525,N,VIIRS,n,2.0NRT,290.5,2.72,N
-42.65897,-71.57632,298.93,0.46,0.39,2026-01-25,0525,N,VIIRS,n,2.0NRT,282.46,3.14,N
-42.66233,-71.55933,319.62,0.46,0.39,2026-01-25,0525,N,VIIRS,n,2.0NRT,294.24,8.95,N
-42.66351,-71.55341,315.17,0.46,0.39,2026-01-25,0525,N,VIIRS,n,2.0NRT,291.03,5.08,N
-42.66574,-71.54211,318.77,0.46,0.39,2026-01-25,0525,N,VIIRS,n,2.0NRT,291.13,2.72,N
-42.66051,-71.58782,343.69,0.46,0.39,2026-01-25,0525,N,VIIRS,n,2.0NRT,288.84,12.71,N
-42.6615,-71.58282,351.23,0.46,0.39,2026-01-25,0525,N,VIIRS,n,2.0NRT,294.75,12.71,N
-42.6625,-71.57779,334.8,0.46,0.39,2026-01-25,0525,N,VIIRS,n,2.0NRT,302.72,14.59,N
-42.66357,-71.57243,332.38,0.46,0.39,2026-01-25,0525,N,VIIRS,n,2.0NRT,287.09,14.59,N
-42.6704,-71.53791,353.52,0.46,0.39,2026-01-25,0525,N,VIIRS,n,2.0NRT,300.12,4.86,N
-42.67153,-71.53223,322.44,0.46,0.39,2026-01-25,0525,N,VIIRS,n,2.0NRT,282.8,2.66,N
-42.65948,-71.59303,296.19,0.46,0.39,2026-01-25,0525,N,VIIRS,n,2.0NRT,281.08,1.97,N
-42.66471,-71.56665,319.33,0.46,0.39,2026-01-25,0525,N,VIIRS,n,2.0NRT,292.31,1.93,N
-42.66589,-71.56071,310.48,0.46,0.39,2026-01-25,0525,N,VIIRS,n,2.0NRT,291.09,1.93,N
-42.66705,-71.55483,298.84,0.46,0.39,2026-01-25,0525,N,VIIRS,n,2.0NRT,286.96,1.34,N
-42.66819,-71.5491,300.22,0.46,0.39,2026-01-25,0525,N,VIIRS,n,2.0NRT,286.92,1.34,N
-42.6693,-71.54347,306.38,0.46,0.39,2026-01-25,0525,N,VIIRS,n,2.0NRT,289.45,4.86,N
-42.66407,-71.58923,327.73,0.46,0.39,2026-01-25,0525,N,VIIRS,n,2.0NRT,288.33,12.71,N
-42.66505,-71.58427,323.56,0.46,0.39,2026-01-25,0525,N,VIIRS,n,2.0NRT,290.56,12.71,N
-42.66606,-71.57919,331.51,0.46,0.39,2026-01-25,0525,N,VIIRS,n,2.0NRT,288.28,14.59,N
-42.67289,-71.5447,336.47,0.46,0.39,2026-01-25,0525,N,VIIRS,n,2.0NRT,289.21,4.86,N
-42.66307,-71.59423,309.59,0.46,0.39,2026-01-25,0525,N,VIIRS,n,2.0NRT,281.84,1.97,N
-42.66714,-71.57373,318.27,0.46,0.39,2026-01-25,0525,N,VIIRS,n,2.0NRT,288.16,14.59,N
-42.66829,-71.56793,309.84,0.46,0.39,2026-01-25,0525,N,VIIRS,n,2.0NRT,292.55,1.93,N
-42.66946,-71.56206,300.85,0.46,0.39,2026-01-25,0525,N,VIIRS,n,2.0NRT,287.95,1.93,N
-42.67176,-71.5504,299.42,0.46,0.39,2026-01-25,0525,N,VIIRS,n,2.0NRT,288.43,1.34,N
-42.67402,-71.53896,298.71,0.46,0.39,2026-01-25,0525,N,VIIRS,n,2.0NRT,281.67,4.86,N
-42.66859,-71.58575,342.85,0.46,0.39,2026-01-25,0525,N,VIIRS,n,2.0NRT,297.73,5.71,N
-42.67071,-71.57507,329.7,0.46,0.39,2026-01-25,0525,N,VIIRS,n,2.0NRT,286.63,6.79,N
-42.67188,-71.56914,343.04,0.46,0.39,2026-01-25,0525,N,VIIRS,n,2.0NRT,294.33,3.61,N
-42.67538,-71.55141,334.82,0.46,0.39,2026-01-25,0525,N,VIIRS,n,2.0NRT,290.34,3.19,N
-42.6765,-71.54576,344.68,0.46,0.39,2026-01-25,0525,N,VIIRS,n,2.0NRT,286.59,8.43,N
-42.66763,-71.59064,305.86,0.46,0.39,2026-01-25,0525,N,VIIRS,n,2.0NRT,286.93,5.71,N
-42.66962,-71.5806,318,0.46,0.39,2026-01-25,0525,N,VIIRS,n,2.0NRT,281.66,6.79,N
-42.67306,-71.56318,298.43,0.46,0.39,2026-01-25,0525,N,VIIRS,n,2.0NRT,287.29,3.61,N
-42.67424,-71.55722,298.25,0.46,0.39,2026-01-25,0525,N,VIIRS,n,2.0NRT,287.31,3.19,N
-42.67215,-71.58718,338.85,0.46,0.39,2026-01-25,0525,N,VIIRS,n,2.0NRT,292.09,5.71,N
-42.67903,-71.55236,333.35,0.46,0.39,2026-01-25,0525,N,VIIRS,n,2.0NRT,286.06,3.19,N
-42.6373,-71.76252,303.19,0.47,0.39,2026-01-25,0525,N,VIIRS,n,2.0NRT,284.28,1.84,N
-42.67118,-71.59203,304.4,0.46,0.39,2026-01-25,0525,N,VIIRS,n,2.0NRT,286.82,5.71,N
-42.6755,-71.57024,301.79,0.46,0.39,2026-01-25,0525,N,VIIRS,n,2.0NRT,285.71,3.61,N
-42.67788,-71.55817,306.35,0.46,0.39,2026-01-25,0525,N,VIIRS,n,2.0NRT,284.06,3.19,N
-42.67373,-71.59855,322.68,0.46,0.39,2026-01-25,0525,N,VIIRS,n,2.0NRT,285.66,5.63,N
-42.6757,-71.58859,331.91,0.46,0.39,2026-01-25,0525,N,VIIRS,n,2.0NRT,286.47,5.41,N
-42.64096,-71.76355,307.8,0.47,0.39,2026-01-25,0525,N,VIIRS,n,2.0NRT,285.16,1.93,N
-42.67472,-71.59352,308.04,0.46,0.39,2026-01-25,0525,N,VIIRS,n,2.0NRT,287.85,5.41,N
-42.646,-71.75756,328.75,0.47,0.39,2026-01-25,0525,N,VIIRS,n,2.0NRT,285.55,1.93,N
-42.67721,-71.60034,328.6,0.46,0.39,2026-01-25,0525,N,VIIRS,n,2.0NRT,284.95,5.63,N
-42.67825,-71.59509,340.1,0.46,0.39,2026-01-25,0525,N,VIIRS,n,2.0NRT,290.08,5.41,N
-42.6446,-71.76465,297.59,0.47,0.39,2026-01-25,0525,N,VIIRS,n,2.0NRT,282.47,1.93,N
-42.68397,-71.56611,297.19,0.46,0.39,2026-01-25,0525,N,VIIRS,n,2.0NRT,281.56,1.69,N
-42.64964,-71.75871,309.86,0.47,0.39,2026-01-25,0525,N,VIIRS,n,2.0NRT,281.69,1.71,N
-42.6818,-71.59653,302.14,0.46,0.39,2026-01-25,0525,N,VIIRS,n,2.0NRT,285.9,3.35,N
-42.68537,-71.59786,344.88,0.46,0.39,2026-01-25,0525,N,VIIRS,n,2.0NRT,288.79,3.35,N
-42.68894,-71.5992,318.99,0.46,0.39,2026-01-25,0525,N,VIIRS,n,2.0NRT,283.93,2.3,N
-42.69361,-71.59498,315.13,0.46,0.39,2026-01-25,0525,N,VIIRS,n,2.0NRT,286.43,2.3,N
-42.58916,-71.54888,356.59,0.46,0.39,2026-01-25,0525,N,VIIRS,n,2.0NRT,287.9,7.71,N
-37.06115,-56.84393,300.33,0.51,0.49,2026-01-25,0525,N,VIIRS,n,2.0NRT,277.6,1.22,N
-35.90346,-66.91908,321.38,0.4,0.37,2026-01-25,0525,N,VIIRS,n,2.0NRT,242.72,4.37,N
-37.08573,-69.47755,325.71,0.47,0.39,2026-01-25,0525,N,VIIRS,n,2.0NRT,291.89,2.48,N
-37.40938,-69.16721,302.25,0.45,0.39,2026-01-25,0525,N,VIIRS,n,2.0NRT,289.49,1.18,N
-37.42719,-69.17235,315.69,0.45,0.39,2026-01-25,0525,N,VIIRS,n,2.0NRT,289.47,1.59,N
-37.41188,-69.35104,301.8,0.46,0.39,2026-01-25,0525,N,VIIRS,n,2.0NRT,289.41,0.58,N
-37.52586,-69.09215,305.07,0.44,0.39,2026-01-25,0525,N,VIIRS,n,2.0NRT,290.65,1.05,N
-37.52682,-69.08715,302.53,0.44,0.39,2026-01-25,0525,N,VIIRS,n,2.0NRT,290.38,0.71,N
-38.68575,-62.41391,307.1,0.44,0.38,2026-01-25,0525,N,VIIRS,n,2.0NRT,277.66,0.9,N
-37.71255,-69.13939,330.75,0.44,0.39,2026-01-25,0525,N,VIIRS,n,2.0NRT,291.66,3.83,N
-37.7135,-69.13432,331.15,0.44,0.39,2026-01-25,0525,N,VIIRS,n,2.0NRT,293.35,3.83,N
-37.71365,-69.1421,325.83,0.44,0.39,2026-01-25,0525,N,VIIRS,n,2.0NRT,290.98,2.22,N
-37.71461,-69.13702,328.91,0.44,0.39,2026-01-25,0525,N,VIIRS,n,2.0NRT,290.87,3.17,N
-38.09592,-68.6082,304.11,0.42,0.38,2026-01-25,0525,N,VIIRS,n,2.0NRT,292.31,0.58,N
-38.36196,-68.7434,322.19,0.42,0.38,2026-01-25,0525,N,VIIRS,n,2.0NRT,293.54,1.64,N
-38.43897,-68.56241,329.5,0.42,0.38,2026-01-25,0525,N,VIIRS,n,2.0NRT,291.85,2.52,N
-38.4546,-68.49633,329.52,0.42,0.37,2026-01-25,0525,N,VIIRS,n,2.0NRT,292.93,2.8,N
-38.48489,-69.0108,303.43,0.43,0.38,2026-01-25,0525,N,VIIRS,n,2.0NRT,292.13,0.65,N
-38.69818,-68.71608,306.29,0.42,0.38,2026-01-25,0525,N,VIIRS,n,2.0NRT,290.88,0.46,N
-38.74533,-68.83698,329.74,0.42,0.38,2026-01-25,0525,N,VIIRS,n,2.0NRT,291.95,1.57,N
-42.17791,-71.31058,315.21,0.46,0.39,2026-01-25,0525,N,VIIRS,n,2.0NRT,286.46,1.88,N
-42.23068,-71.29469,300.96,0.46,0.39,2026-01-25,0525,N,VIIRS,n,2.0NRT,288.21,1.06,N
-42.23284,-71.29607,297.59,0.46,0.39,2026-01-25,0525,N,VIIRS,n,2.0NRT,286.19,0.8,N
-42.20861,-71.51374,309.8,0.46,0.39,2026-01-25,0525,N,VIIRS,n,2.0NRT,288.46,1.56,N
-42.24004,-71.49128,323.8,0.46,0.39,2026-01-25,0525,N,VIIRS,n,2.0NRT,287.05,1.73,N
-31.08782,-59.41388,300.65,0.48,0.4,2026-01-25,0525,N,VIIRS,n,2.0NRT,289.35,0.75,N
-31.35337,-58.06416,327.07,0.57,0.43,2026-01-25,0525,N,VIIRS,n,2.0NRT,291.08,3.48,N
-31.35267,-58.07023,316.75,0.56,0.43,2026-01-25,0525,N,VIIRS,n,2.0NRT,291.79,3.48,N
-42.74466,-71.79593,318.77,0.47,0.39,2026-01-25,0527,N,VIIRS,n,2.0NRT,283.86,1.85,N
-42.78369,-71.65746,333.2,0.46,0.39,2026-01-25,0527,N,VIIRS,n,2.0NRT,285.51,18.32,N
-42.78019,-71.65574,296.03,0.46,0.39,2026-01-25,0527,N,VIIRS,n,2.0NRT,281.42,18.32,N
-42.78429,-71.63501,323.94,0.46,0.39,2026-01-25,0527,N,VIIRS,n,2.0NRT,284.87,12.88,N
-42.78575,-71.64707,342.35,0.46,0.39,2026-01-25,0527,N,VIIRS,n,2.0NRT,312.3,94.97,N
-42.78677,-71.64191,349.39,0.46,0.39,2026-01-25,0527,N,VIIRS,n,2.0NRT,293.22,12.88,N
-42.78779,-71.63675,341.64,0.46,0.39,2026-01-25,0527,N,VIIRS,n,2.0NRT,290.09,12.88,N
-42.78716,-71.65932,347.49,0.46,0.39,2026-01-25,0527,N,VIIRS,n,2.0NRT,290.28,43.74,N
-42.78823,-71.65388,350.95,0.46,0.39,2026-01-25,0527,N,VIIRS,n,2.0NRT,300.29,28.65,N
-42.78928,-71.64861,340.17,0.46,0.39,2026-01-25,0527,N,VIIRS,n,2.0NRT,285.3,28.65,N
-42.79131,-71.63834,324.89,0.46,0.39,2026-01-25,0527,N,VIIRS,n,2.0NRT,285.58,2.57,N
-42.79235,-71.63308,342,0.46,0.39,2026-01-25,0527,N,VIIRS,n,2.0NRT,287.62,5.44,N
-42.7903,-71.64342,310.65,0.46,0.39,2026-01-25,0527,N,VIIRS,n,2.0NRT,283.81,2.57,N
-42.78471,-71.65227,367,0.46,0.39,2026-01-25,0527,N,VIIRS,h,2.0NRT,320.25,94.97,N
-42.79067,-71.66097,341.75,0.46,0.39,2026-01-25,0527,N,VIIRS,n,2.0NRT,293.81,43.74,N
-42.79173,-71.65562,346.43,0.46,0.39,2026-01-25,0527,N,VIIRS,n,2.0NRT,296.73,28.65,N
-42.79278,-71.65031,329.74,0.46,0.39,2026-01-25,0527,N,VIIRS,n,2.0NRT,284.04,28.65,N
-42.79588,-71.63463,340.69,0.46,0.39,2026-01-25,0527,N,VIIRS,n,2.0NRT,286.25,5.44,N
-42.76386,-71.79643,297.26,0.47,0.39,2026-01-25,0527,N,VIIRS,n,2.0NRT,282.42,0.68,N
-42.76484,-71.7915,299.76,0.47,0.39,2026-01-25,0527,N,VIIRS,n,2.0NRT,283.63,1.26,N
-42.79383,-71.64497,306.51,0.46,0.39,2026-01-25,0527,N,VIIRS,n,2.0NRT,282.05,2.57,N
-42.79485,-71.63986,319.65,0.46,0.39,2026-01-25,0527,N,VIIRS,n,2.0NRT,284.4,2.57,N
-42.79319,-71.66766,338.6,0.46,0.39,2026-01-25,0527,N,VIIRS,n,2.0NRT,289.01,13.22,N
-42.79424,-71.66233,367,0.46,0.39,2026-01-25,0527,N,VIIRS,h,2.0NRT,288.82,13.22,N
-42.79525,-71.65722,334.21,0.46,0.39,2026-01-25,0527,N,VIIRS,n,2.0NRT,283.82,3.66,N
-42.76744,-71.79784,319.5,0.47,0.39,2026-01-25,0527,N,VIIRS,n,2.0NRT,283.53,2.27,N
-42.76956,-71.78716,297.23,0.47,0.39,2026-01-25,0527,N,VIIRS,n,2.0NRT,283.19,1.76,N
-42.77499,-71.75981,307.97,0.46,0.39,2026-01-25,0527,N,VIIRS,n,2.0NRT,286.34,1.55,N
-42.79626,-71.65213,314.05,0.46,0.39,2026-01-25,0527,N,VIIRS,n,2.0NRT,284.3,3.66,N
-42.79733,-71.64669,313.6,0.46,0.39,2026-01-25,0527,N,VIIRS,n,2.0NRT,283.32,2.29,N
-42.79837,-71.64144,314.48,0.46,0.39,2026-01-25,0527,N,VIIRS,n,2.0NRT,282.02,2.29,N
-42.79941,-71.63617,297.41,0.46,0.39,2026-01-25,0527,N,VIIRS,n,2.0NRT,282.04,1.52,N
-42.77776,-71.76524,342.8,0.46,0.39,2026-01-25,0527,N,VIIRS,n,2.0NRT,288.36,6.4,N
-42.79976,-71.6539,323.9,0.46,0.39,2026-01-25,0527,N,VIIRS,n,2.0NRT,284.83,3.66,N
-42.80082,-71.64852,325.85,0.46,0.39,2026-01-25,0527,N,VIIRS,n,2.0NRT,283.84,2.29,N
-42.77328,-71.78783,311.27,0.47,0.39,2026-01-25,0527,N,VIIRS,n,2.0NRT,282.25,1.76,N
-42.79776,-71.66398,296.78,0.46,0.39,2026-01-25,0527,N,VIIRS,n,2.0NRT,282.45,13.22,N
-42.79875,-71.65897,319.67,0.46,0.39,2026-01-25,0527,N,VIIRS,n,2.0NRT,284.21,3.66,N
-42.77574,-71.79492,327.37,0.47,0.39,2026-01-25,0527,N,VIIRS,n,2.0NRT,284.86,2.4,N
-42.8022,-71.66095,326.76,0.46,0.39,2026-01-25,0527,N,VIIRS,n,2.0NRT,285.92,4.26,N
-42.77705,-71.78823,296.98,0.47,0.39,2026-01-25,0527,N,VIIRS,n,2.0NRT,281.4,2.4,N
-45.9128,-67.59456,312.48,0.39,0.36,2026-01-25,0527,N,VIIRS,n,2.0NRT,288.69,0.45,N
-45.91613,-67.59559,298.64,0.39,0.36,2026-01-25,0527,N,VIIRS,n,2.0NRT,288.28,0.45,N
-46.56572,-67.97556,297.03,0.39,0.36,2026-01-25,0527,N,VIIRS,n,2.0NRT,286.03,0.28,N
-42.78325,-71.64027,348.97,0.46,0.39,2026-01-25,0527,N,VIIRS,n,2.0NRT,302.11,12.88,N
-42.7822,-71.64562,367,0.46,0.39,2026-01-25,0527,N,VIIRS,h,2.0NRT,327.21,94.97,N
-42.78117,-71.65077,350.66,0.46,0.39,2026-01-25,0527,N,VIIRS,n,2.0NRT,285.47,94.97,N
-42.77869,-71.64394,305.34,0.46,0.39,2026-01-25,0527,N,VIIRS,n,2.0NRT,282.83,2.2,N
-42.74601,-71.80852,298.11,0.47,0.39,2026-01-25,0527,N,VIIRS,n,2.0NRT,281.54,0.94,N
-42.74491,-71.81405,316.63,0.47,0.39,2026-01-25,0527,N,VIIRS,n,2.0NRT,283.87,2.54,N
-42.66615,-71.52766,367,0.57,0.69,2026-01-25,1743,N,VIIRS,h,2.0NRT,290.11,29.03,D
-42.66634,-71.54258,367,0.57,0.69,2026-01-25,1743,N,VIIRS,h,2.0NRT,301.72,20.19,D
-42.66625,-71.53511,356.31,0.57,0.69,2026-01-25,1743,N,VIIRS,n,2.0NRT,294.7,29.03,D
-42.66645,-71.55059,356.44,0.57,0.69,2026-01-25,1743,N,VIIRS,n,2.0NRT,294.85,20.19,D
-42.66656,-71.56008,341.1,0.57,0.69,2026-01-25,1743,N,VIIRS,n,2.0NRT,293.53,13.93,D
-42.66669,-71.57002,340.64,0.58,0.69,2026-01-25,1743,N,VIIRS,n,2.0NRT,290.89,13.93,D
-42.66679,-71.57794,350.93,0.58,0.69,2026-01-25,1743,N,VIIRS,n,2.0NRT,288.85,14.3,D
-42.66686,-71.58349,335.38,0.58,0.69,2026-01-25,1743,N,VIIRS,n,2.0NRT,293.18,14.3,D
-42.65984,-71.54961,367,0.57,0.69,2026-01-25,1743,N,VIIRS,h,2.0NRT,294.21,125.13,D
-42.66036,-71.59221,367,0.58,0.7,2026-01-25,1743,N,VIIRS,h,2.0NRT,296.25,17.58,D
-42.65998,-71.56063,356.79,0.57,0.69,2026-01-25,1743,N,VIIRS,n,2.0NRT,307.53,113.9,D
-42.6601,-71.57033,349.05,0.58,0.69,2026-01-25,1743,N,VIIRS,n,2.0NRT,287.47,113.9,D
-42.66024,-71.58183,355.83,0.58,0.69,2026-01-25,1743,N,VIIRS,n,2.0NRT,288.42,19.01,D
-42.6603,-71.58679,355.04,0.58,0.69,2026-01-25,1743,N,VIIRS,n,2.0NRT,292.9,17.58,D
-42.65973,-71.5407,357.27,0.57,0.69,2026-01-25,1743,N,VIIRS,l,2.0NRT,288.25,125.13,D
-42.66017,-71.57659,357.27,0.58,0.69,2026-01-25,1743,N,VIIRS,l,2.0NRT,285.66,19.01,D
-42.65323,-71.54836,367,0.57,0.69,2026-01-25,1743,N,VIIRS,h,2.0NRT,296.02,125.13,D
-42.65349,-71.57004,356.89,0.58,0.69,2026-01-25,1743,N,VIIRS,n,2.0NRT,289.81,113.9,D
-42.6536,-71.57961,338.94,0.58,0.69,2026-01-25,1743,N,VIIRS,n,2.0NRT,287.28,19.01,D
-42.65339,-71.56159,208,0.57,0.69,2026-01-25,1743,N,VIIRS,l,2.0NRT,303.01,113.9,D
-42.65355,-71.57487,358.09,0.58,0.69,2026-01-25,1743,N,VIIRS,l,2.0NRT,286.58,19.01,D
-42.59369,-71.528,337.09,0.57,0.69,2026-01-25,1743,N,VIIRS,n,2.0NRT,285.16,126.1,D
-42.59375,-71.53396,341.96,0.57,0.69,2026-01-25,1743,N,VIIRS,n,2.0NRT,283.78,126.1,D
-42.59381,-71.54057,343.56,0.57,0.69,2026-01-25,1743,N,VIIRS,n,2.0NRT,284.02,22.74,D
-42.59388,-71.54726,341.13,0.57,0.69,2026-01-25,1743,N,VIIRS,n,2.0NRT,281.26,22.74,D
-42.59394,-71.5538,333.3,0.57,0.69,2026-01-25,1743,N,VIIRS,n,2.0NRT,280.48,20.08,D
-42.59436,-71.59982,349.16,0.58,0.7,2026-01-25,1743,N,VIIRS,n,2.0NRT,300.9,14.61,D
-42.58707,-71.52512,367,0.57,0.69,2026-01-25,1743,N,VIIRS,h,2.0NRT,299.3,173.07,D
-42.58701,-71.51913,334.62,0.57,0.69,2026-01-25,1743,N,VIIRS,n,2.0NRT,289.95,173.07,D
-42.58758,-71.58018,338.43,0.58,0.69,2026-01-25,1743,N,VIIRS,n,2.0NRT,293.22,20.21,D
-42.58713,-71.53134,367,0.57,0.69,2026-01-25,1743,N,VIIRS,l,2.0NRT,335.93,126.1,D
-42.58719,-71.53753,297.26,0.57,0.69,2026-01-25,1743,N,VIIRS,l,2.0NRT,298.91,126.1,D
-42.58725,-71.54383,356.93,0.57,0.69,2026-01-25,1743,N,VIIRS,l,2.0NRT,289.9,22.74,D
-42.58731,-71.55013,356.94,0.57,0.69,2026-01-25,1743,N,VIIRS,l,2.0NRT,286.14,22.74,D
-42.58737,-71.55682,356.93,0.57,0.69,2026-01-25,1743,N,VIIRS,l,2.0NRT,284.84,20.08,D
-42.58744,-71.56397,356.94,0.58,0.69,2026-01-25,1743,N,VIIRS,l,2.0NRT,289.47,20.08,D
-42.5956,-71.53056,332.06,0.57,0.69,2026-01-25,1743,N,VIIRS,n,2.0NRT,283.11,58.5,D
-42.59568,-71.53677,331.95,0.57,0.69,2026-01-25,1743,N,VIIRS,n,2.0NRT,282.39,58.5,D
-42.59579,-71.54379,334.53,0.57,0.69,2026-01-25,1743,N,VIIRS,n,2.0NRT,281.81,20.53,D
-42.59654,-71.59633,350.67,0.58,0.7,2026-01-25,1743,N,VIIRS,n,2.0NRT,297.09,15.28,D
-42.58897,-71.52782,367,0.57,0.69,2026-01-25,1743,N,VIIRS,h,2.0NRT,305.72,118.32,D
-42.58915,-71.54015,367,0.57,0.69,2026-01-25,1743,N,VIIRS,h,2.0NRT,291.58,58.5,D
-42.58888,-71.52183,342.15,0.57,0.69,2026-01-25,1743,N,VIIRS,n,2.0NRT,290.14,118.32,D
-42.58942,-71.55999,344.36,0.57,0.69,2026-01-25,1743,N,VIIRS,n,2.0NRT,284.2,22.95,D
-42.58979,-71.58573,335.97,0.58,0.69,2026-01-25,1743,N,VIIRS,n,2.0NRT,285.69,9.46,D
-42.58906,-71.53389,208,0.57,0.69,2026-01-25,1743,N,VIIRS,l,2.0NRT,312.09,58.5,D
-42.58924,-71.54657,356.43,0.57,0.69,2026-01-25,1743,N,VIIRS,l,2.0NRT,287.11,20.53,D
-42.58933,-71.55287,356.47,0.57,0.69,2026-01-25,1743,N,VIIRS,l,2.0NRT,283.38,20.53,D
-42.58261,-71.54333,367,0.57,0.69,2026-01-25,1743,N,VIIRS,h,2.0NRT,292.84,93.53,D
-42.58269,-71.54948,367,0.57,0.69,2026-01-25,1743,N,VIIRS,h,2.0NRT,292.72,16.82,D
-42.58288,-71.5631,367,0.57,0.69,2026-01-25,1743,N,VIIRS,h,2.0NRT,301.01,32.68,D
-42.58224,-71.51756,355.27,0.57,0.69,2026-01-25,1743,N,VIIRS,n,2.0NRT,292.31,252.92,D
-42.58234,-71.52406,355.92,0.57,0.69,2026-01-25,1743,N,VIIRS,n,2.0NRT,299.77,314.97,D
-42.58278,-71.55611,351.04,0.57,0.69,2026-01-25,1743,N,VIIRS,n,2.0NRT,292.79,16.82,D
-42.58297,-71.56978,356.2,0.58,0.69,2026-01-25,1743,N,VIIRS,n,2.0NRT,296.8,32.68,D
-42.58243,-71.53085,208,0.57,0.69,2026-01-25,1743,N,VIIRS,l,2.0NRT,323.19,314.97,D
-42.58252,-71.53725,208,0.57,0.69,2026-01-25,1743,N,VIIRS,l,2.0NRT,301.99,93.53,D
-42.57567,-71.5184,367,0.57,0.69,2026-01-25,1743,N,VIIRS,h,2.0NRT,302.21,252.92,D
-42.57596,-71.53963,367,0.57,0.69,2026-01-25,1743,N,VIIRS,h,2.0NRT,302.09,93.53,D
-42.57605,-71.54591,367,0.57,0.69,2026-01-25,1743,N,VIIRS,h,2.0NRT,302.11,93.53,D
-42.57614,-71.55252,345.51,0.57,0.69,2026-01-25,1743,N,VIIRS,n,2.0NRT,304.11,16.82,D
-42.57623,-71.55963,333.84,0.57,0.69,2026-01-25,1743,N,VIIRS,n,2.0NRT,301.93,16.82,D
-42.57577,-71.52538,367,0.57,0.69,2026-01-25,1743,N,VIIRS,l,2.0NRT,374.3,314.97,D
-42.57587,-71.53284,302.45,0.57,0.69,2026-01-25,1743,N,VIIRS,l,2.0NRT,307.84,314.97,D
-42.56919,-71.52603,367,0.57,0.69,2026-01-25,1743,N,VIIRS,h,2.0NRT,343.12,59.82,D
-42.5709,-71.6578,367,0.58,0.7,2026-01-25,1743,N,VIIRS,h,2.0NRT,298.55,18.93,D
-42.5691,-71.51904,347.33,0.57,0.69,2026-01-25,1743,N,VIIRS,n,2.0NRT,296.55,150.72,D
-42.5693,-71.53395,353.54,0.57,0.69,2026-01-25,1743,N,VIIRS,n,2.0NRT,307.16,59.82,D
-42.5694,-71.54139,343.64,0.57,0.69,2026-01-25,1743,N,VIIRS,n,2.0NRT,306.04,10.35,D
-42.56949,-71.54835,335.59,0.57,0.69,2026-01-25,1743,N,VIIRS,n,2.0NRT,305.2,10.35,D
-42.56959,-71.5556,331.5,0.57,0.69,2026-01-25,1743,N,VIIRS,n,2.0NRT,304.53,9.75,D
-42.56968,-71.56296,337.71,0.57,0.69,2026-01-25,1743,N,VIIRS,n,2.0NRT,302.11,9.75,D
-42.56263,-71.52763,367,0.57,0.69,2026-01-25,1743,N,VIIRS,h,2.0NRT,303.46,59.82,D
-42.56429,-71.65942,367,0.58,0.7,2026-01-25,1743,N,VIIRS,h,2.0NRT,298.77,21.11,D
-42.56273,-71.53532,338.64,0.57,0.69,2026-01-25,1743,N,VIIRS,n,2.0NRT,306.3,59.82,D
-42.56283,-71.54311,331.56,0.57,0.69,2026-01-25,1743,N,VIIRS,n,2.0NRT,306.42,10.35,D
-42.56425,-71.65545,353.77,0.58,0.7,2026-01-25,1743,N,VIIRS,n,2.0NRT,294.64,18.93,D
-42.56434,-71.66341,356.55,0.58,0.7,2026-01-25,1743,N,VIIRS,n,2.0NRT,297.24,21.11,D
-42.5644,-71.66785,342.91,0.58,0.7,2026-01-25,1743,N,VIIRS,n,2.0NRT,292.58,10.58,D
-42.55604,-71.52808,367,0.57,0.69,2026-01-25,1743,N,VIIRS,h,2.0NRT,308.42,161.13,D
-42.55626,-71.54453,367,0.57,0.69,2026-01-25,1743,N,VIIRS,h,2.0NRT,309.71,15.78,D
-42.55635,-71.55224,332.47,0.57,0.69,2026-01-25,1743,N,VIIRS,n,2.0NRT,303.94,15.78,D
-42.55764,-71.65756,339.2,0.58,0.7,2026-01-25,1743,N,VIIRS,n,2.0NRT,290.83,9.85,D
-42.5577,-71.66239,348.42,0.58,0.7,2026-01-25,1743,N,VIIRS,n,2.0NRT,292.39,9.85,D
-42.55777,-71.66796,340.46,0.58,0.7,2026-01-25,1743,N,VIIRS,n,2.0NRT,291.54,6.78,D
-42.36272,-71.49527,333.72,0.57,0.69,2026-01-25,1743,N,VIIRS,n,2.0NRT,285.51,240.47,D
-42.3628,-71.50023,339.57,0.57,0.69,2026-01-25,1743,N,VIIRS,n,2.0NRT,285.77,240.47,D
-42.36287,-71.50505,335.32,0.57,0.69,2026-01-25,1743,N,VIIRS,n,2.0NRT,286.62,82.78,D
-42.35599,-71.48385,340.48,0.57,0.69,2026-01-25,1743,N,VIIRS,n,2.0NRT,293.13,284.25,D
-42.35634,-71.50829,349.36,0.57,0.69,2026-01-25,1743,N,VIIRS,n,2.0NRT,295.93,82.78,D
-42.35619,-71.49793,208,0.57,0.69,2026-01-25,1743,N,VIIRS,l,2.0NRT,321.63,240.47,D
-42.35627,-71.50334,275.76,0.57,0.69,2026-01-25,1743,N,VIIRS,l,2.0NRT,297.14,82.78,D
-42.34943,-71.48377,367,0.57,0.69,2026-01-25,1743,N,VIIRS,h,2.0NRT,312.61,138.49,D
-42.3497,-71.50365,367,0.57,0.69,2026-01-25,1743,N,VIIRS,h,2.0NRT,291.97,16.83,D
-42.34977,-71.50875,336.33,0.57,0.69,2026-01-25,1743,N,VIIRS,n,2.0NRT,292.35,16.83,D
-42.34949,-71.48862,367,0.57,0.69,2026-01-25,1743,N,VIIRS,l,2.0NRT,331.75,138.49,D
-42.34956,-71.49308,208,0.57,0.69,2026-01-25,1743,N,VIIRS,l,2.0NRT,320.64,146.86,D
-42.34285,-71.48319,367,0.57,0.69,2026-01-25,1743,N,VIIRS,h,2.0NRT,315.78,138.49,D
-42.34293,-71.48903,367,0.57,0.69,2026-01-25,1743,N,VIIRS,h,2.0NRT,304.73,138.49,D
-42.34299,-71.49349,367,0.57,0.69,2026-01-25,1743,N,VIIRS,h,2.0NRT,298.98,146.86,D
-42.34306,-71.49815,367,0.57,0.69,2026-01-25,1743,N,VIIRS,h,2.0NRT,300.35,146.86,D
-42.34312,-71.50323,347.44,0.57,0.69,2026-01-25,1743,N,VIIRS,n,2.0NRT,295.69,16.83,D
-42.33653,-71.50172,367,0.57,0.69,2026-01-25,1743,N,VIIRS,h,2.0NRT,308.2,87.16,D
-42.33648,-71.49722,339.76,0.57,0.69,2026-01-25,1743,N,VIIRS,n,2.0NRT,294.25,34.59,D
-42.33005,-71.5079,354.91,0.57,0.69,2026-01-25,1743,N,VIIRS,n,2.0NRT,300.52,87.16,D
-42.33011,-71.51275,348.28,0.57,0.69,2026-01-25,1743,N,VIIRS,n,2.0NRT,298.17,25.72,D
-42.32338,-71.50066,367,0.57,0.69,2026-01-25,1743,N,VIIRS,h,2.0NRT,305.43,45.05,D
-42.32313,-71.48115,348.04,0.57,0.69,2026-01-25,1743,N,VIIRS,n,2.0NRT,298.32,10.45,D
-42.32353,-71.51247,350.78,0.57,0.69,2026-01-25,1743,N,VIIRS,n,2.0NRT,304.31,17.58,D
-42.31689,-71.50699,332.37,0.57,0.69,2026-01-25,1743,N,VIIRS,n,2.0NRT,293.52,17.58,D
-42.31029,-71.50462,342.26,0.57,0.69,2026-01-25,1743,N,VIIRS,n,2.0NRT,296.84,5.1,D
-42.30378,-71.5098,338.59,0.57,0.69,2026-01-25,1743,N,VIIRS,n,2.0NRT,295.42,5.1,D
-42.27666,-71.43355,367,0.57,0.69,2026-01-25,1743,N,VIIRS,h,2.0NRT,308.3,12.66,D
-42.27777,-71.53751,367,0.57,0.69,2026-01-25,1743,N,VIIRS,h,2.0NRT,304.31,19.11,D
-42.27671,-71.43775,349.51,0.57,0.69,2026-01-25,1743,N,VIIRS,n,2.0NRT,305.45,12.66,D
-42.27729,-71.49085,331.73,0.57,0.69,2026-01-25,1743,N,VIIRS,n,2.0NRT,293.96,5.86,D
-42.27784,-71.54372,350.7,0.57,0.69,2026-01-25,1743,N,VIIRS,n,2.0NRT,293.91,19.11,D
-42.32601,-71.50062,367,0.57,0.69,2026-01-25,1743,N,VIIRS,h,2.0NRT,308.26,18.08,D
-42.3261,-71.50612,367,0.57,0.69,2026-01-25,1743,N,VIIRS,h,2.0NRT,312.59,18.08,D
-42.3262,-71.51142,367,0.57,0.69,2026-01-25,1743,N,VIIRS,h,2.0NRT,307.08,13.37,D
-42.32571,-71.48367,352.32,0.57,0.69,2026-01-25,1743,N,VIIRS,n,2.0NRT,299.38,11.96,D
-42.32628,-71.51659,337.33,0.57,0.69,2026-01-25,1743,N,VIIRS,n,2.0NRT,301.56,13.37,D
-42.3196,-71.50975,367,0.57,0.69,2026-01-25,1743,N,VIIRS,h,2.0NRT,294.57,18.08,D
-42.31948,-71.50307,352.48,0.57,0.69,2026-01-25,1743,N,VIIRS,n,2.0NRT,296.05,18.08,D
-42.30639,-71.50584,340.4,0.57,0.69,2026-01-25,1743,N,VIIRS,n,2.0NRT,295.07,8.18,D
-42.2999,-71.51112,337.13,0.57,0.69,2026-01-25,1743,N,VIIRS,n,2.0NRT,295.73,7.25,D
-42.28059,-71.53658,367,0.57,0.69,2026-01-25,1743,N,VIIRS,h,2.0NRT,304.93,36.67,D
-42.27896,-71.43417,345.03,0.56,0.69,2026-01-25,1743,N,VIIRS,n,2.0NRT,302.04,8.38,D
-42.27903,-71.43815,333.71,0.57,0.69,2026-01-25,1743,N,VIIRS,n,2.0NRT,301.08,5.2,D
-42.28069,-71.54289,337.21,0.57,0.69,2026-01-25,1743,N,VIIRS,n,2.0NRT,293.72,15.03,D
-42.27242,-71.43476,367,0.56,0.69,2026-01-25,1743,N,VIIRS,h,2.0NRT,306.98,38.17,D
-42.2725,-71.43978,343.46,0.57,0.69,2026-01-25,1743,N,VIIRS,n,2.0NRT,299.4,13.99,D
-42.27328,-71.48946,339.2,0.57,0.69,2026-01-25,1743,N,VIIRS,n,2.0NRT,295.92,7.93,D
-42.27408,-71.54097,334.07,0.57,0.69,2026-01-25,1743,N,VIIRS,n,2.0NRT,294.84,18.02,D
-42.27417,-71.54704,333.63,0.57,0.69,2026-01-25,1743,N,VIIRS,n,2.0NRT,293.2,6.54,D
-42.26661,-71.48212,354.71,0.57,0.69,2026-01-25,1743,N,VIIRS,n,2.0NRT,297.17,7.93,D
-42.26767,-71.5524,344.47,0.57,0.69,2026-01-25,1743,N,VIIRS,n,2.0NRT,295.82,6.54,D
-42.26102,-71.54787,339.24,0.57,0.69,2026-01-25,1743,N,VIIRS,n,2.0NRT,295.31,32.28,D
-42.25444,-71.54783,367,0.57,0.69,2026-01-25,1743,N,VIIRS,h,2.0NRT,303.36,32.28,D
-42.25449,-71.552,351.89,0.57,0.69,2026-01-25,1743,N,VIIRS,n,2.0NRT,304.5,27.95,D
-42.25455,-71.55609,341.89,0.57,0.69,2026-01-25,1743,N,VIIRS,n,2.0NRT,296.11,27.95,D
-42.2312,-71.30486,367,0.56,0.68,2026-01-25,1743,N,VIIRS,h,2.0NRT,307.41,14.24,D
-42.23108,-71.297,344.49,0.55,0.68,2026-01-25,1743,N,VIIRS,n,2.0NRT,302.17,15.05,D
-42.32346,-71.50674,367,0.57,0.69,2026-01-25,1743,N,VIIRS,h,2.0NRT,312.5,17.58,D
-42.79403,-71.6671,367,0.58,0.7,2026-01-25,1743,N,VIIRS,h,2.0NRT,294.5,24.29,D
-42.79361,-71.61431,334.97,0.58,0.7,2026-01-25,1743,N,VIIRS,n,2.0NRT,276.46,25.21,D
-42.79374,-71.63059,354.1,0.58,0.7,2026-01-25,1743,N,VIIRS,n,2.0NRT,279.2,52.59,D
-42.79383,-71.64262,337.87,0.58,0.7,2026-01-25,1743,N,VIIRS,n,2.0NRT,274.51,22.62,D
-42.79398,-71.66106,346.94,0.58,0.7,2026-01-25,1743,N,VIIRS,n,2.0NRT,282.53,24.29,D
-42.79406,-71.67306,344.03,0.58,0.7,2026-01-25,1743,N,VIIRS,n,2.0NRT,286.44,18.19,D
-42.79368,-71.62312,356.91,0.58,0.7,2026-01-25,1743,N,VIIRS,l,2.0NRT,276.53,52.59,D
-42.79379,-71.63696,356.91,0.58,0.7,2026-01-25,1743,N,VIIRS,l,2.0NRT,276.74,22.62,D
-42.79631,-71.62444,342.17,0.58,0.7,2026-01-25,1743,N,VIIRS,n,2.0NRT,272.58,17.66,D
-42.79648,-71.63811,348.23,0.58,0.7,2026-01-25,1743,N,VIIRS,n,2.0NRT,274.74,15.32,D
-42.79655,-71.64398,330.53,0.58,0.7,2026-01-25,1743,N,VIIRS,n,2.0NRT,272.08,14.4,D
-42.7964,-71.63172,356.51,0.58,0.7,2026-01-25,1743,N,VIIRS,l,2.0NRT,273.6,15.32,D
-42.78965,-71.62189,367,0.58,0.7,2026-01-25,1743,N,VIIRS,h,2.0NRT,291.59,134.46,D
-42.79013,-71.66061,367,0.58,0.7,2026-01-25,1743,N,VIIRS,h,2.0NRT,298.44,25.79,D
-42.79021,-71.66745,367,0.58,0.7,2026-01-25,1743,N,VIIRS,h,2.0NRT,298.41,24.68,D
-42.78954,-71.61301,342.12,0.58,0.7,2026-01-25,1743,N,VIIRS,n,2.0NRT,286.08,134.46,D
-42.78983,-71.63578,349.98,0.58,0.7,2026-01-25,1743,N,VIIRS,n,2.0NRT,285.57,244.81,D
-42.78996,-71.64719,340.24,0.58,0.7,2026-01-25,1743,N,VIIRS,n,2.0NRT,286.73,25.66,D
-42.79004,-71.65364,341.25,0.58,0.7,2026-01-25,1743,N,VIIRS,n,2.0NRT,288.29,25.79,D
-42.79029,-71.67369,344.79,0.58,0.7,2026-01-25,1743,N,VIIRS,n,2.0NRT,288.7,24.68,D
-42.78989,-71.64159,356.32,0.58,0.7,2026-01-25,1743,N,VIIRS,l,2.0NRT,283.54,25.66,D
-42.78299,-71.61888,367,0.58,0.7,2026-01-25,1743,N,VIIRS,h,2.0NRT,293.47,134.46,D
-42.78345,-71.65663,367,0.58,0.7,2026-01-25,1743,N,VIIRS,h,2.0NRT,300.75,25.79,D
-42.78323,-71.63863,353.61,0.58,0.7,2026-01-25,1743,N,VIIRS,n,2.0NRT,298.63,25.66,D
-42.78331,-71.64508,331.53,0.58,0.7,2026-01-25,1743,N,VIIRS,n,2.0NRT,292.52,25.66,D
-42.78338,-71.6509,335.02,0.58,0.7,2026-01-25,1743,N,VIIRS,n,2.0NRT,295.22,25.79,D
-42.78352,-71.66301,340.81,0.58,0.7,2026-01-25,1743,N,VIIRS,n,2.0NRT,289.34,24.68,D
-42.78308,-71.62573,309.63,0.58,0.7,2026-01-25,1743,N,VIIRS,l,2.0NRT,324.72,244.81,D
-42.78315,-71.63209,208,0.58,0.7,2026-01-25,1743,N,VIIRS,l,2.0NRT,308.05,244.81,D
-42.77642,-71.6229,367,0.58,0.7,2026-01-25,1743,N,VIIRS,h,2.0NRT,295.1,109.15,D
-42.77649,-71.62846,346.7,0.58,0.7,2026-01-25,1743,N,VIIRS,n,2.0NRT,301.08,109.15,D
-42.77655,-71.6342,347.95,0.58,0.7,2026-01-25,1743,N,VIIRS,n,2.0NRT,315.3,101.21,D
-42.77664,-71.64119,347.38,0.58,0.7,2026-01-25,1743,N,VIIRS,n,2.0NRT,307.11,101.21,D
-42.77671,-71.64784,348.97,0.58,0.7,2026-01-25,1743,N,VIIRS,n,2.0NRT,307.05,55.41,D
-42.69671,-71.59089,367,0.58,0.7,2026-01-25,1743,N,VIIRS,h,2.0NRT,301.79,33.32,D
-42.69677,-71.59746,367,0.58,0.7,2026-01-25,1743,N,VIIRS,h,2.0NRT,300.27,27.82,D
-42.69683,-71.60445,354.6,0.58,0.7,2026-01-25,1743,N,VIIRS,n,2.0NRT,297.37,27.82,D
-42.7,-71.59116,335.01,0.58,0.69,2026-01-25,1743,N,VIIRS,n,2.0NRT,299.9,18.52,D
-42.69339,-71.59149,367,0.58,0.69,2026-01-25,1743,N,VIIRS,h,2.0NRT,301.19,18.52,D
-42.69347,-71.59773,367,0.58,0.7,2026-01-25,1743,N,VIIRS,h,2.0NRT,301.52,18.52,D
-42.69357,-71.60473,351.87,0.58,0.7,2026-01-25,1743,N,VIIRS,n,2.0NRT,299.91,26.14,D
-42.68025,-71.59737,367,0.58,0.7,2026-01-25,1743,N,VIIRS,h,2.0NRT,305.64,46.67,D
-42.67969,-71.55445,344.93,0.57,0.69,2026-01-25,1743,N,VIIRS,n,2.0NRT,290.73,7.47,D
-42.67293,-71.54221,367,0.57,0.69,2026-01-25,1743,N,VIIRS,h,2.0NRT,297.58,20.19,D
-42.67339,-71.57787,367,0.58,0.69,2026-01-25,1743,N,VIIRS,h,2.0NRT,302.31,14.3,D
-42.67283,-71.53425,350.81,0.57,0.69,2026-01-25,1743,N,VIIRS,n,2.0NRT,293.66,29.03,D
-42.67303,-71.55001,332.38,0.57,0.69,2026-01-25,1743,N,VIIRS,n,2.0NRT,298.11,20.19,D
-42.67327,-71.56809,339.96,0.58,0.69,2026-01-25,1743,N,VIIRS,n,2.0NRT,296.97,13.93,D
-42.67348,-71.58497,355.68,0.58,0.69,2026-01-25,1743,N,VIIRS,n,2.0NRT,296.76,14.3,D
-35.89365,-66.96127,344.95,0.59,0.53,2026-01-25,1745,N,VIIRS,n,2.0NRT,303.63,10.25,D
-35.88872,-66.96181,343.98,0.59,0.53,2026-01-25,1745,N,VIIRS,n,2.0NRT,303.22,5.96,D
-33.68988,-59.40711,339.14,0.39,0.36,2026-01-25,1745,N,VIIRS,n,2.0NRT,299.64,4.79,D
-33.69049,-59.41138,345.84,0.39,0.36,2026-01-25,1745,N,VIIRS,n,2.0NRT,293.48,9.88,D
-33.37608,-60.14492,340.71,0.4,0.37,2026-01-25,1745,N,VIIRS,n,2.0NRT,310.55,14.55,D
-33.36762,-60.1601,348.41,0.4,0.37,2026-01-25,1745,N,VIIRS,n,2.0NRT,312.92,12.12,D
-32.53629,-58.58331,353.64,0.38,0.36,2026-01-25,1745,N,VIIRS,n,2.0NRT,311.58,24.81,D
-32.59984,-60.71675,341.37,0.41,0.37,2026-01-25,1745,N,VIIRS,n,2.0NRT,304.3,4.97,D
-32.25822,-59.09786,347.95,0.39,0.36,2026-01-25,1745,N,VIIRS,n,2.0NRT,311.82,6.02,D
-32.46242,-60.78677,330.9,0.41,0.37,2026-01-25,1745,N,VIIRS,n,2.0NRT,303.96,2.03,D
-32.34359,-60.80696,334.44,0.41,0.37,2026-01-25,1745,N,VIIRS,n,2.0NRT,303.86,6.54,D
-31.93184,-62.18278,337.52,0.46,0.39,2026-01-25,1745,N,VIIRS,l,2.0NRT,310.27,4.24,D
-31.68724,-60.47303,338.48,0.4,0.37,2026-01-25,1745,N,VIIRS,n,2.0NRT,307.29,3.3,D
-31.68383,-60.47368,343.4,0.4,0.37,2026-01-25,1745,N,VIIRS,n,2.0NRT,310.51,4.55,D
-31.68442,-60.47795,344.66,0.4,0.37,2026-01-25,1745,N,VIIRS,n,2.0NRT,310.92,5.81,D
-37.91439,-57.864,340.77,0.39,0.36,2026-01-25,1745,N,VIIRS,n,2.0NRT,303.96,4.12,D
-38.70068,-68.7014,367,0.39,0.59,2026-01-25,1745,N,VIIRS,h,2.0NRT,318.09,10.96,D
-37.55624,-62.39766,336.26,0.53,0.42,2026-01-25,1745,N,VIIRS,n,2.0NRT,292.08,16.25,D
-37.55691,-62.39296,336.34,0.53,0.42,2026-01-25,1745,N,VIIRS,n,2.0NRT,291.98,10.74,D
-36.06691,-66.17036,339.91,0.53,0.5,2026-01-25,1745,N,VIIRS,n,2.0NRT,299.87,2.21,D
-35.936,-66.92976,335.59,0.58,0.52,2026-01-25,1745,N,VIIRS,n,2.0NRT,299.4,4.94,D
-35.93056,-66.92365,330.81,0.58,0.52,2026-01-25,1745,N,VIIRS,n,2.0NRT,299.33,4.94,D
-35.91223,-66.87888,354.94,0.58,0.52,2026-01-25,1745,N,VIIRS,n,2.0NRT,304.95,10.36,D
-35.90681,-66.8728,342.4,0.58,0.52,2026-01-25,1745,N,VIIRS,n,2.0NRT,301.77,10.36,D
-35.90732,-66.8794,332.06,0.58,0.52,2026-01-25,1745,N,VIIRS,n,2.0NRT,301.54,10.36,D
-35.90783,-66.88602,341.97,0.58,0.52,2026-01-25,1745,N,VIIRS,n,2.0NRT,304.02,7.8,D
-35.90833,-66.89265,342.77,0.58,0.52,2026-01-25,1745,N,VIIRS,n,2.0NRT,305.66,7.8,D
-35.90442,-66.90643,342.1,0.58,0.52,2026-01-25,1745,N,VIIRS,n,2.0NRT,304.93,6.58,D
-35.89951,-66.90696,333.69,0.58,0.52,2026-01-25,1745,N,VIIRS,n,2.0NRT,301.76,6.58,D
-35.90001,-66.91358,340.42,0.58,0.52,2026-01-25,1745,N,VIIRS,n,2.0NRT,303.04,10.22,D
-35.89809,-66.95405,351.04,0.59,0.53,2026-01-25,1745,N,VIIRS,n,2.0NRT,304.48,10.25,D
-35.89859,-66.96074,352.32,0.59,0.53,2026-01-25,1745,N,VIIRS,n,2.0NRT,303.99,10.25,D
-38.52072,-58.74424,337.15,0.41,0.37,2026-01-25,1745,N,VIIRS,n,2.0NRT,304.5,2.27,D
-35.89265,-66.94792,341.27,0.59,0.52,2026-01-25,1745,N,VIIRS,n,2.0NRT,299.7,14.26,D
-25.43941,-57.76342,340.08,0.43,0.38,2026-01-25,1747,N,VIIRS,n,2.0NRT,296.39,12.11,D
-25.44013,-57.76767,340.11,0.43,0.38,2026-01-25,1747,N,VIIRS,n,2.0NRT,297.28,10.02,D
-25.4317,-57.76061,344.94,0.43,0.38,2026-01-25,1747,N,VIIRS,n,2.0NRT,302.84,6.52,D
-25.4282,-57.76133,337.42,0.43,0.38,2026-01-25,1747,N,VIIRS,n,2.0NRT,301.92,6.52,D
-25.42471,-57.76205,352.79,0.43,0.38,2026-01-25,1747,N,VIIRS,n,2.0NRT,298.4,9.54,D
-25.2567,-57.79482,338.14,0.43,0.38,2026-01-25,1747,N,VIIRS,n,2.0NRT,308.08,3.34,D
-25.24898,-57.792,338.86,0.43,0.38,2026-01-25,1747,N,VIIRS,n,2.0NRT,306.98,4.26,D
-25.31896,-58.20708,332.22,0.41,0.37,2026-01-25,1747,N,VIIRS,n,2.0NRT,290.93,3.89,D
-25.31482,-58.20366,353.1,0.42,0.37,2026-01-25,1747,N,VIIRS,n,2.0NRT,293.38,11,D
-25.31068,-58.20023,336.7,0.42,0.37,2026-01-25,1747,N,VIIRS,n,2.0NRT,291.28,4.32,D
-25.30793,-58.20506,339.92,0.42,0.37,2026-01-25,1747,N,VIIRS,n,2.0NRT,289.9,4.32,D
-25.30862,-58.20919,330.89,0.41,0.37,2026-01-25,1747,N,VIIRS,n,2.0NRT,290.05,1.81,D
-25.18201,-57.82347,343.28,0.43,0.38,2026-01-25,1747,N,VIIRS,n,2.0NRT,300.21,8.06,D
-25.18275,-57.82772,352.3,0.43,0.38,2026-01-25,1747,N,VIIRS,n,2.0NRT,301.67,16.05,D
-25.17778,-57.81993,336.53,0.43,0.38,2026-01-25,1747,N,VIIRS,n,2.0NRT,301.79,8.06,D
-25.17925,-57.82845,332.37,0.43,0.38,2026-01-25,1747,N,VIIRS,n,2.0NRT,297.63,16.05,D
-25.17503,-57.82491,332.14,0.43,0.38,2026-01-25,1747,N,VIIRS,n,2.0NRT,295.49,2.36,D
-26.05866,-65.7882,332.24,0.39,0.44,2026-01-25,1747,N,VIIRS,n,2.0NRT,302.93,1.93,D
-25.12659,-57.86036,333.44,0.43,0.38,2026-01-25,1747,N,VIIRS,n,2.0NRT,298.44,4.2,D
-31.3137,-61.94738,334.87,0.44,0.38,2026-01-25,1747,N,VIIRS,l,2.0NRT,309.6,6.57,D
-30.28339,-58.41378,334.71,0.39,0.36,2026-01-25,1747,N,VIIRS,l,2.0NRT,305.92,3.01,D
-29.56933,-57.95405,338.67,0.39,0.36,2026-01-25,1747,N,VIIRS,n,2.0NRT,308.04,8.4,D
-29.44371,-57.53278,332.64,0.4,0.37,2026-01-25,1747,N,VIIRS,n,2.0NRT,306.78,1,D
-30.04894,-62.42606,335.86,0.45,0.39,2026-01-25,1747,N,VIIRS,l,2.0NRT,308.2,5.01,D
-30.04955,-62.43075,334.96,0.45,0.39,2026-01-25,1747,N,VIIRS,l,2.0NRT,307.68,3.25,D
-30.04595,-62.43135,333.61,0.45,0.39,2026-01-25,1747,N,VIIRS,l,2.0NRT,307.27,3.38,D
-30.04717,-62.44072,335.2,0.45,0.39,2026-01-25,1747,N,VIIRS,l,2.0NRT,309.59,2.53,D
-30.03937,-62.43724,334.96,0.45,0.39,2026-01-25,1747,N,VIIRS,l,2.0NRT,309.85,3.55,D
-29.95982,-62.62706,334.62,0.45,0.39,2026-01-25,1747,N,VIIRS,l,2.0NRT,307.44,7.54,D
-28.90593,-56.6862,345.7,0.43,0.38,2026-01-25,1747,N,VIIRS,n,2.0NRT,303.97,3.77,D
-28.90671,-56.69061,336.59,0.43,0.38,2026-01-25,1747,N,VIIRS,n,2.0NRT,303.87,3.77,D
-29.506,-63.02173,330.48,0.47,0.39,2026-01-25,1747,N,VIIRS,l,2.0NRT,305.08,2.98,D
-28.44741,-59.26327,331.04,0.38,0.36,2026-01-25,1747,N,VIIRS,n,2.0NRT,302.8,2.02,D
-28.26563,-59.00126,330.81,0.39,0.36,2026-01-25,1747,N,VIIRS,l,2.0NRT,305.06,3.28,D
-27.3962,-54.33419,337.65,0.57,0.43,2026-01-25,1747,N,VIIRS,n,2.0NRT,304.3,13.18,D
-27.39224,-54.33525,338.26,0.57,0.43,2026-01-25,1747,N,VIIRS,n,2.0NRT,303.96,18.82,D
-28.18863,-59.22396,344.37,0.39,0.36,2026-01-25,1747,N,VIIRS,n,2.0NRT,302.67,2.88,D
-26.83543,-54.75136,345.56,0.56,0.43,2026-01-25,1747,N,VIIRS,n,2.0NRT,300.69,9.82,D
-26.31709,-53.99454,337.13,0.42,0.45,2026-01-25,1747,N,VIIRS,n,2.0NRT,302.39,5.04,D
-25.90421,-53.95948,338.69,0.43,0.46,2026-01-25,1747,N,VIIRS,n,2.0NRT,303.55,2.04,D
-26.61273,-59.77006,330.62,0.38,0.36,2026-01-25,1747,N,VIIRS,l,2.0NRT,304.53,4.05,D
-26.27637,-58.28802,345.7,0.41,0.37,2026-01-25,1747,N,VIIRS,n,2.0NRT,304.37,6.96,D
-26.15788,-58.33298,334.83,0.41,0.37,2026-01-25,1747,N,VIIRS,l,2.0NRT,308.65,3.1,D
-26.13742,-58.33715,341.54,0.41,0.37,2026-01-25,1747,N,VIIRS,l,2.0NRT,313.69,3.93,D
-26.23076,-59.05246,337.01,0.39,0.36,2026-01-25,1747,N,VIIRS,n,2.0NRT,303.67,3.74,D
-25.77224,-58.22811,355.89,0.41,0.37,2026-01-25,1747,N,VIIRS,n,2.0NRT,298.91,6.26,D
-25.76811,-58.2247,333.65,0.41,0.37,2026-01-25,1747,N,VIIRS,n,2.0NRT,289.91,3.32,D
-25.76973,-58.22405,338.09,0.41,0.37,2026-01-25,1747,N,VIIRS,n,2.0NRT,296.63,1.82,D
-25.65855,-57.75453,332.96,0.43,0.38,2026-01-25,1747,N,VIIRS,l,2.0NRT,303.64,3.34,D
-25.6617,-57.81533,332.51,0.42,0.38,2026-01-25,1747,N,VIIRS,l,2.0NRT,304.91,3.47,D
-26.18605,-61.19613,343.11,0.39,0.36,2026-01-25,1747,N,VIIRS,n,2.0NRT,303.25,4.73,D
-25.86636,-59.20008,336.84,0.39,0.36,2026-01-25,1747,N,VIIRS,l,2.0NRT,307.69,2.47,D
-24.08941,-63.37417,335.19,0.43,0.38,2026-01-25,1749,N,VIIRS,n,2.0NRT,302.33,3.43,D
-42.57939,-71.50288,352.45,0.48,0.48,2026-01-25,1923,N,VIIRS,n,2.0NRT,295.36,291.08,D
-42.79967,-71.61179,338.13,0.47,0.48,2026-01-25,1923,N,VIIRS,n,2.0NRT,295.41,38.28,D
-42.80086,-71.61682,348.58,0.47,0.48,2026-01-25,1923,N,VIIRS,n,2.0NRT,318.59,84.19,D
-42.80207,-71.62188,350.84,0.47,0.48,2026-01-25,1923,N,VIIRS,n,2.0NRT,306.31,84.19,D
-42.79661,-71.6189,367,0.47,0.48,2026-01-25,1923,N,VIIRS,h,2.0NRT,345.21,84.19,D
-42.79539,-71.61376,356.67,0.47,0.48,2026-01-25,1923,N,VIIRS,n,2.0NRT,312.53,38.28,D
-42.80052,-71.63531,337.19,0.47,0.48,2026-01-25,1923,N,VIIRS,n,2.0NRT,302.74,128.01,D
-42.80318,-71.64649,344.99,0.47,0.48,2026-01-25,1923,N,VIIRS,n,2.0NRT,298.69,24.04,D
-42.80447,-71.65193,351.82,0.47,0.48,2026-01-25,1923,N,VIIRS,n,2.0NRT,298.64,16.46,D
-42.80577,-71.65743,347.21,0.47,0.48,2026-01-25,1923,N,VIIRS,n,2.0NRT,300.85,16.46,D
-42.79786,-71.62411,367,0.47,0.48,2026-01-25,1923,N,VIIRS,l,2.0NRT,332.12,84.19,D
-42.79118,-71.61601,349.6,0.47,0.48,2026-01-25,1923,N,VIIRS,n,2.0NRT,323.49,39.35,D
-42.79504,-71.6322,351.88,0.47,0.48,2026-01-25,1923,N,VIIRS,n,2.0NRT,316.72,48.82,D
-42.79645,-71.63814,343.22,0.47,0.48,2026-01-25,1923,N,VIIRS,n,2.0NRT,311.15,48.82,D
-42.79919,-71.64964,355.29,0.47,0.48,2026-01-25,1923,N,VIIRS,n,2.0NRT,297.35,21.35,D
-42.80049,-71.6551,346.28,0.47,0.48,2026-01-25,1923,N,VIIRS,n,2.0NRT,308.03,45.83,D
-42.80183,-71.66076,347.63,0.47,0.48,2026-01-25,1923,N,VIIRS,n,2.0NRT,295.81,45.83,D
-42.79241,-71.6212,367,0.47,0.48,2026-01-25,1923,N,VIIRS,l,2.0NRT,335.97,48.09,D
-42.79369,-71.62656,352.89,0.47,0.48,2026-01-25,1923,N,VIIRS,l,2.0NRT,332.95,48.09,D
-42.78959,-71.62924,367,0.47,0.48,2026-01-25,1923,N,VIIRS,h,2.0NRT,319.61,48.09,D
-42.78578,-71.61327,331.42,0.47,0.48,2026-01-25,1923,N,VIIRS,n,2.0NRT,296.31,39.35,D
-42.78698,-71.61832,355.71,0.47,0.48,2026-01-25,1923,N,VIIRS,n,2.0NRT,310.02,39.35,D
-42.78826,-71.6237,353.05,0.47,0.48,2026-01-25,1923,N,VIIRS,n,2.0NRT,323.77,48.09,D
-42.79097,-71.63502,345.7,0.47,0.48,2026-01-25,1923,N,VIIRS,n,2.0NRT,302.22,48.82,D
-42.78285,-71.6209,367,0.47,0.48,2026-01-25,1923,N,VIIRS,h,2.0NRT,373.48,133.39,D
-42.78161,-71.61568,353.26,0.47,0.48,2026-01-25,1923,N,VIIRS,n,2.0NRT,302.49,133.39,D
-42.78558,-71.63232,350.55,0.47,0.48,2026-01-25,1923,N,VIIRS,n,2.0NRT,306.81,26.34,D
-42.79268,-71.66211,348.07,0.47,0.48,2026-01-25,1923,N,VIIRS,n,2.0NRT,298.44,80.37,D
-42.78424,-71.6267,367,0.47,0.48,2026-01-25,1923,N,VIIRS,l,2.0NRT,326.52,26.34,D
-42.77884,-71.62396,367,0.47,0.48,2026-01-25,1923,N,VIIRS,h,2.0NRT,340.95,133.39,D
-42.78588,-71.65344,367,0.47,0.48,2026-01-25,1923,N,VIIRS,h,2.0NRT,306.92,40.9,D
-42.78719,-71.65892,367,0.47,0.48,2026-01-25,1923,N,VIIRS,h,2.0NRT,311.12,40.9,D
-42.78848,-71.66432,367,0.47,0.48,2026-01-25,1923,N,VIIRS,h,2.0NRT,340.47,80.37,D
-42.77745,-71.61816,343.49,0.47,0.48,2026-01-25,1923,N,VIIRS,n,2.0NRT,298.83,133.39,D
-42.78029,-71.63006,354.27,0.47,0.48,2026-01-25,1923,N,VIIRS,n,2.0NRT,308.86,26.34,D
-42.78166,-71.63579,334.79,0.47,0.48,2026-01-25,1923,N,VIIRS,n,2.0NRT,301.88,26.34,D
-42.78986,-71.67014,333.23,0.47,0.48,2026-01-25,1923,N,VIIRS,n,2.0NRT,298.25,80.37,D
-42.77488,-71.62725,367,0.47,0.48,2026-01-25,1923,N,VIIRS,h,2.0NRT,297.74,34.76,D
-42.76455,-71.58412,333.93,0.47,0.48,2026-01-25,1923,N,VIIRS,n,2.0NRT,295.1,7.73,D
-42.77638,-71.63352,355.71,0.47,0.48,2026-01-25,1923,N,VIIRS,n,2.0NRT,321.27,20.13,D
-42.77771,-71.63908,357.1,0.47,0.48,2026-01-25,1923,N,VIIRS,n,2.0NRT,311.15,20.13,D
-42.77894,-71.64422,333.9,0.47,0.48,2026-01-25,1923,N,VIIRS,n,2.0NRT,298.96,29.83,D
-42.78333,-71.66257,354.02,0.47,0.48,2026-01-25,1923,N,VIIRS,n,2.0NRT,303.61,64.76,D
-42.78453,-71.66764,343.39,0.47,0.48,2026-01-25,1923,N,VIIRS,n,2.0NRT,293.14,13,D
-42.78194,-71.65678,367,0.47,0.48,2026-01-25,1923,N,VIIRS,l,2.0NRT,325.22,64.76,D
-42.76013,-71.58553,347.28,0.47,0.48,2026-01-25,1923,N,VIIRS,n,2.0NRT,296.89,7.73,D
-42.77245,-71.63694,352.9,0.47,0.48,2026-01-25,1923,N,VIIRS,n,2.0NRT,295.56,20.13,D
-42.77377,-71.64243,336.52,0.47,0.48,2026-01-25,1923,N,VIIRS,n,2.0NRT,293.08,20.13,D
-42.75322,-71.6162,339.9,0.47,0.48,2026-01-25,1923,N,VIIRS,n,2.0NRT,298.95,36.31,D
-42.78037,-71.76879,341.72,0.47,0.47,2026-01-25,1923,N,VIIRS,n,2.0NRT,297.31,13.42,D
-42.7767,-71.79283,352.68,0.46,0.47,2026-01-25,1923,N,VIIRS,n,2.0NRT,302.59,14.2,D
-42.77076,-71.7877,335.46,0.46,0.47,2026-01-25,1923,N,VIIRS,n,2.0NRT,302.43,21.13,D
-42.77209,-71.7933,344.89,0.46,0.47,2026-01-25,1923,N,VIIRS,n,2.0NRT,300.15,14.2,D
-42.77866,-71.79408,343.08,0.46,0.47,2026-01-25,1923,N,VIIRS,n,2.0NRT,298.25,9.52,D
-42.77277,-71.78899,337.59,0.46,0.47,2026-01-25,1923,N,VIIRS,n,2.0NRT,307.32,9.52,D
-42.77404,-71.79443,342.04,0.46,0.47,2026-01-25,1923,N,VIIRS,n,2.0NRT,298.61,9.52,D
-42.76825,-71.78976,344.57,0.46,0.47,2026-01-25,1923,N,VIIRS,n,2.0NRT,296.46,10.49,D
-42.76967,-71.79582,334.62,0.46,0.47,2026-01-25,1923,N,VIIRS,n,2.0NRT,290.99,10.49,D
-42.73294,-71.69971,343.41,0.47,0.48,2026-01-25,1923,N,VIIRS,n,2.0NRT,302.86,4.82,D
-42.69183,-71.56622,349.99,0.48,0.48,2026-01-25,1923,N,VIIRS,n,2.0NRT,300.57,11.68,D
-42.74848,-71.8057,356.25,0.46,0.47,2026-01-25,1923,N,VIIRS,n,2.0NRT,302.09,27.2,D
-42.67474,-71.51456,350.74,0.48,0.48,2026-01-25,1923,N,VIIRS,n,2.0NRT,291.55,124.9,D
-42.67623,-71.52076,344.07,0.48,0.48,2026-01-25,1923,N,VIIRS,n,2.0NRT,309.24,0,D
-42.67771,-71.52698,351.18,0.48,0.48,2026-01-25,1923,N,VIIRS,n,2.0NRT,295.61,0,D
-42.74551,-71.81309,338.68,0.46,0.47,2026-01-25,1923,N,VIIRS,n,2.0NRT,294.45,3.6,D
-42.66882,-71.50978,367,0.48,0.48,2026-01-25,1923,N,VIIRS,h,2.0NRT,290.52,124.9,D
-42.67583,-71.53914,367,0.48,0.48,2026-01-25,1923,N,VIIRS,h,2.0NRT,331.58,192.31,D
-42.67719,-71.54482,367,0.48,0.48,2026-01-25,1923,N,VIIRS,h,2.0NRT,300.95,13.67,D
-42.66751,-71.50427,343.35,0.48,0.48,2026-01-25,1923,N,VIIRS,n,2.0NRT,286.83,14.56,D
-42.6702,-71.51553,351.57,0.48,0.48,2026-01-25,1923,N,VIIRS,n,2.0NRT,305.98,124.9,D
-42.67865,-71.55096,352.58,0.48,0.48,2026-01-25,1923,N,VIIRS,n,2.0NRT,297.99,13.67,D
-42.68139,-71.56241,349.78,0.48,0.48,2026-01-25,1923,N,VIIRS,n,2.0NRT,306.92,23.61,D
-42.68263,-71.56763,345.31,0.48,0.48,2026-01-25,1923,N,VIIRS,n,2.0NRT,303.23,17.6,D
-42.68892,-71.59406,344.13,0.48,0.48,2026-01-25,1923,N,VIIRS,n,2.0NRT,313.17,51.37,D
-42.67162,-71.52147,367,0.48,0.48,2026-01-25,1923,N,VIIRS,l,2.0NRT,380.33,0,D
-42.67305,-71.52746,367,0.48,0.48,2026-01-25,1923,N,VIIRS,l,2.0NRT,380.33,0,D
-42.67447,-71.5334,367,0.48,0.48,2026-01-25,1923,N,VIIRS,l,2.0NRT,370.91,192.31,D
-42.66314,-71.50601,338.03,0.48,0.48,2026-01-25,1923,N,VIIRS,n,2.0NRT,286.4,11.89,D
-42.66444,-71.51147,346.79,0.48,0.48,2026-01-25,1923,N,VIIRS,n,2.0NRT,288.7,11.8,D
-42.66582,-71.51725,355.53,0.48,0.48,2026-01-25,1923,N,VIIRS,n,2.0NRT,290.08,11.8,D
-42.66721,-71.52303,355.51,0.48,0.48,2026-01-25,1923,N,VIIRS,n,2.0NRT,294.08,191.34,D
-42.67132,-71.54021,347.83,0.48,0.48,2026-01-25,1923,N,VIIRS,n,2.0NRT,315.08,91.56,D
-42.67271,-71.54604,348.76,0.48,0.48,2026-01-25,1923,N,VIIRS,n,2.0NRT,303.36,24.72,D
-42.68467,-71.59618,345.38,0.48,0.48,2026-01-25,1923,N,VIIRS,n,2.0NRT,313.75,58.27,D
-42.66993,-71.53443,367,0.48,0.48,2026-01-25,1923,N,VIIRS,l,2.0NRT,336.8,91.56,D
-42.66292,-71.52512,367,0.48,0.48,2026-01-25,1923,N,VIIRS,h,2.0NRT,304.39,191.34,D
-42.66026,-71.51399,335.2,0.48,0.48,2026-01-25,1923,N,VIIRS,n,2.0NRT,287.55,11.8,D
-42.66564,-71.53648,346.81,0.48,0.48,2026-01-25,1923,N,VIIRS,n,2.0NRT,314.76,91.56,D
-42.667,-71.54217,345.57,0.48,0.48,2026-01-25,1923,N,VIIRS,n,2.0NRT,299.4,91.56,D
-42.67351,-71.56939,346.22,0.48,0.48,2026-01-25,1923,N,VIIRS,n,2.0NRT,315.62,47.52,D
-42.66428,-71.53079,367,0.48,0.48,2026-01-25,1923,N,VIIRS,l,2.0NRT,345.2,191.34,D
-42.66405,-71.54978,367,0.48,0.48,2026-01-25,1923,N,VIIRS,h,2.0NRT,296.22,14.47,D
-42.67168,-71.58173,367,0.48,0.48,2026-01-25,1923,N,VIIRS,h,2.0NRT,313.28,55.44,D
-42.65874,-71.52763,354.67,0.48,0.48,2026-01-25,1923,N,VIIRS,n,2.0NRT,317.38,197.47,D
-42.66275,-71.54434,348.35,0.48,0.48,2026-01-25,1923,N,VIIRS,n,2.0NRT,312,65.93,D
-42.66903,-71.57063,347.28,0.48,0.48,2026-01-25,1923,N,VIIRS,n,2.0NRT,316.26,56.45,D
-42.66011,-71.53332,367,0.48,0.48,2026-01-25,1923,N,VIIRS,l,2.0NRT,343.78,197.47,D
-42.66143,-71.53887,304.87,0.48,0.48,2026-01-25,1923,N,VIIRS,l,2.0NRT,322.92,65.93,D
-42.65732,-71.54165,367,0.48,0.48,2026-01-25,1923,N,VIIRS,h,2.0NRT,300.64,65.93,D
-42.65604,-71.53632,349.17,0.48,0.48,2026-01-25,1923,N,VIIRS,n,2.0NRT,294.02,197.47,D
-42.65852,-71.54668,354.67,0.48,0.48,2026-01-25,1923,N,VIIRS,n,2.0NRT,308.47,65.93,D
-42.65973,-71.55172,347.78,0.48,0.48,2026-01-25,1923,N,VIIRS,n,2.0NRT,301.49,14.47,D
-42.66336,-71.56687,347.62,0.48,0.48,2026-01-25,1923,N,VIIRS,n,2.0NRT,313.57,22,D
-42.66603,-71.57804,346.45,0.48,0.48,2026-01-25,1923,N,VIIRS,n,2.0NRT,305.71,56.45,D
-42.65184,-71.53873,367,0.48,0.48,2026-01-25,1923,N,VIIRS,h,2.0NRT,298.25,75.78,D
-42.65534,-71.55334,367,0.48,0.48,2026-01-25,1923,N,VIIRS,h,2.0NRT,321.12,226.49,D
-42.65651,-71.55822,367,0.48,0.48,2026-01-25,1923,N,VIIRS,h,2.0NRT,321.08,226.49,D
-42.65306,-71.54382,354.92,0.48,0.48,2026-01-25,1923,N,VIIRS,n,2.0NRT,323.38,0,D
-42.65773,-71.56329,356.78,0.48,0.48,2026-01-25,1923,N,VIIRS,n,2.0NRT,330.79,70.16,D
-42.65899,-71.56856,355.33,0.48,0.48,2026-01-25,1923,N,VIIRS,n,2.0NRT,303.75,70.16,D
-42.6604,-71.57447,351.55,0.48,0.48,2026-01-25,1923,N,VIIRS,n,2.0NRT,303.14,129.31,D
-42.66196,-71.58096,354.35,0.48,0.48,2026-01-25,1923,N,VIIRS,n,2.0NRT,302.94,129.31,D
-42.65421,-71.5486,355.56,0.48,0.48,2026-01-25,1923,N,VIIRS,l,2.0NRT,327.65,0,D
-42.64618,-71.5351,350.42,0.48,0.48,2026-01-25,1923,N,VIIRS,n,2.0NRT,292.92,75.78,D
-42.64742,-71.54025,356.62,0.48,0.48,2026-01-25,1923,N,VIIRS,n,2.0NRT,303.17,75.78,D
-42.6547,-71.57058,350.45,0.48,0.48,2026-01-25,1923,N,VIIRS,n,2.0NRT,294.38,70.16,D
-42.65958,-71.59093,344.14,0.48,0.48,2026-01-25,1923,N,VIIRS,n,2.0NRT,310.71,74.84,D
-42.64856,-71.54497,367,0.48,0.48,2026-01-25,1923,N,VIIRS,l,2.0NRT,370.72,0,D
-42.64971,-71.5498,367,0.48,0.48,2026-01-25,1923,N,VIIRS,l,2.0NRT,371.62,0,D
-42.65089,-71.5547,367,0.48,0.48,2026-01-25,1923,N,VIIRS,l,2.0NRT,381.61,226.49,D
-42.65209,-71.5597,367,0.48,0.48,2026-01-25,1923,N,VIIRS,l,2.0NRT,378.68,226.49,D
-42.65637,-71.57753,367,0.48,0.48,2026-01-25,1923,N,VIIRS,l,2.0NRT,329.06,129.31,D
-42.644,-71.54591,367,0.48,0.48,2026-01-25,1923,N,VIIRS,h,2.0NRT,301.56,197.08,D
-42.64288,-71.54124,348.48,0.48,0.48,2026-01-25,1923,N,VIIRS,n,2.0NRT,302.46,14.27,D
-42.64521,-71.55094,349.37,0.48,0.48,2026-01-25,1923,N,VIIRS,n,2.0NRT,315.96,197.08,D
-42.64771,-71.56135,343.48,0.48,0.48,2026-01-25,1923,N,VIIRS,n,2.0NRT,300.1,313.85,D
-42.64645,-71.55608,367,0.48,0.48,2026-01-25,1923,N,VIIRS,l,2.0NRT,359.81,313.85,D
-42.59483,-71.50116,333.77,0.48,0.48,2026-01-25,1923,N,VIIRS,n,2.0NRT,286.62,11.11,D
-42.58765,-71.49144,336,0.48,0.48,2026-01-25,1923,N,VIIRS,n,2.0NRT,289.06,9.93,D
-42.589,-71.49696,343.21,0.48,0.48,2026-01-25,1923,N,VIIRS,n,2.0NRT,288.71,9.93,D
-42.59038,-71.50263,355.6,0.48,0.48,2026-01-25,1923,N,VIIRS,n,2.0NRT,289.15,11.11,D
-42.59513,-71.52213,347.48,0.48,0.48,2026-01-25,1923,N,VIIRS,n,2.0NRT,306.51,52.36,D
-42.59682,-71.52907,341.9,0.48,0.48,2026-01-25,1923,N,VIIRS,n,2.0NRT,291.28,29.96,D
-42.59176,-71.50831,357.03,0.48,0.48,2026-01-25,1923,N,VIIRS,l,2.0NRT,290.27,11.11,D
-42.59329,-71.5146,357.03,0.48,0.48,2026-01-25,1923,N,VIIRS,l,2.0NRT,291.18,52.36,D
-42.58891,-71.5163,367,0.48,0.48,2026-01-25,1923,N,VIIRS,h,2.0NRT,331.01,0,D
-42.59238,-71.53053,367,0.48,0.48,2026-01-25,1923,N,VIIRS,h,2.0NRT,332.91,201.42,D
-42.59402,-71.53725,367,0.48,0.48,2026-01-25,1923,N,VIIRS,h,2.0NRT,291.98,201.42,D
-42.5846,-71.49864,334.58,0.48,0.48,2026-01-25,1923,N,VIIRS,n,2.0NRT,292.74,6.99,D
-42.64751,-71.75815,353.2,0.47,0.48,2026-01-25,1923,N,VIIRS,n,2.0NRT,307.2,19.02,D
-42.58596,-71.50423,357.35,0.48,0.48,2026-01-25,1923,N,VIIRS,l,2.0NRT,293.19,121.86,D
-42.58734,-71.50986,357.35,0.48,0.48,2026-01-25,1923,N,VIIRS,l,2.0NRT,296.52,121.86,D
-42.59066,-71.5235,367,0.48,0.48,2026-01-25,1923,N,VIIRS,l,2.0NRT,356.06,0,D
-42.58296,-71.51163,367,0.48,0.48,2026-01-25,1923,N,VIIRS,h,2.0NRT,334.58,121.86,D
-42.591,-71.54452,367,0.48,0.48,2026-01-25,1923,N,VIIRS,h,2.0NRT,295.41,16.26,D
-42.57739,-71.48879,337.12,0.48,0.48,2026-01-25,1923,N,VIIRS,n,2.0NRT,292.06,8.23,D
-42.57882,-71.49465,334.02,0.48,0.48,2026-01-25,1923,N,VIIRS,n,2.0NRT,293.05,6.99,D
-42.58023,-71.50043,341.01,0.48,0.48,2026-01-25,1923,N,VIIRS,n,2.0NRT,293.93,6.99,D
-42.5894,-71.53797,343.21,0.48,0.48,2026-01-25,1923,N,VIIRS,n,2.0NRT,304.77,201.42,D
-42.59259,-71.55103,343.12,0.48,0.48,2026-01-25,1923,N,VIIRS,n,2.0NRT,295.14,16.26,D
-42.64394,-71.76305,354.75,0.47,0.48,2026-01-25,1923,N,VIIRS,n,2.0NRT,303.03,19.02,D
-42.5816,-71.50603,357.16,0.48,0.48,2026-01-25,1923,N,VIIRS,l,2.0NRT,297.2,121.86,D
-42.58451,-71.51797,367,0.48,0.48,2026-01-25,1923,N,VIIRS,l,2.0NRT,375.93,0,D
-42.58612,-71.52455,367,0.48,0.48,2026-01-25,1923,N,VIIRS,l,2.0NRT,375.93,0,D
-42.58774,-71.53118,367,0.48,0.48,2026-01-25,1923,N,VIIRS,l,2.0NRT,375.93,201.42,D
-42.5943,-71.52534,367,0.48,0.48,2026-01-25,1923,N,VIIRS,h,2.0NRT,334.85,371.17,D
-42.58814,-71.49934,344.92,0.48,0.48,2026-01-25,1923,N,VIIRS,n,2.0NRT,291.17,23.56,D
-42.64857,-71.75533,334.06,0.47,0.48,2026-01-25,1923,N,VIIRS,n,2.0NRT,295.22,8.8,D
-42.64957,-71.75953,355.31,0.47,0.48,2026-01-25,1923,N,VIIRS,n,2.0NRT,302.52,8.8,D
-42.58949,-71.50502,356.99,0.48,0.48,2026-01-25,1923,N,VIIRS,l,2.0NRT,291.39,23.56,D
-42.59084,-71.5107,356.99,0.48,0.48,2026-01-25,1923,N,VIIRS,l,2.0NRT,292.36,238.88,D
-42.5925,-71.51772,356.99,0.48,0.48,2026-01-25,1923,N,VIIRS,l,2.0NRT,295.96,238.88,D
-42.59295,-71.53979,367,0.48,0.48,2026-01-25,1923,N,VIIRS,h,2.0NRT,297.35,29.05,D
-42.58644,-71.51236,354.97,0.48,0.48,2026-01-25,1923,N,VIIRS,n,2.0NRT,300.91,238.88,D
-42.64498,-71.76011,341.12,0.47,0.48,2026-01-25,1923,N,VIIRS,n,2.0NRT,299.08,8.8,D
-42.64602,-71.76451,338.49,0.47,0.48,2026-01-25,1923,N,VIIRS,n,2.0NRT,296.07,4.86,D
-42.58509,-71.50668,356.4,0.48,0.48,2026-01-25,1923,N,VIIRS,l,2.0NRT,295.04,23.56,D
-42.58808,-71.51927,367,0.48,0.48,2026-01-25,1923,N,VIIRS,l,2.0NRT,380.79,238.88,D
-42.58973,-71.52623,367,0.48,0.48,2026-01-25,1923,N,VIIRS,l,2.0NRT,380.79,371.17,D
-42.59137,-71.53313,367,0.48,0.48,2026-01-25,1923,N,VIIRS,l,2.0NRT,338.49,371.17,D
-42.58834,-71.54056,367,0.48,0.48,2026-01-25,1923,N,VIIRS,h,2.0NRT,302.84,36.95,D
-42.58072,-71.50845,350.79,0.48,0.48,2026-01-25,1923,N,VIIRS,n,2.0NRT,306.31,291.08,D
-42.58991,-71.54714,354.58,0.48,0.48,2026-01-25,1923,N,VIIRS,n,2.0NRT,309.64,36.95,D
-42.64148,-71.76528,337.1,0.47,0.48,2026-01-25,1923,N,VIIRS,n,2.0NRT,300.4,10.64,D
-42.5821,-71.51426,367,0.48,0.48,2026-01-25,1923,N,VIIRS,l,2.0NRT,378.86,0,D
-42.58364,-71.52074,367,0.48,0.48,2026-01-25,1923,N,VIIRS,l,2.0NRT,386.04,0,D
-42.58517,-71.52718,367,0.48,0.48,2026-01-25,1923,N,VIIRS,l,2.0NRT,386.04,232.49,D
-42.58675,-71.53383,367,0.48,0.48,2026-01-25,1923,N,VIIRS,l,2.0NRT,344.09,232.49,D
-42.57497,-71.50446,367,0.48,0.48,2026-01-25,1923,N,VIIRS,h,2.0NRT,298.4,291.08,D
-42.57632,-71.51012,367,0.48,0.48,2026-01-25,1923,N,VIIRS,h,2.0NRT,351.47,291.08,D
-42.58062,-71.52818,367,0.48,0.48,2026-01-25,1923,N,VIIRS,h,2.0NRT,365.72,232.49,D
-42.57357,-71.49857,340.73,0.48,0.48,2026-01-25,1923,N,VIIRS,n,2.0NRT,296.49,14.62,D
-42.58375,-71.54134,352.48,0.48,0.48,2026-01-25,1923,N,VIIRS,n,2.0NRT,310.97,36.95,D
-42.58535,-71.5481,355.95,0.48,0.48,2026-01-25,1923,N,VIIRS,n,2.0NRT,309.09,36.95,D
-42.58691,-71.55468,351.44,0.48,0.48,2026-01-25,1923,N,VIIRS,n,2.0NRT,302.51,71.68,D
-42.59669,-71.59585,349.4,0.48,0.48,2026-01-25,1923,N,VIIRS,n,2.0NRT,299.94,40.82,D
-42.57773,-71.51604,367,0.48,0.48,2026-01-25,1923,N,VIIRS,l,2.0NRT,381.34,0,D
-42.57918,-71.52213,367,0.48,0.48,2026-01-25,1923,N,VIIRS,l,2.0NRT,381.33,0,D
-42.58215,-71.53461,367,0.48,0.48,2026-01-25,1923,N,VIIRS,l,2.0NRT,345.33,232.49,D
-42.57054,-71.50597,367,0.48,0.48,2026-01-25,1923,N,VIIRS,h,2.0NRT,298.93,173.55,D
-42.57192,-71.51178,367,0.48,0.48,2026-01-25,1923,N,VIIRS,h,2.0NRT,349.31,173.55,D
-42.57482,-71.52396,367,0.48,0.48,2026-01-25,1923,N,VIIRS,h,2.0NRT,376.02,206.48,D
-42.5838,-71.56169,367,0.48,0.48,2026-01-25,1923,N,VIIRS,h,2.0NRT,307.41,30.29,D
-42.56915,-71.50013,340.8,0.48,0.48,2026-01-25,1923,N,VIIRS,n,2.0NRT,298.73,11.9,D
-42.58678,-71.57423,348.65,0.48,0.48,2026-01-25,1923,N,VIIRS,n,2.0NRT,307.41,162.8,D
-42.63012,-71.75717,356.67,0.47,0.48,2026-01-25,1923,N,VIIRS,n,2.0NRT,312.72,18.9,D
-42.63124,-71.76192,333.47,0.47,0.48,2026-01-25,1923,N,VIIRS,n,2.0NRT,299.93,18.9,D
-42.57339,-71.51794,367,0.48,0.48,2026-01-25,1923,N,VIIRS,l,2.0NRT,384.54,206.48,D
-42.5762,-71.52975,355.71,0.48,0.48,2026-01-25,1923,N,VIIRS,l,2.0NRT,332.44,124.74,D
-42.58803,-71.57949,367,0.48,0.48,2026-01-25,1923,N,VIIRS,l,2.0NRT,368.81,144.22,D
-42.56753,-71.51346,367,0.48,0.48,2026-01-25,1923,N,VIIRS,h,2.0NRT,306.64,173.55,D
-42.56901,-71.51968,367,0.48,0.48,2026-01-25,1923,N,VIIRS,h,2.0NRT,374.09,206.48,D
-42.58464,-71.58531,367,0.48,0.48,2026-01-25,1923,N,VIIRS,h,2.0NRT,322.6,144.22,D
-42.56613,-71.5076,341.49,0.48,0.48,2026-01-25,1923,N,VIIRS,n,2.0NRT,298.09,173.55,D
-42.57923,-71.56256,346.26,0.48,0.48,2026-01-25,1923,N,VIIRS,n,2.0NRT,312.45,30.29,D
-42.5834,-71.58006,347.64,0.48,0.48,2026-01-25,1923,N,VIIRS,n,2.0NRT,314.68,144.22,D
-42.6256,-71.75808,340.91,0.47,0.48,2026-01-25,1923,N,VIIRS,n,2.0NRT,297.68,18.9,D
-42.57045,-71.5257,367,0.48,0.48,2026-01-25,1923,N,VIIRS,l,2.0NRT,348.08,206.48,D
-42.56456,-71.52114,367,0.48,0.48,2026-01-25,1923,N,VIIRS,h,2.0NRT,355.3,68.69,D
-42.56312,-71.51511,344.67,0.48,0.48,2026-01-25,1923,N,VIIRS,n,2.0NRT,300.68,26.93,D
-42.566,-71.52714,367,0.48,0.48,2026-01-25,1923,N,VIIRS,l,2.0NRT,331.65,68.69,D
-42.56016,-71.52277,348.62,0.48,0.48,2026-01-25,1923,N,VIIRS,n,2.0NRT,304.68,68.69,D
-42.56156,-71.52864,342.95,0.48,0.48,2026-01-25,1923,N,VIIRS,n,2.0NRT,311.17,68.69,D
-42.55721,-71.53047,367,0.48,0.48,2026-01-25,1923,N,VIIRS,h,2.0NRT,341.65,66.03,D
-42.55581,-71.52464,341.27,0.48,0.48,2026-01-25,1923,N,VIIRS,n,2.0NRT,302.57,66.03,D
-42.55854,-71.53606,345.82,0.48,0.48,2026-01-25,1923,N,VIIRS,n,2.0NRT,311.85,56.7,D
-42.56128,-71.54749,342.05,0.48,0.48,2026-01-25,1923,N,VIIRS,l,2.0NRT,313.33,32.23,D
-42.57231,-71.59367,350.29,0.48,0.48,2026-01-25,1923,N,VIIRS,n,2.0NRT,303.2,11.88,D
-42.583,-71.6385,341.68,0.48,0.48,2026-01-25,1923,N,VIIRS,n,2.0NRT,303.84,5.01,D
-42.5528,-71.5321,367,0.48,0.48,2026-01-25,1923,N,VIIRS,h,2.0NRT,308.27,66.03,D
-42.55412,-71.53761,367,0.48,0.48,2026-01-25,1923,N,VIIRS,h,2.0NRT,326.89,56.7,D
-42.56105,-71.56656,346.53,0.48,0.48,2026-01-25,1923,N,VIIRS,n,2.0NRT,310.06,15.26,D
-42.55545,-71.54319,353.37,0.48,0.48,2026-01-25,1923,N,VIIRS,l,2.0NRT,331.23,56.7,D
-42.55101,-71.54463,355.2,0.48,0.48,2026-01-25,1923,N,VIIRS,n,2.0NRT,304.61,18.11,D
-42.55238,-71.55036,342.96,0.48,0.48,2026-01-25,1923,N,VIIRS,n,2.0NRT,305.28,13.98,D
-42.56858,-71.65797,334.34,0.48,0.48,2026-01-25,1923,N,VIIRS,n,2.0NRT,295.84,4.56,D
-42.56299,-71.6545,343.83,0.48,0.48,2026-01-25,1923,N,VIIRS,n,2.0NRT,296.58,4.04,D
-42.55928,-71.65891,367,0.48,0.48,2026-01-25,1923,N,VIIRS,h,2.0NRT,300.1,13.66,D
-42.36671,-71.46217,332.45,0.49,0.49,2026-01-25,1923,N,VIIRS,n,2.0NRT,287.83,5.41,D
-42.36813,-71.46795,336.27,0.49,0.49,2026-01-25,1923,N,VIIRS,n,2.0NRT,288.12,5.41,D
-42.36519,-71.47574,367,0.49,0.49,2026-01-25,1923,N,VIIRS,h,2.0NRT,292.65,99.13,D
-42.36098,-71.45851,330.03,0.49,0.49,2026-01-25,1923,N,VIIRS,n,2.0NRT,291.15,8.46,D
-42.36239,-71.46428,355.34,0.49,0.49,2026-01-25,1923,N,VIIRS,n,2.0NRT,288.77,74.69,D
-42.36666,-71.48177,331.45,0.49,0.49,2026-01-25,1923,N,VIIRS,n,2.0NRT,292.94,99.13,D
-42.36378,-71.46997,357.65,0.49,0.49,2026-01-25,1923,N,VIIRS,l,2.0NRT,290.6,74.69,D
-42.35531,-71.45512,333.44,0.49,0.49,2026-01-25,1923,N,VIIRS,n,2.0NRT,290,8.46,D
-42.35677,-71.46107,353.57,0.49,0.49,2026-01-25,1923,N,VIIRS,n,2.0NRT,290.53,8.46,D
-42.35816,-71.46679,356.52,0.49,0.49,2026-01-25,1923,N,VIIRS,n,2.0NRT,291.87,74.69,D
-42.35951,-71.47229,341.71,0.49,0.49,2026-01-25,1923,N,VIIRS,n,2.0NRT,302.44,74.69,D
-42.36244,-71.48428,351.18,0.49,0.49,2026-01-25,1923,N,VIIRS,n,2.0NRT,295.26,99.13,D
-42.36089,-71.47793,367,0.49,0.49,2026-01-25,1923,N,VIIRS,l,2.0NRT,336.19,99.13,D
-42.35401,-71.46956,367,0.49,0.49,2026-01-25,1923,N,VIIRS,h,2.0NRT,294.66,316.61,D
-42.35139,-71.45885,330.14,0.49,0.49,2026-01-25,1923,N,VIIRS,n,2.0NRT,290.72,9.62,D
-42.35273,-71.46433,351.41,0.49,0.49,2026-01-25,1923,N,VIIRS,n,2.0NRT,291.83,9.62,D
-42.36023,-71.49494,330.63,0.49,0.49,2026-01-25,1923,N,VIIRS,n,2.0NRT,293.18,42.98,D
-42.35524,-71.47463,367,0.49,0.49,2026-01-25,1923,N,VIIRS,l,2.0NRT,326.18,316.61,D
-42.35665,-71.48039,367,0.49,0.49,2026-01-25,1923,N,VIIRS,l,2.0NRT,380.09,0,D
-42.35844,-71.48765,312.66,0.49,0.49,2026-01-25,1923,N,VIIRS,l,2.0NRT,313.5,0,D
-42.27871,-71.54054,354.79,0.49,0.49,2026-01-25,1925,N,VIIRS,n,2.0NRT,301.16,7.66,D
-42.33922,-71.47105,367,0.49,0.49,2026-01-25,1925,N,VIIRS,h,2.0NRT,342.07,111.13,D
-42.34111,-71.4789,367,0.49,0.49,2026-01-25,1925,N,VIIRS,h,2.0NRT,354.31,318.69,D
-42.34226,-71.48371,367,0.49,0.49,2026-01-25,1925,N,VIIRS,h,2.0NRT,339.55,174.5,D
-42.33827,-71.46709,332.17,0.49,0.49,2026-01-25,1925,N,VIIRS,n,2.0NRT,300.74,111.13,D
-42.34388,-71.49051,347.11,0.49,0.49,2026-01-25,1925,N,VIIRS,n,2.0NRT,310.02,174.5,D
-42.34013,-71.47485,367,0.49,0.49,2026-01-25,1925,N,VIIRS,l,2.0NRT,372.1,318.69,D
-42.33476,-71.4726,348.39,0.49,0.49,2026-01-25,1925,N,VIIRS,n,2.0NRT,305.94,111.13,D
-42.3357,-71.47652,354.46,0.49,0.49,2026-01-25,1925,N,VIIRS,n,2.0NRT,325.06,318.69,D
-42.33986,-71.49387,351.54,0.49,0.49,2026-01-25,1925,N,VIIRS,n,2.0NRT,300.33,174.5,D
-42.33675,-71.48088,367,0.49,0.49,2026-01-25,1925,N,VIIRS,l,2.0NRT,371.36,318.69,D
-42.33229,-71.48244,367,0.49,0.49,2026-01-25,1925,N,VIIRS,h,2.0NRT,355.21,197.54,D
-42.33115,-71.47769,344.53,0.49,0.49,2026-01-25,1925,N,VIIRS,n,2.0NRT,307.82,197.54,D
-42.33575,-71.49685,347.59,0.49,0.49,2026-01-25,1925,N,VIIRS,n,2.0NRT,298.25,100.69,D
-42.33775,-71.50521,339.09,0.49,0.49,2026-01-25,1925,N,VIIRS,n,2.0NRT,298.45,11.39,D
-42.32785,-71.48407,367,0.49,0.49,2026-01-25,1925,N,VIIRS,h,2.0NRT,351.21,197.54,D
-42.32468,-71.47089,345.23,0.49,0.49,2026-01-25,1925,N,VIIRS,n,2.0NRT,302.71,11.15,D
-42.32565,-71.47491,343,0.49,0.49,2026-01-25,1925,N,VIIRS,n,2.0NRT,303.22,11.15,D
-42.32665,-71.47908,347.6,0.49,0.49,2026-01-25,1925,N,VIIRS,n,2.0NRT,311.4,197.54,D
-42.32936,-71.49033,345.88,0.49,0.49,2026-01-25,1925,N,VIIRS,n,2.0NRT,301.41,100.69,D
-42.33141,-71.49886,332.67,0.49,0.49,2026-01-25,1925,N,VIIRS,n,2.0NRT,297.58,100.69,D
-42.33344,-71.50738,349.51,0.49,0.49,2026-01-25,1925,N,VIIRS,n,2.0NRT,300.48,11.39,D
-42.3222,-71.48065,367,0.49,0.49,2026-01-25,1925,N,VIIRS,h,2.0NRT,311.79,18.64,D
-42.32015,-71.47215,334.11,0.49,0.49,2026-01-25,1925,N,VIIRS,n,2.0NRT,299.65,13.59,D
-42.32112,-71.47618,346.34,0.49,0.49,2026-01-25,1925,N,VIIRS,n,2.0NRT,303.14,13.59,D
-42.3235,-71.48605,345.61,0.49,0.49,2026-01-25,1925,N,VIIRS,n,2.0NRT,298.07,18.64,D
-42.32881,-71.50815,346.29,0.49,0.49,2026-01-25,1925,N,VIIRS,n,2.0NRT,298.99,25.25,D
-42.31778,-71.48237,340.88,0.49,0.49,2026-01-25,1925,N,VIIRS,n,2.0NRT,296.09,18.64,D
-42.3223,-71.50114,347.86,0.49,0.49,2026-01-25,1925,N,VIIRS,n,2.0NRT,302.4,22.39,D
-42.32393,-71.50796,353.32,0.49,0.49,2026-01-25,1925,N,VIIRS,n,2.0NRT,316.58,25.25,D
-42.31796,-71.50317,342.27,0.49,0.49,2026-01-25,1925,N,VIIRS,n,2.0NRT,298.66,4.93,D
-42.31934,-71.50893,330.85,0.49,0.49,2026-01-25,1925,N,VIIRS,n,2.0NRT,294.66,2.76,D
-42.23192,-71.28931,340.75,0.5,0.49,2026-01-25,1925,N,VIIRS,n,2.0NRT,306.91,7.3,D
-42.23034,-71.30284,341.24,0.5,0.49,2026-01-25,1925,N,VIIRS,l,2.0NRT,312.42,6.35,D
-42.35015,-71.49654,356.72,0.49,0.49,2026-01-25,1925,N,VIIRS,n,2.0NRT,318.06,64.54,D
-42.26928,-71.54154,342.08,0.49,0.49,2026-01-25,1925,N,VIIRS,n,2.0NRT,307.64,38.03,D
-42.26617,-71.5486,352.91,0.49,0.49,2026-01-25,1925,N,VIIRS,n,2.0NRT,313.6,38.03,D
-42.25561,-71.54495,340.62,0.49,0.49,2026-01-25,1925,N,VIIRS,n,2.0NRT,298.11,7.69,D
-42.26935,-71.54304,343.41,0.49,0.49,2026-01-25,1925,N,VIIRS,l,2.0NRT,314.86,27.85,D
-42.26615,-71.54983,355.2,0.49,0.49,2026-01-25,1925,N,VIIRS,n,2.0NRT,313.43,22.96,D
-42.25572,-71.5465,347.06,0.49,0.49,2026-01-25,1925,N,VIIRS,n,2.0NRT,298.02,6.63,D
-42.25148,-71.549,340.99,0.49,0.49,2026-01-25,1925,N,VIIRS,n,2.0NRT,295.68,6.63,D
-38.381,-70.81047,343.89,0.33,0.55,2026-01-25,1925,N,VIIRS,n,2.0NRT,301.69,18.94,D
-38.38214,-70.81492,356.71,0.33,0.55,2026-01-25,1925,N,VIIRS,n,2.0NRT,317.49,29.73,D
-38.37738,-70.81784,341.35,0.33,0.55,2026-01-25,1925,N,VIIRS,n,2.0NRT,297.92,2.7,D
-42.3499,-71.47256,367,0.49,0.49,2026-01-25,1925,N,VIIRS,h,2.0NRT,294.28,316.61,D
-42.34881,-71.46805,350.06,0.49,0.49,2026-01-25,1925,N,VIIRS,n,2.0NRT,293.49,9.62,D
-42.35101,-71.47707,353.1,0.49,0.49,2026-01-25,1925,N,VIIRS,n,2.0NRT,307.71,316.61,D
-42.35449,-71.49123,352.49,0.49,0.49,2026-01-25,1925,N,VIIRS,n,2.0NRT,322.52,0,D
-42.35249,-71.48315,367,0.49,0.49,2026-01-25,1925,N,VIIRS,l,2.0NRT,357.7,0,D
-42.36659,-71.46422,339.08,0.49,0.49,2026-01-25,1925,N,VIIRS,n,2.0NRT,287.39,11.36,D
-42.36797,-71.47002,338.62,0.49,0.49,2026-01-25,1925,N,VIIRS,n,2.0NRT,289.38,12.09,D
-42.36936,-71.47585,332.75,0.49,0.49,2026-01-25,1925,N,VIIRS,n,2.0NRT,291.29,12.09,D
-42.36363,-71.47207,367,0.49,0.49,2026-01-25,1925,N,VIIRS,h,2.0NRT,292.04,12.09,D
-42.3609,-71.46062,344.27,0.49,0.49,2026-01-25,1925,N,VIIRS,n,2.0NRT,290.14,11.36,D
-42.36503,-71.47793,356.51,0.49,0.49,2026-01-25,1925,N,VIIRS,n,2.0NRT,293.38,12.09,D
-42.36227,-71.46637,357.34,0.49,0.49,2026-01-25,1925,N,VIIRS,l,2.0NRT,289.4,11.36,D
-42.3567,-71.46327,367,0.49,0.49,2026-01-25,1925,N,VIIRS,h,2.0NRT,291.02,54.97,D
-42.35934,-71.47433,367,0.49,0.49,2026-01-25,1925,N,VIIRS,h,2.0NRT,339.1,0,D
-42.35529,-71.45737,342.25,0.49,0.49,2026-01-25,1925,N,VIIRS,n,2.0NRT,289.65,7.81,D
-42.35804,-71.46886,353.7,0.49,0.49,2026-01-25,1925,N,VIIRS,n,2.0NRT,295.09,54.97,D
-42.36232,-71.48684,344.8,0.49,0.49,2026-01-25,1925,N,VIIRS,n,2.0NRT,294.56,114.32,D
-42.36075,-71.48025,367,0.49,0.49,2026-01-25,1925,N,VIIRS,l,2.0NRT,336.08,0,D
-42.35504,-71.47654,367,0.49,0.49,2026-01-25,1925,N,VIIRS,h,2.0NRT,349.61,0,D
-42.35136,-71.46116,331.09,0.49,0.49,2026-01-25,1925,N,VIIRS,n,2.0NRT,291.07,7.81,D
-42.35262,-71.46645,352.92,0.49,0.49,2026-01-25,1925,N,VIIRS,n,2.0NRT,292.34,54.97,D
-42.35383,-71.47149,354.93,0.49,0.49,2026-01-25,1925,N,VIIRS,n,2.0NRT,296.38,54.97,D
-42.35661,-71.48313,367,0.49,0.49,2026-01-25,1925,N,VIIRS,l,2.0NRT,362.15,0,D
-42.34967,-71.47433,367,0.49,0.49,2026-01-25,1925,N,VIIRS,h,2.0NRT,295.01,142.37,D
-42.35076,-71.47885,367,0.49,0.49,2026-01-25,1925,N,VIIRS,h,2.0NRT,348.4,321.05,D
-42.35248,-71.48608,367,0.49,0.49,2026-01-25,1925,N,VIIRS,h,2.0NRT,336.48,321.05,D
-42.34751,-71.46527,330.83,0.49,0.49,2026-01-25,1925,N,VIIRS,n,2.0NRT,292.7,30.34,D
-42.34862,-71.46991,354.04,0.49,0.49,2026-01-25,1925,N,VIIRS,n,2.0NRT,294.42,142.37,D
-42.35443,-71.49428,347.04,0.49,0.49,2026-01-25,1925,N,VIIRS,n,2.0NRT,321.25,64.54,D
-42.34444,-71.47263,367,0.49,0.49,2026-01-25,1925,N,VIIRS,h,2.0NRT,349.92,142.37,D
-42.34344,-71.46849,349.62,0.49,0.49,2026-01-25,1925,N,VIIRS,n,2.0NRT,296.64,30.34,D
-42.3465,-71.48124,353.97,0.49,0.49,2026-01-25,1925,N,VIIRS,n,2.0NRT,320.58,321.05,D
-24.5914,-60.42183,311.4,0.46,0.39,2026-01-26,0501,N,VIIRS,n,2.0NRT,294.6,1.52,N
-24.59549,-60.42019,313.97,0.46,0.39,2026-01-26,0501,N,VIIRS,n,2.0NRT,294.32,1.5,N
-24.595,-60.42261,314.42,0.46,0.39,2026-01-26,0501,N,VIIRS,n,2.0NRT,294.73,1.52,N
-33.25755,-60.28597,333.58,0.39,0.36,2026-01-26,0503,N,VIIRS,n,2.0NRT,297.04,4.86,N
-29.56921,-57.9545,307.58,0.39,0.36,2026-01-26,0503,N,VIIRS,n,2.0NRT,292.59,0.66,N
-29.57038,-57.95394,302.67,0.39,0.36,2026-01-26,0503,N,VIIRS,n,2.0NRT,292.11,0.55,N
-29.58182,-61.06279,305.2,0.42,0.38,2026-01-26,0503,N,VIIRS,n,2.0NRT,294.07,0.59,N
-29.5826,-61.0584,309.52,0.42,0.38,2026-01-26,0503,N,VIIRS,n,2.0NRT,294.19,0.59,N
-30.27969,-57.64402,306.81,0.39,0.36,2026-01-26,0503,N,VIIRS,n,2.0NRT,290.3,1.55,N
-29.50462,-62.71704,310.55,0.49,0.41,2026-01-26,0503,N,VIIRS,n,2.0NRT,292.74,1.15,N
-29.50518,-62.71375,310.53,0.49,0.4,2026-01-26,0503,N,VIIRS,n,2.0NRT,292.98,1.86,N
-29.50891,-62.71468,304.51,0.49,0.4,2026-01-26,0503,N,VIIRS,n,2.0NRT,292.9,0.92,N
-31.07816,-59.41142,310.51,0.39,0.36,2026-01-26,0503,N,VIIRS,n,2.0NRT,293.57,0.83,N
-31.58849,-60.56807,314.22,0.4,0.37,2026-01-26,0503,N,VIIRS,n,2.0NRT,293.39,0.95,N
-31.34825,-64.13216,327.12,0.54,0.42,2026-01-26,0503,N,VIIRS,n,2.0NRT,291.93,3.08,N
-32.39097,-59.02139,303.87,0.38,0.36,2026-01-26,0503,N,VIIRS,n,2.0NRT,293.61,0.66,N
-32.3943,-59.02212,316.76,0.38,0.36,2026-01-26,0503,N,VIIRS,n,2.0NRT,293.7,1.51,N
-32.44725,-59.78834,300.98,0.39,0.36,2026-01-26,0503,N,VIIRS,n,2.0NRT,290.74,0.4,N
-33.35942,-60.15622,305.49,0.39,0.36,2026-01-26,0503,N,VIIRS,n,2.0NRT,295.36,1.99,N
-33.3601,-60.15204,318.71,0.39,0.36,2026-01-26,0503,N,VIIRS,n,2.0NRT,296.91,3.04,N
-33.36147,-60.1437,311.06,0.39,0.36,2026-01-26,0503,N,VIIRS,n,2.0NRT,297.01,2.31,N
-33.36876,-60.16272,337.52,0.39,0.36,2026-01-26,0503,N,VIIRS,n,2.0NRT,297.52,1.91,N
-33.36944,-60.15854,308.45,0.39,0.36,2026-01-26,0503,N,VIIRS,n,2.0NRT,296.9,1.91,N
-33.37483,-60.1468,321.11,0.39,0.36,2026-01-26,0503,N,VIIRS,n,2.0NRT,295.47,2.53,N
-33.37278,-60.15932,311.97,0.39,0.36,2026-01-26,0503,N,VIIRS,n,2.0NRT,295.69,1.91,N
-33.37817,-60.14758,331.41,0.39,0.36,2026-01-26,0503,N,VIIRS,n,2.0NRT,292.84,3.32,N
-25.86467,-59.20163,322.83,0.4,0.37,2026-01-26,0503,N,VIIRS,n,2.0NRT,295.04,1.33,N
-26.86176,-54.43947,305.52,0.45,0.39,2026-01-26,0503,N,VIIRS,n,2.0NRT,293.02,1.06,N
-25.87369,-60.73183,307.61,0.45,0.39,2026-01-26,0503,N,VIIRS,n,2.0NRT,293.77,1.06,N
-25.87728,-60.73264,317.78,0.45,0.39,2026-01-26,0503,N,VIIRS,n,2.0NRT,294.63,1.06,N
-25.88087,-60.73343,312.84,0.45,0.39,2026-01-26,0503,N,VIIRS,n,2.0NRT,294.55,1.17,N
-26.11895,-60.99128,303.82,0.46,0.39,2026-01-26,0503,N,VIIRS,n,2.0NRT,293.43,0.61,N
-26.18292,-61.19733,306.3,0.47,0.4,2026-01-26,0503,N,VIIRS,n,2.0NRT,294.59,1.05,N
-26.18657,-61.19817,304.62,0.47,0.4,2026-01-26,0503,N,VIIRS,n,2.0NRT,293.78,1.05,N
-26.18742,-61.19345,310.74,0.47,0.4,2026-01-26,0503,N,VIIRS,n,2.0NRT,294.35,1.05,N
-27.42905,-56.90324,324.86,0.39,0.36,2026-01-26,0503,N,VIIRS,n,2.0NRT,293.38,0.98,N
-27.50025,-56.91967,332.42,0.39,0.36,2026-01-26,0503,N,VIIRS,n,2.0NRT,295.3,5.17,N
-34.8539,-58.60334,300.84,0.39,0.36,2026-01-26,0505,N,VIIRS,n,2.0NRT,290.75,0.33,N
-34.856,-58.61274,328.67,0.39,0.36,2026-01-26,0505,N,VIIRS,n,2.0NRT,292.82,2.38,N
-34.85664,-58.6084,325.24,0.39,0.36,2026-01-26,0505,N,VIIRS,n,2.0NRT,291.38,2.38,N
-34.85536,-58.61707,305.44,0.39,0.36,2026-01-26,0505,N,VIIRS,n,2.0NRT,292.16,1.35,N
-34.85326,-58.60767,336.71,0.39,0.36,2026-01-26,0505,N,VIIRS,n,2.0NRT,293.01,3.15,N
-34.85262,-58.612,352.15,0.39,0.36,2026-01-26,0505,N,VIIRS,n,2.0NRT,297.15,3.15,N
-34.84988,-58.60694,318.99,0.39,0.36,2026-01-26,0505,N,VIIRS,n,2.0NRT,292.84,3.15,N
-34.14775,-58.98938,306.26,0.39,0.36,2026-01-26,0505,N,VIIRS,n,2.0NRT,294.7,1.97,N
-36.87349,-60.32683,316.6,0.38,0.36,2026-01-26,0505,N,VIIRS,n,2.0NRT,291.86,1.34,N
-36.92517,-60.15799,303.48,0.38,0.36,2026-01-26,0505,N,VIIRS,n,2.0NRT,290.9,0.65,N
-36.98449,-60.24436,307.93,0.38,0.36,2026-01-26,0505,N,VIIRS,n,2.0NRT,292.57,1.88,N
-36.9931,-60.27801,303.49,0.38,0.36,2026-01-26,0505,N,VIIRS,n,2.0NRT,291.88,1.08,N
-37.03955,-60.29607,311.85,0.38,0.36,2026-01-26,0505,N,VIIRS,n,2.0NRT,294.9,0.93,N
-37.08766,-69.4758,311.94,0.51,0.5,2026-01-26,0505,N,VIIRS,n,2.0NRT,287.23,2.22,N
-34.85566,-57.89322,305.91,0.41,0.37,2026-01-26,0505,N,VIIRS,n,2.0NRT,295.05,0.76,N
-37.41792,-69.36048,312.28,0.5,0.49,2026-01-26,0505,N,VIIRS,n,2.0NRT,278.86,1.48,N
-37.71472,-69.26526,317.76,0.49,0.48,2026-01-26,0505,N,VIIRS,n,2.0NRT,263.83,1.26,N
-34.85909,-57.89394,331.62,0.41,0.37,2026-01-26,0505,N,VIIRS,n,2.0NRT,295.17,3.6,N
-34.84924,-58.61127,302.78,0.39,0.36,2026-01-26,0505,N,VIIRS,n,2.0NRT,290.34,3.15,N
-34.80427,-58.48964,306.25,0.39,0.37,2026-01-26,0505,N,VIIRS,n,2.0NRT,294.13,0.77,N
-34.88553,-57.92091,307.73,0.4,0.37,2026-01-26,0505,N,VIIRS,n,2.0NRT,295.3,1.94,N
-34.1484,-58.98515,330.82,0.39,0.36,2026-01-26,0505,N,VIIRS,n,2.0NRT,295.6,1.97,N
-42.59485,-71.5192,329.25,0.48,0.48,2026-01-26,0508,N,VIIRS,n,2.0NRT,268.07,8.42,N
-42.59602,-71.51442,350.54,0.48,0.48,2026-01-26,0508,N,VIIRS,n,2.0NRT,270.59,8.42,N
-42.59738,-71.50883,347.1,0.48,0.48,2026-01-26,0508,N,VIIRS,n,2.0NRT,269.27,6.82,N
-42.59364,-71.52413,306.28,0.48,0.48,2026-01-26,0508,N,VIIRS,n,2.0NRT,268.28,2.56,N
-42.61346,-71.44297,319.76,0.48,0.48,2026-01-26,0508,N,VIIRS,n,2.0NRT,272.58,2.95,N
-42.59805,-71.52575,321.98,0.48,0.48,2026-01-26,0508,N,VIIRS,n,2.0NRT,269.94,2.56,N
-42.59922,-71.52098,347.32,0.48,0.48,2026-01-26,0508,N,VIIRS,n,2.0NRT,269.75,8.42,N
-42.60041,-71.51609,354.84,0.48,0.48,2026-01-26,0508,N,VIIRS,n,2.0NRT,271.13,8.42,N
-42.6018,-71.51039,354.16,0.48,0.48,2026-01-26,0508,N,VIIRS,n,2.0NRT,270.63,6.82,N
-42.59685,-71.53065,312.22,0.48,0.48,2026-01-26,0508,N,VIIRS,n,2.0NRT,269.31,2.56,N
-42.6034,-71.50385,301.48,0.48,0.48,2026-01-26,0508,N,VIIRS,n,2.0NRT,265.83,6.82,N
-42.6178,-71.44479,308.6,0.48,0.48,2026-01-26,0508,N,VIIRS,n,2.0NRT,268.23,2.95,N
-42.60474,-71.51801,350.22,0.48,0.48,2026-01-26,0508,N,VIIRS,n,2.0NRT,272.22,3.97,N
-42.60621,-71.51199,325.92,0.48,0.48,2026-01-26,0508,N,VIIRS,n,2.0NRT,267.8,2.17,N
-42.60229,-71.52804,307.57,0.48,0.48,2026-01-26,0508,N,VIIRS,n,2.0NRT,269.51,1.99,N
-42.60348,-71.52317,317.18,0.48,0.48,2026-01-26,0508,N,VIIRS,n,2.0NRT,269.51,3.97,N
-42.6078,-71.50548,298.3,0.48,0.48,2026-01-26,0508,N,VIIRS,n,2.0NRT,265.37,2.17,N
-42.60778,-71.52523,307.65,0.48,0.48,2026-01-26,0508,N,VIIRS,n,2.0NRT,269.58,3.97,N
-42.60917,-71.51952,312.69,0.48,0.48,2026-01-26,0508,N,VIIRS,n,2.0NRT,269.03,3.97,N
-42.6107,-71.51324,299.11,0.48,0.48,2026-01-26,0508,N,VIIRS,n,2.0NRT,267.84,2.17,N
-42.61427,-71.55773,300.93,0.48,0.48,2026-01-26,0508,N,VIIRS,n,2.0NRT,269.59,1.5,N
-42.67335,-71.41236,323.39,0.47,0.48,2026-01-26,0508,N,VIIRS,n,2.0NRT,270.53,2.42,N
-42.66773,-71.43575,299.34,0.47,0.48,2026-01-26,0508,N,VIIRS,n,2.0NRT,267.67,1.32,N
-42.67474,-71.40656,298.81,0.47,0.48,2026-01-26,0508,N,VIIRS,n,2.0NRT,269.44,2.42,N
-42.67197,-71.43793,329.95,0.47,0.48,2026-01-26,0508,N,VIIRS,n,2.0NRT,269.86,7.7,N
-42.6734,-71.43196,352.59,0.47,0.48,2026-01-26,0508,N,VIIRS,n,2.0NRT,274.39,7.7,N
-42.67482,-71.42608,367,0.47,0.48,2026-01-26,0508,N,VIIRS,h,2.0NRT,278.56,9.33,N
-42.6762,-71.42031,340.6,0.47,0.48,2026-01-26,0508,N,VIIRS,n,2.0NRT,275.07,9.33,N
-42.67894,-71.40892,333.54,0.47,0.48,2026-01-26,0508,N,VIIRS,n,2.0NRT,271.77,4.49,N
-42.67046,-71.44421,295.16,0.47,0.48,2026-01-26,0508,N,VIIRS,n,2.0NRT,269.28,1.49,N
-42.67756,-71.41467,315.76,0.47,0.48,2026-01-26,0508,N,VIIRS,n,2.0NRT,271.14,4.49,N
-42.67614,-71.44044,341.05,0.47,0.48,2026-01-26,0508,N,VIIRS,n,2.0NRT,272.73,7.7,N
-42.67758,-71.43442,345.97,0.47,0.48,2026-01-26,0508,N,VIIRS,n,2.0NRT,284.45,7.7,N
-42.67901,-71.42846,346.18,0.47,0.48,2026-01-26,0508,N,VIIRS,n,2.0NRT,284.76,9.33,N
-42.68042,-71.42262,344.61,0.47,0.48,2026-01-26,0508,N,VIIRS,n,2.0NRT,278.45,9.33,N
-42.68178,-71.41693,336.56,0.47,0.48,2026-01-26,0508,N,VIIRS,n,2.0NRT,275.54,4.49,N
-42.68313,-71.41128,329,0.47,0.48,2026-01-26,0508,N,VIIRS,n,2.0NRT,272.61,4.49,N
-42.67336,-71.45201,301.26,0.48,0.48,2026-01-26,0508,N,VIIRS,n,2.0NRT,269.53,1.49,N
-42.6747,-71.44642,317.35,0.47,0.48,2026-01-26,0508,N,VIIRS,n,2.0NRT,270.07,1.49,N
-42.68451,-71.40553,314.33,0.47,0.48,2026-01-26,0508,N,VIIRS,n,2.0NRT,271.14,1.51,N
-42.68586,-71.39992,298.78,0.47,0.48,2026-01-26,0508,N,VIIRS,n,2.0NRT,270.01,1.51,N
-42.67898,-71.44849,321.09,0.47,0.48,2026-01-26,0508,N,VIIRS,n,2.0NRT,271.2,1.62,N
-42.68034,-71.44278,331.46,0.47,0.48,2026-01-26,0508,N,VIIRS,n,2.0NRT,275.74,3.28,N
-42.68178,-71.43679,327.66,0.47,0.48,2026-01-26,0508,N,VIIRS,n,2.0NRT,278.11,3.28,N
-42.68322,-71.43079,333.35,0.47,0.48,2026-01-26,0508,N,VIIRS,n,2.0NRT,277.35,3.59,N
-42.68464,-71.42487,333.75,0.47,0.48,2026-01-26,0508,N,VIIRS,n,2.0NRT,274.71,3.59,N
-42.68602,-71.41911,326.18,0.47,0.48,2026-01-26,0508,N,VIIRS,n,2.0NRT,273,2.09,N
-42.67767,-71.45393,296.98,0.48,0.48,2026-01-26,0508,N,VIIRS,n,2.0NRT,268.73,1.62,N
-42.68736,-71.41354,313.37,0.47,0.48,2026-01-26,0508,N,VIIRS,n,2.0NRT,271.07,2.09,N
-42.68873,-71.40779,298.45,0.47,0.48,2026-01-26,0508,N,VIIRS,n,2.0NRT,270,2.85,N
-42.68194,-71.45601,299.35,0.48,0.48,2026-01-26,0508,N,VIIRS,n,2.0NRT,270.66,1.62,N
-42.68327,-71.45045,312.06,0.47,0.48,2026-01-26,0508,N,VIIRS,n,2.0NRT,271.94,1.62,N
-42.68461,-71.44488,315.72,0.47,0.48,2026-01-26,0508,N,VIIRS,n,2.0NRT,273.22,3.28,N
-42.686,-71.43905,315.15,0.47,0.48,2026-01-26,0508,N,VIIRS,n,2.0NRT,275.04,3.28,N
-42.68743,-71.43311,309.6,0.47,0.48,2026-01-26,0508,N,VIIRS,n,2.0NRT,276.38,3.59,N
-42.68885,-71.42716,315.78,0.47,0.48,2026-01-26,0508,N,VIIRS,n,2.0NRT,273.62,3.59,N
-42.69026,-71.42128,311.25,0.47,0.48,2026-01-26,0508,N,VIIRS,n,2.0NRT,272.53,2.09,N
-42.6916,-71.41566,299.11,0.47,0.48,2026-01-26,0508,N,VIIRS,n,2.0NRT,271.54,2.09,N
-42.68755,-71.45249,296.33,0.47,0.48,2026-01-26,0508,N,VIIRS,n,2.0NRT,272.42,2.17,N
-42.68889,-71.44691,299.83,0.47,0.48,2026-01-26,0508,N,VIIRS,n,2.0NRT,273.02,1.26,N
-42.69026,-71.44119,302.43,0.47,0.48,2026-01-26,0508,N,VIIRS,n,2.0NRT,272.6,1.26,N
-42.69165,-71.43538,304.05,0.47,0.48,2026-01-26,0508,N,VIIRS,n,2.0NRT,272.42,1.63,N
-42.69307,-71.42947,302.3,0.47,0.48,2026-01-26,0508,N,VIIRS,n,2.0NRT,271.76,1.63,N
-42.69447,-71.42358,296.01,0.47,0.48,2026-01-26,0508,N,VIIRS,n,2.0NRT,274.44,1.84,N
-42.68032,-71.40318,299.82,0.47,0.48,2026-01-26,0508,N,VIIRS,n,2.0NRT,270.12,1.51,N
-39.12495,-66.68465,339,0.52,0.41,2026-01-26,0508,N,VIIRS,n,2.0NRT,258.6,7.88,N
-39.12513,-66.68612,324.61,0.52,0.41,2026-01-26,0508,N,VIIRS,n,2.0NRT,257.66,6.28,N
-38.37317,-70.80329,343.26,0.56,0.52,2026-01-26,0508,N,VIIRS,n,2.0NRT,315.32,36.44,N
-38.37178,-70.80891,306.5,0.56,0.52,2026-01-26,0508,N,VIIRS,n,2.0NRT,283.45,29.62,N
-38.37465,-70.79723,303.61,0.56,0.52,2026-01-26,0508,N,VIIRS,n,2.0NRT,284.36,36.44,N
-38.3778,-70.80521,352.63,0.56,0.52,2026-01-26,0508,N,VIIRS,n,2.0NRT,284.76,36.44,N
-38.37973,-70.81818,304.13,0.56,0.52,2026-01-26,0508,N,VIIRS,n,2.0NRT,283.68,1.76,N
-38.38248,-70.80698,303.51,0.56,0.52,2026-01-26,0508,N,VIIRS,n,2.0NRT,283.01,1.73,N
-38.38395,-70.80096,310.17,0.56,0.52,2026-01-26,0508,N,VIIRS,n,2.0NRT,283.68,1.73,N
-38.38721,-70.80852,308.85,0.56,0.52,2026-01-26,0508,N,VIIRS,n,2.0NRT,282.66,1.73,N
-42.3349,-71.42432,339.59,0.48,0.48,2026-01-26,0508,N,VIIRS,n,2.0NRT,283.91,8.17,N
-42.31562,-71.50394,296.32,0.49,0.48,2026-01-26,0508,N,VIIRS,n,2.0NRT,277.79,1.72,N
-42.33603,-71.41968,306.68,0.48,0.48,2026-01-26,0508,N,VIIRS,n,2.0NRT,277.61,3.31,N
-42.34783,-71.37078,298.14,0.48,0.48,2026-01-26,0508,N,VIIRS,n,2.0NRT,273.94,2.59,N
-42.3492,-71.3651,300.6,0.48,0.48,2026-01-26,0508,N,VIIRS,n,2.0NRT,271.88,1.86,N
-42.31972,-71.50696,305.92,0.49,0.48,2026-01-26,0508,N,VIIRS,n,2.0NRT,277.05,2.12,N
-42.33916,-71.42659,308.29,0.48,0.48,2026-01-26,0508,N,VIIRS,n,2.0NRT,275.47,4.93,N
-42.34022,-71.42222,308.5,0.48,0.48,2026-01-26,0508,N,VIIRS,n,2.0NRT,273.93,2.41,N
-42.35213,-71.37282,311.16,0.48,0.48,2026-01-26,0508,N,VIIRS,n,2.0NRT,277.05,3.38,N
-42.35352,-71.36707,297.63,0.48,0.48,2026-01-26,0508,N,VIIRS,n,2.0NRT,271.04,2.35,N
-42.35489,-71.36133,311.9,0.48,0.48,2026-01-26,0508,N,VIIRS,n,2.0NRT,275.04,2.35,N
-42.34002,-71.44286,303.38,0.48,0.48,2026-01-26,0508,N,VIIRS,n,2.0NRT,274.22,2.21,N
-42.34112,-71.43834,303.7,0.48,0.48,2026-01-26,0508,N,VIIRS,n,2.0NRT,279.29,2.21,N
-42.3338,-71.48866,340.03,0.49,0.48,2026-01-26,0508,N,VIIRS,n,2.0NRT,285.65,3.68,N
-42.33043,-71.50255,310.4,0.49,0.48,2026-01-26,0508,N,VIIRS,n,2.0NRT,278.14,2.58,N
-42.3327,-71.49319,297.95,0.49,0.48,2026-01-26,0508,N,VIIRS,n,2.0NRT,277.08,3.68,N
-42.33525,-71.48265,302.28,0.49,0.48,2026-01-26,0508,N,VIIRS,n,2.0NRT,281.11,5.22,N
-42.33501,-71.50349,306.26,0.49,0.48,2026-01-26,0508,N,VIIRS,n,2.0NRT,277.06,2.58,N
-42.33825,-71.49015,302.99,0.49,0.48,2026-01-26,0508,N,VIIRS,n,2.0NRT,281.57,3.68,N
-42.35225,-71.47204,303.6,0.48,0.48,2026-01-26,0508,N,VIIRS,n,2.0NRT,275.2,2.17,N
-42.35365,-71.46624,304.72,0.48,0.48,2026-01-26,0508,N,VIIRS,n,2.0NRT,277.33,2.95,N
-42.3563,-71.47525,311.65,0.48,0.48,2026-01-26,0508,N,VIIRS,n,2.0NRT,272.04,2.7,N
-42.35773,-71.46928,309.71,0.48,0.48,2026-01-26,0508,N,VIIRS,n,2.0NRT,278.88,2.41,N
-42.35605,-71.49623,323.75,0.49,0.48,2026-01-26,0508,N,VIIRS,n,2.0NRT,276.78,3.71,N
-42.35485,-71.50119,316.41,0.49,0.48,2026-01-26,0508,N,VIIRS,n,2.0NRT,272.67,3.71,N
-42.35714,-71.49172,316.33,0.49,0.48,2026-01-26,0508,N,VIIRS,n,2.0NRT,280.32,2.22,N
-42.3582,-71.48734,305.67,0.49,0.48,2026-01-26,0508,N,VIIRS,n,2.0NRT,272.28,2.22,N
-42.36054,-71.47765,316.27,0.48,0.48,2026-01-26,0508,N,VIIRS,n,2.0NRT,273.29,2.7,N
-42.36192,-71.47191,316.75,0.48,0.48,2026-01-26,0508,N,VIIRS,n,2.0NRT,278.13,2.41,N
-42.36329,-71.46616,310.93,0.48,0.48,2026-01-26,0508,N,VIIRS,n,2.0NRT,279.9,2.41,N
-42.36467,-71.46042,309.52,0.48,0.48,2026-01-26,0508,N,VIIRS,n,2.0NRT,277.6,4.05,N
-42.35914,-71.50339,329.11,0.49,0.48,2026-01-26,0508,N,VIIRS,n,2.0NRT,270.86,6.6,N
-42.36028,-71.49866,337.01,0.49,0.48,2026-01-26,0508,N,VIIRS,n,2.0NRT,275.33,6.6,N
-42.36138,-71.49415,354.49,0.49,0.48,2026-01-26,0508,N,VIIRS,n,2.0NRT,283.2,7.95,N
-42.36246,-71.48968,324.72,0.49,0.48,2026-01-26,0508,N,VIIRS,n,2.0NRT,272.49,7.95,N
-42.36485,-71.47972,325.7,0.48,0.48,2026-01-26,0508,N,VIIRS,n,2.0NRT,271.47,3.37,N
-42.3662,-71.47411,327.59,0.48,0.48,2026-01-26,0508,N,VIIRS,n,2.0NRT,275.04,4.85,N
-42.3676,-71.46828,327.34,0.48,0.48,2026-01-26,0508,N,VIIRS,n,2.0NRT,276.61,4.85,N
-42.36899,-71.46245,322.5,0.48,0.48,2026-01-26,0508,N,VIIRS,n,2.0NRT,278.55,5.25,N
-42.35805,-71.50793,310.28,0.49,0.48,2026-01-26,0508,N,VIIRS,n,2.0NRT,270.92,1.81,N
-42.36341,-71.50568,334.72,0.49,0.48,2026-01-26,0508,N,VIIRS,n,2.0NRT,271.93,6.6,N
-42.36448,-71.50124,345.05,0.49,0.48,2026-01-26,0508,N,VIIRS,n,2.0NRT,275.44,6.6,N
-42.36559,-71.49667,353.25,0.49,0.48,2026-01-26,0508,N,VIIRS,n,2.0NRT,277.28,7.95,N
-42.36671,-71.49203,324.38,0.49,0.48,2026-01-26,0508,N,VIIRS,n,2.0NRT,270.68,7.95,N
-42.36916,-71.48182,321.15,0.48,0.48,2026-01-26,0508,N,VIIRS,n,2.0NRT,270.91,3.37,N
-42.37053,-71.47613,338.4,0.48,0.48,2026-01-26,0508,N,VIIRS,n,2.0NRT,274.56,4.85,N
-42.37191,-71.47033,335.04,0.48,0.48,2026-01-26,0508,N,VIIRS,n,2.0NRT,272.72,4.85,N
-42.3733,-71.46454,339.09,0.48,0.48,2026-01-26,0508,N,VIIRS,n,2.0NRT,276.15,5.25,N
-42.37468,-71.45876,335.24,0.48,0.48,2026-01-26,0508,N,VIIRS,n,2.0NRT,275.27,5.25,N
-42.36008,-71.5195,301.5,0.49,0.48,2026-01-26,0508,N,VIIRS,n,2.0NRT,268.06,1.81,N
-42.36132,-71.51433,308.3,0.49,0.48,2026-01-26,0508,N,VIIRS,n,2.0NRT,270.04,1.81,N
-42.36239,-71.5099,305.12,0.49,0.48,2026-01-26,0508,N,VIIRS,n,2.0NRT,268.47,1.81,N
-42.36788,-71.48714,307.55,0.49,0.48,2026-01-26,0508,N,VIIRS,n,2.0NRT,269.58,3.37,N
-42.37605,-71.45303,317.48,0.48,0.48,2026-01-26,0508,N,VIIRS,n,2.0NRT,271.3,4.91,N
-42.35731,-71.47669,310.97,0.48,0.48,2026-01-26,0508,N,VIIRS,n,2.0NRT,271.98,3.73,N
-42.35876,-71.4708,312.12,0.48,0.48,2026-01-26,0508,N,VIIRS,n,2.0NRT,277.34,3.73,N
-42.35704,-71.49741,329.54,0.49,0.48,2026-01-26,0508,N,VIIRS,n,2.0NRT,275.11,8.11,N
-42.35815,-71.4929,331.85,0.49,0.48,2026-01-26,0508,N,VIIRS,n,2.0NRT,279.66,8.11,N
-42.36297,-71.47328,322.03,0.48,0.48,2026-01-26,0508,N,VIIRS,n,2.0NRT,275.74,3.62,N
-42.35582,-71.50236,315.56,0.49,0.48,2026-01-26,0508,N,VIIRS,n,2.0NRT,271.98,3.12,N
-42.35923,-71.48849,319.33,0.49,0.48,2026-01-26,0508,N,VIIRS,n,2.0NRT,274.67,4.61,N
-42.36158,-71.47892,311.04,0.48,0.48,2026-01-26,0508,N,VIIRS,n,2.0NRT,271.39,3.62,N
-42.36438,-71.46752,317.86,0.48,0.48,2026-01-26,0508,N,VIIRS,n,2.0NRT,278.14,3.67,N
-42.36581,-71.46173,313.01,0.48,0.48,2026-01-26,0508,N,VIIRS,n,2.0NRT,280.14,3.67,N
-42.36014,-71.50444,325.38,0.49,0.48,2026-01-26,0508,N,VIIRS,n,2.0NRT,270.25,3.12,N
-42.36126,-71.49989,338.71,0.49,0.48,2026-01-26,0508,N,VIIRS,n,2.0NRT,274.57,8.11,N
-42.36237,-71.49533,353.58,0.49,0.48,2026-01-26,0508,N,VIIRS,n,2.0NRT,280.02,8.11,N
-42.36348,-71.49084,343.63,0.49,0.48,2026-01-26,0508,N,VIIRS,n,2.0NRT,276.11,4.61,N
-42.36591,-71.48094,326.39,0.48,0.48,2026-01-26,0508,N,VIIRS,n,2.0NRT,271.18,3.62,N
-42.36728,-71.47536,330.73,0.48,0.48,2026-01-26,0508,N,VIIRS,n,2.0NRT,273.85,3.62,N
-42.3687,-71.46957,330.56,0.48,0.48,2026-01-26,0508,N,VIIRS,n,2.0NRT,275.52,3.67,N
-42.37013,-71.46376,329.27,0.48,0.48,2026-01-26,0508,N,VIIRS,n,2.0NRT,276.57,3.67,N
-42.37156,-71.45795,320.5,0.48,0.48,2026-01-26,0508,N,VIIRS,n,2.0NRT,274.39,3.34,N
-42.35903,-71.50894,310.92,0.49,0.48,2026-01-26,0508,N,VIIRS,n,2.0NRT,270.25,3.12,N
-42.36464,-71.48613,304.26,0.48,0.48,2026-01-26,0508,N,VIIRS,n,2.0NRT,269.76,4.61,N
-42.37296,-71.45222,308.95,0.48,0.48,2026-01-26,0508,N,VIIRS,n,2.0NRT,271.92,3.34,N
-42.36437,-71.50687,327.8,0.49,0.48,2026-01-26,0508,N,VIIRS,n,2.0NRT,269.69,2.59,N
-42.36545,-71.50248,342.47,0.49,0.48,2026-01-26,0508,N,VIIRS,n,2.0NRT,274.41,6.48,N
-42.36656,-71.49792,350.7,0.49,0.48,2026-01-26,0508,N,VIIRS,n,2.0NRT,276.44,6.48,N
-42.36771,-71.49326,332.22,0.49,0.48,2026-01-26,0508,N,VIIRS,n,2.0NRT,270.82,2.19,N
-42.3716,-71.47738,330.28,0.48,0.48,2026-01-26,0508,N,VIIRS,n,2.0NRT,272.79,3.2,N
-42.37302,-71.4716,332.39,0.48,0.48,2026-01-26,0508,N,VIIRS,n,2.0NRT,271.68,9.54,N
-42.37443,-71.46585,336.06,0.48,0.48,2026-01-26,0508,N,VIIRS,n,2.0NRT,274.02,9.54,N
-42.37584,-71.46011,343.47,0.48,0.48,2026-01-26,0508,N,VIIRS,n,2.0NRT,276.94,5.33,N
-42.37725,-71.45437,324.51,0.48,0.48,2026-01-26,0508,N,VIIRS,n,2.0NRT,271.75,5.33,N
-42.36098,-71.52065,296.03,0.49,0.48,2026-01-26,0508,N,VIIRS,n,2.0NRT,267.59,1.59,N
-42.36226,-71.51546,310.13,0.49,0.48,2026-01-26,0508,N,VIIRS,n,2.0NRT,269.49,1.59,N
-42.36333,-71.51107,299.24,0.49,0.48,2026-01-26,0508,N,VIIRS,n,2.0NRT,267.86,2.59,N
-42.36891,-71.48836,298.8,0.48,0.48,2026-01-26,0508,N,VIIRS,n,2.0NRT,269.22,2.19,N
-42.37021,-71.48306,302.97,0.48,0.48,2026-01-26,0508,N,VIIRS,n,2.0NRT,269.69,3.2,N
-42.38543,-71.42098,307.33,0.48,0.48,2026-01-26,0508,N,VIIRS,n,2.0NRT,278.85,2.03,N
-42.36957,-71.50533,331.9,0.49,0.48,2026-01-26,0508,N,VIIRS,n,2.0NRT,270.63,6.48,N
-42.37072,-71.50065,323.92,0.49,0.48,2026-01-26,0508,N,VIIRS,n,2.0NRT,270.57,6.48,N
-42.37736,-71.47356,323.99,0.48,0.48,2026-01-26,0508,N,VIIRS,n,2.0NRT,270.63,9.54,N
-42.37875,-71.4679,367,0.48,0.48,2026-01-26,0508,N,VIIRS,h,2.0NRT,281.44,9.54,N
-42.38014,-71.46221,337.84,0.48,0.48,2026-01-26,0508,N,VIIRS,n,2.0NRT,273.21,5.33,N
-42.38155,-71.45645,323.55,0.48,0.48,2026-01-26,0508,N,VIIRS,n,2.0NRT,273.94,5.33,N
-42.36847,-71.50983,306.85,0.49,0.48,2026-01-26,0508,N,VIIRS,n,2.0NRT,267.66,2.59,N
-42.37191,-71.49577,298.52,0.49,0.48,2026-01-26,0508,N,VIIRS,n,2.0NRT,268.94,2.19,N
-42.38977,-71.42286,306.13,0.48,0.48,2026-01-26,0508,N,VIIRS,n,2.0NRT,277.72,2.03,N
-42.39114,-71.41724,302.07,0.48,0.48,2026-01-26,0508,N,VIIRS,n,2.0NRT,277.84,3.62,N
-42.38306,-71.46994,345.44,0.48,0.48,2026-01-26,0508,N,VIIRS,n,2.0NRT,272.69,6.26,N
-42.38446,-71.46423,333.7,0.48,0.48,2026-01-26,0508,N,VIIRS,n,2.0NRT,271.93,6.99,N
-42.38587,-71.45847,342.75,0.48,0.48,2026-01-26,0508,N,VIIRS,n,2.0NRT,277.37,6.99,N
-42.37146,-71.51729,298.33,0.49,0.48,2026-01-26,0508,N,VIIRS,n,2.0NRT,267.52,1.61,N
-42.37258,-71.51274,311.56,0.49,0.48,2026-01-26,0508,N,VIIRS,n,2.0NRT,269.52,1.61,N
-42.37373,-71.50803,315.49,0.49,0.48,2026-01-26,0508,N,VIIRS,n,2.0NRT,269.39,1.81,N
-42.38169,-71.47556,315.87,0.48,0.48,2026-01-26,0508,N,VIIRS,n,2.0NRT,270.7,6.26,N
-42.3955,-71.41906,297.33,0.48,0.48,2026-01-26,0508,N,VIIRS,n,2.0NRT,277.43,2.66,N
-42.38737,-71.47202,344.18,0.48,0.48,2026-01-26,0508,N,VIIRS,n,2.0NRT,272.42,6.26,N
-42.38877,-71.46629,338.75,0.48,0.48,2026-01-26,0508,N,VIIRS,n,2.0NRT,271.68,6.99,N
-42.37676,-71.51537,305.13,0.49,0.48,2026-01-26,0508,N,VIIRS,n,2.0NRT,269.68,1.61,N
-42.37794,-71.51058,302.09,0.49,0.48,2026-01-26,0508,N,VIIRS,n,2.0NRT,269.3,1.81,N
-42.38598,-71.47768,318.37,0.48,0.48,2026-01-26,0508,N,VIIRS,n,2.0NRT,270.87,6.26,N
-42.39168,-71.47408,327.55,0.48,0.48,2026-01-26,0508,N,VIIRS,n,2.0NRT,271.06,2.55,N
-42.39307,-71.4684,321.71,0.48,0.48,2026-01-26,0508,N,VIIRS,n,2.0NRT,270.54,1.92,N
-42.38097,-71.51788,301.61,0.49,0.48,2026-01-26,0508,N,VIIRS,n,2.0NRT,272.91,3.41,N
-42.3903,-71.47975,318.96,0.48,0.48,2026-01-26,0508,N,VIIRS,n,2.0NRT,270.02,2.55,N
-42.39322,-71.48751,296.17,0.48,0.48,2026-01-26,0508,N,VIIRS,n,2.0NRT,268.92,1.47,N
-42.39462,-71.48177,308.29,0.48,0.48,2026-01-26,0508,N,VIIRS,n,2.0NRT,269.35,2.55,N
-42.396,-71.4761,307.2,0.48,0.48,2026-01-26,0508,N,VIIRS,n,2.0NRT,270.15,2.55,N
-42.39738,-71.47046,300.1,0.48,0.48,2026-01-26,0508,N,VIIRS,n,2.0NRT,270.34,1.92,N
-42.54087,-71.51754,300,0.48,0.48,2026-01-26,0508,N,VIIRS,n,2.0NRT,275.97,2.9,N
-42.59155,-71.51305,324.81,0.48,0.48,2026-01-26,0508,N,VIIRS,n,2.0NRT,268.9,4.36,N
-42.59232,-71.52953,329.02,0.48,0.48,2026-01-26,0508,N,VIIRS,n,2.0NRT,270.45,2.56,N
-37.42597,-69.17178,305.47,0.71,0.75,2026-01-26,0648,N,VIIRS,n,2.0NRT,286.43,2.22,N
-37.52965,-69.0966,295.67,0.72,0.76,2026-01-26,0648,N,VIIRS,n,2.0NRT,284.97,1.78,N
-37.52973,-69.08752,297.68,0.72,0.76,2026-01-26,0648,N,VIIRS,n,2.0NRT,284.98,1.28,N
-37.71064,-69.13272,332.51,0.72,0.76,2026-01-26,0648,N,VIIRS,n,2.0NRT,285.04,5.67,N
-37.71054,-69.14101,317.26,0.72,0.75,2026-01-26,0648,N,VIIRS,n,2.0NRT,284.96,6.67,N
-37.71784,-69.13281,305.21,0.72,0.76,2026-01-26,0648,N,VIIRS,n,2.0NRT,284.15,1.77,N
-38.36971,-70.8118,310.56,0.59,0.7,2026-01-26,0648,N,VIIRS,n,2.0NRT,283.4,10.31,N
-38.36998,-70.80209,314.02,0.59,0.7,2026-01-26,0648,N,VIIRS,n,2.0NRT,283.41,6.28,N
-38.37642,-70.81044,367,0.59,0.7,2026-01-26,0648,N,VIIRS,h,2.0NRT,285.39,10.31,N
-38.37666,-70.80202,324.72,0.59,0.7,2026-01-26,0648,N,VIIRS,n,2.0NRT,282.74,6.28,N
-38.37309,-70.80861,367,0.59,0.7,2026-01-26,0648,N,VIIRS,h,2.0NRT,289.79,9.53,N
-38.37329,-70.79979,315.2,0.59,0.7,2026-01-26,0648,N,VIIRS,n,2.0NRT,283.73,9.53,N
-38.37978,-70.80799,314.65,0.59,0.7,2026-01-26,0648,N,VIIRS,n,2.0NRT,281.67,3.38,N
-38.74387,-68.83713,315.7,0.75,0.77,2026-01-26,0648,N,VIIRS,n,2.0NRT,284.65,2.37,N
-42.3342,-71.41293,321.99,0.58,0.69,2026-01-26,0648,N,VIIRS,n,2.0NRT,274.99,11.14,N
-42.33438,-71.4018,344.62,0.58,0.69,2026-01-26,0648,N,VIIRS,n,2.0NRT,280.6,11.14,N
-42.3409,-71.40815,333.04,0.58,0.69,2026-01-26,0648,N,VIIRS,n,2.0NRT,282.99,11.14,N
-42.34103,-71.39986,367,0.58,0.69,2026-01-26,0648,N,VIIRS,h,2.0NRT,287.66,11.14,N
-42.34053,-71.43056,297.38,0.57,0.69,2026-01-26,0648,N,VIIRS,n,2.0NRT,278.87,3.66,N
-42.34075,-71.41712,305.34,0.58,0.69,2026-01-26,0648,N,VIIRS,n,2.0NRT,280.55,3.66,N
-42.34116,-71.39192,300.49,0.58,0.69,2026-01-26,0648,N,VIIRS,n,2.0NRT,282.93,8.02,N
-42.35467,-71.37614,302.29,0.58,0.7,2026-01-26,0648,N,VIIRS,n,2.0NRT,281.49,2.61,N
-42.35479,-71.36892,304.25,0.58,0.7,2026-01-26,0648,N,VIIRS,n,2.0NRT,276.39,2.61,N
-42.35492,-71.36153,297.02,0.58,0.7,2026-01-26,0648,N,VIIRS,n,2.0NRT,276.5,2.69,N
-42.36142,-71.36881,301.68,0.58,0.7,2026-01-26,0648,N,VIIRS,n,2.0NRT,276.77,2.11,N
-42.33736,-71.41165,348.83,0.58,0.69,2026-01-26,0648,N,VIIRS,n,2.0NRT,281.88,13.41,N
-42.33746,-71.40202,355.28,0.58,0.69,2026-01-26,0648,N,VIIRS,n,2.0NRT,289.98,14.46,N
-42.33725,-71.42161,301.25,0.58,0.69,2026-01-26,0648,N,VIIRS,n,2.0NRT,277.39,13.41,N
-42.33755,-71.39355,299.96,0.58,0.7,2026-01-26,0648,N,VIIRS,n,2.0NRT,282.58,14.46,N
-42.34409,-71.40093,299.08,0.58,0.69,2026-01-26,0648,N,VIIRS,n,2.0NRT,282.26,2.92,N
-42.35762,-71.37733,305.62,0.58,0.7,2026-01-26,0648,N,VIIRS,n,2.0NRT,280.87,4.46,N
-42.3577,-71.37019,312.73,0.58,0.7,2026-01-26,0648,N,VIIRS,n,2.0NRT,277.37,2.16,N
-42.35778,-71.36289,299.96,0.58,0.7,2026-01-26,0648,N,VIIRS,n,2.0NRT,274.24,2.16,N
-39.12548,-66.67934,367,0.54,0.68,2026-01-26,1726,N,VIIRS,h,2.0NRT,316.83,42.03,D
-39.12564,-66.68595,367,0.54,0.68,2026-01-26,1726,N,VIIRS,l,2.0NRT,325.79,62.86,D
-39.1192,-66.6862,367,0.54,0.68,2026-01-26,1726,N,VIIRS,h,2.0NRT,308.33,23.18,D
-39.12579,-66.68111,367,0.54,0.68,2026-01-26,1726,N,VIIRS,h,2.0NRT,317.03,64.73,D
-39.11935,-66.68134,367,0.54,0.68,2026-01-26,1726,N,VIIRS,h,2.0NRT,309.33,23.14,D
-39.11954,-66.68794,350.59,0.54,0.68,2026-01-26,1726,N,VIIRS,n,2.0NRT,309.96,23.14,D
-38.74681,-68.84119,342.24,0.7,0.75,2026-01-26,1726,N,VIIRS,n,2.0NRT,311.46,4.05,D
-38.2869,-68.85269,367,0.7,0.75,2026-01-26,1726,N,VIIRS,h,2.0NRT,309.38,9.58,D
-38.22654,-68.52769,367,0.67,0.74,2026-01-26,1726,N,VIIRS,h,2.0NRT,313.41,11.14,D
-38.22076,-68.63856,367,0.68,0.74,2026-01-26,1726,N,VIIRS,h,2.0NRT,314.58,17.32,D
-38.22837,-68.52845,357.25,0.67,0.74,2026-01-26,1726,N,VIIRS,n,2.0NRT,313.07,10.36,D
-38.21615,-68.63934,367,0.68,0.74,2026-01-26,1726,N,VIIRS,h,2.0NRT,314.39,16.56,D
-38.16584,-68.56512,340.68,0.67,0.74,2026-01-26,1726,N,VIIRS,l,2.0NRT,314.32,10.75,D
-38.0149,-68.59419,338.36,0.68,0.74,2026-01-26,1726,N,VIIRS,l,2.0NRT,311.78,6.12,D
-37.42535,-69.17373,330.22,0.72,0.76,2026-01-26,1726,N,VIIRS,l,2.0NRT,301.39,1.62,D
-37.15382,-69.65676,349.31,0.76,0.77,2026-01-26,1726,N,VIIRS,n,2.0NRT,305.03,12.51,D
-37.15391,-69.66547,341.15,0.76,0.77,2026-01-26,1726,N,VIIRS,n,2.0NRT,304.1,8.09,D
-34.96133,-57.74495,353.77,0.5,0.41,2026-01-26,1728,N,VIIRS,n,2.0NRT,314.45,21.51,D
-34.95751,-57.74559,344.5,0.5,0.41,2026-01-26,1728,N,VIIRS,n,2.0NRT,310.22,21.51,D
-34.95815,-57.7512,344.08,0.5,0.41,2026-01-26,1728,N,VIIRS,n,2.0NRT,305.76,21.51,D
-34.86008,-57.89523,335.56,0.51,0.41,2026-01-26,1728,N,VIIRS,n,2.0NRT,300.14,4.32,D
-34.85653,-58.2192,341.1,0.53,0.42,2026-01-26,1728,N,VIIRS,n,2.0NRT,301.15,6.19,D
-34.85687,-58.22082,338.63,0.53,0.42,2026-01-26,1728,N,VIIRS,n,2.0NRT,300.91,7.98,D
-34.86287,-58.59832,350.71,0.55,0.43,2026-01-26,1728,N,VIIRS,n,2.0NRT,313.97,36.25,D
-34.86354,-58.60446,341.5,0.55,0.43,2026-01-26,1728,N,VIIRS,n,2.0NRT,304.23,36.25,D
-34.8589,-58.59895,344.82,0.55,0.43,2026-01-26,1728,N,VIIRS,n,2.0NRT,309.47,34.44,D
-34.85957,-58.60509,355.01,0.55,0.43,2026-01-26,1728,N,VIIRS,n,2.0NRT,308.22,34.44,D
-34.86023,-58.61124,342.99,0.55,0.43,2026-01-26,1728,N,VIIRS,n,2.0NRT,301.71,6.87,D
-34.85559,-58.60572,351.6,0.55,0.43,2026-01-26,1728,N,VIIRS,n,2.0NRT,311.17,34.44,D
-34.85625,-58.61186,341.02,0.55,0.43,2026-01-26,1728,N,VIIRS,n,2.0NRT,303.94,6.87,D
-34.85161,-58.60634,351.13,0.55,0.43,2026-01-26,1728,N,VIIRS,n,2.0NRT,304.51,16.08,D
-34.07112,-58.70169,336.85,0.55,0.42,2026-01-26,1728,N,VIIRS,l,2.0NRT,307.07,7.39,D
-34.06319,-58.70293,342.75,0.55,0.42,2026-01-26,1728,N,VIIRS,n,2.0NRT,309.22,10.24,D
-33.99033,-58.75782,346.22,0.55,0.43,2026-01-26,1728,N,VIIRS,n,2.0NRT,306.52,9.13,D
-33.22946,-58.45545,338.94,0.52,0.42,2026-01-26,1728,N,VIIRS,n,2.0NRT,307.84,9.09,D
-33.30715,-59.66717,335.53,0.4,0.44,2026-01-26,1728,N,VIIRS,n,2.0NRT,301.46,4.26,D
-33.30302,-59.66777,340.6,0.4,0.44,2026-01-26,1728,N,VIIRS,n,2.0NRT,297.01,4.26,D
-32.67074,-59.04168,343.7,0.55,0.43,2026-01-26,1728,N,VIIRS,n,2.0NRT,309.76,15.36,D
-32.37201,-58.53818,335.58,0.51,0.41,2026-01-26,1728,N,VIIRS,n,2.0NRT,303.4,10.28,D
-32.39467,-59.02154,339.29,0.54,0.42,2026-01-26,1728,N,VIIRS,n,2.0NRT,305.51,15.66,D
-31.3066,-58.02987,335.61,0.48,0.4,2026-01-26,1728,N,VIIRS,n,2.0NRT,298.67,9.99,D
-31.30721,-58.03492,330.56,0.48,0.4,2026-01-26,1728,N,VIIRS,n,2.0NRT,298.82,7.89,D
-31.3029,-58.03049,334.38,0.48,0.4,2026-01-26,1728,N,VIIRS,n,2.0NRT,297.44,6.13,D
-31.3035,-58.03555,335.62,0.48,0.4,2026-01-26,1728,N,VIIRS,n,2.0NRT,299.6,7.32,D
-31.29135,-58.84632,348.19,0.52,0.41,2026-01-26,1728,N,VIIRS,n,2.0NRT,302.95,5.71,D
-31.29198,-58.85183,344.49,0.52,0.41,2026-01-26,1728,N,VIIRS,n,2.0NRT,303.08,6.27,D
-31.2875,-58.84694,332.74,0.52,0.41,2026-01-26,1728,N,VIIRS,n,2.0NRT,301.28,5.71,D
-31.29039,-58.84843,367,0.52,0.41,2026-01-26,1728,N,VIIRS,h,2.0NRT,303.91,16.98,D
-30.3869,-58.84647,332.01,0.51,0.41,2026-01-26,1728,N,VIIRS,l,2.0NRT,302.52,8.34,D
-30.17079,-58.57543,338.71,0.49,0.4,2026-01-26,1728,N,VIIRS,n,2.0NRT,305.43,5.76,D
-29.20735,-57.15687,337.44,0.42,0.38,2026-01-26,1728,N,VIIRS,l,2.0NRT,304.02,5.63,D
-29.20794,-57.16125,339.88,0.42,0.38,2026-01-26,1728,N,VIIRS,n,2.0NRT,304.49,5.63,D
-28.905,-56.54726,335.21,0.4,0.37,2026-01-26,1728,N,VIIRS,n,2.0NRT,306.05,4.35,D
-28.89531,-56.55329,342.31,0.4,0.37,2026-01-26,1728,N,VIIRS,n,2.0NRT,305.2,4.86,D
-28.42602,-56.67583,333.71,0.4,0.37,2026-01-26,1728,N,VIIRS,l,2.0NRT,303.43,2.04,D
-28.16117,-56.45196,331.18,0.4,0.37,2026-01-26,1728,N,VIIRS,l,2.0NRT,303.83,1.82,D
-28.04211,-56.51831,345.04,0.4,0.37,2026-01-26,1728,N,VIIRS,n,2.0NRT,305.11,6.37,D
-27.99223,-56.51052,341.38,0.4,0.37,2026-01-26,1728,N,VIIRS,n,2.0NRT,303.96,5.07,D
-27.98883,-56.51114,344.65,0.4,0.37,2026-01-26,1728,N,VIIRS,n,2.0NRT,306.01,8.54,D
-28.01324,-57.18787,333.85,0.41,0.37,2026-01-26,1728,N,VIIRS,n,2.0NRT,301.15,0.57,D
-28.52309,-65.1123,327.79,0.36,0.58,2026-01-26,1730,N,VIIRS,l,2.0NRT,298.89,4.51,D
-27.47334,-55.83127,336.5,0.39,0.36,2026-01-26,1730,N,VIIRS,n,2.0NRT,306.04,4.51,D
-27.5522,-56.71982,334.34,0.4,0.37,2026-01-26,1730,N,VIIRS,n,2.0NRT,302.13,4.16,D
-27.55278,-56.72391,333.72,0.4,0.37,2026-01-26,1730,N,VIIRS,n,2.0NRT,301.77,3.48,D
-27.54879,-56.72043,356.2,0.4,0.37,2026-01-26,1730,N,VIIRS,n,2.0NRT,303.92,9.11,D
-27.3588,-55.51335,335.77,0.38,0.36,2026-01-26,1730,N,VIIRS,l,2.0NRT,307.89,8,D
-27.35938,-55.51725,335.18,0.38,0.36,2026-01-26,1730,N,VIIRS,n,2.0NRT,305.01,4.12,D
-27.35605,-55.51789,334.64,0.38,0.36,2026-01-26,1730,N,VIIRS,l,2.0NRT,305.37,4.12,D
-28.02054,-61.40693,341.12,0.43,0.46,2026-01-26,1730,N,VIIRS,n,2.0NRT,299.84,6.2,D
-27.43591,-57.66623,355.07,0.42,0.38,2026-01-26,1730,N,VIIRS,n,2.0NRT,315.35,22.8,D
-27.55037,-58.86407,336.14,0.47,0.4,2026-01-26,1730,N,VIIRS,n,2.0NRT,303.3,14.89,D
-27.55097,-58.86891,342.86,0.47,0.4,2026-01-26,1730,N,VIIRS,n,2.0NRT,305.24,14.89,D
-26.7239,-54.87305,338.17,0.39,0.36,2026-01-26,1730,N,VIIRS,l,2.0NRT,311.43,6.26,D
-26.43349,-53.99296,334.23,0.4,0.37,2026-01-26,1730,N,VIIRS,n,2.0NRT,302.6,12.25,D
-26.4406,-54.03652,345.49,0.39,0.37,2026-01-26,1730,N,VIIRS,n,2.0NRT,302.43,5.34,D
-26.43013,-53.99365,336.16,0.4,0.37,2026-01-26,1730,N,VIIRS,n,2.0NRT,299.64,10.41,D
-26.39616,-54.00031,348.7,0.4,0.37,2026-01-26,1730,N,VIIRS,n,2.0NRT,315.73,29.14,D
-26.40049,-54.04852,342.25,0.39,0.37,2026-01-26,1730,N,VIIRS,n,2.0NRT,309.61,5.53,D
-27.01503,-58.71996,333.11,0.46,0.39,2026-01-26,1730,N,VIIRS,l,2.0NRT,306.37,4.32,D
-26.2758,-53.79809,332.31,0.4,0.37,2026-01-26,1730,N,VIIRS,n,2.0NRT,303.84,2.87,D
-26.19482,-54.63452,337.5,0.39,0.36,2026-01-26,1730,N,VIIRS,n,2.0NRT,303.44,5.18,D
-26.61305,-58.21728,335.79,0.44,0.38,2026-01-26,1730,N,VIIRS,l,2.0NRT,304.81,3.36,D
-26.6095,-58.21786,334.02,0.44,0.38,2026-01-26,1730,N,VIIRS,l,2.0NRT,305.65,3.36,D
-26.04091,-54.50776,336.17,0.39,0.36,2026-01-26,1730,N,VIIRS,n,2.0NRT,305.46,4.8,D
-26.53981,-58.28238,331.57,0.44,0.38,2026-01-26,1730,N,VIIRS,l,2.0NRT,303.8,3.73,D
-25.80336,-54.00989,340.03,0.4,0.37,2026-01-26,1730,N,VIIRS,n,2.0NRT,305.84,6.25,D
-26.39109,-58.73154,352.14,0.46,0.39,2026-01-26,1730,N,VIIRS,n,2.0NRT,317.71,59.45,D
-26.39168,-58.73614,335.27,0.46,0.39,2026-01-26,1730,N,VIIRS,l,2.0NRT,305.86,21.1,D
-26.38747,-58.73211,355.88,0.46,0.39,2026-01-26,1730,N,VIIRS,n,2.0NRT,309.46,9.88,D
-26.38385,-58.73269,343.11,0.46,0.39,2026-01-26,1730,N,VIIRS,n,2.0NRT,309.01,9.88,D
-26.30467,-58.50259,349.68,0.44,0.39,2026-01-26,1730,N,VIIRS,l,2.0NRT,311.42,32.4,D
-26.30109,-58.50316,350.4,0.44,0.39,2026-01-26,1730,N,VIIRS,n,2.0NRT,309.76,48.75,D
-26.24511,-58.6924,352.98,0.45,0.39,2026-01-26,1730,N,VIIRS,n,2.0NRT,311.63,21.44,D
-26.2415,-58.69298,354.43,0.45,0.39,2026-01-26,1730,N,VIIRS,n,2.0NRT,313.15,21.44,D
-26.24209,-58.69755,348.68,0.45,0.39,2026-01-26,1730,N,VIIRS,n,2.0NRT,310.1,21.44,D
-26.2379,-58.69357,342.76,0.45,0.39,2026-01-26,1730,N,VIIRS,n,2.0NRT,310.4,8.81,D
-26.14493,-58.22016,337.93,0.43,0.38,2026-01-26,1730,N,VIIRS,l,2.0NRT,305.57,9.61,D
-26.14728,-58.23761,339.74,0.43,0.38,2026-01-26,1730,N,VIIRS,l,2.0NRT,311.48,7.87,D
-26.07893,-58.23988,335.65,0.43,0.38,2026-01-26,1730,N,VIIRS,l,2.0NRT,307.39,10.67,D
-26.18755,-59.17142,351.63,0.47,0.4,2026-01-26,1730,N,VIIRS,l,2.0NRT,310.36,19.19,D
-26.02588,-57.94923,331.57,0.42,0.38,2026-01-26,1730,N,VIIRS,l,2.0NRT,305.14,7.67,D
-26.02238,-57.94981,354.71,0.42,0.38,2026-01-26,1730,N,VIIRS,n,2.0NRT,311.8,7.67,D
-26.02509,-57.94842,342.5,0.42,0.38,2026-01-26,1730,N,VIIRS,l,2.0NRT,306.44,7.41,D
-26.0216,-57.949,349.6,0.42,0.38,2026-01-26,1730,N,VIIRS,n,2.0NRT,311.32,7.41,D
-26.02277,-57.9575,334.42,0.42,0.38,2026-01-26,1730,N,VIIRS,l,2.0NRT,305.92,6.8,D
-26.18506,-59.16981,340.75,0.47,0.4,2026-01-26,1730,N,VIIRS,l,2.0NRT,306.42,17.05,D
-26.01752,-57.94532,339.63,0.42,0.38,2026-01-26,1730,N,VIIRS,n,2.0NRT,306.52,7.15,D
-26.01811,-57.94958,348.45,0.42,0.38,2026-01-26,1730,N,VIIRS,n,2.0NRT,308.75,7.15,D
-26.01869,-57.95383,346.96,0.42,0.38,2026-01-26,1730,N,VIIRS,n,2.0NRT,306.52,6.93,D
-26.00355,-57.97375,342.55,0.42,0.38,2026-01-26,1730,N,VIIRS,l,2.0NRT,306.73,5.57,D
-26.0053,-57.98652,341.33,0.42,0.38,2026-01-26,1730,N,VIIRS,l,2.0NRT,306.58,6.03,D
-26.0018,-57.9871,336.76,0.42,0.38,2026-01-26,1730,N,VIIRS,l,2.0NRT,308.13,8.1,D
-25.99539,-57.96639,338.07,0.42,0.38,2026-01-26,1730,N,VIIRS,l,2.0NRT,308.04,9.45,D
-25.99597,-57.97064,334,0.42,0.38,2026-01-26,1730,N,VIIRS,l,2.0NRT,307.48,9.45,D
-25.99772,-57.98342,342.63,0.42,0.38,2026-01-26,1730,N,VIIRS,l,2.0NRT,312.05,8.1,D
-25.9983,-57.98768,333.05,0.42,0.38,2026-01-26,1730,N,VIIRS,l,2.0NRT,307.66,8.1,D
-25.9919,-57.96697,344.49,0.42,0.38,2026-01-26,1730,N,VIIRS,n,2.0NRT,310.07,49.11,D
-25.99422,-57.984,341.12,0.42,0.38,2026-01-26,1730,N,VIIRS,l,2.0NRT,311.7,7.3,D
-25.98259,-57.95111,348.77,0.42,0.38,2026-01-26,1730,N,VIIRS,n,2.0NRT,311.81,16.9,D
-25.61876,-57.67923,350.84,0.41,0.37,2026-01-26,1730,N,VIIRS,n,2.0NRT,304.72,11.3,D
-25.61531,-57.67981,340.23,0.41,0.37,2026-01-26,1730,N,VIIRS,n,2.0NRT,302.17,3.99,D
-26.18477,-62.89708,330.63,0.5,0.49,2026-01-26,1730,N,VIIRS,n,2.0NRT,301.86,0.32,D
-25.62987,-58.97633,336.79,0.46,0.39,2026-01-26,1730,N,VIIRS,n,2.0NRT,302.73,4.52,D
-25.37814,-57.77764,334.01,0.41,0.37,2026-01-26,1730,N,VIIRS,l,2.0NRT,306.4,6.23,D
-25.44578,-58.38486,335.17,0.43,0.38,2026-01-26,1730,N,VIIRS,l,2.0NRT,306.32,6.1,D
-25.39844,-58.14099,344.74,0.42,0.38,2026-01-26,1730,N,VIIRS,n,2.0NRT,312.41,17.04,D
-25.39552,-58.1458,367,0.42,0.38,2026-01-26,1730,N,VIIRS,h,2.0NRT,314.88,26.42,D
-25.39494,-58.14156,346.46,0.42,0.38,2026-01-26,1730,N,VIIRS,n,2.0NRT,310.62,17.04,D
-25.39202,-58.14637,334.8,0.42,0.38,2026-01-26,1730,N,VIIRS,n,2.0NRT,307.06,6.32,D
-25.44966,-58.56977,334.79,0.44,0.38,2026-01-26,1730,N,VIIRS,n,2.0NRT,305.86,3.64,D
-25.31584,-58.27216,334.48,0.43,0.38,2026-01-26,1730,N,VIIRS,l,2.0NRT,306.76,5.56,D
-25.3161,-58.27126,338.51,0.43,0.38,2026-01-26,1730,N,VIIRS,n,2.0NRT,307.45,6.78,D
-25.31655,-58.62156,352.85,0.44,0.38,2026-01-26,1730,N,VIIRS,n,2.0NRT,306.16,9.78,D
-25.31299,-58.62213,342.27,0.44,0.38,2026-01-26,1730,N,VIIRS,n,2.0NRT,303.95,5.95,D
-25.12241,-58.56096,332.74,0.44,0.38,2026-01-26,1730,N,VIIRS,l,2.0NRT,306.74,3.51,D
-25.04206,-58.55611,332.42,0.44,0.38,2026-01-26,1730,N,VIIRS,l,2.0NRT,305.65,3.31,D
-25.20627,-63.17284,332.93,0.51,0.49,2026-01-26,1730,N,VIIRS,l,2.0NRT,307.89,10.34,D
-24.79302,-60.06416,337.16,0.5,0.41,2026-01-26,1730,N,VIIRS,l,2.0NRT,309.99,36.24,D
-24.79363,-60.06918,351.7,0.5,0.41,2026-01-26,1730,N,VIIRS,l,2.0NRT,316.1,36.24,D
-24.79486,-60.07927,351.16,0.5,0.41,2026-01-26,1730,N,VIIRS,l,2.0NRT,312.01,21.38,D
-24.79045,-60.0748,342.46,0.5,0.41,2026-01-26,1730,N,VIIRS,l,2.0NRT,311.8,21.38,D
-24.79106,-60.07984,353.68,0.5,0.41,2026-01-26,1730,N,VIIRS,n,2.0NRT,319.37,21.38,D
-24.79167,-60.08489,333.58,0.5,0.41,2026-01-26,1730,N,VIIRS,l,2.0NRT,307.83,10.22,D
-24.79417,-60.06651,350.19,0.5,0.41,2026-01-26,1730,N,VIIRS,l,2.0NRT,318.33,60.74,D
-24.79102,-60.07211,340.1,0.5,0.41,2026-01-26,1730,N,VIIRS,l,2.0NRT,309,31.53,D
-24.79166,-60.07714,347.89,0.5,0.41,2026-01-26,1730,N,VIIRS,l,2.0NRT,313.05,31.53,D
-24.7923,-60.08218,348.3,0.5,0.41,2026-01-26,1730,N,VIIRS,l,2.0NRT,316.43,41.86,D
-24.78786,-60.07771,350.74,0.5,0.41,2026-01-26,1730,N,VIIRS,n,2.0NRT,312.35,13.02,D
-24.7885,-60.08274,335.38,0.5,0.41,2026-01-26,1730,N,VIIRS,n,2.0NRT,307.62,5.59,D
-24.59739,-60.42296,338.72,0.52,0.42,2026-01-26,1730,N,VIIRS,l,2.0NRT,310,12.39,D
-24.59287,-60.41832,344.74,0.52,0.42,2026-01-26,1730,N,VIIRS,n,2.0NRT,312.9,10.61,D
-24.59352,-60.42352,342.05,0.52,0.42,2026-01-26,1730,N,VIIRS,n,2.0NRT,310.35,10.61,D
-24.5732,-60.7124,337.17,0.54,0.42,2026-01-26,1730,N,VIIRS,l,2.0NRT,308.65,7.83,D
-24.80665,-64.98769,337.34,0.33,0.55,2026-01-26,1730,N,VIIRS,n,2.0NRT,297.03,1.73,D
-24.30352,-60.61089,346.32,0.53,0.42,2026-01-26,1730,N,VIIRS,n,2.0NRT,309.38,6.79,D
-42.80427,-71.65227,332.18,0.45,0.39,2026-01-26,1906,N,VIIRS,n,2.0NRT,296.45,3.92,D
-42.79268,-71.67062,341.57,0.45,0.39,2026-01-26,1906,N,VIIRS,n,2.0NRT,298.45,4.45,D
-42.78913,-71.67189,347,0.45,0.39,2026-01-26,1906,N,VIIRS,n,2.0NRT,303.48,12.43,D
-42.7805,-71.76485,330.05,0.45,0.39,2026-01-26,1906,N,VIIRS,n,2.0NRT,286.15,2.31,D
-42.78229,-71.7942,342.12,0.45,0.39,2026-01-26,1906,N,VIIRS,n,2.0NRT,301.13,11.13,D
-42.77863,-71.79479,355.74,0.45,0.39,2026-01-26,1906,N,VIIRS,n,2.0NRT,315.86,17.8,D
-42.77501,-71.79554,335.19,0.45,0.39,2026-01-26,1906,N,VIIRS,n,2.0NRT,295.69,17.8,D
-42.68101,-71.40492,346.95,0.46,0.39,2026-01-26,1906,N,VIIRS,n,2.0NRT,292.92,11.16,D
-42.69144,-71.47837,367,0.46,0.39,2026-01-26,1906,N,VIIRS,h,2.0NRT,332.84,149.29,D
-42.69034,-71.47271,342.96,0.46,0.39,2026-01-26,1906,N,VIIRS,n,2.0NRT,305.41,42.51,D
-42.68567,-71.46834,337.3,0.46,0.39,2026-01-26,1906,N,VIIRS,n,2.0NRT,302.46,7.31,D
-42.68896,-71.48531,341.75,0.46,0.39,2026-01-26,1906,N,VIIRS,n,2.0NRT,296.13,10.06,D
-42.67248,-71.42014,331.7,0.46,0.39,2026-01-26,1906,N,VIIRS,n,2.0NRT,291.78,9.27,D
-42.68539,-71.48657,345.3,0.46,0.39,2026-01-26,1906,N,VIIRS,n,2.0NRT,300.92,10.06,D
-42.68654,-71.49253,341.82,0.46,0.39,2026-01-26,1906,N,VIIRS,n,2.0NRT,293.03,3.34,D
-42.67104,-71.43243,331.61,0.46,0.39,2026-01-26,1906,N,VIIRS,n,2.0NRT,290.81,3.97,D
-42.68265,-71.57076,345.4,0.46,0.39,2026-01-26,1906,N,VIIRS,n,2.0NRT,306.84,20.49,D
-42.66073,-71.4777,337.75,0.46,0.39,2026-01-26,1906,N,VIIRS,n,2.0NRT,289.88,7.92,D
-42.66513,-71.50024,349.61,0.46,0.39,2026-01-26,1906,N,VIIRS,n,2.0NRT,301.79,10.76,D
-42.66156,-71.50154,348.01,0.46,0.39,2026-01-26,1906,N,VIIRS,n,2.0NRT,294.92,8.36,D
-42.6129,-71.48369,367,0.46,0.39,2026-01-26,1906,N,VIIRS,h,2.0NRT,338.11,205.39,D
-42.61996,-71.54021,352.54,0.46,0.39,2026-01-26,1906,N,VIIRS,n,2.0NRT,296.62,12.6,D
-42.61531,-71.53587,351.25,0.46,0.39,2026-01-26,1906,N,VIIRS,n,2.0NRT,288.45,12.6,D
-42.61639,-71.54144,354.76,0.46,0.39,2026-01-26,1906,N,VIIRS,n,2.0NRT,293.5,12.6,D
-42.61749,-71.54716,351.84,0.46,0.39,2026-01-26,1906,N,VIIRS,n,2.0NRT,288.29,14.39,D
-42.61425,-71.53038,357.77,0.46,0.39,2026-01-26,1906,N,VIIRS,l,2.0NRT,289.98,24.96,D
-42.61398,-71.54874,356.9,0.46,0.39,2026-01-26,1906,N,VIIRS,l,2.0NRT,286.96,22.92,D
-42.6506,-71.75967,347.36,0.45,0.39,2026-01-26,1906,N,VIIRS,n,2.0NRT,304.4,17.97,D
-42.57805,-71.44207,367,0.46,0.39,2026-01-26,1906,N,VIIRS,h,2.0NRT,339.08,209.07,D
-42.59552,-71.59138,349.08,0.46,0.39,2026-01-26,1906,N,VIIRS,n,2.0NRT,298.75,12.26,D
-42.55992,-71.4474,367,0.46,0.39,2026-01-26,1906,N,VIIRS,h,2.0NRT,356.88,301.33,D
-42.5563,-71.44853,367,0.46,0.39,2026-01-26,1906,N,VIIRS,h,2.0NRT,352.52,173.81,D
-42.55269,-71.44968,353.35,0.46,0.39,2026-01-26,1906,N,VIIRS,n,2.0NRT,317.08,173.81,D
-42.54309,-71.51814,367,0.46,0.39,2026-01-26,1906,N,VIIRS,l,2.0NRT,329.63,68.71,D
-42.53949,-71.51929,350.25,0.46,0.39,2026-01-26,1906,N,VIIRS,n,2.0NRT,319.8,56.99,D
-42.54579,-71.64906,332.97,0.46,0.39,2026-01-26,1906,N,VIIRS,n,2.0NRT,294.25,6.5,D
-42.52998,-71.62248,340.38,0.46,0.39,2026-01-26,1906,N,VIIRS,n,2.0NRT,295.04,12.18,D
-42.38835,-71.45848,349.22,0.47,0.39,2026-01-26,1906,N,VIIRS,n,2.0NRT,310.79,72.16,D
-42.38911,-71.48225,347.46,0.46,0.39,2026-01-26,1906,N,VIIRS,n,2.0NRT,300.43,116.49,D
-42.38335,-71.47237,367,0.46,0.39,2026-01-26,1906,N,VIIRS,h,2.0NRT,361.28,117.45,D
-42.38445,-71.478,367,0.46,0.39,2026-01-26,1906,N,VIIRS,h,2.0NRT,350.53,116.49,D
-42.38553,-71.48358,367,0.46,0.39,2026-01-26,1906,N,VIIRS,h,2.0NRT,332.95,116.49,D
-42.38118,-71.46111,340.79,0.47,0.39,2026-01-26,1906,N,VIIRS,n,2.0NRT,294.8,6.07,D
-42.38227,-71.46674,354.77,0.46,0.39,2026-01-26,1906,N,VIIRS,n,2.0NRT,296.65,117.45,D
-42.38195,-71.48492,367,0.46,0.39,2026-01-26,1906,N,VIIRS,h,2.0NRT,329.31,101.37,D
-42.37978,-71.47374,352.55,0.46,0.39,2026-01-26,1906,N,VIIRS,l,2.0NRT,328.53,45.33,D
-42.38087,-71.47938,367,0.46,0.39,2026-01-26,1906,N,VIIRS,l,2.0NRT,334.33,101.37,D
-42.37837,-71.48625,367,0.46,0.39,2026-01-26,1906,N,VIIRS,h,2.0NRT,339.33,101.37,D
-42.35527,-71.36754,337.96,0.47,0.4,2026-01-26,1906,N,VIIRS,l,2.0NRT,308.16,6.36,D
-42.37729,-71.48067,354,0.46,0.39,2026-01-26,1906,N,VIIRS,n,2.0NRT,320.74,101.37,D
-42.37619,-71.47504,357.06,0.46,0.39,2026-01-26,1906,N,VIIRS,l,2.0NRT,302.72,45.33,D
-42.37591,-71.49332,367,0.46,0.39,2026-01-26,1906,N,VIIRS,h,2.0NRT,332.85,112.51,D
-42.3726,-71.4763,338.6,0.46,0.39,2026-01-26,1906,N,VIIRS,n,2.0NRT,297.11,7.67,D
-42.3737,-71.48193,348.5,0.46,0.39,2026-01-26,1906,N,VIIRS,n,2.0NRT,314.41,23.72,D
-42.37479,-71.48759,349.05,0.46,0.39,2026-01-26,1906,N,VIIRS,n,2.0NRT,302.02,23.72,D
-42.37235,-71.49479,367,0.46,0.39,2026-01-26,1906,N,VIIRS,h,2.0NRT,346.32,112.51,D
-42.37011,-71.48325,348.49,0.46,0.39,2026-01-26,1906,N,VIIRS,n,2.0NRT,309.49,23.72,D
-42.37123,-71.48898,350.3,0.46,0.39,2026-01-26,1906,N,VIIRS,n,2.0NRT,311.69,23.72,D
-42.36885,-71.49651,367,0.46,0.39,2026-01-26,1906,N,VIIRS,h,2.0NRT,333.17,142.79,D
-42.36656,-71.4847,337.79,0.46,0.39,2026-01-26,1906,N,VIIRS,n,2.0NRT,304.18,19.12,D
-42.36771,-71.49061,356.32,0.46,0.39,2026-01-26,1906,N,VIIRS,n,2.0NRT,298.93,19.12,D
-42.36422,-71.49239,339.2,0.46,0.39,2026-01-26,1906,N,VIIRS,n,2.0NRT,299.89,19.12,D
-42.33837,-71.37978,356.71,0.47,0.4,2026-01-26,1906,N,VIIRS,n,2.0NRT,305.07,52.3,D
-42.33949,-71.38545,347.28,0.47,0.4,2026-01-26,1906,N,VIIRS,n,2.0NRT,308.25,57.26,D
-42.34172,-71.39684,345.54,0.47,0.4,2026-01-26,1906,N,VIIRS,n,2.0NRT,301.83,5.33,D
-42.33589,-71.38681,367,0.47,0.4,2026-01-26,1906,N,VIIRS,h,2.0NRT,335.88,57.26,D
-42.33701,-71.39252,367,0.47,0.4,2026-01-26,1906,N,VIIRS,h,2.0NRT,313.07,57.26,D
-42.33478,-71.38114,348.57,0.47,0.4,2026-01-26,1906,N,VIIRS,n,2.0NRT,320.88,52.3,D
-42.33813,-71.39822,349.32,0.47,0.4,2026-01-26,1906,N,VIIRS,n,2.0NRT,305.65,5.33,D
-42.33925,-71.40396,344.64,0.47,0.4,2026-01-26,1906,N,VIIRS,n,2.0NRT,303.18,5.33,D
-42.34039,-71.40972,346.56,0.47,0.4,2026-01-26,1906,N,VIIRS,n,2.0NRT,298.57,9.83,D
-42.33008,-71.37684,336.9,0.47,0.4,2026-01-26,1906,N,VIIRS,n,2.0NRT,285.28,11.17,D
-42.33119,-71.38251,346.02,0.47,0.4,2026-01-26,1906,N,VIIRS,n,2.0NRT,291.56,11.17,D
-42.33688,-71.41148,351.62,0.47,0.4,2026-01-26,1906,N,VIIRS,n,2.0NRT,299.78,19.82,D
-42.33799,-71.41719,346.84,0.47,0.4,2026-01-26,1906,N,VIIRS,n,2.0NRT,294.84,19.82,D
-42.33232,-71.38824,367,0.47,0.4,2026-01-26,1906,N,VIIRS,l,2.0NRT,336.88,94.02,D
-42.33458,-71.39981,355.38,0.47,0.4,2026-01-26,1906,N,VIIRS,l,2.0NRT,331.73,183.31,D
-42.32875,-71.38976,349.86,0.47,0.4,2026-01-26,1906,N,VIIRS,n,2.0NRT,286.74,94.02,D
-42.33227,-71.40762,344.27,0.47,0.4,2026-01-26,1906,N,VIIRS,n,2.0NRT,305.73,183.31,D
-42.33569,-71.42509,346.97,0.47,0.4,2026-01-26,1906,N,VIIRS,n,2.0NRT,297.11,9.36,D
-42.35017,-71.49908,344.35,0.46,0.39,2026-01-26,1906,N,VIIRS,n,2.0NRT,300.33,7.29,D
-42.32991,-71.39562,367,0.47,0.4,2026-01-26,1906,N,VIIRS,l,2.0NRT,328.6,94.02,D
-42.33106,-71.40151,367,0.47,0.4,2026-01-26,1906,N,VIIRS,l,2.0NRT,379.13,183.31,D
-42.32644,-71.39758,350.69,0.47,0.4,2026-01-26,1906,N,VIIRS,n,2.0NRT,303.95,49.64,D
-42.32763,-71.40362,367,0.47,0.4,2026-01-26,1906,N,VIIRS,l,2.0NRT,329.92,382.9,D
-42.32304,-71.39987,337.11,0.47,0.4,2026-01-26,1906,N,VIIRS,n,2.0NRT,289.98,49.64,D
-42.33583,-71.4847,339.83,0.46,0.39,2026-01-26,1906,N,VIIRS,n,2.0NRT,308.56,7.13,D
-42.3202,-71.50287,344.78,0.46,0.39,2026-01-26,1906,N,VIIRS,n,2.0NRT,299.91,30.8,D
-42.32133,-71.50863,353.1,0.46,0.39,2026-01-26,1906,N,VIIRS,n,2.0NRT,318.16,30.8,D
-42.32253,-71.51473,350.91,0.46,0.39,2026-01-26,1906,N,VIIRS,l,2.0NRT,324.34,45.05,D
-38.78647,-62.28437,331.19,0.5,0.65,2026-01-26,1906,N,VIIRS,n,2.0NRT,295.6,3.91,D
-39.1243,-66.67907,349.27,0.59,0.53,2026-01-26,1906,N,VIIRS,n,2.0NRT,321.52,30.26,D
-39.12601,-66.68581,352.79,0.59,0.53,2026-01-26,1906,N,VIIRS,n,2.0NRT,324.83,37.32,D
-39.12125,-66.68774,367,0.59,0.53,2026-01-26,1906,N,VIIRS,h,2.0NRT,317.91,37.32,D
-39.11953,-66.681,342.25,0.59,0.53,2026-01-26,1906,N,VIIRS,n,2.0NRT,308.61,30.26,D
-39.1229,-66.67915,347.24,0.59,0.53,2026-01-26,1906,N,VIIRS,l,2.0NRT,318.13,53.6,D
-39.12458,-66.68592,367,0.59,0.53,2026-01-26,1906,N,VIIRS,l,2.0NRT,337.42,53.6,D
-38.014,-68.59234,347.22,0.5,0.49,2026-01-26,1908,N,VIIRS,n,2.0NRT,320.13,3.94,D
-37.42739,-69.17151,337.65,0.49,0.48,2026-01-26,1908,N,VIIRS,l,2.0NRT,308.34,2.93,D
-26.49886,-53.97674,305.22,0.39,0.36,2026-01-27,0444,N,VIIRS,n,2.0NRT,291.29,0.73,N
-25.65077,-59.21927,329.65,0.44,0.46,2026-01-27,0444,N,VIIRS,n,2.0NRT,293.67,2.21,N
-25.65503,-59.22036,309.72,0.44,0.46,2026-01-27,0444,N,VIIRS,n,2.0NRT,293.08,2.21,N
-25.6528,-59.21773,323.97,0.44,0.46,2026-01-27,0444,N,VIIRS,n,2.0NRT,293.56,3.17,N
-25.65188,-59.22216,318.97,0.44,0.46,2026-01-27,0444,N,VIIRS,n,2.0NRT,293.67,3.01,N
-26.7227,-54.45737,311.82,0.4,0.37,2026-01-27,0444,N,VIIRS,n,2.0NRT,293.03,1.13,N
-25.86792,-59.20114,303.51,0.44,0.46,2026-01-27,0444,N,VIIRS,n,2.0NRT,292.71,1.02,N
-25.8653,-59.20306,308.52,0.44,0.46,2026-01-27,0444,N,VIIRS,n,2.0NRT,293.12,0.89,N
-26.13647,-58.22535,327.1,0.38,0.43,2026-01-27,0444,N,VIIRS,n,2.0NRT,294.31,2.17,N
-26.13722,-58.22152,305.94,0.38,0.43,2026-01-27,0444,N,VIIRS,n,2.0NRT,293.39,1.2,N
-26.29468,-58.5072,331.61,0.39,0.44,2026-01-27,0444,N,VIIRS,n,2.0NRT,274.97,3.73,N
-26.29547,-58.50325,308.15,0.39,0.44,2026-01-27,0444,N,VIIRS,n,2.0NRT,274.65,1.11,N
-26.11599,-59.76474,315.44,0.47,0.48,2026-01-27,0444,N,VIIRS,n,2.0NRT,283.5,1.85,N
-29.25519,-58.30177,326.32,0.52,0.41,2026-01-27,0446,N,VIIRS,n,2.0NRT,290.61,3.22,N
-31.6308,-60.32849,301.85,0.4,0.44,2026-01-27,0446,N,VIIRS,n,2.0NRT,290.73,1.02,N
-32.39035,-59.02209,304.67,0.5,0.41,2026-01-27,0446,N,VIIRS,n,2.0NRT,292.04,2,N
-32.39408,-59.02311,330.78,0.5,0.41,2026-01-27,0446,N,VIIRS,n,2.0NRT,292.26,2,N
-33.02439,-60.67274,306.96,0.39,0.44,2026-01-27,0446,N,VIIRS,n,2.0NRT,290.42,0.67,N
-33.25595,-60.28506,326.88,0.55,0.43,2026-01-27,0446,N,VIIRS,n,2.0NRT,293.18,6.81,N
-33.25716,-60.27916,328.65,0.55,0.43,2026-01-27,0446,N,VIIRS,n,2.0NRT,292.8,3.76,N
-33.36581,-60.16344,323.29,0.54,0.42,2026-01-27,0446,N,VIIRS,n,2.0NRT,293.01,2.27,N
-33.3697,-60.16457,312.78,0.54,0.42,2026-01-27,0446,N,VIIRS,n,2.0NRT,292.6,2.27,N
-33.37089,-60.15872,307.73,0.54,0.42,2026-01-27,0446,N,VIIRS,n,2.0NRT,292.97,3.41,N
-33.37713,-60.1482,323.52,0.54,0.42,2026-01-27,0446,N,VIIRS,n,2.0NRT,292.11,3.61,N
-34.14936,-58.98987,325.08,0.47,0.4,2026-01-27,0446,N,VIIRS,n,2.0NRT,292.69,3.56,N
-34.15033,-58.98479,319.52,0.47,0.4,2026-01-27,0446,N,VIIRS,n,2.0NRT,293.21,3.13,N
-34.15495,-58.98071,309.38,0.47,0.4,2026-01-27,0446,N,VIIRS,n,2.0NRT,294.18,1.77,N
-34.75649,-58.69008,313.51,0.45,0.39,2026-01-27,0446,N,VIIRS,n,2.0NRT,290.38,1,N
-36.9839,-60.24618,306.18,0.48,0.4,2026-01-27,0448,N,VIIRS,n,2.0NRT,290.14,1.24,N
-36.99327,-60.27758,301.25,0.48,0.4,2026-01-27,0448,N,VIIRS,n,2.0NRT,289.95,1.03,N
-37.03685,-60.29834,302.81,0.48,0.4,2026-01-27,0448,N,VIIRS,n,2.0NRT,290.18,0.69,N
-38.68245,-62.417,303.03,0.55,0.43,2026-01-27,0448,N,VIIRS,n,2.0NRT,288.25,0.93,N
-38.7482,-68.91884,310.04,0.38,0.59,2026-01-27,0448,N,VIIRS,n,2.0NRT,286.55,0.78,N
-38.68634,-62.41835,300.43,0.55,0.43,2026-01-27,0448,N,VIIRS,n,2.0NRT,288.6,0.93,N
-38.78645,-62.28581,332.89,0.54,0.42,2026-01-27,0448,N,VIIRS,n,2.0NRT,295.09,6.16,N
-37.42451,-69.17369,310.53,0.43,0.62,2026-01-27,0448,N,VIIRS,n,2.0NRT,286.05,0.95,N
-37.43013,-69.17579,302.94,0.43,0.62,2026-01-27,0448,N,VIIRS,n,2.0NRT,285.91,0.95,N
-37.52708,-69.09538,314.61,0.42,0.61,2026-01-27,0448,N,VIIRS,n,2.0NRT,285.3,1.67,N
-37.52837,-69.09078,300.07,0.42,0.61,2026-01-27,0448,N,VIIRS,n,2.0NRT,285.37,1.1,N
-37.71375,-69.13603,329.33,0.42,0.61,2026-01-27,0448,N,VIIRS,n,2.0NRT,287.68,1.78,N
-37.71242,-69.14087,308.96,0.42,0.61,2026-01-27,0448,N,VIIRS,n,2.0NRT,286.61,1.78,N
-37.71445,-69.13696,335.05,0.42,0.61,2026-01-27,0448,N,VIIRS,n,2.0NRT,287.9,2.81,N
-37.7131,-69.14177,309.4,0.42,0.61,2026-01-27,0448,N,VIIRS,n,2.0NRT,286.93,3.14,N
-38.7461,-68.83963,334.87,0.38,0.59,2026-01-27,0448,N,VIIRS,n,2.0NRT,288.47,2.7,N
-38.74696,-68.92341,302.28,0.38,0.59,2026-01-27,0448,N,VIIRS,n,2.0NRT,288.78,1.06,N
-42.60729,-71.48585,297.26,0.4,0.6,2026-01-27,0450,N,VIIRS,n,2.0NRT,282.72,1.11,N
-42.54611,-71.65359,317.16,0.41,0.6,2026-01-27,0450,N,VIIRS,n,2.0NRT,282.65,1.37,N
-42.24707,-71.55361,325.97,0.41,0.61,2026-01-27,0450,N,VIIRS,n,2.0NRT,287.65,7.4,N
-42.24805,-71.55024,367,0.41,0.61,2026-01-27,0450,N,VIIRS,h,2.0NRT,291.7,7.4,N
-42.24906,-71.54682,346.02,0.41,0.61,2026-01-27,0450,N,VIIRS,n,2.0NRT,283.52,5.17,N
-42.25019,-71.54293,299.76,0.41,0.61,2026-01-27,0450,N,VIIRS,n,2.0NRT,267.89,5.17,N
-42.25287,-71.55497,298.29,0.41,0.61,2026-01-27,0450,N,VIIRS,n,2.0NRT,284.16,7.4,N
-42.32242,-71.40013,367,0.4,0.6,2026-01-27,0450,N,VIIRS,h,2.0NRT,292.45,6.8,N
-42.32083,-71.40562,307.31,0.4,0.6,2026-01-27,0450,N,VIIRS,n,2.0NRT,285.82,5.44,N
-42.32162,-71.40288,311.95,0.4,0.6,2026-01-27,0450,N,VIIRS,n,2.0NRT,285.67,5.44,N
-42.32324,-71.39732,301.95,0.4,0.6,2026-01-27,0450,N,VIIRS,n,2.0NRT,285.15,6.8,N
-42.32305,-71.41922,336.88,0.4,0.6,2026-01-27,0450,N,VIIRS,n,2.0NRT,286.88,2.07,N
-42.32174,-71.42376,297.87,0.4,0.6,2026-01-27,0450,N,VIIRS,n,2.0NRT,284.59,3.97,N
-42.32446,-71.41434,295.6,0.4,0.6,2026-01-27,0450,N,VIIRS,n,2.0NRT,283.52,2.07,N
-42.32552,-71.41066,298.52,0.4,0.6,2026-01-27,0450,N,VIIRS,n,2.0NRT,284.94,1.63,N
-42.32641,-71.40758,300.01,0.4,0.6,2026-01-27,0450,N,VIIRS,n,2.0NRT,285.75,1.63,N
-42.32721,-71.40482,297.05,0.4,0.6,2026-01-27,0450,N,VIIRS,n,2.0NRT,286.66,1.25,N
-42.3281,-71.40175,300.19,0.4,0.6,2026-01-27,0450,N,VIIRS,n,2.0NRT,288.31,1.25,N
-42.32906,-71.39844,303.72,0.4,0.6,2026-01-27,0450,N,VIIRS,n,2.0NRT,288.24,2.68,N
-42.33123,-71.39095,299.86,0.4,0.6,2026-01-27,0450,N,VIIRS,n,2.0NRT,285.78,1.36,N
-42.32771,-71.42439,302.9,0.4,0.6,2026-01-27,0450,N,VIIRS,n,2.0NRT,285.3,2.07,N
-42.33215,-71.409,300.63,0.4,0.6,2026-01-27,0450,N,VIIRS,n,2.0NRT,288.93,1.25,N
-42.33378,-71.42464,339.49,0.4,0.6,2026-01-27,0450,N,VIIRS,n,2.0NRT,289.22,5.62,N
-42.33477,-71.42123,303.52,0.4,0.6,2026-01-27,0450,N,VIIRS,n,2.0NRT,287.33,3.58,N
-42.33691,-71.41381,299.2,0.4,0.6,2026-01-27,0450,N,VIIRS,n,2.0NRT,287.86,1.26,N
-42.31615,-71.50722,308.83,0.41,0.6,2026-01-27,0450,N,VIIRS,n,2.0NRT,280.02,1.39,N
-42.32215,-71.48643,298.94,0.41,0.6,2026-01-27,0450,N,VIIRS,n,2.0NRT,283.35,1.5,N
-42.32119,-71.51112,303.22,0.41,0.6,2026-01-27,0450,N,VIIRS,n,2.0NRT,278.55,1.55,N
-42.3301,-71.50154,321.55,0.41,0.6,2026-01-27,0450,N,VIIRS,n,2.0NRT,282.89,1.29,N
-42.33117,-71.49786,296.89,0.41,0.6,2026-01-27,0450,N,VIIRS,n,2.0NRT,282.71,1.29,N
-42.32548,-71.42123,337.98,0.4,0.6,2026-01-27,0450,N,VIIRS,n,2.0NRT,286.65,2.23,N
-42.32682,-71.41669,296.5,0.4,0.6,2026-01-27,0450,N,VIIRS,n,2.0NRT,283.04,2.23,N
-42.32808,-71.41238,297.5,0.4,0.6,2026-01-27,0450,N,VIIRS,n,2.0NRT,283.82,1.59,N
-42.32898,-71.40933,297.49,0.4,0.6,2026-01-27,0450,N,VIIRS,n,2.0NRT,285.25,1.59,N
-42.32985,-71.40638,297.04,0.4,0.6,2026-01-27,0450,N,VIIRS,n,2.0NRT,286.99,1.62,N
-42.33141,-71.42197,313.31,0.4,0.6,2026-01-27,0450,N,VIIRS,n,2.0NRT,286.39,2.23,N
-42.33473,-71.41068,301.36,0.4,0.6,2026-01-27,0450,N,VIIRS,n,2.0NRT,288.78,1.62,N
-42.33651,-71.42557,330.8,0.4,0.6,2026-01-27,0450,N,VIIRS,n,2.0NRT,287.13,3.44,N
-42.33744,-71.4224,303.7,0.4,0.6,2026-01-27,0450,N,VIIRS,n,2.0NRT,286.95,1.26,N
-42.33845,-71.41898,299.75,0.4,0.6,2026-01-27,0450,N,VIIRS,n,2.0NRT,287.81,1.26,N
-42.31836,-71.50829,314.11,0.41,0.6,2026-01-27,0450,N,VIIRS,n,2.0NRT,279.8,2.07,N
-42.33282,-71.50114,327.72,0.41,0.6,2026-01-27,0450,N,VIIRS,n,2.0NRT,283.13,1.92,N
-42.33383,-71.49767,303.75,0.41,0.6,2026-01-27,0450,N,VIIRS,n,2.0NRT,282.88,1.92,N
-42.34689,-71.49525,295.09,0.4,0.6,2026-01-27,0450,N,VIIRS,n,2.0NRT,282.7,0.8,N
-42.35133,-71.50114,314.69,0.4,0.6,2026-01-27,0450,N,VIIRS,n,2.0NRT,280.88,1.15,N
-42.3578,-71.50008,306.47,0.4,0.6,2026-01-27,0450,N,VIIRS,n,2.0NRT,281.06,1.15,N
-42.36487,-71.49703,306.98,0.4,0.6,2026-01-27,0450,N,VIIRS,n,2.0NRT,285.19,1.39,N
-42.36983,-71.50116,300.24,0.4,0.6,2026-01-27,0450,N,VIIRS,n,2.0NRT,284.4,1.39,N
-42.37085,-71.49767,296.1,0.4,0.6,2026-01-27,0450,N,VIIRS,n,2.0NRT,284.29,1.48,N
-42.37582,-71.48058,300.38,0.4,0.6,2026-01-27,0450,N,VIIRS,n,2.0NRT,286.86,0.93,N
-42.3772,-71.47585,300.15,0.4,0.6,2026-01-27,0450,N,VIIRS,n,2.0NRT,289.19,0.93,N
-42.37602,-71.50108,367,0.4,0.6,2026-01-27,0450,N,VIIRS,h,2.0NRT,292.28,8.25,N
-42.3772,-71.49702,314.66,0.4,0.6,2026-01-27,0450,N,VIIRS,n,2.0NRT,292.23,8.25,N
-42.37843,-71.49281,307.38,0.4,0.6,2026-01-27,0450,N,VIIRS,n,2.0NRT,288.18,7.23,N
-42.37972,-71.48836,307.18,0.4,0.6,2026-01-27,0450,N,VIIRS,n,2.0NRT,287.82,7.23,N
-42.3811,-71.48364,306.79,0.4,0.6,2026-01-27,0450,N,VIIRS,n,2.0NRT,288.98,2.55,N
-42.38248,-71.47889,305.49,0.4,0.6,2026-01-27,0450,N,VIIRS,n,2.0NRT,289.96,2.55,N
-42.38382,-71.47429,309.89,0.4,0.6,2026-01-27,0450,N,VIIRS,n,2.0NRT,288.98,3.67,N
-42.38515,-71.4697,302.98,0.4,0.6,2026-01-27,0450,N,VIIRS,n,2.0NRT,286.44,3.67,N
-42.38652,-71.465,311.89,0.4,0.6,2026-01-27,0450,N,VIIRS,n,2.0NRT,290.22,4.29,N
-42.38118,-71.50452,367,0.4,0.6,2026-01-27,0450,N,VIIRS,h,2.0NRT,293.5,8.25,N
-42.38245,-71.50017,344.86,0.4,0.6,2026-01-27,0450,N,VIIRS,n,2.0NRT,293.48,8.25,N
-42.38373,-71.49577,367,0.4,0.6,2026-01-27,0450,N,VIIRS,h,2.0NRT,304.96,7.23,N
-42.38502,-71.49134,356.43,0.4,0.6,2026-01-27,0450,N,VIIRS,n,2.0NRT,300.21,7.23,N
-42.38632,-71.48685,329.1,0.4,0.6,2026-01-27,0450,N,VIIRS,n,2.0NRT,290.68,2.55,N
-42.39039,-71.47283,334.78,0.4,0.6,2026-01-27,0450,N,VIIRS,n,2.0NRT,297.53,3.67,N
-42.39174,-71.46819,356.66,0.4,0.6,2026-01-27,0450,N,VIIRS,n,2.0NRT,296.5,4.29,N
-42.38769,-71.48214,304.93,0.4,0.6,2026-01-27,0450,N,VIIRS,n,2.0NRT,289.24,2.55,N
-42.38905,-71.47746,318.84,0.4,0.6,2026-01-27,0450,N,VIIRS,n,2.0NRT,293.55,3.67,N
-42.39311,-71.46346,311.63,0.4,0.6,2026-01-27,0450,N,VIIRS,n,2.0NRT,290.49,4.29,N
-42.39445,-71.45883,297.42,0.4,0.6,2026-01-27,0450,N,VIIRS,n,2.0NRT,286.25,1.01,N
-42.39163,-71.48977,329.14,0.4,0.6,2026-01-27,0450,N,VIIRS,n,2.0NRT,285.08,3.04,N
-42.39433,-71.48045,323.65,0.4,0.6,2026-01-27,0450,N,VIIRS,n,2.0NRT,289.88,4.09,N
-42.39566,-71.47586,327.58,0.4,0.6,2026-01-27,0450,N,VIIRS,n,2.0NRT,289.14,4.09,N
-42.39698,-71.47131,328.57,0.4,0.6,2026-01-27,0450,N,VIIRS,n,2.0NRT,286.68,3.84,N
-42.39034,-71.4942,318.3,0.4,0.6,2026-01-27,0450,N,VIIRS,n,2.0NRT,282.43,4.29,N
-42.39294,-71.48524,313,0.4,0.6,2026-01-27,0450,N,VIIRS,n,2.0NRT,286.23,3.04,N
-42.55468,-71.44387,301.11,0.4,0.6,2026-01-27,0450,N,VIIRS,n,2.0NRT,285.72,1.7,N
-42.55862,-71.45143,309.26,0.4,0.6,2026-01-27,0450,N,VIIRS,n,2.0NRT,287.04,1.7,N
-42.56009,-71.44631,309.99,0.4,0.6,2026-01-27,0450,N,VIIRS,n,2.0NRT,291.38,1.7,N
-42.56163,-71.44092,309.02,0.4,0.6,2026-01-27,0450,N,VIIRS,n,2.0NRT,288.42,2.08,N
-42.5632,-71.43542,305.55,0.4,0.6,2026-01-27,0450,N,VIIRS,n,2.0NRT,286.16,2.08,N
-42.56478,-71.42992,305.13,0.4,0.6,2026-01-27,0450,N,VIIRS,n,2.0NRT,279.74,1,N
-42.56551,-71.4487,347.81,0.4,0.6,2026-01-27,0450,N,VIIRS,n,2.0NRT,285.28,16.57,N
-42.567,-71.44348,367,0.4,0.6,2026-01-27,0450,N,VIIRS,h,2.0NRT,296.04,11.76,N
-42.56859,-71.4379,356.82,0.4,0.6,2026-01-27,0450,N,VIIRS,n,2.0NRT,304.81,11.76,N
-42.57032,-71.43188,330.58,0.4,0.6,2026-01-27,0450,N,VIIRS,n,2.0NRT,288.22,4.08,N
-42.57347,-71.42085,342.35,0.4,0.6,2026-01-27,0450,N,VIIRS,n,2.0NRT,284.21,4.7,N
-42.57197,-71.42609,312.94,0.4,0.6,2026-01-27,0450,N,VIIRS,n,2.0NRT,282.88,4.08,N
-42.5741,-71.43996,338.1,0.4,0.6,2026-01-27,0450,N,VIIRS,n,2.0NRT,284.15,11.76,N
-42.5787,-71.42388,338.52,0.4,0.6,2026-01-27,0450,N,VIIRS,n,2.0NRT,280.96,4.7,N
-42.57248,-71.44567,309.66,0.4,0.6,2026-01-27,0450,N,VIIRS,n,2.0NRT,281.54,11.76,N
-42.57573,-71.43427,298.79,0.4,0.6,2026-01-27,0450,N,VIIRS,n,2.0NRT,282.89,4.08,N
-42.57727,-71.42889,297.18,0.4,0.6,2026-01-27,0450,N,VIIRS,n,2.0NRT,280.33,4.08,N
-42.55602,-71.45174,298.07,0.4,0.6,2026-01-27,0450,N,VIIRS,n,2.0NRT,285.21,2.08,N
-42.55752,-71.44661,313.4,0.4,0.6,2026-01-27,0450,N,VIIRS,n,2.0NRT,292.38,4.77,N
-42.55908,-71.44128,310.32,0.4,0.6,2026-01-27,0450,N,VIIRS,n,2.0NRT,289.55,4.77,N
-42.56067,-71.43586,300.73,0.4,0.6,2026-01-27,0450,N,VIIRS,n,2.0NRT,284.6,3.62,N
-42.56295,-71.44897,329.32,0.4,0.6,2026-01-27,0450,N,VIIRS,n,2.0NRT,285.51,4.77,N
-42.56447,-71.44377,355.34,0.4,0.6,2026-01-27,0450,N,VIIRS,n,2.0NRT,292.22,4.77,N
-42.56609,-71.43826,336.38,0.4,0.6,2026-01-27,0450,N,VIIRS,n,2.0NRT,294.81,3.62,N
-42.56778,-71.43246,329.48,0.4,0.6,2026-01-27,0450,N,VIIRS,n,2.0NRT,288.17,3.62,N
-42.56149,-71.45396,303.48,0.4,0.6,2026-01-27,0450,N,VIIRS,n,2.0NRT,282.04,2.08,N
-42.5695,-71.42661,299.54,0.4,0.6,2026-01-27,0450,N,VIIRS,n,2.0NRT,282.98,2.18,N
-42.56989,-71.44618,341.37,0.4,0.6,2026-01-27,0450,N,VIIRS,n,2.0NRT,282.22,10.8,N
-42.5715,-71.44068,367,0.4,0.6,2026-01-27,0450,N,VIIRS,h,2.0NRT,298.05,7.23,N
-42.57637,-71.42403,367,0.4,0.6,2026-01-27,0450,N,VIIRS,h,2.0NRT,288.09,4.62,N
-42.5684,-71.45129,295.99,0.4,0.6,2026-01-27,0450,N,VIIRS,n,2.0NRT,278.87,10.8,N
-42.57323,-71.43476,313.72,0.4,0.6,2026-01-27,0450,N,VIIRS,n,2.0NRT,283.15,7.23,N
-42.57487,-71.42912,302.81,0.4,0.6,2026-01-27,0450,N,VIIRS,n,2.0NRT,281.74,4.62,N
-42.57785,-71.41895,304.91,0.4,0.6,2026-01-27,0450,N,VIIRS,n,2.0NRT,279.95,4.3,N
-42.58183,-71.42624,326.43,0.4,0.6,2026-01-27,0450,N,VIIRS,n,2.0NRT,285.2,4.62,N
-42.58333,-71.42111,340.35,0.4,0.6,2026-01-27,0450,N,VIIRS,n,2.0NRT,284.98,4.3,N
-42.52498,-71.62025,297.5,0.41,0.6,2026-01-27,0450,N,VIIRS,n,2.0NRT,280.23,1.03,N
-42.52584,-71.61735,312.43,0.41,0.6,2026-01-27,0450,N,VIIRS,n,2.0NRT,282.25,1.03,N
-42.52671,-71.61436,296.3,0.4,0.6,2026-01-27,0450,N,VIIRS,n,2.0NRT,282.72,0.68,N
-42.57714,-71.44228,300.08,0.4,0.6,2026-01-27,0450,N,VIIRS,n,2.0NRT,282.6,7.23,N
-42.57879,-71.43665,305.68,0.4,0.6,2026-01-27,0450,N,VIIRS,n,2.0NRT,285.04,7.23,N
-42.58031,-71.43143,299.84,0.4,0.6,2026-01-27,0450,N,VIIRS,n,2.0NRT,282.04,4.62,N
-42.53061,-71.62214,321.86,0.41,0.6,2026-01-27,0450,N,VIIRS,n,2.0NRT,285.33,2.22,N
-42.58893,-71.42284,367,0.4,0.6,2026-01-27,0450,N,VIIRS,h,2.0NRT,290.06,6.48,N
-42.59032,-71.41807,333.56,0.4,0.6,2026-01-27,0450,N,VIIRS,n,2.0NRT,287.29,6.48,N
-42.52962,-71.62549,300.99,0.41,0.6,2026-01-27,0450,N,VIIRS,n,2.0NRT,282.05,2.22,N
-42.53158,-71.61883,309,0.4,0.6,2026-01-27,0450,N,VIIRS,n,2.0NRT,285.22,1.66,N
-42.53255,-71.61555,303.55,0.4,0.6,2026-01-27,0450,N,VIIRS,n,2.0NRT,285.39,1.66,N
-42.58752,-71.42769,314.34,0.4,0.6,2026-01-27,0450,N,VIIRS,n,2.0NRT,284.99,7.2,N
-42.53037,-71.64398,322.33,0.41,0.6,2026-01-27,0450,N,VIIRS,n,2.0NRT,278.13,1.96,N
-42.52947,-71.64703,299.7,0.41,0.6,2026-01-27,0450,N,VIIRS,n,2.0NRT,274.85,1.86,N
-42.5313,-71.64082,316.13,0.41,0.6,2026-01-27,0450,N,VIIRS,n,2.0NRT,277.42,1.96,N
-42.53843,-71.61656,299.44,0.4,0.6,2026-01-27,0450,N,VIIRS,n,2.0NRT,285.73,1.16,N
-42.59716,-71.41554,297.35,0.39,0.6,2026-01-27,0450,N,VIIRS,n,2.0NRT,280.89,2.11,N
-42.604,-71.41298,299.8,0.39,0.6,2026-01-27,0450,N,VIIRS,n,2.0NRT,282.97,1.07,N
-42.606,-71.42712,316.04,0.4,0.6,2026-01-27,0450,N,VIIRS,n,2.0NRT,282.2,2.84,N
-42.60752,-71.4219,302.3,0.39,0.6,2026-01-27,0450,N,VIIRS,n,2.0NRT,283.87,1.07,N
-42.609,-71.41676,295.95,0.39,0.6,2026-01-27,0450,N,VIIRS,n,2.0NRT,283.21,1.07,N
-42.54504,-71.65724,299.23,0.41,0.6,2026-01-27,0450,N,VIIRS,n,2.0NRT,279.8,1.37,N
-42.54718,-71.64996,304.97,0.41,0.6,2026-01-27,0450,N,VIIRS,n,2.0NRT,282.92,3.37,N
-42.55418,-71.64717,333.3,0.41,0.6,2026-01-27,0450,N,VIIRS,n,2.0NRT,286.7,2.6,N
-42.5502,-71.66074,311.9,0.41,0.6,2026-01-27,0450,N,VIIRS,n,2.0NRT,280.33,1.37,N
-42.55138,-71.65672,303.14,0.41,0.6,2026-01-27,0450,N,VIIRS,n,2.0NRT,279.55,1.37,N
-42.55516,-71.64382,312.11,0.41,0.6,2026-01-27,0450,N,VIIRS,n,2.0NRT,284.87,2.6,N
-42.615,-71.43818,319.3,0.4,0.6,2026-01-27,0450,N,VIIRS,n,2.0NRT,283.42,2.01,N
-42.5594,-71.65044,346.33,0.41,0.6,2026-01-27,0450,N,VIIRS,n,2.0NRT,287.12,5.63,N
-42.55428,-71.66794,296.9,0.41,0.6,2026-01-27,0450,N,VIIRS,n,2.0NRT,277.4,1.1,N
-42.55557,-71.66353,296.42,0.41,0.6,2026-01-27,0450,N,VIIRS,n,2.0NRT,277.29,1.06,N
-42.55853,-71.6534,304.98,0.41,0.6,2026-01-27,0450,N,VIIRS,n,2.0NRT,284.2,4.23,N
-42.58279,-71.57017,302.55,0.4,0.6,2026-01-27,0450,N,VIIRS,n,2.0NRT,284.26,1.52,N
-42.58423,-71.56522,304,0.4,0.6,2026-01-27,0450,N,VIIRS,n,2.0NRT,283.3,2.76,N
-42.58567,-71.56025,300.26,0.4,0.6,2026-01-27,0450,N,VIIRS,n,2.0NRT,280.18,2.76,N
-42.58721,-71.55495,299.55,0.4,0.6,2026-01-27,0450,N,VIIRS,n,2.0NRT,278.98,4.25,N
-42.58861,-71.55014,296.74,0.4,0.6,2026-01-27,0450,N,VIIRS,n,2.0NRT,280.18,4.25,N
-42.58999,-71.5454,297.47,0.4,0.6,2026-01-27,0450,N,VIIRS,n,2.0NRT,279.84,1.59,N
-42.59142,-71.5405,298.33,0.4,0.6,2026-01-27,0450,N,VIIRS,n,2.0NRT,281.03,1.59,N
-42.59284,-71.5356,301.57,0.4,0.6,2026-01-27,0450,N,VIIRS,n,2.0NRT,280.76,2.66,N
-42.5954,-71.52679,303.83,0.4,0.6,2026-01-27,0450,N,VIIRS,n,2.0NRT,281.37,1.7,N
-42.59649,-71.52305,296.47,0.4,0.6,2026-01-27,0450,N,VIIRS,n,2.0NRT,282.6,1.7,N
-42.59753,-71.51949,311.79,0.4,0.6,2026-01-27,0450,N,VIIRS,n,2.0NRT,281.86,1.68,N
-42.5986,-71.5158,308.09,0.4,0.6,2026-01-27,0450,N,VIIRS,n,2.0NRT,279.45,1.68,N
-42.59984,-71.51154,296.9,0.4,0.6,2026-01-27,0450,N,VIIRS,n,2.0NRT,276.08,1.04,N
-42.60305,-71.50046,299.6,0.4,0.6,2026-01-27,0450,N,VIIRS,n,2.0NRT,281.25,1.71,N
-42.616,-71.45583,296.79,0.4,0.6,2026-01-27,0450,N,VIIRS,n,2.0NRT,280.18,1.26,N
-42.61744,-71.45081,313.67,0.4,0.6,2026-01-27,0450,N,VIIRS,n,2.0NRT,281.31,1.56,N
-42.61892,-71.44571,304.1,0.4,0.6,2026-01-27,0450,N,VIIRS,n,2.0NRT,283.49,1.56,N
-42.62032,-71.44089,309.78,0.4,0.6,2026-01-27,0450,N,VIIRS,n,2.0NRT,281.74,1.44,N
-42.59158,-71.56105,320.45,0.4,0.6,2026-01-27,0450,N,VIIRS,n,2.0NRT,278.52,2.76,N
-42.59308,-71.55587,367,0.4,0.6,2026-01-27,0450,N,VIIRS,h,2.0NRT,281.12,4.25,N
-42.59448,-71.55106,335.92,0.4,0.6,2026-01-27,0450,N,VIIRS,n,2.0NRT,279.55,4.25,N
-42.58691,-71.57713,299.16,0.4,0.6,2026-01-27,0450,N,VIIRS,n,2.0NRT,281.29,1.52,N
-42.58877,-71.57071,311.78,0.4,0.6,2026-01-27,0450,N,VIIRS,n,2.0NRT,283.49,1.52,N
-42.59018,-71.56588,307.84,0.4,0.6,2026-01-27,0450,N,VIIRS,n,2.0NRT,280.27,2.76,N
-42.60067,-71.52975,304.52,0.4,0.6,2026-01-27,0450,N,VIIRS,n,2.0NRT,279.3,1.7,N
-42.60171,-71.5262,316.8,0.4,0.6,2026-01-27,0450,N,VIIRS,n,2.0NRT,281.37,1.7,N
-42.60276,-71.52257,316.28,0.4,0.6,2026-01-27,0450,N,VIIRS,n,2.0NRT,280.61,1.68,N
-42.60391,-71.51862,307.29,0.4,0.6,2026-01-27,0450,N,VIIRS,n,2.0NRT,278.17,1.68,N
-42.60526,-71.51398,300.19,0.4,0.6,2026-01-27,0450,N,VIIRS,n,2.0NRT,275.88,1.04,N
-42.60696,-71.50811,305.95,0.4,0.6,2026-01-27,0450,N,VIIRS,n,2.0NRT,279.09,1.04,N
-42.61285,-71.48777,298.99,0.4,0.6,2026-01-27,0450,N,VIIRS,n,2.0NRT,284.43,1.11,N
-42.61419,-71.48316,298.81,0.4,0.6,2026-01-27,0450,N,VIIRS,n,2.0NRT,283.17,1.09,N
-42.60478,-71.53675,367,0.4,0.6,2026-01-27,0450,N,VIIRS,h,2.0NRT,282.08,29.73,N
-42.60581,-71.5332,352.08,0.4,0.6,2026-01-27,0450,N,VIIRS,n,2.0NRT,288.1,35.83,N
-42.60802,-71.52557,321.14,0.4,0.6,2026-01-27,0450,N,VIIRS,n,2.0NRT,281.47,3.19,N
-42.60369,-71.54047,312.29,0.4,0.6,2026-01-27,0450,N,VIIRS,n,2.0NRT,278.09,29.73,N
-42.60687,-71.52956,313.63,0.4,0.6,2026-01-27,0450,N,VIIRS,n,2.0NRT,280.78,35.83,N
-42.60937,-71.52094,319.31,0.4,0.6,2026-01-27,0450,N,VIIRS,n,2.0NRT,280.3,3.19,N
-42.61094,-71.5155,312.01,0.4,0.6,2026-01-27,0450,N,VIIRS,n,2.0NRT,275.92,2.93,N
-42.61258,-71.50982,319.95,0.4,0.6,2026-01-27,0450,N,VIIRS,n,2.0NRT,277.83,2.93,N
-42.62093,-71.48099,298.43,0.4,0.6,2026-01-27,0450,N,VIIRS,n,2.0NRT,280.13,0.81,N
-42.59474,-71.59252,324.25,0.4,0.6,2026-01-27,0450,N,VIIRS,n,2.0NRT,282.97,2.71,N
-42.60956,-71.54142,367,0.4,0.6,2026-01-27,0450,N,VIIRS,h,2.0NRT,285.13,29.73,N
-42.61066,-71.53763,331.91,0.4,0.6,2026-01-27,0450,N,VIIRS,n,2.0NRT,314.66,35.83,N
-42.61189,-71.53339,341.05,0.4,0.6,2026-01-27,0450,N,VIIRS,n,2.0NRT,282.95,35.83,N
-42.59339,-71.59717,295.34,0.4,0.6,2026-01-27,0450,N,VIIRS,n,2.0NRT,283.32,2.16,N
-42.60619,-71.55302,305.01,0.4,0.6,2026-01-27,0450,N,VIIRS,n,2.0NRT,278.88,2.29,N
-42.60735,-71.54903,310.6,0.4,0.6,2026-01-27,0450,N,VIIRS,n,2.0NRT,280.88,2.29,N
-42.60847,-71.54518,316.8,0.4,0.6,2026-01-27,0450,N,VIIRS,n,2.0NRT,281.24,29.73,N
-42.61331,-71.52849,314.91,0.4,0.6,2026-01-27,0450,N,VIIRS,n,2.0NRT,279.43,3.19,N
-42.61502,-71.52255,306.45,0.4,0.6,2026-01-27,0450,N,VIIRS,n,2.0NRT,276.13,3.19,N
-42.6265,-71.48286,302.89,0.4,0.6,2026-01-27,0450,N,VIIRS,n,2.0NRT,281.65,0.81,N
-42.61138,-71.5563,321.93,0.4,0.6,2026-01-27,0450,N,VIIRS,n,2.0NRT,282.36,2.71,N
-42.61032,-71.55994,308.98,0.4,0.6,2026-01-27,0450,N,VIIRS,n,2.0NRT,279,2.99,N
-42.61244,-71.55266,312.63,0.4,0.6,2026-01-27,0450,N,VIIRS,n,2.0NRT,281.51,2.71,N
-42.61458,-71.54528,303.25,0.4,0.6,2026-01-27,0450,N,VIIRS,n,2.0NRT,282.38,2.72,N
-42.61578,-71.54113,302.94,0.4,0.6,2026-01-27,0450,N,VIIRS,n,2.0NRT,278.91,1.1,N
-42.6173,-71.53587,295.08,0.4,0.6,2026-01-27,0450,N,VIIRS,n,2.0NRT,275.88,1.1,N
-42.67875,-71.40717,309.53,0.39,0.6,2026-01-27,0450,N,VIIRS,n,2.0NRT,284.56,1.03,N
-42.68009,-71.40249,297.48,0.39,0.59,2026-01-27,0450,N,VIIRS,n,2.0NRT,282.61,1.03,N
-42.66343,-71.50316,313.23,0.4,0.6,2026-01-27,0450,N,VIIRS,n,2.0NRT,283.89,1.68,N
-42.66494,-71.49785,296.5,0.4,0.6,2026-01-27,0450,N,VIIRS,n,2.0NRT,282.99,1.42,N
-42.67631,-71.40671,309.37,0.39,0.59,2026-01-27,0450,N,VIIRS,n,2.0NRT,284.63,1.76,N
-42.67767,-71.40205,298.81,0.39,0.59,2026-01-27,0450,N,VIIRS,n,2.0NRT,283.22,1.12,N
-42.66186,-71.47687,306.97,0.4,0.6,2026-01-27,0450,N,VIIRS,n,2.0NRT,285.27,1.39,N
-42.6827,-71.40566,298.46,0.39,0.59,2026-01-27,0450,N,VIIRS,n,2.0NRT,281.47,0.9,N
-42.66061,-71.50199,308.19,0.4,0.6,2026-01-27,0450,N,VIIRS,n,2.0NRT,283.42,1.49,N
-42.68164,-71.49286,296.68,0.4,0.6,2026-01-27,0450,N,VIIRS,n,2.0NRT,284.88,1.38,N
-42.68725,-71.49458,307.87,0.4,0.6,2026-01-27,0450,N,VIIRS,n,2.0NRT,283.13,1.38,N
-42.68954,-71.48673,316.94,0.4,0.6,2026-01-27,0450,N,VIIRS,n,2.0NRT,284.06,1.84,N
-42.69215,-71.47779,297.61,0.39,0.6,2026-01-27,0450,N,VIIRS,n,2.0NRT,283.4,0.6,N
-42.69347,-71.47324,296.51,0.39,0.6,2026-01-27,0450,N,VIIRS,n,2.0NRT,281.83,0.6,N
-42.69942,-71.60014,335.82,0.4,0.6,2026-01-27,0450,N,VIIRS,n,2.0NRT,278.15,3.59,N
-42.78612,-71.67182,340.26,0.4,0.6,2026-01-27,0450,N,VIIRS,n,2.0NRT,286.42,3.05,N
-42.78485,-71.67616,300.72,0.4,0.6,2026-01-27,0450,N,VIIRS,n,2.0NRT,283.63,3.05,N
-42.79024,-71.67878,342.74,0.4,0.6,2026-01-27,0450,N,VIIRS,n,2.0NRT,285.81,4.75,N
-42.79142,-71.67473,336.72,0.4,0.6,2026-01-27,0450,N,VIIRS,n,2.0NRT,283.36,4.75,N
-42.77904,-71.75965,323.1,0.4,0.6,2026-01-27,0450,N,VIIRS,n,2.0NRT,284.19,3.58,N
-42.77816,-71.76265,318.24,0.4,0.6,2026-01-27,0450,N,VIIRS,n,2.0NRT,283.72,2.48,N
-42.78424,-71.76295,296.96,0.4,0.6,2026-01-27,0450,N,VIIRS,n,2.0NRT,281.29,2.48,N
-46.55782,-68.10355,299.34,0.44,0.46,2026-01-27,0450,N,VIIRS,n,2.0NRT,281.94,0.54,N
-42.65124,-71.76035,328.83,0.32,0.55,2026-01-27,0629,N,VIIRS,n,2.0NRT,271.64,3.5,N
-42.65076,-71.76847,312.3,0.32,0.55,2026-01-27,0629,N,VIIRS,n,2.0NRT,269.85,2.71,N
-42.65139,-71.75777,296.67,0.32,0.55,2026-01-27,0629,N,VIIRS,n,2.0NRT,269.55,1.3,N
-42.66596,-71.50518,297.37,0.33,0.55,2026-01-27,0629,N,VIIRS,n,2.0NRT,276.94,0.84,N
-42.66618,-71.50134,295.7,0.33,0.55,2026-01-27,0629,N,VIIRS,n,2.0NRT,279.88,0.83,N
-42.66639,-71.49754,303.84,0.33,0.55,2026-01-27,0629,N,VIIRS,n,2.0NRT,280.86,0.83,N
-42.68327,-71.56969,295.03,0.33,0.55,2026-01-27,0629,N,VIIRS,n,2.0NRT,278.71,1.08,N
-42.68785,-71.49036,296.7,0.33,0.55,2026-01-27,0629,N,VIIRS,n,2.0NRT,280.23,1.63,N
-42.68815,-71.48529,304.37,0.33,0.55,2026-01-27,0629,N,VIIRS,n,2.0NRT,281.59,1.23,N
-42.65108,-71.76298,340.37,0.32,0.55,2026-01-27,0629,N,VIIRS,n,2.0NRT,271.61,3.5,N
-42.7796,-71.79613,324.69,0.32,0.55,2026-01-27,0629,N,VIIRS,n,2.0NRT,275.6,2.34,N
-42.77939,-71.79951,319.68,0.32,0.55,2026-01-27,0629,N,VIIRS,n,2.0NRT,271.37,2.34,N
-42.78061,-71.79983,320.16,0.32,0.55,2026-01-27,0629,N,VIIRS,n,2.0NRT,269.68,2.71,N
-42.7808,-71.79649,335.32,0.32,0.55,2026-01-27,0629,N,VIIRS,n,2.0NRT,275.03,2.71,N
-42.78096,-71.79346,299.12,0.32,0.55,2026-01-27,0629,N,VIIRS,n,2.0NRT,271.3,1.32,N
-35.20206,-69.30083,304.94,0.37,0.58,2026-01-27,0629,N,VIIRS,n,2.0NRT,283.17,0.78,N
-35.20182,-69.30227,295.36,0.37,0.58,2026-01-27,0629,N,VIIRS,n,2.0NRT,283.51,0.83,N
-37.08455,-69.47818,313.68,0.38,0.59,2026-01-27,0629,N,VIIRS,n,2.0NRT,286.87,1.13,N
-37.4255,-69.1741,306.6,0.4,0.6,2026-01-27,0629,N,VIIRS,n,2.0NRT,286.64,1.24,N
-37.52885,-69.09193,316.96,0.4,0.6,2026-01-27,0629,N,VIIRS,n,2.0NRT,286.9,1.02,N
-42.65092,-71.76565,344.92,0.32,0.55,2026-01-27,0629,N,VIIRS,n,2.0NRT,272.8,2.71,N
-37.70987,-69.14196,299.98,0.4,0.6,2026-01-27,0629,N,VIIRS,n,2.0NRT,287.29,0.41,N
-37.71554,-69.14243,301.1,0.4,0.6,2026-01-27,0629,N,VIIRS,n,2.0NRT,287.91,0.51,N
-37.71177,-69.14276,304.36,0.4,0.6,2026-01-27,0629,N,VIIRS,n,2.0NRT,287.89,1.04,N
-38.74494,-68.83936,313.31,0.42,0.61,2026-01-27,0629,N,VIIRS,n,2.0NRT,287.75,0.91,N
-38.74518,-68.83424,301.96,0.42,0.61,2026-01-27,0629,N,VIIRS,n,2.0NRT,287.14,0.91,N
-42.66092,-71.50119,297.65,0.33,0.55,2026-01-27,0629,N,VIIRS,n,2.0NRT,281.75,0.83,N
-42.6607,-71.50515,300.31,0.33,0.55,2026-01-27,0629,N,VIIRS,n,2.0NRT,278.28,0.84,N
-42.64581,-71.76429,313.6,0.32,0.55,2026-01-27,0629,N,VIIRS,n,2.0NRT,271.04,2.71,N
-42.64565,-71.76714,316.85,0.32,0.55,2026-01-27,0629,N,VIIRS,n,2.0NRT,270.1,2.71,N
-42.64547,-71.77026,311.69,0.32,0.55,2026-01-27,0629,N,VIIRS,n,2.0NRT,269.77,3.23,N
-42.64053,-71.7658,335.69,0.32,0.55,2026-01-27,0629,N,VIIRS,n,2.0NRT,273.26,5.1,N
-42.64035,-71.76899,349.17,0.32,0.55,2026-01-27,0629,N,VIIRS,n,2.0NRT,275.57,7.38,N
-42.61304,-71.51139,313.35,0.33,0.55,2026-01-27,0629,N,VIIRS,n,2.0NRT,280.95,1.62,N
-42.61243,-71.52265,296.99,0.33,0.55,2026-01-27,0629,N,VIIRS,n,2.0NRT,267.66,1.33,N
-42.61199,-71.53072,296.73,0.33,0.55,2026-01-27,0629,N,VIIRS,n,2.0NRT,270.35,1.56,N
-42.61152,-71.53942,295.38,0.33,0.55,2026-01-27,0629,N,VIIRS,n,2.0NRT,257.98,1.15,N
-42.60787,-71.50973,303.24,0.33,0.55,2026-01-27,0629,N,VIIRS,n,2.0NRT,280.83,1.62,N
-42.60723,-71.52173,299.43,0.33,0.55,2026-01-27,0629,N,VIIRS,n,2.0NRT,264.81,1.33,N
-42.60745,-71.51748,320.46,0.33,0.55,2026-01-27,0629,N,VIIRS,n,2.0NRT,277.53,4.05,N
-42.60778,-71.41248,297.99,0.33,0.56,2026-01-27,0629,N,VIIRS,n,2.0NRT,280.88,1.56,N
-42.60757,-71.41642,309.95,0.33,0.56,2026-01-27,0629,N,VIIRS,n,2.0NRT,280.52,1.16,N
-42.60736,-71.42027,299.73,0.33,0.56,2026-01-27,0629,N,VIIRS,n,2.0NRT,277.91,1.16,N
-42.60716,-71.42409,303.68,0.33,0.56,2026-01-27,0629,N,VIIRS,n,2.0NRT,277.59,1.63,N
-42.60225,-71.51644,296.13,0.33,0.55,2026-01-27,0629,N,VIIRS,n,2.0NRT,270.05,0.43,N
-42.59162,-71.41856,314.34,0.33,0.56,2026-01-27,0629,N,VIIRS,n,2.0NRT,284.24,2.29,N
-42.60824,-71.41496,304.32,0.33,0.56,2026-01-27,0629,N,VIIRS,n,2.0NRT,280.18,1.44,N
-42.60802,-71.41884,302.1,0.33,0.56,2026-01-27,0629,N,VIIRS,n,2.0NRT,279.66,1.79,N
-42.59228,-71.41714,306.65,0.33,0.56,2026-01-27,0629,N,VIIRS,n,2.0NRT,282.9,1.82,N
-42.58682,-71.42027,344.09,0.33,0.56,2026-01-27,0629,N,VIIRS,n,2.0NRT,286.88,11.3,N
-42.58657,-71.4245,367,0.33,0.56,2026-01-27,0629,N,VIIRS,h,2.0NRT,289.28,11.41,N
-42.5814,-71.42279,367,0.33,0.56,2026-01-27,0629,N,VIIRS,h,2.0NRT,282.83,11.41,N
-42.58117,-71.4269,328.19,0.33,0.56,2026-01-27,0629,N,VIIRS,n,2.0NRT,279.38,11.41,N
-42.57639,-71.41793,304.67,0.33,0.56,2026-01-27,0629,N,VIIRS,n,2.0NRT,281.87,8.6,N
-42.57572,-71.42979,303.04,0.33,0.56,2026-01-27,0629,N,VIIRS,n,2.0NRT,275.52,4.07,N
-42.5755,-71.43364,301.97,0.33,0.56,2026-01-27,0629,N,VIIRS,n,2.0NRT,274.45,4.07,N
-42.57529,-71.43745,315.7,0.33,0.55,2026-01-27,0629,N,VIIRS,n,2.0NRT,272.58,1.46,N
-42.57507,-71.44125,297.61,0.33,0.55,2026-01-27,0629,N,VIIRS,n,2.0NRT,267.84,1.46,N
-42.57595,-71.42585,367,0.33,0.56,2026-01-27,0629,N,VIIRS,h,2.0NRT,292.37,57.69,N
-42.57071,-71.42509,304.39,0.33,0.56,2026-01-27,0629,N,VIIRS,n,2.0NRT,276.28,57.69,N
-42.5705,-71.42887,311.58,0.33,0.56,2026-01-27,0629,N,VIIRS,n,2.0NRT,275.03,4.07,N
-42.57029,-71.4325,305.38,0.33,0.56,2026-01-27,0629,N,VIIRS,n,2.0NRT,274.35,4.07,N
-42.57009,-71.43611,312.09,0.33,0.55,2026-01-27,0629,N,VIIRS,n,2.0NRT,271.3,1.46,N
-42.55718,-71.66041,311.49,0.32,0.55,2026-01-27,0629,N,VIIRS,n,2.0NRT,275.57,1.58,N
-42.56988,-71.4398,326.37,0.33,0.55,2026-01-27,0629,N,VIIRS,n,2.0NRT,267.38,1.46,N
-42.55228,-71.65509,298.01,0.32,0.55,2026-01-27,0629,N,VIIRS,n,2.0NRT,279.02,1.6,N
-42.55169,-71.66505,303.11,0.32,0.55,2026-01-27,0629,N,VIIRS,n,2.0NRT,273.57,2.57,N
-42.55197,-71.66029,347.33,0.32,0.55,2026-01-27,0629,N,VIIRS,n,2.0NRT,282.83,2.57,N
-42.54705,-71.65521,314.15,0.32,0.55,2026-01-27,0629,N,VIIRS,n,2.0NRT,278.9,1.6,N
-42.54678,-71.65992,310.86,0.32,0.55,2026-01-27,0629,N,VIIRS,n,2.0NRT,275.63,2.57,N
-42.53348,-71.61888,298.58,0.33,0.55,2026-01-27,0629,N,VIIRS,n,2.0NRT,280.01,0.84,N
-42.52805,-71.62246,312.1,0.33,0.55,2026-01-27,0629,N,VIIRS,n,2.0NRT,281.53,0.84,N
-42.28143,-71.54007,301.4,0.33,0.55,2026-01-27,0629,N,VIIRS,n,2.0NRT,281.43,1.14,N
-42.2502,-71.54305,304.24,0.33,0.55,2026-01-27,0631,N,VIIRS,n,2.0NRT,283.63,1.34,N
-42.24987,-71.54868,307.52,0.33,0.55,2026-01-27,0631,N,VIIRS,n,2.0NRT,282.71,1.55,N
-33.05535,-60.0102,332.48,0.38,0.59,2026-01-27,1709,N,VIIRS,n,2.0NRT,302.42,4.76,D
-32.67316,-59.04001,343.87,0.33,0.56,2026-01-27,1709,N,VIIRS,n,2.0NRT,304.43,6.59,D
-32.67343,-59.04369,336.84,0.34,0.56,2026-01-27,1709,N,VIIRS,n,2.0NRT,304.37,4.62,D
-38.99729,-63.13772,343.44,0.63,0.72,2026-01-27,1709,N,VIIRS,n,2.0NRT,308.48,6.21,D
-37.75203,-59.29829,334.73,0.39,0.59,2026-01-27,1709,N,VIIRS,n,2.0NRT,302.61,5.87,D
-37.74868,-59.29728,343.52,0.38,0.59,2026-01-27,1709,N,VIIRS,n,2.0NRT,301.13,4.91,D
-35.118,-60.52704,367,0.43,0.62,2026-01-27,1709,N,VIIRS,h,2.0NRT,300.48,11.07,D
-35.11934,-60.52509,367,0.43,0.62,2026-01-27,1709,N,VIIRS,h,2.0NRT,302.96,11.55,D
-34.88593,-58.6857,338.48,0.34,0.56,2026-01-27,1709,N,VIIRS,n,2.0NRT,299.94,1.76,D
-34.73109,-58.8026,341.17,0.34,0.56,2026-01-27,1709,N,VIIRS,n,2.0NRT,301.52,4.58,D
-34.05772,-58.70593,342.08,0.33,0.55,2026-01-27,1709,N,VIIRS,n,2.0NRT,298.16,2.34,D
-33.08105,-59.55542,347.26,0.36,0.58,2026-01-27,1709,N,VIIRS,n,2.0NRT,303.96,3.7,D
-34.05712,-58.70566,336.51,0.33,0.55,2026-01-27,1709,N,VIIRS,n,2.0NRT,297.33,2.31,D
-33.07926,-59.55537,351.07,0.36,0.57,2026-01-27,1709,N,VIIRS,n,2.0NRT,305.81,6.87,D
-29.3144,-57.0544,342.52,0.47,0.48,2026-01-27,1711,N,VIIRS,n,2.0NRT,299.85,7.66,D
-31.25576,-58.00033,341.9,0.56,0.52,2026-01-27,1711,N,VIIRS,n,2.0NRT,300.2,9.81,D
-31.5392,-59.49378,334.2,0.35,0.56,2026-01-27,1711,N,VIIRS,n,2.0NRT,296.7,2.05,D
-31.63769,-59.54328,338.21,0.35,0.57,2026-01-27,1711,N,VIIRS,n,2.0NRT,297.99,2.66,D
-27.6356,-57.1372,334.02,0.46,0.47,2026-01-27,1711,N,VIIRS,n,2.0NRT,299.09,3.86,D
-27.3821,-54.24458,332.35,0.48,0.4,2026-01-27,1711,N,VIIRS,l,2.0NRT,302.96,6.35,D
-27.38087,-54.23472,339.17,0.48,0.4,2026-01-27,1711,N,VIIRS,n,2.0NRT,303.53,7.65,D
-29.13822,-56.67081,344.67,0.45,0.47,2026-01-27,1711,N,VIIRS,n,2.0NRT,302.65,8.11,D
-29.23488,-57.32725,337.11,0.49,0.48,2026-01-27,1711,N,VIIRS,n,2.0NRT,299.13,3.89,D
-29.30646,-57.06544,334.42,0.47,0.48,2026-01-27,1711,N,VIIRS,n,2.0NRT,301.97,7.12,D
-29.31043,-57.05993,340.74,0.47,0.48,2026-01-27,1711,N,VIIRS,n,2.0NRT,301.35,7.12,D
-29.30994,-57.05497,339.18,0.47,0.48,2026-01-27,1711,N,VIIRS,n,2.0NRT,300.9,7.26,D
-31.25249,-58.00239,340.01,0.56,0.52,2026-01-27,1711,N,VIIRS,n,2.0NRT,299.53,6.13,D
-32.39315,-59.0228,337.75,0.33,0.55,2026-01-27,1711,N,VIIRS,n,2.0NRT,303.23,5.55,D
-32.39256,-59.02343,335.86,0.33,0.55,2026-01-27,1711,N,VIIRS,n,2.0NRT,303.57,4.29,D
-32.40976,-60.73499,332.2,0.42,0.61,2026-01-27,1711,N,VIIRS,n,2.0NRT,294.14,4.58,D
-32.1767,-59.09009,336.52,0.33,0.56,2026-01-27,1711,N,VIIRS,n,2.0NRT,295.16,3.86,D
-25.8065,-58.31131,344.48,0.51,0.49,2026-01-27,1711,N,VIIRS,n,2.0NRT,299.01,9.98,D
-25.70012,-58.50164,343.31,0.52,0.5,2026-01-27,1711,N,VIIRS,n,2.0NRT,299.66,14.54,D
-25.70714,-58.49812,344.27,0.52,0.5,2026-01-27,1711,N,VIIRS,n,2.0NRT,296.59,37.62,D
-25.70248,-58.49868,356.4,0.52,0.5,2026-01-27,1711,N,VIIRS,n,2.0NRT,301.93,37.62,D
-25.27928,-57.91488,342.73,0.48,0.48,2026-01-27,1711,N,VIIRS,n,2.0NRT,299.52,8.79,D
-25.27979,-57.91968,341.39,0.48,0.48,2026-01-27,1711,N,VIIRS,n,2.0NRT,297.61,8.79,D
-25.70426,-58.49577,343.66,0.52,0.5,2026-01-27,1711,N,VIIRS,n,2.0NRT,300.47,25.63,D
-25.70478,-58.50107,343.82,0.52,0.5,2026-01-27,1711,N,VIIRS,n,2.0NRT,295.07,25.63,D
-25.6996,-58.49633,343.78,0.52,0.5,2026-01-27,1711,N,VIIRS,n,2.0NRT,299.8,14.54,D
-25.82139,-58.31997,342.58,0.51,0.49,2026-01-27,1711,N,VIIRS,n,2.0NRT,300.91,4.79,D
-25.98197,-59.40339,347.76,0.6,0.53,2026-01-27,1711,N,VIIRS,n,2.0NRT,294.42,10.98,D
-25.98692,-59.40281,353.98,0.6,0.53,2026-01-27,1711,N,VIIRS,n,2.0NRT,294.56,16.62,D
-25.98228,-59.403,348.56,0.6,0.53,2026-01-27,1711,N,VIIRS,n,2.0NRT,295.72,16.64,D
-25.98724,-59.40242,349.86,0.6,0.53,2026-01-27,1711,N,VIIRS,n,2.0NRT,294.35,16.64,D
-25.99021,-58.25065,338.68,0.51,0.49,2026-01-27,1711,N,VIIRS,n,2.0NRT,302.91,5.26,D
-26.00266,-57.96956,342.89,0.49,0.48,2026-01-27,1711,N,VIIRS,n,2.0NRT,301.11,9.81,D
-26.06344,-58.24453,330.2,0.51,0.49,2026-01-27,1711,N,VIIRS,l,2.0NRT,304.6,16.48,D
-26.50744,-60.04411,331.03,0.33,0.55,2026-01-27,1711,N,VIIRS,n,2.0NRT,290.8,1.62,D
-26.93952,-54.44458,332.32,0.48,0.4,2026-01-27,1711,N,VIIRS,l,2.0NRT,303.32,5.83,D
-27.1344,-54.37907,334.2,0.48,0.4,2026-01-27,1711,N,VIIRS,n,2.0NRT,298.72,8.96,D
-27.45616,-56.90506,333.81,0.44,0.46,2026-01-27,1711,N,VIIRS,n,2.0NRT,300.93,2.37,D
-27.36267,-55.42957,345.28,0.55,0.42,2026-01-27,1711,N,VIIRS,n,2.0NRT,305.27,19.88,D
-27.46983,-55.85096,333.44,0.38,0.44,2026-01-27,1711,N,VIIRS,n,2.0NRT,300.99,1.77,D
-38.99282,-63.13803,339.92,0.52,0.5,2026-01-27,1847,N,VIIRS,l,2.0NRT,313.22,4,D
-37.90656,-67.8683,338.4,0.49,0.4,2026-01-27,1847,N,VIIRS,l,2.0NRT,308.49,148.56,D
-37.89806,-67.86503,350.55,0.49,0.41,2026-01-27,1847,N,VIIRS,n,2.0NRT,320.12,37.58,D
-37.89436,-67.86618,345.85,0.49,0.41,2026-01-27,1847,N,VIIRS,n,2.0NRT,312.74,37.58,D
-38.99509,-63.13493,338.87,0.52,0.5,2026-01-27,1847,N,VIIRS,l,2.0NRT,313.38,3.6,D
-35.04568,-58.10117,341.12,0.59,0.7,2026-01-27,1847,N,VIIRS,n,2.0NRT,295.13,4.76,D
-37.71403,-69.26517,349.97,0.44,0.38,2026-01-27,1847,N,VIIRS,n,2.0NRT,320.04,12.3,D
-35.04861,-58.1046,335.28,0.59,0.7,2026-01-27,1847,N,VIIRS,n,2.0NRT,292.28,4.58,D
-38.78728,-62.27965,339.22,0.58,0.52,2026-01-27,1847,N,VIIRS,n,2.0NRT,305.77,4.92,D
-33.05313,-60.00671,332.16,0.53,0.67,2026-01-27,1849,N,VIIRS,n,2.0NRT,293.67,7.45,D
-42.56977,-71.44999,367,0.38,0.36,2026-01-27,1849,N,VIIRS,h,2.0NRT,333.69,192.44,D
-42.56573,-71.44621,356.57,0.38,0.36,2026-01-27,1849,N,VIIRS,l,2.0NRT,274.7,53.72,D
-42.55814,-71.64948,330.99,0.39,0.36,2026-01-27,1849,N,VIIRS,n,2.0NRT,272.55,3.43,D
-42.55687,-71.66428,326.56,0.39,0.36,2026-01-27,1849,N,VIIRS,n,2.0NRT,270.26,5.17,D
-42.53251,-71.61709,338.6,0.39,0.36,2026-01-27,1849,N,VIIRS,n,2.0NRT,276.42,4.98,D
-42.52846,-71.61324,340.81,0.39,0.36,2026-01-27,1849,N,VIIRS,n,2.0NRT,275,7.29,D
-42.52916,-71.61791,339.99,0.39,0.36,2026-01-27,1849,N,VIIRS,n,2.0NRT,275.18,4.4,D
-42.52443,-71.60942,337.64,0.39,0.36,2026-01-27,1849,N,VIIRS,n,2.0NRT,275.33,7.29,D
-42.52513,-71.61407,351.97,0.39,0.36,2026-01-27,1849,N,VIIRS,n,2.0NRT,275.54,7.29,D
-42.52582,-71.61872,338.87,0.39,0.36,2026-01-27,1849,N,VIIRS,n,2.0NRT,272.78,4.4,D
-42.52933,-71.6422,325.6,0.39,0.36,2026-01-27,1849,N,VIIRS,n,2.0NRT,268.78,2.78,D
-33.05679,-60.00989,337.39,0.53,0.67,2026-01-27,1849,N,VIIRS,n,2.0NRT,295.15,5.79,D
-32.55948,-58.51471,352.09,0.65,0.73,2026-01-27,1849,N,VIIRS,n,2.0NRT,290.78,8.39,D
-32.67031,-59.03978,335.3,0.6,0.71,2026-01-27,1849,N,VIIRS,n,2.0NRT,295.94,5.49,D
-32.67341,-59.0382,333.78,0.61,0.71,2026-01-27,1849,N,VIIRS,n,2.0NRT,293.23,6.59,D
-33.05265,-68.50737,341.62,0.56,0.43,2026-01-27,1849,N,VIIRS,n,2.0NRT,305.53,9.48,D
-30.61106,-69.3376,356.01,0.56,0.43,2026-01-27,1849,N,VIIRS,n,2.0NRT,312.89,5.9,D
-30.61223,-69.34354,339.49,0.56,0.43,2026-01-27,1849,N,VIIRS,l,2.0NRT,309.73,5.9,D
-30.60989,-69.33166,356.77,0.56,0.43,2026-01-27,1849,N,VIIRS,l,2.0NRT,312.34,16.75,D
-30.60831,-69.34454,344.1,0.56,0.43,2026-01-27,1849,N,VIIRS,n,2.0NRT,311.78,10.86,D
-30.60596,-69.33268,356.75,0.56,0.43,2026-01-27,1849,N,VIIRS,l,2.0NRT,310.63,13.43,D
-30.60714,-69.33862,356.74,0.56,0.43,2026-01-27,1849,N,VIIRS,l,2.0NRT,311.88,10.86,D
-30.60203,-69.33369,355.31,0.56,0.43,2026-01-27,1849,N,VIIRS,n,2.0NRT,311.1,13.43,D
-30.6032,-69.33962,356.62,0.56,0.43,2026-01-27,1849,N,VIIRS,l,2.0NRT,309.49,10.86,D
-26.18591,-61.19194,310.19,0.54,0.68,2026-01-28,0425,N,VIIRS,n,2.0NRT,287.43,2.14,N
-27.367,-54.40356,312.11,0.41,0.45,2026-01-28,0425,N,VIIRS,n,2.0NRT,291.45,0.91,N
-25.84653,-61.31429,301.95,0.55,0.68,2026-01-28,0425,N,VIIRS,n,2.0NRT,287.37,0.93,N
-25.85279,-61.31627,300.06,0.55,0.68,2026-01-28,0425,N,VIIRS,n,2.0NRT,287.24,0.67,N
-26.18237,-61.1967,311.99,0.54,0.68,2026-01-28,0425,N,VIIRS,n,2.0NRT,287.99,1.89,N
-26.18374,-61.19125,304.48,0.54,0.68,2026-01-28,0425,N,VIIRS,n,2.0NRT,287.66,1.89,N
-26.18451,-61.19736,310.06,0.54,0.68,2026-01-28,0425,N,VIIRS,n,2.0NRT,287.87,2.84,N
-34.86858,-57.92307,313,0.45,0.47,2026-01-28,0427,N,VIIRS,n,2.0NRT,291.28,0.9,N
-34.15057,-58.98743,312.77,0.53,0.5,2026-01-28,0427,N,VIIRS,n,2.0NRT,286.03,4.67,N
-34.14598,-58.98586,310.23,0.53,0.5,2026-01-28,0427,N,VIIRS,n,2.0NRT,284.77,3.94,N
-32.51935,-64.14864,304.13,0.55,0.68,2026-01-28,0427,N,VIIRS,n,2.0NRT,285.5,5.74,N
-32.52101,-64.14284,348.96,0.55,0.68,2026-01-28,0427,N,VIIRS,n,2.0NRT,285.97,8.19,N
-32.51805,-64.14762,306.06,0.55,0.68,2026-01-28,0427,N,VIIRS,n,2.0NRT,285.43,4.81,N
-32.51968,-64.14179,348.85,0.55,0.68,2026-01-28,0427,N,VIIRS,n,2.0NRT,285.9,4.81,N
-38.09652,-68.6742,302.12,0.66,0.73,2026-01-28,0429,N,VIIRS,n,2.0NRT,288.56,1.69,N
-38.09896,-68.66653,303.35,0.66,0.73,2026-01-28,0429,N,VIIRS,n,2.0NRT,288.16,1.32,N
-37.71292,-69.27254,320.68,0.72,0.75,2026-01-28,0429,N,VIIRS,n,2.0NRT,287.35,4.33,N
-37.7122,-69.13267,311.82,0.71,0.75,2026-01-28,0429,N,VIIRS,n,2.0NRT,286.9,2.71,N
-37.70942,-69.14106,316.63,0.71,0.75,2026-01-28,0429,N,VIIRS,n,2.0NRT,287.35,2.71,N
-37.71247,-69.14087,329.22,0.71,0.75,2026-01-28,0429,N,VIIRS,n,2.0NRT,287.37,4.99,N
-38.78582,-62.28398,325.8,0.61,0.54,2026-01-28,0429,N,VIIRS,n,2.0NRT,294.04,3.95,N
-37.71569,-69.26413,304.96,0.72,0.75,2026-01-28,0429,N,VIIRS,n,2.0NRT,287.07,2.73,N
-26.18378,-61.19251,314.03,0.49,0.65,2026-01-28,0605,N,VIIRS,n,2.0NRT,287.42,1.42,N
-26.1899,-61.19307,303.06,0.49,0.65,2026-01-28,0605,N,VIIRS,n,2.0NRT,287.04,1.42,N
-28.46734,-65.228,301.15,0.58,0.52,2026-01-28,0605,N,VIIRS,n,2.0NRT,288.78,0.77,N
-33.37086,-60.14709,303.13,0.64,0.72,2026-01-28,0607,N,VIIRS,n,2.0NRT,292.12,3.11,N
-33.37771,-60.1475,314.51,0.64,0.72,2026-01-28,0607,N,VIIRS,n,2.0NRT,291.74,2.09,N
-37.71349,-69.26633,338.54,0.44,0.46,2026-01-28,0609,N,VIIRS,n,2.0NRT,292.04,3.88,N
-37.08628,-69.47942,300.56,0.42,0.45,2026-01-28,0609,N,VIIRS,n,2.0NRT,289.93,1.36,N
-37.08678,-69.4744,316.13,0.42,0.45,2026-01-28,0609,N,VIIRS,n,2.0NRT,290.22,1.19,N
-37.4263,-69.17274,318.78,0.44,0.46,2026-01-28,0609,N,VIIRS,n,2.0NRT,290.21,1.63,N
-37.43062,-69.17353,305.57,0.44,0.46,2026-01-28,0609,N,VIIRS,n,2.0NRT,290.01,0.79,N
-37.41684,-69.36086,318.44,0.43,0.46,2026-01-28,0609,N,VIIRS,n,2.0NRT,288.1,1.44,N
-37.42114,-69.3615,300.78,0.43,0.46,2026-01-28,0609,N,VIIRS,n,2.0NRT,287.62,0.57,N
-37.5309,-69.09169,302.21,0.45,0.47,2026-01-28,0609,N,VIIRS,n,2.0NRT,288.89,1.1,N
-37.71226,-69.138,301.52,0.45,0.47,2026-01-28,0609,N,VIIRS,n,2.0NRT,288.49,1.71,N
-37.71273,-69.13291,312.57,0.45,0.47,2026-01-28,0609,N,VIIRS,n,2.0NRT,285.71,0.87,N
-38.09619,-68.60587,305.01,0.48,0.48,2026-01-28,0609,N,VIIRS,n,2.0NRT,291.32,1.01,N
-38.09983,-68.66808,321.59,0.48,0.48,2026-01-28,0609,N,VIIRS,n,2.0NRT,291.68,2.05,N
-38.15761,-68.69376,325.45,0.47,0.48,2026-01-28,0609,N,VIIRS,n,2.0NRT,290.88,1.38,N
-38.28634,-68.85078,306.88,0.47,0.48,2026-01-28,0609,N,VIIRS,n,2.0NRT,289.6,0.69,N
-38.78611,-62.2802,322.63,0.53,0.67,2026-01-28,0609,N,VIIRS,n,2.0NRT,290.88,2.73,N
-38.78591,-62.28659,308.77,0.53,0.67,2026-01-28,0609,N,VIIRS,n,2.0NRT,290.59,2.73,N
-38.69876,-68.7126,308.7,0.48,0.48,2026-01-28,0609,N,VIIRS,n,2.0NRT,288.72,1.05,N
-38.74276,-68.83519,316.89,0.47,0.48,2026-01-28,0609,N,VIIRS,n,2.0NRT,288.52,1.78,N
-38.74725,-68.83587,317.78,0.47,0.48,2026-01-28,0609,N,VIIRS,n,2.0NRT,287.65,1.78,N
-38.46144,-59.44989,333.22,0.71,0.75,2026-01-28,1647,N,VIIRS,n,2.0NRT,302.36,6.37,D
-38.45885,-59.45374,339.18,0.71,0.75,2026-01-28,1647,N,VIIRS,n,2.0NRT,302.66,7.42,D
-37.98068,-57.63018,347.56,0.57,0.69,2026-01-28,1647,N,VIIRS,n,2.0NRT,301.87,7.78,D
-37.98084,-57.63696,348.92,0.57,0.69,2026-01-28,1647,N,VIIRS,n,2.0NRT,298.11,7.78,D
-37.98205,-57.63411,367,0.57,0.69,2026-01-28,1647,N,VIIRS,h,2.0NRT,301.52,5.63,D
-37.98185,-57.62735,331.02,0.57,0.69,2026-01-28,1647,N,VIIRS,n,2.0NRT,300.83,12.53,D
-37.9755,-57.63432,333.27,0.57,0.69,2026-01-28,1647,N,VIIRS,n,2.0NRT,297.91,5.63,D
-37.88339,-58.25546,345.97,0.61,0.71,2026-01-28,1647,N,VIIRS,n,2.0NRT,298.4,3.89,D
-37.88203,-58.25716,333.56,0.61,0.71,2026-01-28,1647,N,VIIRS,n,2.0NRT,297.26,4.65,D
-33.08124,-59.55262,332.96,0.68,0.74,2026-01-28,1649,N,VIIRS,n,2.0NRT,303.11,5.61,D
-32.80404,-60.58038,331.5,0.77,0.77,2026-01-28,1649,N,VIIRS,n,2.0NRT,297.77,8.69,D
-32.39727,-59.02283,344.32,0.62,0.72,2026-01-28,1649,N,VIIRS,n,2.0NRT,301.82,7.35,D
-32.39048,-59.02309,332.42,0.62,0.72,2026-01-28,1649,N,VIIRS,l,2.0NRT,302.85,7.35,D
-31.08377,-59.41299,335.21,0.64,0.72,2026-01-28,1649,N,VIIRS,n,2.0NRT,299.6,5.59,D
-31.06091,-59.71947,367,0.67,0.74,2026-01-28,1649,N,VIIRS,h,2.0NRT,299.49,19.28,D
-31.06201,-59.72044,367,0.67,0.74,2026-01-28,1649,N,VIIRS,h,2.0NRT,300.2,11.86,D
-31.05504,-59.72088,340.69,0.67,0.74,2026-01-28,1649,N,VIIRS,n,2.0NRT,295.52,11.86,D
-30.97064,-58.74239,367,0.59,0.7,2026-01-28,1649,N,VIIRS,h,2.0NRT,291.79,0.67,D
-30.95226,-60.0675,330.76,0.7,0.75,2026-01-28,1649,N,VIIRS,n,2.0NRT,292.93,5.64,D
-30.691,-57.9471,367,0.53,0.67,2026-01-28,1649,N,VIIRS,h,2.0NRT,292.45,13.85,D
-30.6907,-57.94143,337.38,0.53,0.67,2026-01-28,1649,N,VIIRS,n,2.0NRT,291.49,13.85,D
-29.87179,-58.42304,330.55,0.55,0.68,2026-01-28,1649,N,VIIRS,n,2.0NRT,292.06,9.06,D
-29.87181,-58.41911,337.63,0.55,0.68,2026-01-28,1649,N,VIIRS,n,2.0NRT,292.72,8.26,D
-29.45034,-56.9424,334.74,0.45,0.63,2026-01-28,1649,N,VIIRS,n,2.0NRT,294.95,4.18,D
-29.45234,-56.94009,335.27,0.45,0.63,2026-01-28,1649,N,VIIRS,n,2.0NRT,295.2,4.03,D
-29.30661,-57.30904,335.97,0.47,0.64,2026-01-28,1649,N,VIIRS,n,2.0NRT,295.37,3.18,D
-29.2502,-57.27835,344.29,0.47,0.64,2026-01-28,1649,N,VIIRS,n,2.0NRT,295.32,5.15,D
-29.24821,-57.27842,343.59,0.47,0.64,2026-01-28,1649,N,VIIRS,n,2.0NRT,294.72,4.91,D
-29.22641,-57.31525,338.72,0.47,0.64,2026-01-28,1649,N,VIIRS,n,2.0NRT,294.65,6.35,D
-29.13654,-56.67448,367,0.43,0.62,2026-01-28,1649,N,VIIRS,h,2.0NRT,297.88,9.29,D
-29.05818,-56.54408,367,0.42,0.61,2026-01-28,1649,N,VIIRS,h,2.0NRT,298.32,5.8,D
-29.05849,-56.54856,336.55,0.42,0.61,2026-01-28,1649,N,VIIRS,n,2.0NRT,296.01,5.8,D
-28.06758,-55.45799,343.04,0.35,0.57,2026-01-28,1652,N,VIIRS,n,2.0NRT,297.49,5.66,D
-28.06193,-55.45481,367,0.35,0.57,2026-01-28,1652,N,VIIRS,h,2.0NRT,296.58,5.66,D
-28.06162,-55.45112,338.9,0.35,0.57,2026-01-28,1652,N,VIIRS,n,2.0NRT,297.03,9.88,D
-28.06224,-55.45853,339.69,0.35,0.57,2026-01-28,1652,N,VIIRS,n,2.0NRT,296.34,5.66,D
-27.5497,-55.26178,367,0.34,0.56,2026-01-28,1652,N,VIIRS,h,2.0NRT,295.68,11.21,D
-26.39026,-54.04396,341.11,0.56,0.51,2026-01-28,1652,N,VIIRS,n,2.0NRT,299.04,5.07,D
-26.29313,-53.83432,341.25,0.54,0.51,2026-01-28,1652,N,VIIRS,n,2.0NRT,299.16,57.49,D
-26.66023,-58.24189,335.48,0.51,0.66,2026-01-28,1652,N,VIIRS,n,2.0NRT,289.88,8.39,D
-26.29368,-53.8399,295.22,0.54,0.51,2026-01-28,1652,N,VIIRS,l,2.0NRT,298.86,48.28,D
-24.60221,-60.71729,328.83,0.69,0.74,2026-01-28,1652,N,VIIRS,n,2.0NRT,285.9,2.73,D
-38.52912,-58.74028,333.44,0.51,0.49,2026-01-28,1828,N,VIIRS,n,2.0NRT,306.07,1.54,D
-37.98339,-57.62303,338.04,0.6,0.53,2026-01-28,1828,N,VIIRS,n,2.0NRT,304.8,4.69,D
-38.78909,-62.2838,330.63,0.52,0.41,2026-01-28,1828,N,VIIRS,n,2.0NRT,300.5,2.88,D
-39.19004,-66.14728,344.62,0.39,0.36,2026-01-28,1830,N,VIIRS,n,2.0NRT,313.78,24.08,D
-38.74525,-68.83609,348.51,0.39,0.36,2026-01-28,1830,N,VIIRS,n,2.0NRT,322.07,6.15,D
-38.16139,-68.559,349.86,0.39,0.36,2026-01-28,1830,N,VIIRS,l,2.0NRT,320.97,5.53,D
-37.89761,-67.87162,352.31,0.38,0.36,2026-01-28,1830,N,VIIRS,l,2.0NRT,326.73,33.74,D
-34.85744,-57.89291,330.74,0.34,0.56,2026-01-28,1830,N,VIIRS,n,2.0NRT,298.33,3.02,D
-34.81756,-58.71696,334.17,0.62,0.54,2026-01-28,1830,N,VIIRS,l,2.0NRT,307.29,4.2,D
-34.40022,-58.95047,335.13,0.62,0.54,2026-01-28,1830,N,VIIRS,l,2.0NRT,306.89,5.43,D
-34.06697,-58.69841,333.03,0.33,0.55,2026-01-28,1830,N,VIIRS,l,2.0NRT,305.43,6.53,D
-34.05698,-58.7019,330.74,0.33,0.55,2026-01-28,1830,N,VIIRS,l,2.0NRT,303.41,3.04,D
-34.05784,-58.70541,332.41,0.33,0.55,2026-01-28,1830,N,VIIRS,l,2.0NRT,307.1,3.41,D
-34.00828,-58.7683,345.88,0.32,0.55,2026-01-28,1830,N,VIIRS,n,2.0NRT,300.36,2.72,D
-33.98898,-58.75599,354.59,0.32,0.55,2026-01-28,1830,N,VIIRS,n,2.0NRT,306.16,8.31,D
-33.98985,-58.75949,337.9,0.32,0.55,2026-01-28,1830,N,VIIRS,n,2.0NRT,304.89,3.58,D
-33.99216,-58.75612,338.04,0.32,0.55,2026-01-28,1830,N,VIIRS,n,2.0NRT,306.05,5.59,D
-33.98717,-58.75786,350.69,0.32,0.55,2026-01-28,1830,N,VIIRS,n,2.0NRT,301.95,5.59,D
-33.27707,-58.71515,367,0.34,0.56,2026-01-28,1830,N,VIIRS,h,2.0NRT,307.64,5.4,D
-33.27795,-58.71873,340.32,0.34,0.56,2026-01-28,1830,N,VIIRS,n,2.0NRT,307.88,5.84,D
-33.272,-58.71696,341.23,0.34,0.56,2026-01-28,1830,N,VIIRS,n,2.0NRT,308.37,5.4,D
-33.14071,-59.26092,351.6,0.32,0.54,2026-01-28,1830,N,VIIRS,n,2.0NRT,304.91,2.05,D
-33.08033,-59.55361,336.9,0.62,0.54,2026-01-28,1830,N,VIIRS,n,2.0NRT,310.56,4.59,D
-32.78766,-60.21741,348.11,0.58,0.52,2026-01-28,1830,N,VIIRS,n,2.0NRT,306.02,8.3,D
-32.78867,-60.21262,330.58,0.58,0.52,2026-01-28,1830,N,VIIRS,l,2.0NRT,303.13,4.02,D
-32.78534,-60.22031,338.31,0.58,0.52,2026-01-28,1830,N,VIIRS,n,2.0NRT,304.92,5.26,D
-32.80764,-60.5803,331.87,0.55,0.51,2026-01-28,1830,N,VIIRS,n,2.0NRT,302.88,9.8,D
-32.80899,-60.58617,334.04,0.55,0.51,2026-01-28,1830,N,VIIRS,n,2.0NRT,301.98,4.99,D
-32.80298,-60.5818,346.84,0.55,0.51,2026-01-28,1830,N,VIIRS,n,2.0NRT,306.91,9.8,D
-32.80433,-60.58765,339.71,0.55,0.51,2026-01-28,1830,N,VIIRS,n,2.0NRT,303.02,4.99,D
-32.79832,-60.58328,347.91,0.55,0.51,2026-01-28,1830,N,VIIRS,n,2.0NRT,305.26,15.57,D
-32.79967,-60.58913,341.16,0.55,0.51,2026-01-28,1830,N,VIIRS,n,2.0NRT,302.96,8.59,D
-32.39251,-59.02151,356.14,0.34,0.56,2026-01-28,1830,N,VIIRS,n,2.0NRT,311.41,8.29,D
-32.39273,-59.01929,348.82,0.34,0.56,2026-01-28,1830,N,VIIRS,n,2.0NRT,307.69,4.4,D
-32.39361,-59.02295,341.81,0.34,0.56,2026-01-28,1830,N,VIIRS,n,2.0NRT,310.75,4.4,D
-32.4828,-59.75328,334.66,0.62,0.54,2026-01-28,1830,N,VIIRS,l,2.0NRT,307.54,4.93,D
-32.28197,-59.08638,341.04,0.34,0.56,2026-01-28,1830,N,VIIRS,n,2.0NRT,303.6,3.13,D
-32.60687,-60.68525,335.51,0.55,0.51,2026-01-28,1830,N,VIIRS,n,2.0NRT,302.65,6.34,D
-32.60356,-60.69254,336.54,0.55,0.51,2026-01-28,1830,N,VIIRS,n,2.0NRT,305.29,6.06,D
-32.39616,-60.72574,341.8,0.55,0.51,2026-01-28,1830,N,VIIRS,n,2.0NRT,309.04,7.52,D
-32.39149,-60.7272,344.47,0.55,0.51,2026-01-28,1830,N,VIIRS,n,2.0NRT,303.67,7.27,D
-33.95816,-69.0295,345.98,0.38,0.36,2026-01-28,1830,N,VIIRS,n,2.0NRT,315.82,4.73,D
-33.95484,-69.03024,347.02,0.38,0.36,2026-01-28,1830,N,VIIRS,n,2.0NRT,315.12,4.73,D
-32.35287,-60.84169,348.57,0.54,0.51,2026-01-28,1830,N,VIIRS,n,2.0NRT,305.04,8.24,D
-32.06742,-59.6804,345.21,0.32,0.55,2026-01-28,1830,N,VIIRS,n,2.0NRT,310.99,4.85,D
-33.86908,-69.01844,338.15,0.38,0.36,2026-01-28,1830,N,VIIRS,l,2.0NRT,311.7,1.89,D
-31.36258,-58.94923,342.55,0.36,0.58,2026-01-28,1832,N,VIIRS,n,2.0NRT,303.5,2.9,D
-31.34869,-58.96209,345.45,0.36,0.58,2026-01-28,1832,N,VIIRS,n,2.0NRT,302.99,6.72,D
-31.58998,-60.56767,342.04,0.59,0.53,2026-01-28,1832,N,VIIRS,n,2.0NRT,302.58,6.78,D
-30.90428,-58.01516,332.97,0.42,0.61,2026-01-28,1832,N,VIIRS,n,2.0NRT,296.38,2.58,D
-31.08371,-59.41132,342.15,0.35,0.57,2026-01-28,1832,N,VIIRS,n,2.0NRT,310.28,5.92,D
-29.86297,-57.7036,341.74,0.46,0.64,2026-01-28,1832,N,VIIRS,n,2.0NRT,292.8,3.67,D
-29.86622,-57.70172,340.63,0.46,0.64,2026-01-28,1832,N,VIIRS,n,2.0NRT,292.1,3.24,D
-30.53959,-60.9098,341.69,0.59,0.53,2026-01-28,1832,N,VIIRS,n,2.0NRT,297.94,6.05,D
-30.5383,-60.91241,330.76,0.59,0.53,2026-01-28,1832,N,VIIRS,n,2.0NRT,296.67,3.92,D
-29.45307,-56.93776,337.04,0.52,0.67,2026-01-28,1832,N,VIIRS,n,2.0NRT,294.42,4.11,D
-29.3761,-57.08512,341.02,0.52,0.66,2026-01-28,1832,N,VIIRS,n,2.0NRT,295.49,6.8,D
-29.36861,-57.08178,330.08,0.52,0.66,2026-01-28,1832,N,VIIRS,n,2.0NRT,294.41,5.54,D
-29.37004,-57.08712,334.74,0.52,0.66,2026-01-28,1832,N,VIIRS,n,2.0NRT,295.72,6.51,D
-29.3706,-57.08223,334.32,0.52,0.67,2026-01-28,1832,N,VIIRS,n,2.0NRT,294.4,7.76,D
-29.372,-57.08762,351.61,0.52,0.66,2026-01-28,1832,N,VIIRS,n,2.0NRT,296.29,7.76,D
-29.37419,-57.19675,333.94,0.51,0.66,2026-01-28,1832,N,VIIRS,n,2.0NRT,292.72,3.94,D
-29.36817,-57.19877,348.09,0.51,0.66,2026-01-28,1832,N,VIIRS,n,2.0NRT,293.62,5.99,D
-29.27558,-57.11309,334.06,0.52,0.67,2026-01-28,1832,N,VIIRS,n,2.0NRT,293.23,2.51,D
-30.0033,-60.55828,357.89,0.32,0.54,2026-01-28,1832,N,VIIRS,l,2.0NRT,288.76,5.96,D
-29.99833,-60.55979,340.89,0.32,0.54,2026-01-28,1832,N,VIIRS,n,2.0NRT,278.55,2.1,D
-29.28888,-57.79135,331.5,0.47,0.64,2026-01-28,1832,N,VIIRS,n,2.0NRT,294.74,10.8,D
-28.81466,-57.38374,330.91,0.51,0.66,2026-01-28,1832,N,VIIRS,n,2.0NRT,294.01,2.2,D
-29.43761,-61.96391,367,0.54,0.51,2026-01-28,1832,N,VIIRS,h,2.0NRT,296.77,27.43,D
-30.29232,-66.31452,340.72,0.47,0.4,2026-01-28,1832,N,VIIRS,n,2.0NRT,305.13,6.47,D
-29.49471,-62.80098,347.47,0.49,0.48,2026-01-28,1832,N,VIIRS,n,2.0NRT,298.1,4.35,D
-29.50146,-62.9204,333.9,0.48,0.48,2026-01-28,1832,N,VIIRS,n,2.0NRT,297.06,3.29,D
-28.3069,-58.87667,351.46,0.43,0.62,2026-01-28,1832,N,VIIRS,n,2.0NRT,294.79,6.86,D
-28.30648,-58.87612,346.89,0.43,0.62,2026-01-28,1832,N,VIIRS,n,2.0NRT,294.58,7.52,D
-28.08814,-67.53122,339.46,0.45,0.39,2026-01-28,1832,N,VIIRS,n,2.0NRT,306.47,4.72,D
-28.03501,-67.55141,338.35,0.45,0.39,2026-01-28,1832,N,VIIRS,n,2.0NRT,303.44,4.93,D
-25.87517,-58.32201,333.76,0.53,0.67,2026-01-28,1832,N,VIIRS,n,2.0NRT,287.51,9.06,D
-25.87652,-58.32745,332.51,0.53,0.67,2026-01-28,1832,N,VIIRS,n,2.0NRT,286.32,3.94,D
-25.47575,-58.05487,335.34,0.56,0.69,2026-01-28,1832,N,VIIRS,n,2.0NRT,289.21,3.4,D
-25.32176,-61.99693,335.49,0.33,0.55,2026-01-28,1832,N,VIIRS,n,2.0NRT,297.47,2.04,D
-48.81519,-71.03519,367,0.5,0.66,2026-01-28,2006,N,VIIRS,h,2.0NRT,303.65,8.85,D
-28.42,-56.88668,316.16,0.5,0.66,2026-01-29,0408,N,VIIRS,n,2.0NRT,288.88,2.45,N
-29.87327,-58.41861,304.15,0.57,0.69,2026-01-29,0408,N,VIIRS,n,2.0NRT,289.24,0.72,N
-29.87789,-58.4269,304.33,0.57,0.69,2026-01-29,0408,N,VIIRS,n,2.0NRT,288.61,1.75,N
-29.87952,-58.42096,304.61,0.57,0.69,2026-01-29,0408,N,VIIRS,n,2.0NRT,288.41,0.72,N
-30.47445,-57.92334,323.58,0.52,0.66,2026-01-29,0408,N,VIIRS,n,2.0NRT,291.67,3.53,N
-30.47281,-57.92142,332.83,0.51,0.66,2026-01-29,0408,N,VIIRS,n,2.0NRT,291.74,3.81,N
-33.36245,-60.164,303.5,0.57,0.69,2026-01-29,0408,N,VIIRS,n,2.0NRT,291.83,1.12,N
-33.36869,-60.16661,302.5,0.57,0.69,2026-01-29,0408,N,VIIRS,n,2.0NRT,292.05,1.12,N
-25.78946,-60.77431,311.57,0.52,0.5,2026-01-29,0546,N,VIIRS,n,2.0NRT,290.36,1.58,N
-28.83916,-65.77197,320.56,0.46,0.39,2026-01-29,0548,N,VIIRS,n,2.0NRT,294.01,2.41,N
-28.83979,-65.76721,313.34,0.46,0.39,2026-01-29,0548,N,VIIRS,n,2.0NRT,293.77,2.41,N
-29.87902,-58.42527,309.04,0.4,0.6,2026-01-29,0548,N,VIIRS,n,2.0NRT,290.17,1.56,N
-29.87934,-58.42099,317.03,0.4,0.6,2026-01-29,0548,N,VIIRS,n,2.0NRT,289.93,1.14,N
-29.87965,-58.41672,301.89,0.4,0.6,2026-01-29,0548,N,VIIRS,n,2.0NRT,290.01,1.14,N
-29.49333,-62.80551,308.04,0.44,0.46,2026-01-29,0548,N,VIIRS,n,2.0NRT,291.38,0.94,N
-29.49765,-62.80612,312.48,0.44,0.46,2026-01-29,0548,N,VIIRS,n,2.0NRT,290.67,0.94,N
-29.50296,-62.79752,311.43,0.44,0.46,2026-01-29,0548,N,VIIRS,n,2.0NRT,291.36,0.8,N
-29.50727,-62.79813,308.76,0.44,0.46,2026-01-29,0548,N,VIIRS,n,2.0NRT,290.6,0.8,N
-30.4725,-57.92193,337.95,0.43,0.62,2026-01-29,0548,N,VIIRS,n,2.0NRT,292.63,9.3,N
-30.47282,-57.91722,367,0.43,0.62,2026-01-29,0548,N,VIIRS,h,2.0NRT,293.34,9.3,N
-30.47161,-57.92108,367,0.43,0.62,2026-01-29,0548,N,VIIRS,h,2.0NRT,293.79,6.46,N
-30.47191,-57.91636,342.47,0.43,0.62,2026-01-29,0548,N,VIIRS,n,2.0NRT,292.51,6.46,N
-30.47746,-57.92157,302.75,0.43,0.62,2026-01-29,0548,N,VIIRS,n,2.0NRT,291.52,6.46,N
-31.51984,-59.30729,331.39,0.37,0.58,2026-01-29,0548,N,VIIRS,n,2.0NRT,291.17,4.87,N
-31.52015,-59.3033,352.6,0.37,0.58,2026-01-29,0548,N,VIIRS,n,2.0NRT,291.68,4.87,N
-31.82388,-65.54996,312.73,0.5,0.41,2026-01-29,0550,N,VIIRS,n,2.0NRT,292.17,2.28,N
-32.96928,-60.74895,310.99,0.63,0.54,2026-01-29,0550,N,VIIRS,n,2.0NRT,291.67,2.03,N
-32.26839,-68.60692,327.31,0.4,0.37,2026-01-29,0550,N,VIIRS,n,2.0NRT,291.85,2.48,N
-33.25801,-60.28705,340.63,0.34,0.56,2026-01-29,0550,N,VIIRS,n,2.0NRT,294.21,3.88,N
-33.2583,-60.28328,322.43,0.34,0.56,2026-01-29,0550,N,VIIRS,n,2.0NRT,292.74,2.65,N
-33.25789,-60.28573,337.71,0.34,0.56,2026-01-29,0550,N,VIIRS,n,2.0NRT,293.8,4.29,N
-33.25816,-60.28199,323.5,0.34,0.56,2026-01-29,0550,N,VIIRS,n,2.0NRT,292.41,1.96,N
-33.36794,-60.16127,324.53,0.34,0.56,2026-01-29,0550,N,VIIRS,n,2.0NRT,293.72,2.46,N
-33.36823,-60.15748,305.88,0.34,0.56,2026-01-29,0550,N,VIIRS,n,2.0NRT,292.45,1.94,N
-33.36881,-60.1499,303.9,0.34,0.56,2026-01-29,0550,N,VIIRS,n,2.0NRT,292.08,1.69,N
-33.37439,-60.14666,317.66,0.34,0.56,2026-01-29,0550,N,VIIRS,n,2.0NRT,292.93,0.99,N
-33.37968,-60.14722,303.61,0.34,0.56,2026-01-29,0550,N,VIIRS,n,2.0NRT,290.72,0.99,N
-33.36588,-60.16274,306.42,0.34,0.56,2026-01-29,0550,N,VIIRS,n,2.0NRT,292.16,0.97,N
-33.36614,-60.15895,303.67,0.34,0.56,2026-01-29,0550,N,VIIRS,n,2.0NRT,292.35,0.97,N
-33.37143,-60.15958,308.96,0.34,0.56,2026-01-29,0550,N,VIIRS,n,2.0NRT,292.99,1.47,N
-33.37196,-60.15197,302.89,0.34,0.56,2026-01-29,0550,N,VIIRS,n,2.0NRT,292.57,1.63,N
-33.37752,-60.14874,314.08,0.34,0.56,2026-01-29,0550,N,VIIRS,n,2.0NRT,291.48,1.23,N
-33.37779,-60.14492,304.26,0.34,0.56,2026-01-29,0550,N,VIIRS,n,2.0NRT,291.81,1.23,N
-33.06393,-68.97521,303.1,0.4,0.37,2026-01-29,0550,N,VIIRS,n,2.0NRT,292.72,1.61,N
-34.14885,-58.98903,306,0.41,0.6,2026-01-29,0550,N,VIIRS,n,2.0NRT,292,1.13,N
-34.14913,-58.98446,307.59,0.41,0.6,2026-01-29,0550,N,VIIRS,n,2.0NRT,291.94,1.13,N
-34.15711,-58.94827,304.94,0.41,0.6,2026-01-29,0550,N,VIIRS,n,2.0NRT,292.77,1.6,N
-34.4406,-58.56292,327.55,0.43,0.62,2026-01-29,0550,N,VIIRS,n,2.0NRT,293.04,2.07,N
-34.82421,-58.34428,300.3,0.45,0.63,2026-01-29,0550,N,VIIRS,n,2.0NRT,289.5,0.57,N
-34.83015,-58.34478,301.02,0.45,0.63,2026-01-29,0550,N,VIIRS,n,2.0NRT,288.32,0.4,N
-37.04021,-60.2958,311.81,0.36,0.58,2026-01-29,0550,N,VIIRS,n,2.0NRT,288.66,1.51,N
-37.03583,-60.29705,302.84,0.36,0.58,2026-01-29,0550,N,VIIRS,n,2.0NRT,288.68,0.69,N
-37.04127,-60.29759,299.06,0.36,0.58,2026-01-29,0550,N,VIIRS,n,2.0NRT,287.83,0.78,N
-37.42759,-69.17471,312.15,0.42,0.38,2026-01-29,0550,N,VIIRS,n,2.0NRT,293.99,1.07,N
-37.42825,-69.16992,312.25,0.42,0.38,2026-01-29,0550,N,VIIRS,n,2.0NRT,293.33,1.07,N
-37.52908,-69.09015,317.13,0.42,0.38,2026-01-29,0550,N,VIIRS,n,2.0NRT,293.68,1.24,N
-37.7121,-69.14261,321.6,0.42,0.38,2026-01-29,0550,N,VIIRS,n,2.0NRT,294.71,1.61,N
-37.71339,-69.13302,329.12,0.42,0.38,2026-01-29,0550,N,VIIRS,n,2.0NRT,296.13,3.72,N
-38.01387,-68.59282,326.03,0.44,0.38,2026-01-29,0550,N,VIIRS,n,2.0NRT,296.88,1.85,N
-38.01322,-68.59788,311.11,0.44,0.38,2026-01-29,0550,N,VIIRS,n,2.0NRT,296.21,2.12,N
-38.22989,-68.52586,318.29,0.44,0.39,2026-01-29,0550,N,VIIRS,n,2.0NRT,295.26,1.19,N
-38.27458,-68.69819,307.34,0.44,0.38,2026-01-29,0550,N,VIIRS,n,2.0NRT,295.53,0.78,N
-38.43632,-68.56104,306.02,0.44,0.39,2026-01-29,0550,N,VIIRS,n,2.0NRT,294.11,0.67,N
-38.43992,-68.56175,323.13,0.44,0.39,2026-01-29,0550,N,VIIRS,n,2.0NRT,294.76,2.17,N
-38.45566,-68.49593,329.95,0.45,0.39,2026-01-29,0550,N,VIIRS,n,2.0NRT,296.1,2.32,N
-38.69807,-68.71524,305.44,0.44,0.38,2026-01-29,0550,N,VIIRS,n,2.0NRT,291.58,0.35,N
-38.74494,-68.83641,345.12,0.44,0.38,2026-01-29,0550,N,VIIRS,n,2.0NRT,295.19,4.77,N
-42.5764,-71.661,300.08,0.4,0.37,2026-01-29,0552,N,VIIRS,n,2.0NRT,287.53,0.48,N
-42.24399,-71.54539,335.99,0.4,0.37,2026-01-29,0552,N,VIIRS,n,2.0NRT,291.57,3,N
-42.24738,-71.54633,309.74,0.4,0.37,2026-01-29,0552,N,VIIRS,n,2.0NRT,286.82,3,N
-42.24809,-71.54133,309.35,0.4,0.37,2026-01-29,0552,N,VIIRS,n,2.0NRT,286.5,3,N
-42.25149,-71.54221,298.53,0.4,0.37,2026-01-29,0552,N,VIIRS,n,2.0NRT,286.16,0.79,N
-42.31473,-71.51089,326.92,0.4,0.37,2026-01-29,0552,N,VIIRS,n,2.0NRT,286.8,1.25,N
-42.32637,-71.42764,298.59,0.4,0.37,2026-01-29,0552,N,VIIRS,n,2.0NRT,286.05,0.97,N
-42.31815,-71.5116,298.53,0.4,0.37,2026-01-29,0552,N,VIIRS,n,2.0NRT,284.18,1.25,N
-42.31885,-71.50661,295.84,0.4,0.37,2026-01-29,0552,N,VIIRS,n,2.0NRT,284.46,1.25,N
-42.32979,-71.4284,301.64,0.4,0.37,2026-01-29,0552,N,VIIRS,n,2.0NRT,285.8,0.97,N
-42.53286,-71.62009,296.71,0.4,0.37,2026-01-29,0552,N,VIIRS,n,2.0NRT,285.89,0.57,N
-42.56314,-71.45438,303.92,0.4,0.37,2026-01-29,0552,N,VIIRS,n,2.0NRT,286.1,1.03,N
-42.56654,-71.4553,295.71,0.4,0.37,2026-01-29,0552,N,VIIRS,n,2.0NRT,284.43,0.63,N
-42.54765,-71.66493,300.76,0.4,0.37,2026-01-29,0552,N,VIIRS,n,2.0NRT,285.1,0.78,N
-42.54836,-71.6599,305.93,0.4,0.37,2026-01-29,0552,N,VIIRS,n,2.0NRT,286.04,0.78,N
-42.55105,-71.66578,317.41,0.4,0.37,2026-01-29,0552,N,VIIRS,n,2.0NRT,285.93,0.99,N
-42.55176,-71.66079,296.49,0.4,0.37,2026-01-29,0552,N,VIIRS,n,2.0NRT,285.47,0.99,N
-42.55445,-71.6666,301.4,0.4,0.37,2026-01-29,0552,N,VIIRS,n,2.0NRT,286.46,0.99,N
-42.57299,-71.66021,298.37,0.4,0.37,2026-01-29,0552,N,VIIRS,n,2.0NRT,287.35,0.48,N
-42.58737,-71.55845,299.65,0.4,0.37,2026-01-29,0552,N,VIIRS,n,2.0NRT,285.97,0.78,N
-42.60675,-71.42043,301.96,0.4,0.37,2026-01-29,0552,N,VIIRS,n,2.0NRT,285.92,0.66,N
-42.59074,-71.55949,300.4,0.4,0.37,2026-01-29,0552,N,VIIRS,n,2.0NRT,285.4,0.78,N
-42.59144,-71.55458,313.63,0.4,0.37,2026-01-29,0552,N,VIIRS,n,2.0NRT,286.95,2.04,N
-42.59283,-71.54469,304.49,0.4,0.37,2026-01-29,0552,N,VIIRS,n,2.0NRT,286.36,1.42,N
-42.59423,-71.53481,306.58,0.4,0.37,2026-01-29,0552,N,VIIRS,n,2.0NRT,286.12,0.75,N
-42.59493,-71.52983,297.66,0.4,0.37,2026-01-29,0552,N,VIIRS,n,2.0NRT,285.05,0.75,N
-42.61018,-71.42125,295.89,0.4,0.37,2026-01-29,0552,N,VIIRS,n,2.0NRT,284.26,0.66,N
-42.59692,-71.54076,300.61,0.4,0.37,2026-01-29,0552,N,VIIRS,n,2.0NRT,285.66,0.96,N
-42.60327,-71.49574,295.22,0.4,0.37,2026-01-29,0552,N,VIIRS,n,2.0NRT,283.95,0.37,N
-42.60667,-71.49669,295.64,0.4,0.37,2026-01-29,0552,N,VIIRS,n,2.0NRT,283.16,0.37,N
-42.61837,-71.43857,301.98,0.4,0.37,2026-01-29,0552,N,VIIRS,n,2.0NRT,284.72,1.11,N
-42.61556,-71.48373,298.74,0.4,0.37,2026-01-29,0552,N,VIIRS,n,2.0NRT,285.08,0.8,N
-42.61626,-71.47877,297.59,0.4,0.37,2026-01-29,0552,N,VIIRS,n,2.0NRT,283.24,0.41,N
-42.62108,-71.44438,296.61,0.4,0.37,2026-01-29,0552,N,VIIRS,n,2.0NRT,284.45,0.99,N
-42.61974,-71.44042,296.99,0.4,0.37,2026-01-29,0552,N,VIIRS,n,2.0NRT,284.99,1.52,N
-42.62042,-71.43546,300.45,0.4,0.37,2026-01-29,0552,N,VIIRS,n,2.0NRT,282.01,0.46,N
-42.61359,-71.51035,299.34,0.4,0.37,2026-01-29,0552,N,VIIRS,n,2.0NRT,286.1,0.75,N
-42.61702,-71.48566,302.29,0.4,0.37,2026-01-29,0552,N,VIIRS,n,2.0NRT,283.6,0.77,N
-42.6177,-71.48067,296.59,0.4,0.37,2026-01-29,0552,N,VIIRS,n,2.0NRT,283.97,0.77,N
-42.61631,-71.51624,298.21,0.4,0.37,2026-01-29,0552,N,VIIRS,n,2.0NRT,285.85,0.92,N
-42.61699,-71.51136,302.55,0.4,0.37,2026-01-29,0552,N,VIIRS,n,2.0NRT,285.27,0.92,N
-42.61969,-71.51731,315.91,0.4,0.37,2026-01-29,0552,N,VIIRS,n,2.0NRT,285.25,0.92,N
-42.6286,-71.47851,304.28,0.4,0.37,2026-01-29,0552,N,VIIRS,n,2.0NRT,285.24,0.97,N
-42.6293,-71.47354,308.74,0.4,0.37,2026-01-29,0552,N,VIIRS,n,2.0NRT,285.97,0.97,N
-42.6327,-71.47443,302.42,0.4,0.37,2026-01-29,0552,N,VIIRS,n,2.0NRT,283.58,0.97,N
-42.6381,-71.48641,332.19,0.4,0.37,2026-01-29,0552,N,VIIRS,n,2.0NRT,285.3,3.03,N
-42.66405,-71.50294,298.26,0.4,0.37,2026-01-29,0552,N,VIIRS,n,2.0NRT,284.66,0.73,N
-42.63704,-71.7698,296.64,0.4,0.37,2026-01-29,0552,N,VIIRS,n,2.0NRT,286.5,1.04,N
-42.64381,-71.77167,314.23,0.4,0.37,2026-01-29,0552,N,VIIRS,n,2.0NRT,288.4,2.88,N
-42.64719,-71.77261,335.67,0.4,0.37,2026-01-29,0552,N,VIIRS,n,2.0NRT,288.05,2.88,N
-42.65123,-71.76888,296.71,0.4,0.37,2026-01-29,0552,N,VIIRS,n,2.0NRT,285.67,0.69,N
-42.65526,-71.76527,297.63,0.4,0.37,2026-01-29,0552,N,VIIRS,n,2.0NRT,285.25,0.69,N
-42.6782,-71.60347,312.38,0.4,0.37,2026-01-29,0552,N,VIIRS,n,2.0NRT,284.4,1.64,N
-42.68161,-71.60423,303.97,0.4,0.37,2026-01-29,0552,N,VIIRS,n,2.0NRT,286.6,1.53,N
-46.55805,-68.10632,296.84,0.56,0.43,2026-01-29,0552,N,VIIRS,n,2.0NRT,285.95,0.45,N
-46.55802,-68.10501,296.76,0.56,0.43,2026-01-29,0552,N,VIIRS,n,2.0NRT,285.91,0.66,N
-46.7868,-67.92947,299.02,0.38,0.43,2026-01-29,0554,N,VIIRS,n,2.0NRT,286.81,0.62,N
-26.50187,-54.67162,330.27,0.59,0.7,2026-01-29,1632,N,VIIRS,n,2.0NRT,290.61,5.55,D
-26.10413,-54.35756,327.13,0.56,0.69,2026-01-29,1632,N,VIIRS,n,2.0NRT,294.9,15.14,D
-30.56032,-59.81879,339.2,0.56,0.43,2026-01-29,1810,N,VIIRS,n,2.0NRT,304.94,4.86,D
-30.33343,-60.11112,340.76,0.55,0.42,2026-01-29,1810,N,VIIRS,l,2.0NRT,315.07,6.33,D
-29.91401,-59.73368,356.36,0.39,0.44,2026-01-29,1810,N,VIIRS,n,2.0NRT,306.4,8.21,D
-29.30066,-57.01959,353.68,0.56,0.52,2026-01-29,1810,N,VIIRS,n,2.0NRT,298.22,11.24,D
-29.31548,-57.1069,330.6,0.55,0.51,2026-01-29,1810,N,VIIRS,n,2.0NRT,299.17,1.51,D
-29.30095,-57.01631,332.71,0.56,0.52,2026-01-29,1810,N,VIIRS,n,2.0NRT,298.83,9.66,D
-29.29814,-57.31828,334.18,0.54,0.51,2026-01-29,1810,N,VIIRS,n,2.0NRT,303.46,6.02,D
-29.2864,-57.3098,347.16,0.54,0.51,2026-01-29,1810,N,VIIRS,n,2.0NRT,305.77,17.73,D
-29.28176,-57.31111,353.58,0.54,0.51,2026-01-29,1810,N,VIIRS,n,2.0NRT,303.29,17.73,D
-29.10105,-56.58583,343.8,0.6,0.53,2026-01-29,1810,N,VIIRS,n,2.0NRT,299.13,5.59,D
-29.85632,-61.38087,341.33,0.48,0.4,2026-01-29,1810,N,VIIRS,l,2.0NRT,315.16,6.82,D
-29.14221,-57.83785,340.82,0.51,0.49,2026-01-29,1810,N,VIIRS,n,2.0NRT,308.14,4.67,D
-28.88295,-56.8146,332.84,0.59,0.53,2026-01-29,1810,N,VIIRS,n,2.0NRT,297.64,7.37,D
-29.44737,-59.68773,336.39,0.4,0.44,2026-01-29,1810,N,VIIRS,n,2.0NRT,304.94,2.09,D
-29.4425,-59.68469,331.61,0.4,0.44,2026-01-29,1810,N,VIIRS,l,2.0NRT,303.97,7.27,D
-30.02417,-62.86986,338.84,0.42,0.38,2026-01-29,1810,N,VIIRS,n,2.0NRT,309.72,2.46,D
-29.05095,-58.25319,331.72,0.48,0.48,2026-01-29,1810,N,VIIRS,n,2.0NRT,305.76,2.48,D
-29.64971,-61.3758,345.43,0.49,0.4,2026-01-29,1810,N,VIIRS,n,2.0NRT,316.19,3.63,D
-29.64791,-61.37506,340.47,0.49,0.4,2026-01-29,1810,N,VIIRS,l,2.0NRT,315.19,3.72,D
-29.29143,-59.85651,352.28,0.39,0.44,2026-01-29,1810,N,VIIRS,n,2.0NRT,308.5,7.51,D
-29.36393,-60.4498,334.06,0.54,0.42,2026-01-29,1810,N,VIIRS,n,2.0NRT,305.26,0.84,D
-29.69724,-62.91582,338.47,0.43,0.38,2026-01-29,1810,N,VIIRS,l,2.0NRT,312.07,1.57,D
-29.34593,-61.19925,343.02,0.5,0.41,2026-01-29,1810,N,VIIRS,n,2.0NRT,315.59,5.96,D
-29.22656,-61.01698,347.36,0.51,0.41,2026-01-29,1810,N,VIIRS,n,2.0NRT,308.73,6.87,D
-29.22376,-61.0232,338.11,0.51,0.41,2026-01-29,1810,N,VIIRS,l,2.0NRT,310.44,4.97,D
-29.50283,-62.79725,347.65,0.43,0.38,2026-01-29,1810,N,VIIRS,n,2.0NRT,312.28,4.17,D
-42.58501,-71.39844,344.2,0.54,0.51,2026-01-29,1810,N,VIIRS,n,2.0NRT,306.69,131.16,D
-42.58074,-71.40652,353.07,0.54,0.51,2026-01-29,1810,N,VIIRS,n,2.0NRT,315.88,64.57,D
-42.58124,-71.41396,350.08,0.54,0.51,2026-01-29,1810,N,VIIRS,n,2.0NRT,315.36,32.87,D
-42.56465,-71.45451,354.43,0.55,0.51,2026-01-29,1810,N,VIIRS,n,2.0NRT,316.82,76.82,D
-42.56517,-71.45351,352.48,0.55,0.51,2026-01-29,1810,N,VIIRS,n,2.0NRT,316.85,31.75,D
-42.56041,-71.45451,348.02,0.55,0.51,2026-01-29,1810,N,VIIRS,n,2.0NRT,311.37,31.75,D
-42.55598,-71.66854,343.56,0.56,0.51,2026-01-29,1810,N,VIIRS,n,2.0NRT,299.97,9.88,D
-42.52973,-71.64104,347.96,0.56,0.51,2026-01-29,1810,N,VIIRS,n,2.0NRT,300.11,6.17,D
-42.38857,-71.46404,351.44,0.54,0.51,2026-01-29,1810,N,VIIRS,n,2.0NRT,309.09,16.21,D
-42.36356,-71.37933,339.64,0.54,0.51,2026-01-29,1810,N,VIIRS,n,2.0NRT,308.52,6.07,D
-42.35878,-71.37974,367,0.54,0.51,2026-01-29,1810,N,VIIRS,h,2.0NRT,308.57,20.57,D
-42.3285,-71.42947,352.32,0.54,0.51,2026-01-29,1810,N,VIIRS,n,2.0NRT,304.81,13.64,D
-42.32835,-71.42474,342.34,0.54,0.51,2026-01-29,1810,N,VIIRS,n,2.0NRT,300.45,11.99,D
-42.32873,-71.43011,349.22,0.54,0.51,2026-01-29,1810,N,VIIRS,n,2.0NRT,304.79,11.99,D
-42.31495,-71.508,353.73,0.55,0.51,2026-01-29,1810,N,VIIRS,n,2.0NRT,313.88,51.99,D
-42.3154,-71.5145,353.93,0.55,0.51,2026-01-29,1810,N,VIIRS,n,2.0NRT,311.81,51.99,D
-42.2696,-71.55132,354.49,0.55,0.51,2026-01-29,1810,N,VIIRS,n,2.0NRT,310.34,22.25,D
-42.24971,-71.54313,341.34,0.55,0.51,2026-01-29,1810,N,VIIRS,n,2.0NRT,305.17,17.85,D
-42.2504,-71.55358,347.57,0.55,0.51,2026-01-29,1810,N,VIIRS,n,2.0NRT,312.91,52.51,D
-42.25072,-71.55833,337.56,0.55,0.51,2026-01-29,1810,N,VIIRS,l,2.0NRT,312.23,47.68,D
-42.24445,-71.53663,343.48,0.55,0.51,2026-01-29,1810,N,VIIRS,n,2.0NRT,309.07,168.45,D
-42.24529,-71.54939,350.98,0.55,0.51,2026-01-29,1810,N,VIIRS,n,2.0NRT,304.88,24.16,D
-42.24598,-71.53794,344.85,0.55,0.51,2026-01-29,1810,N,VIIRS,l,2.0NRT,318.89,113.15,D
-42.24718,-71.55485,356.28,0.55,0.51,2026-01-29,1810,N,VIIRS,n,2.0NRT,314.78,86.19,D
-38.74404,-68.84021,340.32,0.56,0.43,2026-01-29,1810,N,VIIRS,l,2.0NRT,313.57,1.02,D
-38.50256,-68.60046,347.9,0.54,0.42,2026-01-29,1810,N,VIIRS,n,2.0NRT,315.64,43.11,D
-38.21854,-68.63955,345.81,0.54,0.42,2026-01-29,1810,N,VIIRS,l,2.0NRT,319.63,3.3,D
-37.71334,-69.13724,350.19,0.56,0.43,2026-01-29,1810,N,VIIRS,n,2.0NRT,317.54,5.97,D
-37.47939,-69.37565,344.71,0.57,0.43,2026-01-29,1810,N,VIIRS,l,2.0NRT,319.06,9.77,D
-42.69466,-71.47031,367,0.55,0.51,2026-01-29,1810,N,VIIRS,h,2.0NRT,307.37,23.79,D
-42.68862,-71.38022,351.94,0.54,0.51,2026-01-29,1810,N,VIIRS,n,2.0NRT,311.36,47.61,D
-42.6891,-71.38731,350.95,0.54,0.51,2026-01-29,1810,N,VIIRS,n,2.0NRT,314.84,47.61,D
-42.68956,-71.39419,339.22,0.54,0.51,2026-01-29,1810,N,VIIRS,l,2.0NRT,310.48,25.67,D
-42.69001,-71.40092,339.71,0.54,0.51,2026-01-29,1810,N,VIIRS,n,2.0NRT,306.9,25.67,D
-42.68383,-71.3806,354.91,0.54,0.51,2026-01-29,1810,N,VIIRS,n,2.0NRT,303.88,23.1,D
-42.6843,-71.38754,343.88,0.54,0.51,2026-01-29,1810,N,VIIRS,n,2.0NRT,304.63,23.1,D
-42.68475,-71.39431,344.54,0.54,0.51,2026-01-29,1810,N,VIIRS,n,2.0NRT,311.26,9.58,D
-42.68661,-71.42198,342.66,0.55,0.51,2026-01-29,1810,N,VIIRS,n,2.0NRT,308.6,7.98,D
-42.69031,-71.47767,344.78,0.55,0.51,2026-01-29,1810,N,VIIRS,n,2.0NRT,311.4,13.55,D
-42.67125,-71.40845,339.22,0.54,0.51,2026-01-29,1810,N,VIIRS,n,2.0NRT,300.14,10.59,D
-42.67171,-71.41556,344.3,0.54,0.51,2026-01-29,1810,N,VIIRS,n,2.0NRT,303.53,10.59,D
-42.67218,-71.42257,334.55,0.55,0.51,2026-01-29,1810,N,VIIRS,n,2.0NRT,299.11,3.73,D
-42.67366,-71.44498,342.54,0.55,0.51,2026-01-29,1810,N,VIIRS,n,2.0NRT,308.97,9.91,D
-42.66835,-71.4377,350.15,0.55,0.51,2026-01-29,1810,N,VIIRS,n,2.0NRT,310.09,30.32,D
-42.66885,-71.44544,354.14,0.55,0.51,2026-01-29,1810,N,VIIRS,n,2.0NRT,311.38,30.32,D
-42.67924,-71.60538,344.07,0.56,0.51,2026-01-29,1810,N,VIIRS,n,2.0NRT,303.01,10.18,D
-42.64305,-71.41959,341.67,0.54,0.51,2026-01-29,1810,N,VIIRS,n,2.0NRT,304.26,15.11,D
-42.66974,-71.4384,353.27,0.55,0.51,2026-01-29,1810,N,VIIRS,n,2.0NRT,311.83,53.45,D
-42.6703,-71.44616,347.81,0.55,0.51,2026-01-29,1810,N,VIIRS,n,2.0NRT,311.45,17.11,D
-42.66551,-71.44672,338.18,0.55,0.51,2026-01-29,1810,N,VIIRS,n,2.0NRT,304.2,17.11,D
-42.65642,-71.45483,334.77,0.55,0.51,2026-01-29,1810,N,VIIRS,n,2.0NRT,301.71,4.7,D
-42.64433,-71.42028,344.23,0.54,0.51,2026-01-29,1810,N,VIIRS,n,2.0NRT,303.59,17.3,D
-42.59974,-71.40265,352.03,0.54,0.51,2026-01-29,1810,N,VIIRS,n,2.0NRT,300.35,19.72,D
-42.59499,-71.40359,349.49,0.54,0.51,2026-01-29,1810,N,VIIRS,n,2.0NRT,302.83,19.72,D
-42.58975,-71.3973,367,0.54,0.51,2026-01-29,1810,N,VIIRS,h,2.0NRT,334.6,131.16,D
-42.5855,-71.40567,367,0.54,0.51,2026-01-29,1810,N,VIIRS,h,2.0NRT,338.86,131.16,D
-32.83356,-60.33691,342.26,0.49,0.4,2026-01-29,1810,N,VIIRS,n,2.0NRT,316.11,5.73,D
-32.82888,-60.3327,336.91,0.49,0.4,2026-01-29,1810,N,VIIRS,l,2.0NRT,311.19,14.65,D
-32.82518,-60.33367,334.25,0.49,0.4,2026-01-29,1810,N,VIIRS,l,2.0NRT,308.96,14.65,D
-32.79535,-60.4015,347.83,0.48,0.4,2026-01-29,1810,N,VIIRS,n,2.0NRT,316.07,8.8,D
-32.79633,-60.40667,342.08,0.48,0.4,2026-01-29,1810,N,VIIRS,n,2.0NRT,316.12,5.67,D
-32.79264,-60.40764,332.27,0.48,0.4,2026-01-29,1810,N,VIIRS,l,2.0NRT,305.34,5.67,D
-32.81092,-60.58564,339.4,0.48,0.4,2026-01-29,1810,N,VIIRS,n,2.0NRT,308.78,3.43,D
-32.80725,-60.58659,351.2,0.48,0.4,2026-01-29,1810,N,VIIRS,n,2.0NRT,315.66,11.92,D
-32.8036,-60.58755,349.43,0.48,0.4,2026-01-29,1810,N,VIIRS,n,2.0NRT,313.78,11.92,D
-32.79455,-60.60057,355.04,0.48,0.4,2026-01-29,1810,N,VIIRS,n,2.0NRT,314.54,9.94,D
-32.25648,-58.87923,343.15,0.39,0.44,2026-01-29,1810,N,VIIRS,n,2.0NRT,308.54,2.43,D
-32.4515,-60.79059,343.8,0.47,0.4,2026-01-29,1810,N,VIIRS,n,2.0NRT,312.55,7.11,D
-32.41275,-60.72666,342.56,0.48,0.4,2026-01-29,1810,N,VIIRS,l,2.0NRT,317.12,8,D
-32.40639,-60.73361,341.03,0.48,0.4,2026-01-29,1810,N,VIIRS,l,2.0NRT,313.99,9.45,D
-32.40178,-60.72951,349.51,0.48,0.4,2026-01-29,1810,N,VIIRS,n,2.0NRT,313.8,26.6,D
-32.35579,-60.78132,334.8,0.47,0.4,2026-01-29,1810,N,VIIRS,l,2.0NRT,306.07,4.03,D
-32.34295,-60.77407,339.31,0.47,0.4,2026-01-29,1810,N,VIIRS,n,2.0NRT,306.96,3.9,D
-32.3197,-60.87473,342.7,0.47,0.4,2026-01-29,1810,N,VIIRS,n,2.0NRT,308.99,5.28,D
-32.19796,-60.60117,341.32,0.48,0.4,2026-01-29,1810,N,VIIRS,n,2.0NRT,309.89,6.05,D
-32.18864,-60.59281,334.15,0.49,0.4,2026-01-29,1810,N,VIIRS,l,2.0NRT,308.93,9.26,D
-33.44761,-69.15883,335.42,0.5,0.41,2026-01-29,1810,N,VIIRS,n,2.0NRT,307.58,5.1,D
-31.80322,-58.92878,340.53,0.39,0.44,2026-01-29,1810,N,VIIRS,n,2.0NRT,312.28,2.27,D
-31.52502,-59.29706,338.1,0.57,0.43,2026-01-29,1810,N,VIIRS,n,2.0NRT,312.37,10.09,D
-31.52622,-59.30309,348.44,0.57,0.43,2026-01-29,1810,N,VIIRS,n,2.0NRT,315.2,10.09,D
-31.52104,-59.29813,339.23,0.57,0.43,2026-01-29,1810,N,VIIRS,n,2.0NRT,311.04,10.71,D
-31.52225,-59.30415,349.24,0.57,0.43,2026-01-29,1810,N,VIIRS,n,2.0NRT,314.98,10.71,D
-31.51707,-59.2992,345.71,0.57,0.43,2026-01-29,1810,N,VIIRS,n,2.0NRT,312.01,10.71,D
-31.51309,-59.30027,334.24,0.57,0.43,2026-01-29,1810,N,VIIRS,l,2.0NRT,307.75,4.21,D
-31.49443,-59.31168,346.89,0.57,0.43,2026-01-29,1810,N,VIIRS,n,2.0NRT,309.34,5.03,D
-31.34772,-58.95857,344.47,0.4,0.44,2026-01-29,1810,N,VIIRS,l,2.0NRT,314.58,11.65,D
-31.34856,-58.96277,356.4,0.4,0.44,2026-01-29,1810,N,VIIRS,n,2.0NRT,313.06,17.08,D
-31.34451,-58.96387,338.37,0.4,0.44,2026-01-29,1810,N,VIIRS,l,2.0NRT,312.89,3.21,D
-32.83955,-68.72771,337.65,0.47,0.4,2026-01-29,1810,N,VIIRS,l,2.0NRT,310.22,6.72,D
-31.00496,-57.89507,337.82,0.46,0.47,2026-01-29,1810,N,VIIRS,l,2.0NRT,311.51,4.62,D
-30.90128,-58.00969,334.05,0.46,0.47,2026-01-29,1810,N,VIIRS,l,2.0NRT,306.3,3.77,D
-30.9023,-58.01449,346.5,0.46,0.47,2026-01-29,1810,N,VIIRS,n,2.0NRT,310.67,6.89,D
-30.86577,-58.01466,348.21,0.46,0.47,2026-01-29,1810,N,VIIRS,n,2.0NRT,307.21,4.94,D
-30.80013,-58.04732,332.96,0.46,0.47,2026-01-29,1810,N,VIIRS,l,2.0NRT,306.22,2.56,D
-32.0821,-65.2804,342.95,0.38,0.36,2026-01-29,1810,N,VIIRS,n,2.0NRT,308.12,12.7,D
-32.08272,-65.28448,334.15,0.38,0.36,2026-01-29,1810,N,VIIRS,l,2.0NRT,306.27,4.84,D
-32.07877,-65.28108,336.04,0.38,0.36,2026-01-29,1810,N,VIIRS,n,2.0NRT,304,12.7,D
-32.07938,-65.28517,336.85,0.38,0.36,2026-01-29,1810,N,VIIRS,n,2.0NRT,304.47,4.84,D
-32.07394,-65.29475,342.07,0.38,0.36,2026-01-29,1810,N,VIIRS,n,2.0NRT,303.46,3.4,D
-30.60539,-57.99206,334.57,0.47,0.47,2026-01-29,1810,N,VIIRS,l,2.0NRT,304.81,3.49,D
-31.46986,-64.24151,335.72,0.39,0.36,2026-01-29,1810,N,VIIRS,l,2.0NRT,305.84,3.58,D
-30.87336,-60.29082,333.72,0.52,0.42,2026-01-29,1810,N,VIIRS,n,2.0NRT,308.55,2.61,D
-31.38861,-64.08873,333.05,0.39,0.36,2026-01-29,1810,N,VIIRS,l,2.0NRT,307.74,1.4,D
-30.60834,-59.94968,345.48,0.55,0.43,2026-01-29,1810,N,VIIRS,n,2.0NRT,311.07,4.49,D
-27.29475,-61.2304,347.94,0.54,0.42,2026-01-29,1813,N,VIIRS,n,2.0NRT,304.18,5.19,D
-35.06243,-58.77152,341.1,0.53,0.42,2026-01-29,1813,N,VIIRS,n,2.0NRT,307.7,7.56,D
-35.05861,-58.77263,337.12,0.53,0.42,2026-01-29,1813,N,VIIRS,n,2.0NRT,306.13,7.56,D
-35.05716,-58.7682,330.27,0.53,0.42,2026-01-29,1813,N,VIIRS,l,2.0NRT,303.44,3,D
-34.86036,-57.89072,334.41,0.39,0.44,2026-01-29,1813,N,VIIRS,n,2.0NRT,299.99,2.37,D
-34.83087,-58.30416,334.49,0.56,0.43,2026-01-29,1813,N,VIIRS,n,2.0NRT,304.43,4.51,D
-34.8321,-58.31024,337.24,0.56,0.43,2026-01-29,1813,N,VIIRS,n,2.0NRT,305.2,4.24,D
-34.74225,-58.81605,335.52,0.53,0.42,2026-01-29,1813,N,VIIRS,l,2.0NRT,309.42,5.22,D
-34.68923,-58.95546,336.86,0.52,0.42,2026-01-29,1813,N,VIIRS,l,2.0NRT,308.24,2.5,D
-34.6708,-59.31718,335.86,0.5,0.41,2026-01-29,1813,N,VIIRS,l,2.0NRT,309.17,4.57,D
-34.51825,-59.11637,334.78,0.52,0.41,2026-01-29,1813,N,VIIRS,l,2.0NRT,306.11,9.38,D
-34.40243,-58.7606,337.3,0.54,0.42,2026-01-29,1813,N,VIIRS,n,2.0NRT,305.22,2.36,D
-34.40423,-58.90993,331.69,0.53,0.42,2026-01-29,1813,N,VIIRS,l,2.0NRT,306,3.22,D
-34.14783,-58.98704,341.27,0.53,0.42,2026-01-29,1813,N,VIIRS,n,2.0NRT,305.52,10.69,D
-33.99071,-58.75001,331.24,0.55,0.43,2026-01-29,1813,N,VIIRS,n,2.0NRT,300.42,5.72,D
-33.99192,-58.75595,347.19,0.55,0.43,2026-01-29,1813,N,VIIRS,n,2.0NRT,312.71,5.72,D
-33.98681,-58.75114,334.79,0.55,0.43,2026-01-29,1813,N,VIIRS,n,2.0NRT,301.97,16.03,D
-33.98801,-58.75707,348.88,0.55,0.43,2026-01-29,1813,N,VIIRS,n,2.0NRT,311.6,16.03,D
-35.47391,-70.19521,340.5,0.4,0.44,2026-01-29,1813,N,VIIRS,l,2.0NRT,312.87,3.81,D
-34.72322,-65.5783,350.7,0.39,0.37,2026-01-29,1813,N,VIIRS,n,2.0NRT,317.21,10.68,D
-33.90367,-60.61134,339.94,0.46,0.39,2026-01-29,1813,N,VIIRS,n,2.0NRT,313.08,2.28,D
-33.86008,-60.56037,344.73,0.46,0.39,2026-01-29,1813,N,VIIRS,n,2.0NRT,313.81,9.04,D
-33.85229,-61.29823,346.76,0.43,0.38,2026-01-29,1813,N,VIIRS,n,2.0NRT,314.95,9.47,D
-33.85313,-61.30293,341.55,0.43,0.38,2026-01-29,1813,N,VIIRS,l,2.0NRT,315.47,5.97,D
-33.84962,-61.30383,342.53,0.43,0.38,2026-01-29,1813,N,VIIRS,n,2.0NRT,312.38,5.69,D
-33.36836,-60.08904,338.1,0.49,0.4,2026-01-29,1813,N,VIIRS,n,2.0NRT,307.25,5.88,D
-33.37038,-60.16024,346.17,0.49,0.4,2026-01-29,1813,N,VIIRS,n,2.0NRT,313.46,6.71,D
-33.36468,-60.15077,350.38,0.49,0.4,2026-01-29,1813,N,VIIRS,n,2.0NRT,315.54,17.82,D
-33.08068,-59.55107,338.75,0.52,0.42,2026-01-29,1813,N,VIIRS,l,2.0NRT,313.56,4.04,D
-33.07687,-59.55213,340.68,0.52,0.42,2026-01-29,1813,N,VIIRS,n,2.0NRT,310.6,5.56,D
-28.05544,-59.39995,335.34,0.44,0.46,2026-01-29,1813,N,VIIRS,n,2.0NRT,302.25,3.35,D
-27.43951,-56.8676,334.21,0.63,0.54,2026-01-29,1813,N,VIIRS,n,2.0NRT,298.37,6.56,D
-27.43456,-56.86897,340.85,0.63,0.54,2026-01-29,1813,N,VIIRS,n,2.0NRT,297.08,7.58,D
-28.02898,-60.87065,334.63,0.55,0.42,2026-01-29,1813,N,VIIRS,l,2.0NRT,306.56,3.49,D
-27.9541,-61.01004,334,0.54,0.42,2026-01-29,1813,N,VIIRS,l,2.0NRT,305.58,3.3,D
-28.04568,-61.52654,332.3,0.51,0.41,2026-01-29,1813,N,VIIRS,l,2.0NRT,306.37,2.05,D
-27.95527,-61.01263,335.83,0.54,0.42,2026-01-29,1813,N,VIIRS,l,2.0NRT,307.14,5.6,D
-28.04296,-61.52495,338.05,0.51,0.41,2026-01-29,1813,N,VIIRS,n,2.0NRT,306.15,3.37,D
-27.28412,-58.64652,332.23,0.5,0.49,2026-01-29,1813,N,VIIRS,n,2.0NRT,298.05,2.33,D
-27.60569,-60.73225,355.86,0.56,0.43,2026-01-29,1813,N,VIIRS,n,2.0NRT,305.53,8.01,D
-27.60061,-60.72749,335.04,0.56,0.43,2026-01-29,1813,N,VIIRS,n,2.0NRT,303.6,8.01,D
-27.60174,-60.73321,356.89,0.56,0.43,2026-01-29,1813,N,VIIRS,l,2.0NRT,305.65,8.01,D
-27.94799,-62.75904,349.62,0.45,0.39,2026-01-29,1813,N,VIIRS,n,2.0NRT,308.85,6.57,D
-27.94442,-62.75983,336.11,0.45,0.39,2026-01-29,1813,N,VIIRS,n,2.0NRT,306.71,6.57,D
-27.95098,-62.76154,334.29,0.45,0.39,2026-01-29,1813,N,VIIRS,l,2.0NRT,304.72,3.59,D
-27.9466,-62.75777,339.18,0.45,0.39,2026-01-29,1813,N,VIIRS,n,2.0NRT,307.24,8.07,D
-27.94741,-62.76235,336.24,0.45,0.39,2026-01-29,1813,N,VIIRS,n,2.0NRT,304.21,3.59,D
-27.53095,-60.6743,343.4,0.57,0.43,2026-01-29,1813,N,VIIRS,n,2.0NRT,304.18,6.8,D
-27.53429,-60.6916,350.84,0.57,0.43,2026-01-29,1813,N,VIIRS,n,2.0NRT,303.2,4.34,D
-27.53541,-60.69736,337.89,0.57,0.43,2026-01-29,1813,N,VIIRS,n,2.0NRT,304.45,4.34,D
-27.52698,-60.67527,353.77,0.57,0.43,2026-01-29,1813,N,VIIRS,n,2.0NRT,302.17,6.79,D
-27.52809,-60.68103,341.41,0.57,0.43,2026-01-29,1813,N,VIIRS,n,2.0NRT,297.55,6.57,D
-27.52921,-60.68681,354.8,0.57,0.43,2026-01-29,1813,N,VIIRS,n,2.0NRT,303.48,6.57,D
-27.53032,-60.69256,352.81,0.57,0.43,2026-01-29,1813,N,VIIRS,n,2.0NRT,305.28,6.06,D
-27.53144,-60.69832,341.93,0.57,0.43,2026-01-29,1813,N,VIIRS,n,2.0NRT,304.69,6.06,D
-27.6095,-61.50468,343.83,0.52,0.41,2026-01-29,1813,N,VIIRS,n,2.0NRT,306.47,11.77,D
-27.60855,-61.50796,339.85,0.52,0.41,2026-01-29,1813,N,VIIRS,l,2.0NRT,311.31,9.82,D
-27.29759,-61.22404,338.8,0.54,0.42,2026-01-29,1813,N,VIIRS,n,2.0NRT,302.13,4.67,D
-27.29372,-61.22496,355.89,0.54,0.42,2026-01-29,1813,N,VIIRS,n,2.0NRT,304.06,4.67,D
-27.28984,-61.22589,350.55,0.54,0.42,2026-01-29,1813,N,VIIRS,n,2.0NRT,303.77,4.7,D
-26.92368,-60.39698,345.31,0.4,0.44,2026-01-29,1813,N,VIIRS,n,2.0NRT,303.45,5.88,D
-26.12365,-58.14677,336.77,0.56,0.52,2026-01-29,1813,N,VIIRS,n,2.0NRT,295.95,10.5,D
-26.22321,-59.11135,340.52,0.49,0.49,2026-01-29,1813,N,VIIRS,n,2.0NRT,299.22,5.47,D
-26.61248,-61.44287,337.03,0.54,0.42,2026-01-29,1813,N,VIIRS,n,2.0NRT,300.87,6.15,D
-26.33678,-60.95636,343.19,0.38,0.44,2026-01-29,1813,N,VIIRS,n,2.0NRT,302.21,6.53,D
-26.33753,-60.96022,337.37,0.38,0.43,2026-01-29,1813,N,VIIRS,n,2.0NRT,303.97,6.53,D
-25.67457,-59.18699,335.34,0.5,0.49,2026-01-29,1813,N,VIIRS,n,2.0NRT,298.08,4.84,D
-25.65285,-59.21844,335.53,0.5,0.49,2026-01-29,1813,N,VIIRS,l,2.0NRT,306.42,9.64,D
-25.37962,-58.2142,330.78,0.58,0.52,2026-01-29,1813,N,VIIRS,n,2.0NRT,297.26,3.86,D
-25.13453,-57.87325,334.84,0.61,0.53,2026-01-29,1813,N,VIIRS,n,2.0NRT,297.8,10.73,D
-25.12963,-57.87453,351.76,0.61,0.53,2026-01-29,1813,N,VIIRS,n,2.0NRT,298.92,10.73,D
-25.13097,-57.88058,331.95,0.61,0.53,2026-01-29,1813,N,VIIRS,n,2.0NRT,299.01,10.73,D
-25.13358,-57.86971,339.45,0.61,0.54,2026-01-29,1813,N,VIIRS,n,2.0NRT,297.41,7.93,D
-25.12998,-57.87706,354.67,0.61,0.53,2026-01-29,1813,N,VIIRS,n,2.0NRT,300.49,34.08,D
-25.60223,-61.36512,336.41,0.56,0.43,2026-01-29,1813,N,VIIRS,n,2.0NRT,305.49,13.28,D
-24.59495,-60.41833,349.62,0.44,0.46,2026-01-29,1813,N,VIIRS,n,2.0NRT,304.69,10.67,D
-23.41681,-61.46926,338.02,0.4,0.45,2026-01-29,1813,N,VIIRS,n,2.0NRT,301.78,6.24,D
-23.38585,-65.63853,340.89,0.4,0.37,2026-01-29,1813,N,VIIRS,l,2.0NRT,314.46,5.03,D
-42.68329,-71.3802,367,0.48,0.64,2026-01-29,1951,N,VIIRS,h,2.0NRT,335.04,108.16,D
-42.6817,-71.37501,367,0.48,0.65,2026-01-29,1951,N,VIIRS,h,2.0NRT,295.85,84.72,D
-42.68493,-71.38551,348.52,0.48,0.64,2026-01-29,1951,N,VIIRS,n,2.0NRT,309,108.16,D
-42.68661,-71.39102,345.4,0.48,0.64,2026-01-29,1951,N,VIIRS,n,2.0NRT,314.8,32.94,D
-42.68832,-71.39658,335.32,0.48,0.64,2026-01-29,1951,N,VIIRS,n,2.0NRT,298.16,32.94,D
-42.6778,-71.38396,367,0.48,0.64,2026-01-29,1951,N,VIIRS,h,2.0NRT,294.23,28.18,D
-42.67618,-71.37869,337.7,0.48,0.65,2026-01-29,1951,N,VIIRS,n,2.0NRT,293.03,19.93,D
-42.68124,-71.39516,335.24,0.48,0.64,2026-01-29,1951,N,VIIRS,n,2.0NRT,293.73,7.29,D
-42.69744,-71.46954,342.74,0.47,0.64,2026-01-29,1951,N,VIIRS,n,2.0NRT,297.96,7.69,D
-42.67202,-71.40841,367,0.48,0.64,2026-01-29,1951,N,VIIRS,h,2.0NRT,316.49,66.46,D
-42.6736,-71.41354,351.84,0.48,0.64,2026-01-29,1951,N,VIIRS,n,2.0NRT,299.25,39,D
-42.69178,-71.47266,350.26,0.47,0.64,2026-01-29,1951,N,VIIRS,n,2.0NRT,297.13,11.8,D
-42.66636,-71.41161,367,0.48,0.64,2026-01-29,1951,N,VIIRS,h,2.0NRT,293.87,66.46,D
-42.66972,-71.42252,352.11,0.48,0.64,2026-01-29,1951,N,VIIRS,n,2.0NRT,294.81,39,D
-42.6713,-71.42764,336.5,0.48,0.64,2026-01-29,1951,N,VIIRS,n,2.0NRT,294.22,8.52,D
-42.66805,-71.41709,357.28,0.48,0.64,2026-01-29,1951,N,VIIRS,l,2.0NRT,294.81,39,D
-42.66716,-71.43578,367,0.48,0.64,2026-01-29,1951,N,VIIRS,h,2.0NRT,304.5,35.27,D
-42.66867,-71.44064,351.01,0.47,0.64,2026-01-29,1951,N,VIIRS,n,2.0NRT,303.51,17.43,D
-42.67016,-71.4455,340.43,0.47,0.64,2026-01-29,1951,N,VIIRS,n,2.0NRT,298.69,17.43,D
-42.66443,-71.44845,367,0.47,0.64,2026-01-29,1951,N,VIIRS,h,2.0NRT,298.77,17.43,D
-42.66132,-71.43836,343.82,0.48,0.64,2026-01-29,1951,N,VIIRS,n,2.0NRT,292.99,35.27,D
-42.66285,-71.4433,341.33,0.47,0.64,2026-01-29,1951,N,VIIRS,n,2.0NRT,294.3,17.43,D
-42.66425,-71.46937,338.39,0.47,0.64,2026-01-29,1951,N,VIIRS,n,2.0NRT,295.27,6.85,D
-42.64164,-71.41772,367,0.48,0.64,2026-01-29,1951,N,VIIRS,h,2.0NRT,307.05,54.62,D
-42.6432,-71.42278,345.63,0.48,0.64,2026-01-29,1951,N,VIIRS,n,2.0NRT,296.38,54.62,D
-42.69724,-71.5979,345.64,0.47,0.64,2026-01-29,1951,N,VIIRS,n,2.0NRT,297.65,6.06,D
-42.6364,-71.46516,367,0.47,0.64,2026-01-29,1951,N,VIIRS,h,2.0NRT,299.31,19.61,D
-42.67745,-71.59782,341.03,0.47,0.64,2026-01-29,1951,N,VIIRS,n,2.0NRT,298.31,4.95,D
-42.63085,-71.46869,330.18,0.47,0.64,2026-01-29,1951,N,VIIRS,n,2.0NRT,293.3,19.61,D
-42.66299,-71.44884,367,0.47,0.64,2026-01-29,1951,N,VIIRS,h,2.0NRT,296.47,15.76,D
-42.66278,-71.47002,348.29,0.47,0.64,2026-01-29,1951,N,VIIRS,n,2.0NRT,294.73,9.86,D
-42.64044,-71.41821,367,0.48,0.64,2026-01-29,1951,N,VIIRS,h,2.0NRT,302.64,78.54,D
-42.64056,-71.46227,367,0.47,0.64,2026-01-29,1951,N,VIIRS,h,2.0NRT,299.68,16.45,D
-42.63503,-71.46584,367,0.47,0.64,2026-01-29,1951,N,VIIRS,h,2.0NRT,293.08,16.45,D
-42.62271,-71.4472,367,0.48,0.64,2026-01-29,1951,N,VIIRS,h,2.0NRT,301.48,30.13,D
-42.62946,-71.46935,367,0.47,0.64,2026-01-29,1951,N,VIIRS,h,2.0NRT,296.65,24.48,D
-42.61531,-71.44469,348.11,0.48,0.64,2026-01-29,1951,N,VIIRS,n,2.0NRT,303.31,52.15,D
-42.61697,-71.45013,353.72,0.48,0.64,2026-01-29,1951,N,VIIRS,n,2.0NRT,306.85,30.13,D
-42.59344,-71.39491,367,0.48,0.65,2026-01-29,1951,N,VIIRS,h,2.0NRT,306.99,86.38,D
-42.59664,-71.40537,367,0.48,0.65,2026-01-29,1951,N,VIIRS,h,2.0NRT,300.38,37,D
-42.59829,-71.41075,367,0.48,0.65,2026-01-29,1951,N,VIIRS,h,2.0NRT,302.22,14.86,D
-42.58736,-71.3968,352.63,0.48,0.65,2026-01-29,1951,N,VIIRS,n,2.0NRT,322.2,86.38,D
-42.58902,-71.40221,351.09,0.48,0.65,2026-01-29,1951,N,VIIRS,n,2.0NRT,305.1,37,D
-42.58308,-71.40456,367,0.48,0.65,2026-01-29,1951,N,VIIRS,h,2.0NRT,319.07,50.59,D
-42.61161,-71.49768,367,0.47,0.64,2026-01-29,1951,N,VIIRS,h,2.0NRT,302.9,40.52,D
-42.5847,-71.40983,353.37,0.48,0.65,2026-01-29,1951,N,VIIRS,n,2.0NRT,308.2,50.59,D
-42.61536,-71.50997,345.19,0.47,0.64,2026-01-29,1951,N,VIIRS,n,2.0NRT,297.28,29.72,D
-42.61902,-71.54359,367,0.47,0.64,2026-01-29,1951,N,VIIRS,h,2.0NRT,304.44,17.36,D
-42.60387,-71.49405,349.29,0.47,0.64,2026-01-29,1951,N,VIIRS,n,2.0NRT,301.86,40.52,D
-42.60573,-71.50014,347.38,0.47,0.64,2026-01-29,1951,N,VIIRS,n,2.0NRT,306.42,40.52,D
-42.57449,-71.41997,367,0.48,0.65,2026-01-29,1951,N,VIIRS,h,2.0NRT,303.43,8.05,D
-42.57334,-71.43787,367,0.48,0.65,2026-01-29,1951,N,VIIRS,h,2.0NRT,306.74,118.43,D
-42.57668,-71.44875,353.05,0.48,0.64,2026-01-29,1951,N,VIIRS,n,2.0NRT,316.03,61.54,D
-42.575,-71.44328,208,0.48,0.64,2026-01-29,1951,N,VIIRS,l,2.0NRT,320.45,61.54,D
-42.57055,-71.45042,367,0.48,0.64,2026-01-29,1951,N,VIIRS,h,2.0NRT,310.84,16.24,D
-42.56462,-71.45277,367,0.48,0.64,2026-01-29,1951,N,VIIRS,h,2.0NRT,313.27,16.24,D
-42.5569,-71.44933,367,0.48,0.64,2026-01-29,1951,N,VIIRS,h,2.0NRT,312.39,61.29,D
-42.55866,-71.45503,351,0.48,0.64,2026-01-29,1951,N,VIIRS,n,2.0NRT,312.38,61.29,D
-42.64835,-71.76884,346.15,0.46,0.63,2026-01-29,1951,N,VIIRS,n,2.0NRT,298.51,13.13,D
-42.64965,-71.77312,354.01,0.46,0.63,2026-01-29,1951,N,VIIRS,n,2.0NRT,298.61,8.3,D
-42.64695,-71.77242,367,0.46,0.63,2026-01-29,1951,N,VIIRS,h,2.0NRT,300.96,14.11,D
-42.55159,-71.45562,334.83,0.48,0.65,2026-01-29,1951,N,VIIRS,n,2.0NRT,309.01,6.38,D
-42.55506,-71.66324,342.07,0.47,0.64,2026-01-29,1951,N,VIIRS,n,2.0NRT,300.19,9.32,D
-42.3609,-71.37992,367,0.49,0.65,2026-01-29,1951,N,VIIRS,h,2.0NRT,306.11,9.38,D
-42.38611,-71.46215,367,0.48,0.65,2026-01-29,1951,N,VIIRS,h,2.0NRT,303.41,10.54,D
-42.38783,-71.46778,330.59,0.48,0.65,2026-01-29,1951,N,VIIRS,n,2.0NRT,301.93,7.51,D
-42.3715,-71.50157,367,0.48,0.65,2026-01-29,1951,N,VIIRS,h,2.0NRT,298.7,9.27,D
-42.32425,-71.47834,331.28,0.48,0.65,2026-01-29,1951,N,VIIRS,l,2.0NRT,303.05,7.62,D
-42.32553,-71.48247,344.82,0.48,0.65,2026-01-29,1951,N,VIIRS,n,2.0NRT,302.58,6.06,D
-42.31833,-71.4808,337.07,0.48,0.65,2026-01-29,1951,N,VIIRS,n,2.0NRT,300.12,7.62,D
-42.31983,-71.48565,347.29,0.48,0.65,2026-01-29,1951,N,VIIRS,n,2.0NRT,297.07,6.06,D
-42.31353,-71.50845,367,0.48,0.65,2026-01-29,1951,N,VIIRS,h,2.0NRT,306.46,16.73,D
-42.31171,-71.50259,353.88,0.48,0.65,2026-01-29,1951,N,VIIRS,n,2.0NRT,303.43,21.26,D
-42.31522,-71.5139,351.98,0.48,0.65,2026-01-29,1951,N,VIIRS,n,2.0NRT,299.63,16.73,D
-42.32486,-71.48067,367,0.48,0.65,2026-01-29,1951,N,VIIRS,h,2.0NRT,306.65,11.06,D
-42.31897,-71.48322,356.07,0.48,0.65,2026-01-29,1951,N,VIIRS,l,2.0NRT,297.9,5.8,D
-42.31266,-71.5064,367,0.48,0.65,2026-01-29,1951,N,VIIRS,h,2.0NRT,306.41,18.25,D
-42.31427,-71.5117,367,0.48,0.65,2026-01-29,1951,N,VIIRS,h,2.0NRT,304.29,18.25,D
-42.22672,-71.29147,344.42,0.5,0.66,2026-01-29,1951,N,VIIRS,n,2.0NRT,309.92,4.36,D
-42.27271,-71.55024,367,0.48,0.65,2026-01-29,1951,N,VIIRS,h,2.0NRT,314.75,33.85,D
-42.26586,-71.5497,367,0.48,0.65,2026-01-29,1951,N,VIIRS,h,2.0NRT,315.95,33.85,D
-42.26774,-71.55581,350.15,0.48,0.65,2026-01-29,1951,N,VIIRS,n,2.0NRT,315.67,33.85,D
-42.2443,-71.54473,354.58,0.48,0.65,2026-01-29,1951,N,VIIRS,n,2.0NRT,307.67,7.12,D
-34.85192,-57.89818,300.58,0.7,0.75,2026-01-30,0349,N,VIIRS,n,2.0NRT,288.55,1.01,N
-34.85859,-57.90136,304.17,0.7,0.75,2026-01-30,0349,N,VIIRS,n,2.0NRT,288.38,1.01,N
-31.82754,-65.54391,307.28,0.38,0.36,2026-01-30,0529,N,VIIRS,n,2.0NRT,292.8,0.95,N
-31.82689,-65.54799,318.24,0.38,0.36,2026-01-30,0529,N,VIIRS,n,2.0NRT,293.9,1.98,N
-32.80057,-60.59977,313.25,0.53,0.42,2026-01-30,0529,N,VIIRS,n,2.0NRT,290.88,1.33,N
-32.84557,-61.37447,307.19,0.49,0.4,2026-01-30,0529,N,VIIRS,n,2.0NRT,290.16,1.06,N
-32.47071,-64.16962,307.63,0.39,0.37,2026-01-30,0529,N,VIIRS,n,2.0NRT,289.92,1.12,N
-33.25548,-60.28318,323.4,0.55,0.43,2026-01-30,0529,N,VIIRS,n,2.0NRT,293.83,2.54,N
-33.2548,-60.28923,303.96,0.55,0.43,2026-01-30,0529,N,VIIRS,n,2.0NRT,293.42,2.54,N
-33.25946,-60.28386,314.98,0.55,0.43,2026-01-30,0529,N,VIIRS,n,2.0NRT,292.48,2.15,N
-33.36745,-60.15915,328.91,0.56,0.43,2026-01-30,0529,N,VIIRS,n,2.0NRT,294.07,3.75,N
-33.37146,-60.1598,309.62,0.56,0.43,2026-01-30,0529,N,VIIRS,n,2.0NRT,293.09,1.83,N
-33.37214,-60.15367,310.41,0.56,0.43,2026-01-30,0529,N,VIIRS,n,2.0NRT,292.52,3.41,N
-33.37683,-60.14816,333.59,0.56,0.43,2026-01-30,0529,N,VIIRS,n,2.0NRT,293.25,3.41,N
-33.98607,-58.75542,307.42,0.45,0.47,2026-01-30,0529,N,VIIRS,n,2.0NRT,293.35,1.1,N
-33.98995,-58.76102,303.59,0.45,0.47,2026-01-30,0529,N,VIIRS,n,2.0NRT,292.3,1.1,N
-33.99044,-58.75605,306.01,0.45,0.47,2026-01-30,0529,N,VIIRS,n,2.0NRT,292.39,1.1,N
-34.14909,-58.98659,308.08,0.44,0.46,2026-01-30,0529,N,VIIRS,n,2.0NRT,292.72,1.58,N
-33.34212,-66.44834,309.39,0.39,0.36,2026-01-30,0529,N,VIIRS,n,2.0NRT,294.34,0.98,N
-34.62422,-58.96793,314.7,0.45,0.47,2026-01-30,0529,N,VIIRS,n,2.0NRT,288.58,1.5,N
-34.85632,-57.89173,320.06,0.51,0.5,2026-01-30,0529,N,VIIRS,n,2.0NRT,292.17,1.73,N
-34.86097,-57.89235,307.31,0.51,0.5,2026-01-30,0529,N,VIIRS,n,2.0NRT,290.37,1.73,N
-34.85811,-57.89373,322.34,0.51,0.5,2026-01-30,0529,N,VIIRS,n,2.0NRT,291.46,2.62,N
-28.58718,-59.32996,309.36,0.55,0.42,2026-01-30,0529,N,VIIRS,n,2.0NRT,292.23,1.17,N
-26.5151,-60.96002,328.47,0.44,0.38,2026-01-30,0529,N,VIIRS,n,2.0NRT,293.93,2.63,N
-26.34048,-60.95695,305.94,0.44,0.38,2026-01-30,0529,N,VIIRS,n,2.0NRT,293.49,0.96,N
-26.33692,-60.95636,320.46,0.44,0.38,2026-01-30,0529,N,VIIRS,n,2.0NRT,293.97,2.31,N
-26.14424,-59.39786,327.82,0.51,0.41,2026-01-30,0529,N,VIIRS,n,2.0NRT,293.56,3.22,N
-25.98555,-59.40296,304.33,0.51,0.41,2026-01-30,0529,N,VIIRS,n,2.0NRT,293.68,0.73,N
-25.58791,-61.36366,313.95,0.42,0.38,2026-01-30,0529,N,VIIRS,n,2.0NRT,292.83,1.29,N
-25.58443,-61.36306,326.1,0.42,0.38,2026-01-30,0529,N,VIIRS,n,2.0NRT,294.14,2.61,N
-25.58382,-61.36032,309.64,0.42,0.38,2026-01-30,0529,N,VIIRS,n,2.0NRT,293.27,1.17,N
-25.32564,-62.00806,310.58,0.4,0.37,2026-01-30,0529,N,VIIRS,n,2.0NRT,294.14,2.12,N
-25.32505,-62.01207,311.11,0.4,0.37,2026-01-30,0529,N,VIIRS,n,2.0NRT,294.18,2.58,N
-25.32224,-62.00745,330.85,0.4,0.37,2026-01-30,0529,N,VIIRS,n,2.0NRT,295.11,2.12,N
-25.32165,-62.01146,335.24,0.4,0.37,2026-01-30,0529,N,VIIRS,n,2.0NRT,295.18,2.58,N
-25.31883,-62.00685,314.01,0.4,0.37,2026-01-30,0529,N,VIIRS,n,2.0NRT,294.54,1.62,N
-38.49644,-68.3271,314.38,0.39,0.36,2026-01-30,0531,N,VIIRS,n,2.0NRT,289.13,0.74,N
-38.50314,-68.60033,308.47,0.39,0.36,2026-01-30,0531,N,VIIRS,n,2.0NRT,288.14,0.56,N
-39.0349,-67.24216,305.45,0.38,0.36,2026-01-30,0531,N,VIIRS,n,2.0NRT,293.29,0.82,N
-41.60873,-65.32684,299.01,0.43,0.38,2026-01-30,0531,N,VIIRS,n,2.0NRT,286.82,0.38,N
-41.611,-65.3297,302.21,0.43,0.38,2026-01-30,0531,N,VIIRS,n,2.0NRT,286.8,0.68,N
-31.36289,-58.94726,312.9,0.41,0.45,2026-01-30,0531,N,VIIRS,n,2.0NRT,292.38,1.17,N
-31.34848,-58.96296,301.84,0.41,0.45,2026-01-30,0531,N,VIIRS,n,2.0NRT,291.35,0.58,N
-31.34802,-58.96735,307.1,0.41,0.45,2026-01-30,0531,N,VIIRS,n,2.0NRT,291.71,1.16,N
-31.3443,-58.96233,302.73,0.41,0.45,2026-01-30,0531,N,VIIRS,n,2.0NRT,291.59,0.58,N
-31.3482,-58.9654,310.56,0.41,0.45,2026-01-30,0531,N,VIIRS,n,2.0NRT,292.02,1.17,N
-31.34402,-58.96477,302.73,0.41,0.45,2026-01-30,0531,N,VIIRS,n,2.0NRT,291.64,0.69,N
-31.07722,-59.43606,332.44,0.38,0.43,2026-01-30,0531,N,VIIRS,n,2.0NRT,292.7,2.09,N
-31.07316,-59.43544,307.12,0.38,0.43,2026-01-30,0531,N,VIIRS,n,2.0NRT,292.3,2.09,N
-31.07269,-59.43953,328.24,0.38,0.43,2026-01-30,0531,N,VIIRS,n,2.0NRT,292.69,3.09,N
-30.43234,-63.84827,304.94,0.39,0.36,2026-01-30,0531,N,VIIRS,n,2.0NRT,281.9,0.55,N
-29.94225,-61.1432,314.92,0.46,0.39,2026-01-30,0531,N,VIIRS,n,2.0NRT,292.15,1.75,N
-29.69499,-62.91411,303.93,0.4,0.37,2026-01-30,0531,N,VIIRS,n,2.0NRT,290.07,0.42,N
-29.69156,-62.91347,305.56,0.4,0.37,2026-01-30,0531,N,VIIRS,n,2.0NRT,291.44,0.42,N
-29.64891,-62.52695,310.17,0.41,0.37,2026-01-30,0531,N,VIIRS,n,2.0NRT,290.28,0.56,N
-29.64831,-62.53126,311.17,0.41,0.37,2026-01-30,0531,N,VIIRS,n,2.0NRT,290.71,1.55,N
-29.80603,-60.18833,310.42,0.51,0.41,2026-01-30,0531,N,VIIRS,n,2.0NRT,292.85,1.49,N
-29.52103,-60.99388,318.11,0.47,0.39,2026-01-30,0531,N,VIIRS,n,2.0NRT,291.18,1.72,N
-29.51798,-60.98838,306.02,0.47,0.39,2026-01-30,0531,N,VIIRS,n,2.0NRT,290.48,0.87,N
-29.51735,-60.99326,316.34,0.47,0.39,2026-01-30,0531,N,VIIRS,n,2.0NRT,291.9,1.28,N
-29.51674,-60.99813,311.3,0.47,0.39,2026-01-30,0531,N,VIIRS,n,2.0NRT,291.65,1.28,N
-29.51431,-60.98775,309.98,0.47,0.39,2026-01-30,0531,N,VIIRS,n,2.0NRT,290.54,0.87,N
-29.51063,-60.98713,327.85,0.47,0.39,2026-01-30,0531,N,VIIRS,n,2.0NRT,291.26,3.45,N
-29.50634,-60.99138,309.21,0.47,0.39,2026-01-30,0531,N,VIIRS,n,2.0NRT,290.59,0.49,N
-29.50266,-60.99076,332.9,0.47,0.39,2026-01-30,0531,N,VIIRS,n,2.0NRT,292.88,6.11,N
-29.50409,-60.98922,342.1,0.47,0.39,2026-01-30,0531,N,VIIRS,n,2.0NRT,292.39,5.72,N
-29.50042,-60.9886,316.86,0.47,0.39,2026-01-30,0531,N,VIIRS,n,2.0NRT,292.38,1.3,N
-28.74017,-65.81673,309.52,0.39,0.36,2026-01-30,0531,N,VIIRS,n,2.0NRT,294.46,1.58,N
-28.7368,-65.816,309.19,0.39,0.36,2026-01-30,0531,N,VIIRS,n,2.0NRT,294.68,1.84,N
-29.22955,-61.01741,310.88,0.46,0.39,2026-01-30,0531,N,VIIRS,n,2.0NRT,291.59,0.96,N
-29.22892,-61.02223,317.63,0.46,0.39,2026-01-30,0531,N,VIIRS,n,2.0NRT,290.89,1.32,N
-29.22829,-61.02703,303.57,0.46,0.39,2026-01-30,0531,N,VIIRS,n,2.0NRT,290.19,1.32,N
-29.22464,-61.02641,319.08,0.46,0.39,2026-01-30,0531,N,VIIRS,n,2.0NRT,291.71,1.32,N
-29.22401,-61.03122,328.66,0.46,0.39,2026-01-30,0531,N,VIIRS,n,2.0NRT,291.94,2.99,N
-36.85062,-60.27958,310.39,0.4,0.44,2026-01-30,0531,N,VIIRS,n,2.0NRT,289.07,1.36,N
-36.84714,-60.28089,304.96,0.4,0.44,2026-01-30,0531,N,VIIRS,n,2.0NRT,289.04,0.72,N
-36.8513,-60.28156,302.68,0.4,0.44,2026-01-30,0531,N,VIIRS,n,2.0NRT,288.53,0.72,N
-36.9916,-60.27779,303.33,0.4,0.45,2026-01-30,0531,N,VIIRS,n,2.0NRT,290.24,0.63,N
-37.03653,-60.29432,300.62,0.4,0.45,2026-01-30,0531,N,VIIRS,n,2.0NRT,289.97,0.95,N
-37.0407,-60.29497,307.21,0.4,0.45,2026-01-30,0531,N,VIIRS,n,2.0NRT,289.94,0.95,N
-38.68637,-62.41349,309.65,0.5,0.41,2026-01-30,0531,N,VIIRS,n,2.0NRT,289.55,1.35,N
-38.78804,-62.28683,302.87,0.51,0.41,2026-01-30,0531,N,VIIRS,n,2.0NRT,290.33,1.79,N
-38.7887,-62.28081,303.29,0.51,0.41,2026-01-30,0531,N,VIIRS,n,2.0NRT,288.62,1.34,N
-38.27207,-68.70127,298.74,0.39,0.36,2026-01-30,0531,N,VIIRS,n,2.0NRT,265.14,0.55,N
-38.27543,-68.70217,301.29,0.39,0.36,2026-01-30,0531,N,VIIRS,n,2.0NRT,261.94,0.33,N
-38.27619,-68.69767,295.49,0.39,0.36,2026-01-30,0531,N,VIIRS,n,2.0NRT,264.43,0.33,N
-38.28685,-68.63468,319.18,0.39,0.36,2026-01-30,0531,N,VIIRS,n,2.0NRT,274.93,1.35,N
-38.43996,-68.55961,305.04,0.39,0.36,2026-01-30,0531,N,VIIRS,n,2.0NRT,281.79,0.46,N
-42.24688,-71.49385,319.11,0.42,0.37,2026-01-30,0533,N,VIIRS,n,2.0NRT,290.54,1.42,N
-42.24777,-71.48903,300.6,0.42,0.37,2026-01-30,0533,N,VIIRS,n,2.0NRT,289.54,1.42,N
-42.23983,-71.55231,346.95,0.42,0.38,2026-01-30,0533,N,VIIRS,n,2.0NRT,300.61,21.55,N
-42.24073,-71.54742,354.95,0.42,0.38,2026-01-30,0533,N,VIIRS,n,2.0NRT,301.29,7.91,N
-42.24167,-71.54229,340.36,0.42,0.38,2026-01-30,0533,N,VIIRS,n,2.0NRT,295.48,7.91,N
-42.24333,-71.55307,355.07,0.42,0.38,2026-01-30,0533,N,VIIRS,n,2.0NRT,308.58,21.55,N
-42.24421,-71.54831,350.6,0.42,0.38,2026-01-30,0533,N,VIIRS,n,2.0NRT,305.09,7.91,N
-42.24511,-71.54342,314.32,0.42,0.38,2026-01-30,0533,N,VIIRS,n,2.0NRT,293.99,7.91,N
-42.24603,-71.53842,309.54,0.42,0.37,2026-01-30,0533,N,VIIRS,n,2.0NRT,292.08,1.5,N
-42.24597,-71.55849,321.71,0.42,0.38,2026-01-30,0533,N,VIIRS,n,2.0NRT,294.39,10.67,N
-42.24682,-71.55391,354.05,0.42,0.38,2026-01-30,0533,N,VIIRS,n,2.0NRT,305.06,10.67,N
-42.24768,-71.54926,323.74,0.42,0.38,2026-01-30,0533,N,VIIRS,n,2.0NRT,293.28,6.19,N
-42.24945,-71.55938,304.65,0.42,0.38,2026-01-30,0533,N,VIIRS,n,2.0NRT,290.91,10.67,N
-42.26487,-71.55489,315.21,0.42,0.38,2026-01-30,0533,N,VIIRS,n,2.0NRT,291.4,2.19,N
-42.26465,-71.55618,302.95,0.42,0.38,2026-01-30,0533,N,VIIRS,n,2.0NRT,289.95,1.05,N
-42.26558,-71.55116,315.23,0.42,0.37,2026-01-30,0533,N,VIIRS,n,2.0NRT,291.74,1.46,N
-42.26811,-71.55723,309.95,0.42,0.38,2026-01-30,0533,N,VIIRS,n,2.0NRT,290.69,2.5,N
-42.26907,-71.55203,306.62,0.42,0.37,2026-01-30,0533,N,VIIRS,n,2.0NRT,292.61,2.67,N
-42.27157,-71.5582,329.04,0.42,0.38,2026-01-30,0533,N,VIIRS,n,2.0NRT,291.33,2.5,N
-42.27256,-71.55288,324.84,0.42,0.37,2026-01-30,0533,N,VIIRS,n,2.0NRT,296.07,2.67,N
-42.32451,-71.38942,313.23,0.41,0.37,2026-01-30,0533,N,VIIRS,n,2.0NRT,292.29,2.04,N
-42.32969,-71.38092,304.73,0.41,0.37,2026-01-30,0533,N,VIIRS,n,2.0NRT,289.46,0.81,N
-42.3243,-71.43018,300.53,0.41,0.37,2026-01-30,0533,N,VIIRS,n,2.0NRT,289.68,1.12,N
-42.32772,-71.43132,306.22,0.41,0.37,2026-01-30,0533,N,VIIRS,n,2.0NRT,290.8,0.99,N
-42.32856,-71.42673,301.73,0.41,0.37,2026-01-30,0533,N,VIIRS,n,2.0NRT,291.42,0.99,N
-42.31719,-71.50842,321,0.42,0.37,2026-01-30,0533,N,VIIRS,n,2.0NRT,292.17,2.67,N
-42.31629,-71.51331,317.68,0.42,0.37,2026-01-30,0533,N,VIIRS,n,2.0NRT,292.22,2.67,N
-42.36199,-71.50202,320.33,0.42,0.37,2026-01-30,0533,N,VIIRS,n,2.0NRT,291.94,2.59,N
-42.36285,-71.49734,312.32,0.42,0.37,2026-01-30,0533,N,VIIRS,n,2.0NRT,291.88,1.91,N
-42.36538,-71.50338,309.13,0.42,0.37,2026-01-30,0533,N,VIIRS,n,2.0NRT,292,1.16,N
-42.36624,-71.49871,303.51,0.42,0.37,2026-01-30,0533,N,VIIRS,n,2.0NRT,291.12,1.12,N
-42.36876,-71.50482,303.99,0.42,0.37,2026-01-30,0533,N,VIIRS,n,2.0NRT,290.2,1.16,N
-42.55682,-71.45465,327.14,0.41,0.37,2026-01-30,0533,N,VIIRS,n,2.0NRT,299.26,2.33,N
-42.5559,-71.45972,316.38,0.41,0.37,2026-01-30,0533,N,VIIRS,n,2.0NRT,292.3,2.33,N
-42.56025,-71.45572,320.54,0.41,0.37,2026-01-30,0533,N,VIIRS,n,2.0NRT,297.87,2.33,N
-42.55933,-71.46078,316.16,0.41,0.37,2026-01-30,0533,N,VIIRS,n,2.0NRT,297.05,2.33,N
-42.56368,-71.45679,332.55,0.41,0.37,2026-01-30,0533,N,VIIRS,n,2.0NRT,297.01,4.32,N
-42.57389,-71.40063,352.24,0.41,0.37,2026-01-30,0533,N,VIIRS,n,2.0NRT,312.66,22.74,N
-42.5748,-71.39567,327.63,0.41,0.37,2026-01-30,0533,N,VIIRS,n,2.0NRT,296.9,22.74,N
-42.57021,-71.42091,311.48,0.41,0.37,2026-01-30,0533,N,VIIRS,n,2.0NRT,289.92,1.22,N
-42.57732,-71.40166,345.28,0.41,0.37,2026-01-30,0533,N,VIIRS,n,2.0NRT,320.69,22.74,N
-42.57823,-71.39668,343.9,0.41,0.37,2026-01-30,0533,N,VIIRS,n,2.0NRT,308.71,22.74,N
-42.57363,-71.42203,313.37,0.41,0.37,2026-01-30,0533,N,VIIRS,n,2.0NRT,289.62,1.22,N
-42.57913,-71.39172,300.22,0.41,0.37,2026-01-30,0533,N,VIIRS,n,2.0NRT,288.41,0.65,N
-42.58074,-71.40274,342.61,0.41,0.37,2026-01-30,0533,N,VIIRS,n,2.0NRT,301.38,3.47,N
-42.58166,-71.39771,324.17,0.41,0.37,2026-01-30,0533,N,VIIRS,n,2.0NRT,303.78,3.47,N
-42.58256,-71.39274,324.91,0.41,0.37,2026-01-30,0533,N,VIIRS,n,2.0NRT,294.91,2.02,N
-42.58599,-71.39374,328.87,0.41,0.37,2026-01-30,0533,N,VIIRS,n,2.0NRT,303.61,2.02,N
-42.58416,-71.40386,308.86,0.41,0.37,2026-01-30,0533,N,VIIRS,n,2.0NRT,295.17,3.47,N
-42.58508,-71.39877,317.95,0.41,0.37,2026-01-30,0533,N,VIIRS,n,2.0NRT,300.23,3.47,N
-42.58689,-71.38879,300.37,0.41,0.37,2026-01-30,0533,N,VIIRS,n,2.0NRT,287.73,2.02,N
-42.58942,-71.39475,325.34,0.41,0.37,2026-01-30,0533,N,VIIRS,n,2.0NRT,298.3,2.27,N
-42.5885,-71.39986,303.87,0.41,0.37,2026-01-30,0533,N,VIIRS,n,2.0NRT,292,0.77,N
-42.59032,-71.38977,301.71,0.41,0.37,2026-01-30,0533,N,VIIRS,n,2.0NRT,288.97,2.27,N
-42.59192,-71.40094,298.95,0.41,0.37,2026-01-30,0533,N,VIIRS,n,2.0NRT,288.23,0.77,N
-42.55084,-71.66608,306.5,0.42,0.38,2026-01-30,0533,N,VIIRS,n,2.0NRT,290.24,0.99,N
-42.55434,-71.6471,307.23,0.42,0.37,2026-01-30,0533,N,VIIRS,n,2.0NRT,291.32,0.89,N
-42.55426,-71.66732,313.04,0.42,0.38,2026-01-30,0533,N,VIIRS,n,2.0NRT,291.85,2,N
-42.55775,-71.64836,303.29,0.42,0.37,2026-01-30,0533,N,VIIRS,n,2.0NRT,291.26,0.76,N
-42.55772,-71.6683,325.71,0.42,0.38,2026-01-30,0533,N,VIIRS,n,2.0NRT,292.26,2,N
-42.60621,-71.42188,317.52,0.41,0.37,2026-01-30,0533,N,VIIRS,n,2.0NRT,290.84,1.32,N
-42.60713,-71.41678,304.75,0.41,0.37,2026-01-30,0533,N,VIIRS,n,2.0NRT,290.57,1.32,N
-42.60804,-71.4117,302.21,0.41,0.37,2026-01-30,0533,N,VIIRS,n,2.0NRT,288.77,1.13,N
-42.61052,-71.418,302.27,0.41,0.37,2026-01-30,0533,N,VIIRS,n,2.0NRT,289.15,1.32,N
-42.58839,-71.56006,331.24,0.42,0.37,2026-01-30,0533,N,VIIRS,n,2.0NRT,293.67,2.08,N
-42.58932,-71.55496,307.47,0.41,0.37,2026-01-30,0533,N,VIIRS,n,2.0NRT,292.32,1.98,N
-42.59206,-71.5399,311.23,0.41,0.37,2026-01-30,0533,N,VIIRS,n,2.0NRT,291.48,2.2,N
-42.59297,-71.53488,307.73,0.41,0.37,2026-01-30,0533,N,VIIRS,n,2.0NRT,291.66,1.46,N
-42.59551,-71.54082,331.41,0.41,0.37,2026-01-30,0533,N,VIIRS,n,2.0NRT,293.16,2.2,N
-42.59093,-71.56601,302.02,0.42,0.37,2026-01-30,0533,N,VIIRS,n,2.0NRT,290.1,2.08,N
-42.59185,-71.56097,314.63,0.42,0.37,2026-01-30,0533,N,VIIRS,n,2.0NRT,291.05,2.08,N
-42.59277,-71.55589,319.51,0.41,0.37,2026-01-30,0533,N,VIIRS,n,2.0NRT,291.22,1.98,N
-42.59459,-71.54586,312.73,0.41,0.37,2026-01-30,0533,N,VIIRS,n,2.0NRT,291.31,2.2,N
-42.59643,-71.5358,316.63,0.41,0.37,2026-01-30,0533,N,VIIRS,n,2.0NRT,291.17,1.46,N
-42.59731,-71.53095,310.15,0.41,0.37,2026-01-30,0533,N,VIIRS,n,2.0NRT,292.29,1.46,N
-42.58974,-71.55768,337.84,0.41,0.37,2026-01-30,0533,N,VIIRS,n,2.0NRT,294.92,2.8,N
-42.59345,-71.53757,331.81,0.41,0.37,2026-01-30,0533,N,VIIRS,n,2.0NRT,294.71,2.54,N
-42.59067,-71.55262,304.79,0.41,0.37,2026-01-30,0533,N,VIIRS,n,2.0NRT,291.4,0.62,N
-42.59159,-71.54762,302.17,0.41,0.37,2026-01-30,0533,N,VIIRS,n,2.0NRT,290.75,0.62,N
-42.59438,-71.53255,304.07,0.41,0.37,2026-01-30,0533,N,VIIRS,n,2.0NRT,290.9,1.1,N
-42.5932,-71.55859,324.82,0.41,0.37,2026-01-30,0533,N,VIIRS,n,2.0NRT,290.74,2.8,N
-42.59133,-71.56871,302.76,0.42,0.37,2026-01-30,0533,N,VIIRS,n,2.0NRT,289.97,1.16,N
-42.59226,-71.56367,304.99,0.41,0.37,2026-01-30,0533,N,VIIRS,n,2.0NRT,290.2,2.8,N
-42.59413,-71.55355,300.75,0.41,0.37,2026-01-30,0533,N,VIIRS,n,2.0NRT,290.26,0.62,N
-42.59505,-71.54858,300.06,0.41,0.37,2026-01-30,0533,N,VIIRS,n,2.0NRT,288.8,0.62,N
-42.59598,-71.54356,308.3,0.41,0.37,2026-01-30,0533,N,VIIRS,n,2.0NRT,290.97,2.54,N
-42.59691,-71.53854,318.75,0.41,0.37,2026-01-30,0533,N,VIIRS,n,2.0NRT,290.41,2.54,N
-42.59781,-71.53364,300.7,0.41,0.37,2026-01-30,0533,N,VIIRS,n,2.0NRT,289.54,1.1,N
-42.59869,-71.52883,312.46,0.41,0.37,2026-01-30,0533,N,VIIRS,n,2.0NRT,292.37,1.1,N
-42.6076,-71.50014,303.67,0.41,0.37,2026-01-30,0533,N,VIIRS,n,2.0NRT,291.89,1.83,N
-42.61596,-71.45471,304.26,0.41,0.37,2026-01-30,0533,N,VIIRS,n,2.0NRT,287.04,1.66,N
-42.61103,-71.50123,318.02,0.41,0.37,2026-01-30,0533,N,VIIRS,n,2.0NRT,294.79,1.83,N
-42.61195,-71.4962,300.78,0.41,0.37,2026-01-30,0533,N,VIIRS,n,2.0NRT,290.57,1.33,N
-42.61473,-71.48111,301,0.41,0.37,2026-01-30,0533,N,VIIRS,n,2.0NRT,289.26,1.05,N
-42.6203,-71.45078,317.22,0.41,0.37,2026-01-30,0533,N,VIIRS,n,2.0NRT,289.26,1.66,N
-42.62123,-71.44572,300.64,0.41,0.37,2026-01-30,0533,N,VIIRS,n,2.0NRT,288.3,2.16,N
-42.6126,-71.51244,320.15,0.41,0.37,2026-01-30,0533,N,VIIRS,n,2.0NRT,290.95,1.98,N
-42.59783,-71.59254,302.83,0.42,0.37,2026-01-30,0533,N,VIIRS,n,2.0NRT,290.2,1.56,N
-42.60619,-71.54723,301.98,0.41,0.37,2026-01-30,0533,N,VIIRS,n,2.0NRT,289.33,1.25,N
-42.61354,-71.50732,308.99,0.41,0.37,2026-01-30,0533,N,VIIRS,n,2.0NRT,291.45,1.46,N
-42.61447,-71.50227,307.17,0.41,0.37,2026-01-30,0533,N,VIIRS,n,2.0NRT,288.39,1.46,N
-42.61539,-71.49725,316.76,0.41,0.37,2026-01-30,0533,N,VIIRS,n,2.0NRT,291.4,2.33,N
-42.61723,-71.48721,300.41,0.41,0.37,2026-01-30,0533,N,VIIRS,n,2.0NRT,288.01,1.02,N
-42.61815,-71.48222,311.76,0.41,0.37,2026-01-30,0533,N,VIIRS,n,2.0NRT,289.37,1.02,N
-42.61907,-71.4772,300.37,0.41,0.37,2026-01-30,0533,N,VIIRS,n,2.0NRT,287,0.92,N
-42.60868,-71.55342,299.85,0.41,0.37,2026-01-30,0533,N,VIIRS,n,2.0NRT,288.36,0.62,N
-42.61605,-71.51338,311.13,0.41,0.37,2026-01-30,0533,N,VIIRS,n,2.0NRT,291.74,1.98,N
-42.61699,-71.5083,319.96,0.41,0.37,2026-01-30,0533,N,VIIRS,n,2.0NRT,291.97,1.46,N
-42.62066,-71.4883,302.2,0.41,0.37,2026-01-30,0533,N,VIIRS,n,2.0NRT,289.32,1.02,N
-42.62342,-71.47324,302.3,0.41,0.37,2026-01-30,0533,N,VIIRS,n,2.0NRT,289.8,0.92,N
-42.61857,-71.51943,325.08,0.41,0.37,2026-01-30,0533,N,VIIRS,n,2.0NRT,292.76,2.52,N
-42.61951,-71.51432,335.15,0.41,0.37,2026-01-30,0533,N,VIIRS,n,2.0NRT,291.82,2.52,N
-42.62502,-71.48432,333.83,0.41,0.37,2026-01-30,0533,N,VIIRS,n,2.0NRT,292.03,3.51,N
-42.62593,-71.47935,315.24,0.41,0.37,2026-01-30,0533,N,VIIRS,n,2.0NRT,291.79,1.89,N
-42.62685,-71.47433,304.54,0.41,0.37,2026-01-30,0533,N,VIIRS,n,2.0NRT,290.84,1.89,N
-42.62936,-71.4804,329.66,0.41,0.37,2026-01-30,0533,N,VIIRS,n,2.0NRT,291.29,1.89,N
-42.62203,-71.52036,301.33,0.41,0.37,2026-01-30,0533,N,VIIRS,n,2.0NRT,288.88,2.52,N
-42.62846,-71.48533,317.8,0.41,0.37,2026-01-30,0533,N,VIIRS,n,2.0NRT,289.1,3.51,N
-42.63027,-71.47543,308.61,0.41,0.37,2026-01-30,0533,N,VIIRS,n,2.0NRT,289.26,1.89,N
-42.63118,-71.47046,310.69,0.41,0.37,2026-01-30,0533,N,VIIRS,n,2.0NRT,288.41,1.51,N
-42.64038,-71.42017,305.36,0.41,0.37,2026-01-30,0533,N,VIIRS,n,2.0NRT,290.83,0.82,N
-42.62547,-71.5214,301.68,0.41,0.37,2026-01-30,0533,N,VIIRS,n,2.0NRT,289.6,0.87,N
-42.63877,-71.4884,309.19,0.41,0.37,2026-01-30,0533,N,VIIRS,n,2.0NRT,290.61,1.15,N
-42.66949,-71.4192,320.45,0.41,0.37,2026-01-30,0533,N,VIIRS,n,2.0NRT,290.2,2.03,N
-42.6594,-71.47462,304.78,0.41,0.37,2026-01-30,0533,N,VIIRS,n,2.0NRT,288.59,1.11,N
-42.66765,-71.42932,302.5,0.41,0.37,2026-01-30,0533,N,VIIRS,n,2.0NRT,288.21,1.43,N
-42.661,-71.48572,309.35,0.41,0.37,2026-01-30,0533,N,VIIRS,n,2.0NRT,289.24,1.79,N
-42.6628,-71.47584,299.47,0.41,0.37,2026-01-30,0533,N,VIIRS,n,2.0NRT,287.78,0.97,N
-42.67013,-71.43555,303.48,0.41,0.37,2026-01-30,0533,N,VIIRS,n,2.0NRT,288.4,1.71,N
-42.67105,-71.4305,308.14,0.41,0.37,2026-01-30,0533,N,VIIRS,n,2.0NRT,288.79,2.16,N
-42.67289,-71.42039,302.07,0.41,0.37,2026-01-30,0533,N,VIIRS,n,2.0NRT,288.79,1.38,N
-42.66167,-71.50189,301.22,0.41,0.37,2026-01-30,0533,N,VIIRS,n,2.0NRT,288.67,1.01,N
-42.67992,-71.40157,308.7,0.41,0.37,2026-01-30,0533,N,VIIRS,n,2.0NRT,289.29,1.49,N
-42.66507,-71.50311,328.93,0.41,0.37,2026-01-30,0533,N,VIIRS,n,2.0NRT,290.64,3.45,N
-42.66413,-71.50823,302.73,0.41,0.37,2026-01-30,0533,N,VIIRS,n,2.0NRT,288.23,0.74,N
-42.67583,-71.60323,335.86,0.42,0.37,2026-01-30,0533,N,VIIRS,n,2.0NRT,291.24,2.88,N
-42.64833,-71.77341,335.81,0.42,0.38,2026-01-30,0533,N,VIIRS,n,2.0NRT,292.14,4.52,N
-42.64934,-71.76788,314.65,0.42,0.38,2026-01-30,0533,N,VIIRS,n,2.0NRT,290.57,2.05,N
-42.67922,-71.6046,315.04,0.42,0.37,2026-01-30,0533,N,VIIRS,n,2.0NRT,289.99,2.88,N
-42.65279,-71.76895,321.61,0.42,0.38,2026-01-30,0533,N,VIIRS,n,2.0NRT,292.34,3.34,N
-42.69818,-71.60211,302.47,0.41,0.37,2026-01-30,0533,N,VIIRS,n,2.0NRT,289.31,0.77,N
-46.55828,-68.10685,301.94,0.4,0.37,2026-01-30,0533,N,VIIRS,n,2.0NRT,290.52,0.72,N
-42.79152,-71.68376,334.83,0.49,0.65,2026-01-30,1749,N,VIIRS,n,2.0NRT,292.16,4.82,D
-33.07872,-59.93184,341.63,0.38,0.36,2026-01-30,1751,N,VIIRS,n,2.0NRT,307.15,4.09,D
-33.07539,-59.93256,340.38,0.38,0.36,2026-01-30,1751,N,VIIRS,n,2.0NRT,311.83,4.47,D
-33.07602,-59.93669,350.07,0.38,0.36,2026-01-30,1751,N,VIIRS,n,2.0NRT,308.75,4.47,D
-33.07206,-59.93328,347.65,0.38,0.36,2026-01-30,1751,N,VIIRS,n,2.0NRT,308.94,4.47,D
-33.07269,-59.93741,339.77,0.38,0.36,2026-01-30,1751,N,VIIRS,n,2.0NRT,307.79,4.47,D
-33.00628,-60.80128,352.56,0.39,0.36,2026-01-30,1751,N,VIIRS,n,2.0NRT,315.35,9.25,D
-33.0069,-60.80547,337.31,0.39,0.36,2026-01-30,1751,N,VIIRS,l,2.0NRT,309.53,9.25,D
-32.88166,-60.05722,345.81,0.38,0.36,2026-01-30,1751,N,VIIRS,n,2.0NRT,308.65,7.97,D
-32.93998,-60.5144,336.49,0.39,0.36,2026-01-30,1751,N,VIIRS,n,2.0NRT,311.34,3.41,D
-32.93815,-60.74569,352.59,0.39,0.36,2026-01-30,1751,N,VIIRS,n,2.0NRT,311.82,4.92,D
-32.80983,-60.58284,332.53,0.39,0.36,2026-01-30,1751,N,VIIRS,l,2.0NRT,305.08,5.8,D
-32.81045,-60.58698,333.24,0.39,0.36,2026-01-30,1751,N,VIIRS,l,2.0NRT,306.18,5.8,D
-32.80227,-60.60151,333.61,0.39,0.36,2026-01-30,1751,N,VIIRS,l,2.0NRT,307.45,3.63,D
-32.80288,-60.60566,347.44,0.39,0.36,2026-01-30,1751,N,VIIRS,n,2.0NRT,307.54,3.63,D
-32.75555,-60.49589,348.33,0.39,0.36,2026-01-30,1751,N,VIIRS,n,2.0NRT,311.76,14.53,D
-32.75617,-60.50003,336.19,0.39,0.36,2026-01-30,1751,N,VIIRS,l,2.0NRT,308.84,10.99,D
-32.64349,-60.35612,349.25,0.38,0.36,2026-01-30,1751,N,VIIRS,n,2.0NRT,313.05,9.8,D
-32.64078,-60.36094,345.66,0.38,0.36,2026-01-30,1751,N,VIIRS,n,2.0NRT,308.63,4.31,D
-32.43662,-59.09367,338.03,0.39,0.36,2026-01-30,1751,N,VIIRS,l,2.0NRT,309.6,5.94,D
-32.43729,-59.09782,347.45,0.39,0.36,2026-01-30,1751,N,VIIRS,n,2.0NRT,313.77,5.94,D
-32.39375,-59.02151,341.41,0.39,0.36,2026-01-30,1751,N,VIIRS,l,2.0NRT,313.19,4.91,D
-38.78668,-62.28144,336.26,0.47,0.39,2026-01-30,1751,N,VIIRS,n,2.0NRT,307.85,2.61,D
-38.74704,-68.83772,367,0.32,0.55,2026-01-30,1751,N,VIIRS,h,2.0NRT,303.63,4.76,D
-35.12425,-57.80297,336.49,0.39,0.37,2026-01-30,1751,N,VIIRS,n,2.0NRT,302.8,2.97,D
-35.84909,-65.11327,340.1,0.38,0.44,2026-01-30,1751,N,VIIRS,n,2.0NRT,307.61,49.32,D
-35.84954,-65.11758,340.58,0.38,0.44,2026-01-30,1751,N,VIIRS,l,2.0NRT,310.83,49.32,D
-35.84457,-65.10957,344.45,0.38,0.44,2026-01-30,1751,N,VIIRS,n,2.0NRT,307.36,13.32,D
-35.84502,-65.11388,352.26,0.38,0.44,2026-01-30,1751,N,VIIRS,n,2.0NRT,319.97,49.32,D
-35.83689,-65.11509,367,0.38,0.44,2026-01-30,1751,N,VIIRS,h,2.0NRT,311.31,6.62,D
-35.83644,-65.11077,344.34,0.38,0.44,2026-01-30,1751,N,VIIRS,n,2.0NRT,311.05,8.88,D
-35.83735,-65.11942,341.93,0.38,0.44,2026-01-30,1751,N,VIIRS,n,2.0NRT,305.05,6.62,D
-35.82922,-65.12064,352.1,0.38,0.44,2026-01-30,1751,N,VIIRS,n,2.0NRT,308.82,10.63,D
-34.89985,-58.18581,330.34,0.39,0.36,2026-01-30,1751,N,VIIRS,n,2.0NRT,298.96,1.96,D
-34.91553,-58.51912,350.66,0.39,0.36,2026-01-30,1751,N,VIIRS,n,2.0NRT,303.51,8.58,D
-34.91219,-58.5199,352.18,0.39,0.36,2026-01-30,1751,N,VIIRS,n,2.0NRT,302.87,11.76,D
-34.86359,-58.41206,352.91,0.39,0.36,2026-01-30,1751,N,VIIRS,n,2.0NRT,307.76,31.72,D
-34.86282,-58.41149,339.54,0.39,0.36,2026-01-30,1751,N,VIIRS,n,2.0NRT,303.34,26.09,D
-35.48074,-64.38419,330.35,0.53,0.42,2026-01-30,1751,N,VIIRS,l,2.0NRT,304.02,1.29,D
-35.26249,-65.26709,334.84,0.39,0.44,2026-01-30,1751,N,VIIRS,l,2.0NRT,308.39,2.7,D
-35.26294,-65.27142,343.43,0.39,0.44,2026-01-30,1751,N,VIIRS,n,2.0NRT,308.81,2.7,D
-34.43683,-58.95934,354.08,0.39,0.36,2026-01-30,1751,N,VIIRS,n,2.0NRT,307.04,7.96,D
-34.4375,-58.96354,351.39,0.39,0.36,2026-01-30,1751,N,VIIRS,n,2.0NRT,305.89,7.96,D
-34.4335,-58.9601,348.91,0.39,0.36,2026-01-30,1751,N,VIIRS,n,2.0NRT,311.54,11.89,D
-34.43416,-58.96431,344.5,0.39,0.36,2026-01-30,1751,N,VIIRS,n,2.0NRT,305.51,11.89,D
-34.43016,-58.96087,344.04,0.39,0.36,2026-01-30,1751,N,VIIRS,n,2.0NRT,301.37,11.89,D
-35.23809,-65.27083,339.2,0.39,0.44,2026-01-30,1751,N,VIIRS,l,2.0NRT,311.86,5.38,D
-34.06626,-58.69675,334.82,0.39,0.36,2026-01-30,1751,N,VIIRS,l,2.0NRT,309.07,4.04,D
-34.06025,-58.70253,337.99,0.39,0.36,2026-01-30,1751,N,VIIRS,l,2.0NRT,312.72,4.43,D
-34.05691,-58.7033,350.84,0.39,0.36,2026-01-30,1751,N,VIIRS,n,2.0NRT,311.57,4.43,D
-34.05759,-58.70752,334.83,0.39,0.36,2026-01-30,1751,N,VIIRS,l,2.0NRT,305.89,4.43,D
-34.05357,-58.70407,336.71,0.39,0.36,2026-01-30,1751,N,VIIRS,n,2.0NRT,304.39,3.83,D
-33.992,-58.75702,367,0.39,0.36,2026-01-30,1751,N,VIIRS,h,2.0NRT,317.22,8.57,D
-33.99133,-58.75282,332.4,0.39,0.36,2026-01-30,1751,N,VIIRS,n,2.0NRT,305.97,8.57,D
-33.98731,-58.74937,333.91,0.39,0.36,2026-01-30,1751,N,VIIRS,n,2.0NRT,301.36,5.94,D
-33.98799,-58.75359,356.96,0.39,0.36,2026-01-30,1751,N,VIIRS,n,2.0NRT,318.76,12.76,D
-33.98866,-58.75779,344.47,0.39,0.36,2026-01-30,1751,N,VIIRS,n,2.0NRT,311.57,12.76,D
-33.98465,-58.75436,341.77,0.39,0.36,2026-01-30,1751,N,VIIRS,n,2.0NRT,300.28,12.76,D
-34.70378,-64.21916,346.16,0.51,0.41,2026-01-30,1751,N,VIIRS,n,2.0NRT,309.06,7.25,D
-34.17962,-61.7032,335.65,0.41,0.37,2026-01-30,1751,N,VIIRS,l,2.0NRT,306.16,4.64,D
-33.46387,-60.06047,336.95,0.38,0.36,2026-01-30,1751,N,VIIRS,l,2.0NRT,307.53,2.53,D
-33.4005,-60.14273,335.06,0.38,0.36,2026-01-30,1751,N,VIIRS,l,2.0NRT,307.14,2.93,D
-33.36782,-60.16223,342.17,0.38,0.36,2026-01-30,1751,N,VIIRS,n,2.0NRT,312.09,4.36,D
-33.14093,-59.43577,340.19,0.38,0.36,2026-01-30,1751,N,VIIRS,l,2.0NRT,312.72,3.42,D
-33.25698,-60.28375,345.74,0.39,0.36,2026-01-30,1751,N,VIIRS,n,2.0NRT,312,4.61,D
-33.07809,-59.9277,334.96,0.38,0.36,2026-01-30,1751,N,VIIRS,n,2.0NRT,305.75,3.26,D
-33.82344,-65.57217,345.75,0.38,0.44,2026-01-30,1751,N,VIIRS,n,2.0NRT,312.44,5.81,D
-29.50537,-60.98518,334.9,0.38,0.36,2026-01-30,1753,N,VIIRS,l,2.0NRT,305.74,3.47,D
-29.69257,-62.42432,350.96,0.4,0.37,2026-01-30,1753,N,VIIRS,n,2.0NRT,315.21,7.26,D
-29.69316,-62.42847,342.25,0.4,0.37,2026-01-30,1753,N,VIIRS,n,2.0NRT,312.32,3.13,D
-29.68917,-62.42495,352.96,0.4,0.37,2026-01-30,1753,N,VIIRS,n,2.0NRT,313.88,9.89,D
-29.12082,-59.16206,340.37,0.4,0.37,2026-01-30,1753,N,VIIRS,n,2.0NRT,308.45,4.06,D
-29.12358,-59.17867,334.1,0.4,0.37,2026-01-30,1753,N,VIIRS,l,2.0NRT,307.72,3.49,D
-29.63844,-62.53102,335.88,0.4,0.37,2026-01-30,1753,N,VIIRS,l,2.0NRT,307.75,7.4,D
-29.63904,-62.53518,338.36,0.4,0.37,2026-01-30,1753,N,VIIRS,l,2.0NRT,311.84,7.4,D
-29.63386,-62.52331,342.23,0.4,0.37,2026-01-30,1753,N,VIIRS,l,2.0NRT,313.17,8.9,D
-29.63445,-62.52748,339.93,0.4,0.37,2026-01-30,1753,N,VIIRS,n,2.0NRT,309,8.9,D
-29.63563,-62.53581,340.49,0.4,0.37,2026-01-30,1753,N,VIIRS,l,2.0NRT,315.01,7.4,D
-29.63046,-62.52394,344.73,0.4,0.37,2026-01-30,1753,N,VIIRS,n,2.0NRT,314.23,71.26,D
-29.63105,-62.5281,340.39,0.4,0.37,2026-01-30,1753,N,VIIRS,n,2.0NRT,311.06,71.26,D
-29.63163,-62.53227,351.92,0.4,0.37,2026-01-30,1753,N,VIIRS,n,2.0NRT,310.06,65.3,D
-29.62764,-62.52873,367,0.4,0.37,2026-01-30,1753,N,VIIRS,h,2.0NRT,329.49,71.26,D
-29.62882,-62.53706,333.82,0.4,0.37,2026-01-30,1753,N,VIIRS,l,2.0NRT,305.82,65.3,D
-29.62424,-62.52936,342.18,0.4,0.37,2026-01-30,1753,N,VIIRS,n,2.0NRT,303.75,3.96,D
-29.06641,-59.17379,335.28,0.4,0.37,2026-01-30,1753,N,VIIRS,n,2.0NRT,304.48,2.91,D
-29.02809,-59.23745,330.99,0.4,0.37,2026-01-30,1753,N,VIIRS,n,2.0NRT,305.61,2,D
-28.88633,-59.09963,334.11,0.41,0.37,2026-01-30,1753,N,VIIRS,l,2.0NRT,305.91,3.52,D
-28.64541,-60.9081,336.06,0.38,0.36,2026-01-30,1753,N,VIIRS,n,2.0NRT,307.07,4.08,D
-28.47039,-61.22171,341.99,0.38,0.36,2026-01-30,1753,N,VIIRS,l,2.0NRT,316.11,4.72,D
-27.39528,-58.52874,340.79,0.44,0.38,2026-01-30,1753,N,VIIRS,n,2.0NRT,307.8,7.26,D
-27.74148,-60.97085,345.65,0.38,0.36,2026-01-30,1753,N,VIIRS,n,2.0NRT,313.32,5.22,D
-26.37148,-54.42103,343.62,0.48,0.48,2026-01-30,1753,N,VIIRS,n,2.0NRT,303.36,8.37,D
-27.08064,-58.69266,332.95,0.43,0.38,2026-01-30,1753,N,VIIRS,l,2.0NRT,305.99,4.36,D
-26.99536,-58.78708,333.82,0.43,0.38,2026-01-30,1753,N,VIIRS,n,2.0NRT,300.63,2.21,D
-26.77507,-58.35518,331.78,0.45,0.39,2026-01-30,1753,N,VIIRS,l,2.0NRT,306.45,3.42,D
-26.35209,-58.19096,337.45,0.46,0.39,2026-01-30,1753,N,VIIRS,n,2.0NRT,303.78,6.56,D
-26.35311,-58.19424,334.8,0.46,0.39,2026-01-30,1753,N,VIIRS,n,2.0NRT,303.93,4.71,D
-26.22114,-58.14937,336.96,0.47,0.39,2026-01-30,1753,N,VIIRS,n,2.0NRT,306.34,3.62,D
-26.15744,-58.10992,336.5,0.47,0.4,2026-01-30,1753,N,VIIRS,n,2.0NRT,305.6,3.27,D
-26.1514,-58.2226,339.46,0.46,0.39,2026-01-30,1753,N,VIIRS,l,2.0NRT,309.93,4.6,D
-26.14778,-58.22339,339.01,0.46,0.39,2026-01-30,1753,N,VIIRS,n,2.0NRT,308.51,4.8,D
-26.13608,-58.22112,339.34,0.46,0.39,2026-01-30,1753,N,VIIRS,n,2.0NRT,308.94,5.31,D
-26.13692,-58.22576,336.52,0.46,0.39,2026-01-30,1753,N,VIIRS,l,2.0NRT,307.03,4.34,D
-26.13726,-58.22443,342.25,0.46,0.39,2026-01-30,1753,N,VIIRS,n,2.0NRT,309.41,6.13,D
-26.46709,-60.74756,348.44,0.39,0.36,2026-01-30,1753,N,VIIRS,n,2.0NRT,314.97,7.76,D
-26.1574,-59.56385,334.49,0.41,0.37,2026-01-30,1753,N,VIIRS,l,2.0NRT,307.29,3.74,D
-26.339,-60.95716,353.13,0.39,0.36,2026-01-30,1753,N,VIIRS,n,2.0NRT,322.67,13.34,D
-26.33566,-60.95781,355.2,0.39,0.36,2026-01-30,1753,N,VIIRS,n,2.0NRT,318.21,10.87,D
-25.77779,-57.92135,343.74,0.48,0.4,2026-01-30,1753,N,VIIRS,n,2.0NRT,308.85,11.45,D
-25.7741,-57.92216,352.99,0.48,0.4,2026-01-30,1753,N,VIIRS,n,2.0NRT,309.06,12.16,D
-26.13799,-60.12473,334.03,0.4,0.37,2026-01-30,1753,N,VIIRS,n,2.0NRT,307.89,2.87,D
-26.35229,-58.18961,334.21,0.46,0.39,2026-01-30,1753,N,VIIRS,n,2.0NRT,303.07,4.71,D
-32.39987,-60.77985,346.99,0.39,0.36,2026-01-30,1753,N,VIIRS,n,2.0NRT,308.1,10.15,D
-32.04017,-59.0606,339.02,0.39,0.36,2026-01-30,1753,N,VIIRS,n,2.0NRT,308.18,2.1,D
-32.03915,-59.06008,350.08,0.39,0.36,2026-01-30,1753,N,VIIRS,n,2.0NRT,308.56,6.19,D
-32.06887,-59.68032,349.21,0.39,0.36,2026-01-30,1753,N,VIIRS,n,2.0NRT,317.98,7.88,D
-32.12033,-60.74596,331.54,0.39,0.36,2026-01-30,1753,N,VIIRS,l,2.0NRT,305.12,0.96,D
-32.11122,-60.77749,331.38,0.39,0.36,2026-01-30,1753,N,VIIRS,l,2.0NRT,306.08,1.83,D
-32.10727,-60.77406,337.56,0.39,0.36,2026-01-30,1753,N,VIIRS,n,2.0NRT,305.97,4.23,D
-31.79985,-60.67882,332.31,0.39,0.36,2026-01-30,1753,N,VIIRS,l,2.0NRT,305.22,2.5,D
-31.79652,-60.6795,342.25,0.39,0.36,2026-01-30,1753,N,VIIRS,n,2.0NRT,307.77,8.2,D
-31.7442,-60.65947,331.6,0.38,0.36,2026-01-30,1753,N,VIIRS,l,2.0NRT,301.79,3.12,D
-31.49408,-59.31776,335.89,0.39,0.36,2026-01-30,1753,N,VIIRS,n,2.0NRT,301.69,1.96,D
-31.58058,-59.95004,351.98,0.38,0.36,2026-01-30,1753,N,VIIRS,n,2.0NRT,320.19,24.62,D
-31.60871,-60.42271,340.53,0.38,0.36,2026-01-30,1753,N,VIIRS,n,2.0NRT,302.89,5.72,D
-31.36352,-58.94728,348.17,0.4,0.37,2026-01-30,1753,N,VIIRS,n,2.0NRT,311.93,11.82,D
-31.36015,-58.94804,342.41,0.4,0.37,2026-01-30,1753,N,VIIRS,n,2.0NRT,305.66,11.82,D
-31.34535,-58.96429,340.7,0.39,0.37,2026-01-30,1753,N,VIIRS,n,2.0NRT,307.76,5.6,D
-32.07737,-65.28534,346.24,0.53,0.42,2026-01-30,1753,N,VIIRS,n,2.0NRT,309.17,6.68,D
-32.07346,-65.28595,353.69,0.53,0.42,2026-01-30,1753,N,VIIRS,n,2.0NRT,308.59,6.68,D
-32.0741,-65.29169,334.4,0.53,0.42,2026-01-30,1753,N,VIIRS,n,2.0NRT,305.27,6.68,D
-31.00313,-57.8965,345.19,0.42,0.38,2026-01-30,1753,N,VIIRS,n,2.0NRT,307.72,7.23,D
-31.20378,-59.53663,344.1,0.39,0.36,2026-01-30,1753,N,VIIRS,n,2.0NRT,307.49,7.66,D
-30.8634,-58.01326,340.31,0.42,0.38,2026-01-30,1753,N,VIIRS,n,2.0NRT,308.92,3.32,D
-30.86415,-58.01764,337.55,0.42,0.38,2026-01-30,1753,N,VIIRS,n,2.0NRT,305.43,3.32,D
-31.19177,-60.23509,334.37,0.38,0.36,2026-01-30,1753,N,VIIRS,n,2.0NRT,301.23,2.81,D
-31.12544,-60.24014,331.02,0.38,0.36,2026-01-30,1753,N,VIIRS,n,2.0NRT,303.87,1.4,D
-31.08249,-60.14054,334.97,0.38,0.36,2026-01-30,1753,N,VIIRS,n,2.0NRT,305.82,3.49,D
-31.07915,-60.14124,367,0.38,0.36,2026-01-30,1753,N,VIIRS,h,2.0NRT,306.97,18.3,D
-31.07979,-60.14529,348.14,0.38,0.36,2026-01-30,1753,N,VIIRS,n,2.0NRT,305.08,18.3,D
-30.7104,-58.9978,347.01,0.4,0.37,2026-01-30,1753,N,VIIRS,n,2.0NRT,309.07,9.68,D
-31.0237,-62.47066,337.42,0.41,0.37,2026-01-30,1753,N,VIIRS,n,2.0NRT,310.34,3.03,D
-30.6091,-59.82025,337.68,0.39,0.36,2026-01-30,1753,N,VIIRS,n,2.0NRT,301.95,3.17,D
-30.60576,-59.82096,330.86,0.39,0.36,2026-01-30,1753,N,VIIRS,l,2.0NRT,302.45,3.17,D
-30.38719,-58.84668,340.34,0.4,0.37,2026-01-30,1753,N,VIIRS,n,2.0NRT,308.78,5.01,D
-30.04512,-57.81163,338.27,0.43,0.38,2026-01-30,1753,N,VIIRS,n,2.0NRT,307.77,2.2,D
-30.1855,-60.18641,332.68,0.39,0.36,2026-01-30,1753,N,VIIRS,n,2.0NRT,306.72,2.28,D
-29.56668,-56.94335,332.49,0.47,0.4,2026-01-30,1753,N,VIIRS,n,2.0NRT,300.8,4.38,D
-29.55302,-56.93131,343.99,0.47,0.4,2026-01-30,1753,N,VIIRS,n,2.0NRT,307.72,8.04,D
-29.89348,-60.1301,336.7,0.39,0.36,2026-01-30,1753,N,VIIRS,n,2.0NRT,309.25,1.46,D
-29.3088,-57.11761,347.27,0.47,0.4,2026-01-30,1753,N,VIIRS,n,2.0NRT,306.67,12.73,D
-29.30585,-57.11632,333.69,0.47,0.4,2026-01-30,1753,N,VIIRS,l,2.0NRT,305.86,17.67,D
-30.17686,-62.80651,341.25,0.41,0.37,2026-01-30,1753,N,VIIRS,l,2.0NRT,313.93,3.24,D
-30.17283,-62.80284,338.27,0.41,0.37,2026-01-30,1753,N,VIIRS,l,2.0NRT,313.25,2.51,D
-30.17342,-62.80713,343.02,0.41,0.37,2026-01-30,1753,N,VIIRS,n,2.0NRT,311.86,2.51,D
-30.16359,-62.78694,339.04,0.41,0.37,2026-01-30,1753,N,VIIRS,l,2.0NRT,313.41,2.07,D
-29.77903,-60.31062,334.82,0.39,0.36,2026-01-30,1753,N,VIIRS,n,2.0NRT,302.58,2.21,D
-29.77569,-60.3113,331.02,0.39,0.36,2026-01-30,1753,N,VIIRS,n,2.0NRT,300.53,2.21,D
-30.11537,-62.9351,349.23,0.41,0.37,2026-01-30,1753,N,VIIRS,n,2.0NRT,316.12,7.48,D
-29.28517,-57.87827,334.1,0.44,0.38,2026-01-30,1753,N,VIIRS,l,2.0NRT,306.55,5.77,D
-29.42887,-58.70556,337.9,0.41,0.37,2026-01-30,1753,N,VIIRS,n,2.0NRT,306.83,3.85,D
-29.12062,-57.54668,342.56,0.45,0.39,2026-01-30,1753,N,VIIRS,n,2.0NRT,305.89,5.19,D
-28.86144,-56.55832,338.32,0.5,0.41,2026-01-30,1753,N,VIIRS,n,2.0NRT,300.57,5.79,D
-28.85489,-56.5653,334.97,0.5,0.41,2026-01-30,1753,N,VIIRS,n,2.0NRT,301.79,1.77,D
-29.56758,-60.86236,336.38,0.38,0.36,2026-01-30,1753,N,VIIRS,l,2.0NRT,309.03,2.89,D
-29.80457,-62.62737,336.79,0.4,0.37,2026-01-30,1753,N,VIIRS,l,2.0NRT,310.77,1.86,D
-29.80515,-62.63157,336.17,0.4,0.37,2026-01-30,1753,N,VIIRS,l,2.0NRT,309.77,1.71,D
-29.79773,-62.62861,353.91,0.4,0.37,2026-01-30,1753,N,VIIRS,n,2.0NRT,312.57,14.23,D
-29.79315,-62.62083,339.64,0.4,0.37,2026-01-30,1753,N,VIIRS,l,2.0NRT,311.75,4.29,D
-29.79431,-62.62924,347.45,0.4,0.37,2026-01-30,1753,N,VIIRS,n,2.0NRT,310.76,14.23,D
-29.79031,-62.62566,356.34,0.4,0.37,2026-01-30,1753,N,VIIRS,l,2.0NRT,311.53,8.69,D
-29.5434,-61.01895,335.93,0.38,0.36,2026-01-30,1753,N,VIIRS,l,2.0NRT,307.64,2.57,D
-29.54007,-61.01961,338.39,0.38,0.36,2026-01-30,1753,N,VIIRS,n,2.0NRT,307.97,2.57,D
-29.5334,-61.02093,346.74,0.38,0.36,2026-01-30,1753,N,VIIRS,n,2.0NRT,310.03,41.26,D
-29.53082,-61.01702,354.77,0.38,0.36,2026-01-30,1753,N,VIIRS,n,2.0NRT,305.46,13.9,D
-29.53142,-61.021,342.25,0.38,0.36,2026-01-30,1753,N,VIIRS,n,2.0NRT,305.64,19.64,D
-29.52385,-60.9938,332.18,0.38,0.36,2026-01-30,1753,N,VIIRS,l,2.0NRT,305.24,3.26,D
-29.52446,-60.99778,333.8,0.38,0.36,2026-01-30,1753,N,VIIRS,l,2.0NRT,304.46,1.31,D
-25.90267,-60.63039,339.03,0.39,0.36,2026-01-30,1756,N,VIIRS,l,2.0NRT,310.46,3.06,D
-25.35423,-58.16347,336.48,0.48,0.4,2026-01-30,1756,N,VIIRS,l,2.0NRT,307.95,4.02,D
-25.23708,-57.75024,336.74,0.5,0.41,2026-01-30,1756,N,VIIRS,l,2.0NRT,307.51,3.14,D
-25.23381,-57.83836,355.03,0.5,0.41,2026-01-30,1756,N,VIIRS,n,2.0NRT,310.67,31.58,D
-25.23471,-57.84327,335.38,0.49,0.41,2026-01-30,1756,N,VIIRS,n,2.0NRT,306.69,4.74,D
-25.23459,-57.86373,333.72,0.49,0.41,2026-01-30,1756,N,VIIRS,n,2.0NRT,306.75,3.79,D
-25.21174,-57.76097,348.96,0.5,0.41,2026-01-30,1756,N,VIIRS,n,2.0NRT,310.64,14.52,D
-25.20892,-57.76676,331.49,0.5,0.41,2026-01-30,1756,N,VIIRS,l,2.0NRT,305.69,2.88,D
-25.20333,-57.75767,338.1,0.5,0.41,2026-01-30,1756,N,VIIRS,n,2.0NRT,306.29,11.58,D
-25.20425,-57.76262,345.43,0.5,0.41,2026-01-30,1756,N,VIIRS,n,2.0NRT,309,11.58,D
-25.19767,-57.76923,367,0.5,0.41,2026-01-30,1756,N,VIIRS,h,2.0NRT,310.4,8.09,D
-25.19675,-57.76428,347.22,0.5,0.41,2026-01-30,1756,N,VIIRS,n,2.0NRT,306.16,12.14,D
-25.19859,-57.77419,334.22,0.5,0.41,2026-01-30,1756,N,VIIRS,n,2.0NRT,308.59,8.09,D
-25.19484,-57.77501,340.27,0.5,0.41,2026-01-30,1756,N,VIIRS,n,2.0NRT,313.41,12.68,D
-25.19668,-57.78492,338.33,0.5,0.41,2026-01-30,1756,N,VIIRS,l,2.0NRT,308.73,7.64,D
-25.19294,-57.78573,342.94,0.5,0.41,2026-01-30,1756,N,VIIRS,n,2.0NRT,312.01,7.64,D
-25.19386,-57.79068,352.33,0.5,0.41,2026-01-30,1756,N,VIIRS,n,2.0NRT,309.99,9.08,D
-25.19478,-57.79562,346.94,0.5,0.41,2026-01-30,1756,N,VIIRS,n,2.0NRT,305.89,9.08,D
-25.19104,-57.79644,339.67,0.5,0.41,2026-01-30,1756,N,VIIRS,n,2.0NRT,304.56,12.45,D
-25.18453,-57.78242,341.05,0.5,0.41,2026-01-30,1756,N,VIIRS,n,2.0NRT,303.59,10.42,D
-25.19515,-57.77296,349.79,0.5,0.41,2026-01-30,1756,N,VIIRS,n,2.0NRT,313.42,16.24,D
-25.19694,-57.78289,342.71,0.5,0.41,2026-01-30,1756,N,VIIRS,n,2.0NRT,309.87,12.56,D
-25.19408,-57.78867,354.47,0.5,0.41,2026-01-30,1756,N,VIIRS,n,2.0NRT,310.77,9.83,D
-25.19498,-57.79362,354.67,0.5,0.41,2026-01-30,1756,N,VIIRS,n,2.0NRT,307.92,9.83,D
-25.18586,-57.76469,337.86,0.5,0.41,2026-01-30,1756,N,VIIRS,l,2.0NRT,310.57,5.04,D
-25.19034,-57.78949,340.32,0.5,0.41,2026-01-30,1756,N,VIIRS,l,2.0NRT,311.66,7.42,D
-25.19123,-57.79445,339.17,0.5,0.41,2026-01-30,1756,N,VIIRS,n,2.0NRT,303.36,7.42,D
-25.18375,-57.79611,343.09,0.5,0.41,2026-01-30,1756,N,VIIRS,n,2.0NRT,313,14.98,D
-25.17731,-57.78205,341.5,0.5,0.41,2026-01-30,1756,N,VIIRS,n,2.0NRT,308.36,15.68,D
-25.17266,-57.77793,334.53,0.5,0.41,2026-01-30,1756,N,VIIRS,n,2.0NRT,303.85,8.72,D
-25.17356,-57.78289,338.84,0.5,0.41,2026-01-30,1756,N,VIIRS,l,2.0NRT,312.23,19.6,D
-25.17536,-57.79279,342.41,0.5,0.41,2026-01-30,1756,N,VIIRS,n,2.0NRT,311.9,17.52,D
-25.16892,-57.77876,346.54,0.5,0.41,2026-01-30,1756,N,VIIRS,n,2.0NRT,304.91,8.72,D
-25.17161,-57.79362,349.15,0.5,0.41,2026-01-30,1756,N,VIIRS,n,2.0NRT,309.85,17.52,D
-25.16607,-57.78455,343.74,0.5,0.41,2026-01-30,1756,N,VIIRS,n,2.0NRT,304.59,52.92,D
-25.16323,-57.79034,346.18,0.5,0.41,2026-01-30,1756,N,VIIRS,n,2.0NRT,302.23,52.92,D
-25.14127,-57.86187,337.08,0.5,0.41,2026-01-30,1756,N,VIIRS,n,2.0NRT,305.84,8.14,D
-25.13754,-57.86269,351.48,0.5,0.41,2026-01-30,1756,N,VIIRS,n,2.0NRT,309.26,8.14,D
-25.13844,-57.86761,345.86,0.5,0.41,2026-01-30,1756,N,VIIRS,n,2.0NRT,305.49,8.14,D
-25.12917,-57.85943,348.06,0.5,0.41,2026-01-30,1756,N,VIIRS,n,2.0NRT,306.6,8.22,D
-25.19517,-58.22104,331.92,0.48,0.4,2026-01-30,1756,N,VIIRS,l,2.0NRT,306.45,2.94,D
-25.11876,-57.88725,333.47,0.49,0.41,2026-01-30,1756,N,VIIRS,l,2.0NRT,306.52,4.08,D
-25.11221,-57.89378,367,0.49,0.41,2026-01-30,1756,N,VIIRS,h,2.0NRT,314.81,24.83,D
-25.10757,-57.88969,348.6,0.49,0.41,2026-01-30,1756,N,VIIRS,n,2.0NRT,311.4,25.62,D
-25.10847,-57.8946,357.26,0.49,0.41,2026-01-30,1756,N,VIIRS,n,2.0NRT,311.99,25.62,D
-25.10938,-57.8995,349.44,0.49,0.41,2026-01-30,1756,N,VIIRS,n,2.0NRT,314.21,6.15,D
-25.11029,-57.9044,338.06,0.49,0.41,2026-01-30,1756,N,VIIRS,l,2.0NRT,309.39,6.15,D
-25.1121,-57.91418,337.26,0.49,0.4,2026-01-30,1756,N,VIIRS,l,2.0NRT,308.38,5.26,D
-25.113,-57.91906,341.07,0.49,0.4,2026-01-30,1756,N,VIIRS,n,2.0NRT,309.23,7.23,D
-25.10565,-57.90031,348.16,0.49,0.41,2026-01-30,1756,N,VIIRS,n,2.0NRT,312.83,6.15,D
-25.10747,-57.9101,340.56,0.49,0.41,2026-01-30,1756,N,VIIRS,n,2.0NRT,308.39,5.26,D
-25.10837,-57.91499,337.75,0.49,0.4,2026-01-30,1756,N,VIIRS,l,2.0NRT,308.07,5.26,D
-25.10928,-57.91988,348.22,0.49,0.4,2026-01-30,1756,N,VIIRS,n,2.0NRT,314.3,7.23,D
-25.10102,-57.89623,352.14,0.49,0.41,2026-01-30,1756,N,VIIRS,n,2.0NRT,311.25,27.24,D
-25.10765,-57.89168,367,0.49,0.41,2026-01-30,1756,N,VIIRS,h,2.0NRT,313.2,36.92,D
-25.10854,-57.89659,351.6,0.49,0.41,2026-01-30,1756,N,VIIRS,n,2.0NRT,311.61,8.21,D
-25.10942,-57.9015,347.87,0.49,0.41,2026-01-30,1756,N,VIIRS,n,2.0NRT,312.96,8.21,D
-25.11205,-57.91621,349.21,0.49,0.41,2026-01-30,1756,N,VIIRS,n,2.0NRT,311.56,12.34,D
-25.10481,-57.89742,338.84,0.49,0.41,2026-01-30,1756,N,VIIRS,n,2.0NRT,309.73,8.21,D
-25.10657,-57.90723,336.71,0.49,0.41,2026-01-30,1756,N,VIIRS,l,2.0NRT,307.58,8.87,D
-25.10833,-57.91703,351.77,0.49,0.41,2026-01-30,1756,N,VIIRS,n,2.0NRT,311.94,12.34,D
-25.10019,-57.89332,336.65,0.49,0.41,2026-01-30,1756,N,VIIRS,l,2.0NRT,307.5,15.2,D
-25.10108,-57.89824,346.49,0.49,0.41,2026-01-30,1756,N,VIIRS,n,2.0NRT,308.66,11.3,D
-24.95261,-58.36998,333.84,0.47,0.4,2026-01-30,1756,N,VIIRS,l,2.0NRT,305.13,3.52,D
-25.0476,-60.23543,334.92,0.41,0.37,2026-01-30,1756,N,VIIRS,l,2.0NRT,308.36,8.98,D
-25.04486,-60.24014,354.97,0.41,0.37,2026-01-30,1756,N,VIIRS,n,2.0NRT,315.05,8.98,D
-25.04145,-60.24083,343.41,0.41,0.37,2026-01-30,1756,N,VIIRS,n,2.0NRT,309.62,4.92,D
-25.64054,-64.72649,337.03,0.43,0.38,2026-01-30,1756,N,VIIRS,l,2.0NRT,301.97,8.52,D
-25.6415,-64.72461,341.22,0.43,0.38,2026-01-30,1756,N,VIIRS,n,2.0NRT,301.88,11.58,D
-24.64554,-61.13749,342.46,0.39,0.36,2026-01-30,1756,N,VIIRS,l,2.0NRT,313.38,7.89,D
-23.9674,-60.83298,333.94,0.4,0.37,2026-01-30,1756,N,VIIRS,n,2.0NRT,300.44,6.95,D
-42.65997,-71.75264,329.64,0.56,0.51,2026-01-30,1932,N,VIIRS,n,2.0NRT,275.78,6.01,D
-42.66123,-71.75763,334.2,0.55,0.51,2026-01-30,1932,N,VIIRS,n,2.0NRT,273.33,6.01,D
-42.65623,-71.75815,352.74,0.55,0.51,2026-01-30,1932,N,VIIRS,n,2.0NRT,285.17,111.28,D
-42.65744,-71.76294,338.31,0.55,0.51,2026-01-30,1932,N,VIIRS,n,2.0NRT,298.27,149.66,D
-42.64878,-71.76926,341.16,0.55,0.51,2026-01-30,1932,N,VIIRS,n,2.0NRT,275.2,12.83,D
-42.65019,-71.77483,343.75,0.55,0.51,2026-01-30,1932,N,VIIRS,n,2.0NRT,275.2,10.68,D
-42.56018,-71.66476,348.48,0.56,0.52,2026-01-30,1932,N,VIIRS,n,2.0NRT,272.02,12.89,D
-42.55549,-71.66663,344.23,0.56,0.52,2026-01-30,1932,N,VIIRS,n,2.0NRT,270.83,12.89,D
-42.55781,-71.66836,352.16,0.56,0.52,2026-01-30,1932,N,VIIRS,n,2.0NRT,274.29,25.11,D
-42.55312,-71.67026,342.13,0.56,0.52,2026-01-30,1932,N,VIIRS,n,2.0NRT,268.68,7.23,D
-35.0476,-69.37666,337.27,0.58,0.69,2026-01-30,1932,N,VIIRS,n,2.0NRT,289.53,8.9,D
-23.41754,-61.4716,307.65,0.45,0.39,2026-01-31,0508,N,VIIRS,n,2.0NRT,292.25,1.21,N
-26.33557,-60.96141,306.39,0.41,0.37,2026-01-31,0510,N,VIIRS,n,2.0NRT,295.31,1.35,N
-25.03825,-58.26596,331.58,0.39,0.36,2026-01-31,0510,N,VIIRS,n,2.0NRT,294.61,3.71,N
-25.04159,-58.26658,344.75,0.39,0.36,2026-01-31,0510,N,VIIRS,n,2.0NRT,291.76,3.71,N
-25.041,-58.27042,314.17,0.39,0.36,2026-01-31,0510,N,VIIRS,n,2.0NRT,291.53,1.92,N
-25.04434,-58.27105,302.99,0.39,0.36,2026-01-31,0510,N,VIIRS,n,2.0NRT,292.27,0.51,N
-25.19783,-57.7934,313.48,0.39,0.36,2026-01-31,0510,N,VIIRS,n,2.0NRT,293.81,1.03,N
-25.19841,-57.7895,318.22,0.39,0.36,2026-01-31,0510,N,VIIRS,n,2.0NRT,294.27,1.03,N
-25.04371,-60.24403,338.29,0.4,0.37,2026-01-31,0510,N,VIIRS,n,2.0NRT,298.28,6.5,N
-25.04438,-60.24008,352.28,0.4,0.37,2026-01-31,0510,N,VIIRS,n,2.0NRT,301.65,6.5,N
-25.04776,-60.24076,349.02,0.4,0.37,2026-01-31,0510,N,VIIRS,n,2.0NRT,295.96,6.5,N
-25.0471,-60.24472,304.77,0.4,0.37,2026-01-31,0510,N,VIIRS,n,2.0NRT,294.49,6.5,N
-26.04489,-54.50144,302.58,0.52,0.41,2026-01-31,0510,N,VIIRS,n,2.0NRT,290.85,0.57,N
-25.77994,-61.28596,306.42,0.42,0.37,2026-01-31,0510,N,VIIRS,n,2.0NRT,294.45,0.94,N
-26.41531,-58.58496,338.01,0.39,0.36,2026-01-31,0510,N,VIIRS,n,2.0NRT,293.68,3.02,N
-26.33286,-60.95663,313.29,0.4,0.37,2026-01-31,0510,N,VIIRS,n,2.0NRT,295.26,1.35,N
-26.33627,-60.95735,323.68,0.4,0.37,2026-01-31,0510,N,VIIRS,n,2.0NRT,296.17,1.35,N
-26.88648,-61.02127,329.03,0.4,0.37,2026-01-31,0510,N,VIIRS,n,2.0NRT,294.52,2.34,N
-27.05021,-62.72147,302.71,0.46,0.39,2026-01-31,0510,N,VIIRS,n,2.0NRT,291.86,1.16,N
-27.05105,-62.71687,316.88,0.46,0.39,2026-01-31,0510,N,VIIRS,n,2.0NRT,292.46,1.16,N
-28.68812,-61.31643,304.07,0.4,0.37,2026-01-31,0510,N,VIIRS,n,2.0NRT,292.87,1.09,N
-29.38426,-56.8132,315.41,0.44,0.38,2026-01-31,0510,N,VIIRS,n,2.0NRT,292.65,1.45,N
-29.23401,-61.02861,315.59,0.39,0.36,2026-01-31,0510,N,VIIRS,n,2.0NRT,288.08,1.08,N
-29.23469,-61.02457,305.76,0.39,0.36,2026-01-31,0510,N,VIIRS,n,2.0NRT,291.43,1.08,N
-29.36092,-60.95902,304.49,0.39,0.36,2026-01-31,0510,N,VIIRS,n,2.0NRT,291.23,0.4,N
-29.54675,-62.85112,307.6,0.43,0.38,2026-01-31,0510,N,VIIRS,n,2.0NRT,289.8,0.6,N
-29.80686,-61.3887,302.34,0.39,0.37,2026-01-31,0510,N,VIIRS,n,2.0NRT,281.34,1.01,N
-30.23591,-59.01851,305.46,0.39,0.36,2026-01-31,0510,N,VIIRS,n,2.0NRT,290.79,0.72,N
-30.38632,-58.8473,305.83,0.39,0.37,2026-01-31,0510,N,VIIRS,n,2.0NRT,292.49,0.5,N
-29.7844,-62.63525,302.55,0.42,0.38,2026-01-31,0510,N,VIIRS,n,2.0NRT,291.32,0.53,N
-30.74198,-58.0229,320.89,0.41,0.37,2026-01-31,0510,N,VIIRS,n,2.0NRT,292.39,1.78,N
-30.432,-63.84585,308.51,0.46,0.39,2026-01-31,0510,N,VIIRS,n,2.0NRT,289.57,1.15,N
-30.43561,-63.84673,317.4,0.46,0.39,2026-01-31,0510,N,VIIRS,n,2.0NRT,289.97,1.82,N
-31.34714,-58.96718,313.35,0.4,0.37,2026-01-31,0510,N,VIIRS,n,2.0NRT,291.71,1.22,N
-33.37165,-60.15977,316.12,0.39,0.36,2026-01-31,0512,N,VIIRS,n,2.0NRT,292.79,1.16,N
-34.85727,-57.89255,317.79,0.45,0.39,2026-01-31,0512,N,VIIRS,n,2.0NRT,292.68,1.91,N
-34.56222,-59.20276,303.32,0.41,0.37,2026-01-31,0512,N,VIIRS,n,2.0NRT,289.28,0.59,N
-34.21014,-60.69923,300.54,0.39,0.36,2026-01-31,0512,N,VIIRS,n,2.0NRT,289.92,0.31,N
-34.43398,-58.96484,301.93,0.41,0.37,2026-01-31,0512,N,VIIRS,n,2.0NRT,289.55,0.53,N
-34.05665,-58.70661,308.49,0.42,0.38,2026-01-31,0512,N,VIIRS,n,2.0NRT,293.67,1.68,N
-34.05317,-58.70592,301.87,0.42,0.38,2026-01-31,0512,N,VIIRS,n,2.0NRT,291.17,0.59,N
-33.99245,-58.75676,311.1,0.42,0.37,2026-01-31,0512,N,VIIRS,n,2.0NRT,293.15,1.29,N
-33.98897,-58.75607,311.16,0.42,0.37,2026-01-31,0512,N,VIIRS,n,2.0NRT,294.18,1.56,N
-33.98549,-58.75539,313.16,0.42,0.37,2026-01-31,0512,N,VIIRS,n,2.0NRT,294.94,1.56,N
-34.5205,-59.11993,312.62,0.41,0.37,2026-01-31,0512,N,VIIRS,n,2.0NRT,291.24,1.26,N
-33.3769,-60.14786,329.71,0.39,0.36,2026-01-31,0512,N,VIIRS,n,2.0NRT,293.54,2.83,N
-33.36286,-60.14684,307.09,0.39,0.36,2026-01-31,0512,N,VIIRS,n,2.0NRT,293.38,1.2,N
-33.36222,-60.15105,309.01,0.39,0.36,2026-01-31,0512,N,VIIRS,n,2.0NRT,292.93,1.2,N
-33.36159,-60.15525,306.05,0.39,0.36,2026-01-31,0512,N,VIIRS,n,2.0NRT,292.6,1.58,N
-33.25951,-60.28055,317.38,0.39,0.36,2026-01-31,0512,N,VIIRS,n,2.0NRT,291.98,1.23,N
-33.25888,-60.28474,318.91,0.39,0.36,2026-01-31,0512,N,VIIRS,n,2.0NRT,292.46,1.23,N
-33.25616,-60.27983,317.74,0.39,0.36,2026-01-31,0512,N,VIIRS,n,2.0NRT,293.35,1.23,N
-33.25552,-60.28402,321.06,0.39,0.36,2026-01-31,0512,N,VIIRS,n,2.0NRT,293.58,1.23,N
-32.39304,-59.80497,326.13,0.39,0.36,2026-01-31,0512,N,VIIRS,n,2.0NRT,292.52,1.76,N
-34.86581,-58.36909,300.5,0.44,0.38,2026-01-31,0512,N,VIIRS,n,2.0NRT,288.9,0.55,N
-36.13852,-57.31954,321.83,0.49,0.4,2026-01-31,0512,N,VIIRS,n,2.0NRT,289.54,2.93,N
-36.1423,-57.32022,346.62,0.49,0.4,2026-01-31,0512,N,VIIRS,n,2.0NRT,290.95,5.28,N
-36.14164,-57.32576,306.35,0.49,0.4,2026-01-31,0512,N,VIIRS,n,2.0NRT,289.73,5.28,N
-36.92398,-60.15724,297.86,0.4,0.37,2026-01-31,0512,N,VIIRS,n,2.0NRT,287.1,1.14,N
-36.98395,-60.2477,303.02,0.4,0.37,2026-01-31,0512,N,VIIRS,n,2.0NRT,288.07,1.01,N
-34.62362,-58.96973,328.59,0.42,0.37,2026-01-31,0512,N,VIIRS,n,2.0NRT,289.73,2.88,N
-34.84621,-58.21117,304.29,0.44,0.38,2026-01-31,0512,N,VIIRS,n,2.0NRT,288.76,0.55,N
-33.36829,-60.15904,312.73,0.39,0.36,2026-01-31,0512,N,VIIRS,n,2.0NRT,292.97,1.16,N
-33.36766,-60.16325,310.22,0.39,0.36,2026-01-31,0512,N,VIIRS,n,2.0NRT,292.59,1.47,N
-33.36955,-60.15063,324.37,0.39,0.36,2026-01-31,0512,N,VIIRS,n,2.0NRT,293.03,2.66,N
-33.36958,-60.14828,313.75,0.39,0.36,2026-01-31,0512,N,VIIRS,n,2.0NRT,292.85,1.09,N
-33.36894,-60.15248,311.01,0.39,0.36,2026-01-31,0512,N,VIIRS,n,2.0NRT,292.68,1.09,N
-33.36767,-60.16089,323.45,0.39,0.36,2026-01-31,0512,N,VIIRS,n,2.0NRT,293.22,1.76,N
-42.27539,-71.56361,299.78,0.42,0.45,2026-01-31,0514,N,VIIRS,n,2.0NRT,281.21,1.73,N
-42.27668,-71.55791,312.47,0.42,0.45,2026-01-31,0514,N,VIIRS,n,2.0NRT,279.7,1.65,N
-42.32418,-71.38898,307.06,0.41,0.45,2026-01-31,0514,N,VIIRS,n,2.0NRT,276.83,0.95,N
-42.27119,-71.56102,316.83,0.42,0.45,2026-01-31,0514,N,VIIRS,n,2.0NRT,283.3,2.91,N
-42.27564,-71.56111,323.25,0.42,0.45,2026-01-31,0514,N,VIIRS,n,2.0NRT,281.69,2.73,N
-42.32326,-71.39299,295.07,0.41,0.45,2026-01-31,0514,N,VIIRS,n,2.0NRT,273.73,0.95,N
-38.68365,-62.39569,305.27,0.38,0.36,2026-01-31,0514,N,VIIRS,n,2.0NRT,291.98,0.65,N
-38.78843,-62.28561,307.78,0.38,0.36,2026-01-31,0514,N,VIIRS,n,2.0NRT,295.44,1.24,N
-42.23695,-71.55602,297.64,0.42,0.45,2026-01-31,0514,N,VIIRS,n,2.0NRT,281.81,0.86,N
-42.23793,-71.5517,297.75,0.42,0.45,2026-01-31,0514,N,VIIRS,n,2.0NRT,282.38,0.86,N
-42.24038,-71.56055,302.63,0.42,0.45,2026-01-31,0514,N,VIIRS,n,2.0NRT,282.65,1.19,N
-42.24129,-71.55656,302.07,0.42,0.45,2026-01-31,0514,N,VIIRS,n,2.0NRT,282.28,0.86,N
-42.26803,-71.55676,297.96,0.42,0.45,2026-01-31,0514,N,VIIRS,n,2.0NRT,280.29,0.83,N
-42.27094,-71.56365,306.92,0.42,0.45,2026-01-31,0514,N,VIIRS,n,2.0NRT,282.21,1.73,N
-42.27225,-71.55779,310.66,0.42,0.45,2026-01-31,0514,N,VIIRS,n,2.0NRT,282.49,1.65,N
-46.55701,-68.10559,307.79,0.41,0.37,2026-01-31,0516,N,VIIRS,n,2.0NRT,280.29,0.63,N
-42.55876,-71.68272,309.08,0.67,0.74,2026-01-31,0656,N,VIIRS,n,2.0NRT,283.43,3.61,N
-42.2689,-71.56239,315.52,0.68,0.74,2026-01-31,0656,N,VIIRS,n,2.0NRT,278.94,3.84,N
-42.27592,-71.56848,307.38,0.68,0.74,2026-01-31,0656,N,VIIRS,n,2.0NRT,277.04,4.42,N
-42.27596,-71.55962,311.19,0.68,0.74,2026-01-31,0656,N,VIIRS,n,2.0NRT,276.88,3.65,N
-42.27305,-71.56104,321.32,0.68,0.74,2026-01-31,0656,N,VIIRS,n,2.0NRT,279.06,6.6,N
-42.27304,-71.56972,308.1,0.68,0.74,2026-01-31,0656,N,VIIRS,n,2.0NRT,277.97,5.99,N
-42.55505,-71.67882,311.78,0.67,0.74,2026-01-31,0656,N,VIIRS,n,2.0NRT,286.35,3.03,N
-42.56207,-71.67891,304.92,0.67,0.74,2026-01-31,0656,N,VIIRS,n,2.0NRT,282.51,3.03,N
-42.56211,-71.66988,301.73,0.67,0.74,2026-01-31,0656,N,VIIRS,n,2.0NRT,284.45,3.56,N
-42.59762,-71.59221,323.06,0.68,0.74,2026-01-31,0656,N,VIIRS,n,2.0NRT,285.03,5.2,N
-42.59766,-71.58415,298.92,0.68,0.74,2026-01-31,0656,N,VIIRS,n,2.0NRT,283.97,2.61,N
-42.55875,-71.67264,307.72,0.67,0.74,2026-01-31,0656,N,VIIRS,n,2.0NRT,285.44,4.13,N
-42.59389,-71.59421,314.95,0.68,0.74,2026-01-31,0656,N,VIIRS,n,2.0NRT,284.55,4.04,N
-42.59389,-71.58516,307.01,0.68,0.74,2026-01-31,0656,N,VIIRS,n,2.0NRT,284.68,1.73,N
-42.59389,-71.5793,296.51,0.68,0.74,2026-01-31,0656,N,VIIRS,n,2.0NRT,283.54,1.73,N
-42.64968,-71.78078,299.46,0.66,0.73,2026-01-31,0656,N,VIIRS,n,2.0NRT,277.88,1.56,N
-42.64971,-71.7739,297.22,0.66,0.73,2026-01-31,0656,N,VIIRS,n,2.0NRT,276.64,1.56,N
-42.65672,-71.77011,313.09,0.66,0.73,2026-01-31,0656,N,VIIRS,n,2.0NRT,274,2.12,N
-42.64768,-71.77694,295.78,0.66,0.73,2026-01-31,0656,N,VIIRS,n,2.0NRT,278.09,1.9,N
-42.65468,-71.77773,296.13,0.66,0.73,2026-01-31,0656,N,VIIRS,n,2.0NRT,276.92,1.9,N
-42.65467,-71.77211,300.9,0.66,0.73,2026-01-31,0656,N,VIIRS,n,2.0NRT,275.54,1.86,N
-42.65467,-71.76727,299.43,0.66,0.73,2026-01-31,0656,N,VIIRS,n,2.0NRT,272.59,1.86,N
-42.66801,-71.39568,307.28,0.69,0.74,2026-01-31,0656,N,VIIRS,n,2.0NRT,283.95,2.98,N
-37.71635,-69.13192,337.68,0.6,0.7,2026-01-31,1732,N,VIIRS,n,2.0NRT,294.15,5.02,D
-38.1204,-68.53622,340.88,0.56,0.68,2026-01-31,1732,N,VIIRS,n,2.0NRT,297.07,4.15,D
-38.41191,-60.26555,344.31,0.41,0.45,2026-01-31,1732,N,VIIRS,n,2.0NRT,304.71,7.98,D
-38.73862,-62.20419,334.11,0.51,0.5,2026-01-31,1732,N,VIIRS,l,2.0NRT,308.67,2.17,D
-38.44327,-58.33143,333.05,0.5,0.41,2026-01-31,1732,N,VIIRS,n,2.0NRT,299.63,3.75,D
-37.71278,-69.26663,337.07,0.6,0.71,2026-01-31,1732,N,VIIRS,n,2.0NRT,292.98,2.35,D
-37.71653,-69.13934,349.27,0.6,0.7,2026-01-31,1732,N,VIIRS,n,2.0NRT,295.17,5.02,D
-30.73742,-59.56556,330.79,0.47,0.4,2026-01-31,1734,N,VIIRS,l,2.0NRT,302.45,2.18,D
-30.86432,-58.01694,338.15,0.41,0.37,2026-01-31,1734,N,VIIRS,n,2.0NRT,304.48,7.48,D
-32.15647,-59.07234,353.34,0.46,0.39,2026-01-31,1734,N,VIIRS,n,2.0NRT,308.54,28.86,D
-32.65042,-60.81706,349.45,0.56,0.43,2026-01-31,1734,N,VIIRS,n,2.0NRT,306.94,38.48,D
-32.64976,-60.811,346.29,0.56,0.43,2026-01-31,1734,N,VIIRS,n,2.0NRT,304.16,38.48,D
-32.65443,-60.81646,350.81,0.56,0.43,2026-01-31,1734,N,VIIRS,n,2.0NRT,312.96,26.55,D
-32.65377,-60.8104,340.47,0.56,0.43,2026-01-31,1734,N,VIIRS,n,2.0NRT,308.71,26.55,D
-32.58643,-59.11145,348.23,0.47,0.39,2026-01-31,1734,N,VIIRS,n,2.0NRT,308.08,31.63,D
-33.05654,-59.91286,347.8,0.51,0.41,2026-01-31,1734,N,VIIRS,n,2.0NRT,309.75,15.87,D
-33.25654,-60.28438,340.19,0.54,0.42,2026-01-31,1734,N,VIIRS,n,2.0NRT,308.1,8.4,D
-33.3756,-60.14615,341.97,0.53,0.42,2026-01-31,1734,N,VIIRS,n,2.0NRT,308.45,9.52,D
-33.3795,-60.14554,337.72,0.53,0.42,2026-01-31,1734,N,VIIRS,l,2.0NRT,308.42,9.52,D
-33.37847,-60.14439,340.45,0.53,0.42,2026-01-31,1734,N,VIIRS,n,2.0NRT,308.94,12.15,D
-33.46878,-59.61364,342.93,0.5,0.41,2026-01-31,1734,N,VIIRS,n,2.0NRT,312.15,9.61,D
-33.98634,-58.75508,344.82,0.47,0.39,2026-01-31,1734,N,VIIRS,n,2.0NRT,314.5,10.02,D
-33.99062,-58.75955,345.85,0.47,0.39,2026-01-31,1734,N,VIIRS,n,2.0NRT,316.1,9.25,D
-33.99001,-58.75444,340.35,0.47,0.39,2026-01-31,1734,N,VIIRS,n,2.0NRT,312.7,9.25,D
-34.05535,-58.7065,341.53,0.46,0.39,2026-01-31,1734,N,VIIRS,l,2.0NRT,312.37,5.03,D
-34.05472,-58.70139,333.03,0.46,0.39,2026-01-31,1734,N,VIIRS,l,2.0NRT,304.92,5.03,D
-34.55565,-58.81107,337.77,0.48,0.4,2026-01-31,1734,N,VIIRS,n,2.0NRT,307.67,3.45,D
-34.6148,-58.76878,336.76,0.47,0.4,2026-01-31,1734,N,VIIRS,l,2.0NRT,307.44,3.19,D
-34.61637,-58.76562,338.57,0.47,0.4,2026-01-31,1734,N,VIIRS,n,2.0NRT,307.9,3.82,D
-34.83212,-58.25101,343.07,0.45,0.39,2026-01-31,1734,N,VIIRS,n,2.0NRT,308.58,16.33,D
-34.89063,-58.21639,334.3,0.45,0.39,2026-01-31,1734,N,VIIRS,l,2.0NRT,305.44,5.16,D
-34.97334,-58.19625,348.85,0.45,0.39,2026-01-31,1734,N,VIIRS,n,2.0NRT,300.89,4.39,D
-34.9727,-58.19122,355.68,0.45,0.39,2026-01-31,1734,N,VIIRS,n,2.0NRT,304.21,7.56,D
-34.99099,-58.3399,333.42,0.46,0.39,2026-01-31,1734,N,VIIRS,l,2.0NRT,306.65,5.72,D
-34.97328,-58.19295,355.32,0.45,0.39,2026-01-31,1734,N,VIIRS,n,2.0NRT,302.46,4.74,D
-34.97268,-58.18792,339.85,0.45,0.39,2026-01-31,1734,N,VIIRS,n,2.0NRT,306.9,4.74,D
-34.97691,-58.19229,337.69,0.45,0.39,2026-01-31,1734,N,VIIRS,n,2.0NRT,304.06,4.74,D
-34.9763,-58.18726,337.53,0.45,0.39,2026-01-31,1734,N,VIIRS,l,2.0NRT,308.7,4.74,D
-36.91262,-60.30197,339.32,0.39,0.44,2026-01-31,1734,N,VIIRS,n,2.0NRT,305.12,2.88,D
-29.09693,-56.58996,330.93,0.38,0.36,2026-01-31,1734,N,VIIRS,l,2.0NRT,305.01,1.98,D
-29.28525,-57.78654,346.55,0.4,0.37,2026-01-31,1734,N,VIIRS,n,2.0NRT,310.33,5.48,D
-30.03381,-65.05316,334.48,0.6,0.53,2026-01-31,1734,N,VIIRS,n,2.0NRT,300.35,2.62,D
-29.37242,-57.15544,337.16,0.39,0.36,2026-01-31,1734,N,VIIRS,n,2.0NRT,304.44,2.9,D
-29.37183,-57.1514,334.57,0.39,0.36,2026-01-31,1734,N,VIIRS,n,2.0NRT,300.49,3.48,D
-29.37519,-57.15076,337.58,0.39,0.36,2026-01-31,1734,N,VIIRS,n,2.0NRT,304.72,4.66,D
-30.20557,-62.93026,331.42,0.45,0.47,2026-01-31,1734,N,VIIRS,l,2.0NRT,303.25,7.13,D
-30.20508,-62.92545,341.29,0.45,0.47,2026-01-31,1734,N,VIIRS,n,2.0NRT,302.61,7.13,D
-30.20995,-62.92968,347.46,0.45,0.47,2026-01-31,1734,N,VIIRS,n,2.0NRT,303.29,7.13,D
-26.40759,-58.21886,344.59,0.39,0.36,2026-01-31,1736,N,VIIRS,n,2.0NRT,303.95,7.63,D
-26.50846,-58.63311,345.01,0.4,0.37,2026-01-31,1736,N,VIIRS,n,2.0NRT,299.46,9.11,D
-26.50562,-58.63777,342.35,0.4,0.37,2026-01-31,1736,N,VIIRS,n,2.0NRT,299.44,6.69,D
-26.50221,-58.63836,345.15,0.4,0.37,2026-01-31,1736,N,VIIRS,n,2.0NRT,298.72,6.69,D
-26.34069,-58.33634,346.44,0.4,0.37,2026-01-31,1736,N,VIIRS,n,2.0NRT,306.29,5.42,D
-26.30881,-58.18719,341.26,0.39,0.36,2026-01-31,1736,N,VIIRS,n,2.0NRT,306.08,4.24,D
-26.26507,-58.26812,331.12,0.39,0.37,2026-01-31,1736,N,VIIRS,l,2.0NRT,306.1,3.98,D
-26.21834,-58.16251,335.81,0.39,0.36,2026-01-31,1736,N,VIIRS,n,2.0NRT,306.98,2.11,D
-26.21439,-58.15916,339.31,0.39,0.36,2026-01-31,1736,N,VIIRS,n,2.0NRT,305.13,4.07,D
-26.21497,-58.16311,345.17,0.39,0.36,2026-01-31,1736,N,VIIRS,n,2.0NRT,309.74,18.42,D
-26.1499,-58.21518,339.86,0.39,0.36,2026-01-31,1736,N,VIIRS,l,2.0NRT,308.43,34.21,D
-26.12362,-58.23098,337.54,0.39,0.36,2026-01-31,1736,N,VIIRS,l,2.0NRT,308.57,4.5,D
-26.08699,-58.00346,332.13,0.39,0.36,2026-01-31,1736,N,VIIRS,n,2.0NRT,304.59,1.48,D
-26.11236,-58.22486,341.76,0.39,0.36,2026-01-31,1736,N,VIIRS,l,2.0NRT,313.23,20.54,D
-26.33387,-60.95995,349,0.49,0.4,2026-01-31,1736,N,VIIRS,l,2.0NRT,316.78,20.65,D
-25.9026,-57.88053,332.8,0.39,0.36,2026-01-31,1736,N,VIIRS,l,2.0NRT,305.49,2.16,D
-26.03966,-59.88964,334.77,0.44,0.38,2026-01-31,1736,N,VIIRS,n,2.0NRT,304.97,3.93,D
-25.50203,-58.79799,332.22,0.4,0.37,2026-01-31,1736,N,VIIRS,n,2.0NRT,305.45,2.85,D
-25.39177,-58.15024,350.87,0.39,0.36,2026-01-31,1736,N,VIIRS,n,2.0NRT,309.35,10.49,D
-25.38841,-58.15084,355.53,0.39,0.36,2026-01-31,1736,N,VIIRS,n,2.0NRT,307.13,9.52,D
-25.38619,-58.1592,330.01,0.39,0.36,2026-01-31,1736,N,VIIRS,l,2.0NRT,302.78,3.45,D
-25.27975,-57.74984,336.11,0.39,0.36,2026-01-31,1736,N,VIIRS,l,2.0NRT,307.35,2.9,D
-25.16547,-57.82501,367,0.39,0.36,2026-01-31,1736,N,VIIRS,h,2.0NRT,312.46,9.5,D
-25.16604,-57.82885,349.23,0.39,0.36,2026-01-31,1736,N,VIIRS,n,2.0NRT,314.23,7.7,D
-25.1627,-57.82946,342.34,0.39,0.36,2026-01-31,1736,N,VIIRS,n,2.0NRT,309.44,7.7,D
-25.21201,-58.2571,332.84,0.39,0.36,2026-01-31,1736,N,VIIRS,l,2.0NRT,307.02,2.23,D
-25.19446,-58.16057,340.56,0.39,0.36,2026-01-31,1736,N,VIIRS,n,2.0NRT,307.72,7.26,D
-25.19111,-58.16117,345.53,0.39,0.36,2026-01-31,1736,N,VIIRS,n,2.0NRT,306.25,7.26,D
-25.18832,-58.16565,345.96,0.39,0.36,2026-01-31,1736,N,VIIRS,n,2.0NRT,306.81,5.97,D
-25.18889,-58.16953,349.69,0.39,0.36,2026-01-31,1736,N,VIIRS,n,2.0NRT,306.53,5.97,D
-25.0467,-58.25026,348.91,0.39,0.36,2026-01-31,1736,N,VIIRS,n,2.0NRT,309.12,15.31,D
-25.04727,-58.25414,356.34,0.39,0.36,2026-01-31,1736,N,VIIRS,n,2.0NRT,311.33,24.83,D
-25.04784,-58.25803,356.73,0.39,0.36,2026-01-31,1736,N,VIIRS,n,2.0NRT,313.85,24.83,D
-25.04842,-58.26191,355.76,0.39,0.36,2026-01-31,1736,N,VIIRS,n,2.0NRT,316.7,18.58,D
-25.04899,-58.26579,335.75,0.39,0.36,2026-01-31,1736,N,VIIRS,l,2.0NRT,309.26,18.58,D
-25.04278,-58.24697,355.23,0.39,0.36,2026-01-31,1736,N,VIIRS,n,2.0NRT,306.03,15.31,D
-25.04335,-58.25086,351.12,0.39,0.36,2026-01-31,1736,N,VIIRS,n,2.0NRT,306.97,15.31,D
-25.03664,-58.25203,345.16,0.39,0.36,2026-01-31,1736,N,VIIRS,n,2.0NRT,303.12,48.16,D
-25.03328,-58.25263,333.18,0.39,0.36,2026-01-31,1736,N,VIIRS,l,2.0NRT,303.9,5.45,D
-25.03385,-58.25651,333.4,0.39,0.36,2026-01-31,1736,N,VIIRS,l,2.0NRT,304.9,3.24,D
-25.04551,-60.23992,367,0.44,0.38,2026-01-31,1736,N,VIIRS,h,2.0NRT,311.72,18.66,D
-25.26295,-63.17049,332.24,0.41,0.45,2026-01-31,1736,N,VIIRS,l,2.0NRT,304.16,4.75,D
-25.20824,-63.17371,330.74,0.41,0.45,2026-01-31,1736,N,VIIRS,l,2.0NRT,304.47,9.09,D
-25.2036,-63.17015,334.01,0.41,0.45,2026-01-31,1736,N,VIIRS,l,2.0NRT,305.26,7.86,D
-25.20453,-63.17841,331.62,0.41,0.45,2026-01-31,1736,N,VIIRS,l,2.0NRT,305.4,7.82,D
-25.18738,-63.17657,334.32,0.41,0.45,2026-01-31,1736,N,VIIRS,l,2.0NRT,306.47,5.55,D
-25.18784,-63.18069,333.48,0.41,0.45,2026-01-31,1736,N,VIIRS,l,2.0NRT,306.08,5.74,D
-24.5687,-63.73852,352.42,0.43,0.46,2026-01-31,1736,N,VIIRS,n,2.0NRT,299.01,8.3,D
-24.66976,-64.96397,341.44,0.52,0.5,2026-01-31,1736,N,VIIRS,n,2.0NRT,293.55,5.83,D
-24.42926,-62.85738,331.81,0.39,0.44,2026-01-31,1736,N,VIIRS,l,2.0NRT,304.63,8.17,D
-24.42971,-62.86124,332.08,0.39,0.44,2026-01-31,1736,N,VIIRS,l,2.0NRT,304.82,6.29,D
-23.58885,-61.79456,330.7,0.5,0.41,2026-01-31,1736,N,VIIRS,n,2.0NRT,297.1,1.03,D
-29.82598,-63.4342,351.37,0.48,0.48,2026-01-31,1736,N,VIIRS,n,2.0NRT,296.47,11.47,D
-28.95437,-56.94431,345.07,0.39,0.36,2026-01-31,1736,N,VIIRS,n,2.0NRT,304.45,5.27,D
-29.69517,-62.8813,349.58,0.45,0.47,2026-01-31,1736,N,VIIRS,n,2.0NRT,300.9,9.84,D
-29.58957,-62.76077,348.2,0.44,0.46,2026-01-31,1736,N,VIIRS,n,2.0NRT,301.68,11.71,D
-29.59006,-62.76537,340.12,0.44,0.46,2026-01-31,1736,N,VIIRS,n,2.0NRT,310.28,37.73,D
-29.59055,-62.76998,340.56,0.44,0.46,2026-01-31,1736,N,VIIRS,n,2.0NRT,298.57,37.73,D
-29.58527,-62.76134,335.97,0.44,0.46,2026-01-31,1736,N,VIIRS,n,2.0NRT,298.78,11.71,D
-29.58575,-62.76594,350.83,0.44,0.46,2026-01-31,1736,N,VIIRS,n,2.0NRT,301.39,37.73,D
-29.58624,-62.77055,352.18,0.44,0.46,2026-01-31,1736,N,VIIRS,n,2.0NRT,305.36,37.73,D
-29.58096,-62.76192,341.41,0.44,0.46,2026-01-31,1736,N,VIIRS,n,2.0NRT,300.47,13.4,D
-29.58145,-62.76651,354.47,0.44,0.46,2026-01-31,1736,N,VIIRS,n,2.0NRT,309.13,28.26,D
-29.58193,-62.77113,350.6,0.44,0.46,2026-01-31,1736,N,VIIRS,n,2.0NRT,308.58,28.26,D
-29.58241,-62.77572,331.64,0.44,0.46,2026-01-31,1736,N,VIIRS,l,2.0NRT,301.69,8.35,D
-29.57762,-62.77171,331.48,0.44,0.46,2026-01-31,1736,N,VIIRS,l,2.0NRT,305.01,28.26,D
-29.23622,-61.02426,340.01,0.53,0.42,2026-01-31,1736,N,VIIRS,n,2.0NRT,301.98,3.97,D
-27.94524,-56.02139,333.58,0.39,0.36,2026-01-31,1736,N,VIIRS,l,2.0NRT,308.31,3.55,D
-28.25835,-58.14708,342.26,0.4,0.37,2026-01-31,1736,N,VIIRS,n,2.0NRT,305.82,4.41,D
-28.31655,-60.89578,336.51,0.51,0.41,2026-01-31,1736,N,VIIRS,l,2.0NRT,308.9,5.07,D
-28.31274,-60.89636,339.15,0.51,0.41,2026-01-31,1736,N,VIIRS,n,2.0NRT,304.04,5.07,D
-28.10959,-60.84031,337.07,0.5,0.41,2026-01-31,1736,N,VIIRS,n,2.0NRT,301.32,5.4,D
-28.11112,-60.84245,339.62,0.5,0.41,2026-01-31,1736,N,VIIRS,n,2.0NRT,301.06,2.94,D
-26.62343,-54.01574,346.17,0.44,0.38,2026-01-31,1736,N,VIIRS,n,2.0NRT,310.85,18.92,D
-23.2836,-64.15793,330.42,0.44,0.46,2026-01-31,1738,N,VIIRS,n,2.0NRT,298.15,5.52,D
-23.21856,-62.28865,332.45,0.52,0.42,2026-01-31,1738,N,VIIRS,n,2.0NRT,299.81,2.45,D
-42.78735,-71.68466,344.83,0.51,0.41,2026-01-31,1912,N,VIIRS,n,2.0NRT,308.49,15.55,D
-42.78653,-71.68604,345.09,0.51,0.41,2026-01-31,1912,N,VIIRS,n,2.0NRT,303.45,12.16,D
-42.68703,-71.38147,344.83,0.53,0.42,2026-01-31,1912,N,VIIRS,l,2.0NRT,315.22,31.95,D
-42.68968,-71.39414,345.77,0.53,0.42,2026-01-31,1912,N,VIIRS,n,2.0NRT,314.22,8.44,D
-42.68195,-71.37682,346.96,0.53,0.42,2026-01-31,1912,N,VIIRS,n,2.0NRT,315.29,42.53,D
-42.68593,-71.39582,349,0.53,0.42,2026-01-31,1912,N,VIIRS,n,2.0NRT,315.02,19.55,D
-42.68726,-71.4022,349.5,0.53,0.42,2026-01-31,1912,N,VIIRS,n,2.0NRT,315.69,19.55,D
-42.67818,-71.37841,347.59,0.53,0.42,2026-01-31,1912,N,VIIRS,n,2.0NRT,309.01,42.53,D
-42.6795,-71.3847,341.2,0.53,0.42,2026-01-31,1912,N,VIIRS,n,2.0NRT,310.55,10.2,D
-42.68084,-71.39111,346.89,0.53,0.42,2026-01-31,1912,N,VIIRS,n,2.0NRT,308.92,10.2,D
-42.68218,-71.39752,351.94,0.53,0.42,2026-01-31,1912,N,VIIRS,n,2.0NRT,322.19,19.55,D
-42.68351,-71.40385,341.68,0.53,0.42,2026-01-31,1912,N,VIIRS,n,2.0NRT,315.18,19.55,D
-42.6848,-71.41006,344.4,0.53,0.42,2026-01-31,1912,N,VIIRS,n,2.0NRT,313.6,8.69,D
-42.68612,-71.41636,344.78,0.53,0.42,2026-01-31,1912,N,VIIRS,n,2.0NRT,312.02,8.69,D
-42.67442,-71.38007,367,0.53,0.42,2026-01-31,1912,N,VIIRS,h,2.0NRT,342.19,76.15,D
-42.67574,-71.38634,347.39,0.53,0.42,2026-01-31,1912,N,VIIRS,n,2.0NRT,306.53,13.92,D
-42.67709,-71.39278,341.1,0.53,0.42,2026-01-31,1912,N,VIIRS,n,2.0NRT,298.33,13.92,D
-42.67843,-71.39922,344.1,0.53,0.42,2026-01-31,1912,N,VIIRS,n,2.0NRT,298.35,11.4,D
-42.66937,-71.37559,335.6,0.53,0.42,2026-01-31,1912,N,VIIRS,n,2.0NRT,300.06,76.15,D
-42.67065,-71.38169,367,0.53,0.42,2026-01-31,1912,N,VIIRS,l,2.0NRT,325.09,76.15,D
-42.66689,-71.38331,367,0.53,0.42,2026-01-31,1912,N,VIIRS,h,2.0NRT,329.61,61.2,D
-42.66559,-71.37713,336.07,0.53,0.42,2026-01-31,1912,N,VIIRS,n,2.0NRT,296.83,61.2,D
-42.66822,-71.38963,346.26,0.53,0.42,2026-01-31,1912,N,VIIRS,n,2.0NRT,302.59,42.73,D
-42.66956,-71.39606,344.25,0.53,0.42,2026-01-31,1912,N,VIIRS,n,2.0NRT,307.97,42.73,D
-42.66312,-71.38492,340.88,0.53,0.42,2026-01-31,1912,N,VIIRS,n,2.0NRT,299.69,61.2,D
-42.66445,-71.39125,340.47,0.53,0.42,2026-01-31,1912,N,VIIRS,n,2.0NRT,300.83,42.73,D
-42.66976,-71.41656,353.5,0.53,0.42,2026-01-31,1912,N,VIIRS,n,2.0NRT,303.07,10.63,D
-42.67108,-71.42285,343.03,0.53,0.42,2026-01-31,1912,N,VIIRS,n,2.0NRT,304.59,10.63,D
-42.66858,-71.4305,349.02,0.53,0.42,2026-01-31,1912,N,VIIRS,n,2.0NRT,304.88,10.98,D
-42.66607,-71.438,347.2,0.53,0.42,2026-01-31,1912,N,VIIRS,n,2.0NRT,315.26,10.98,D
-42.69649,-71.60291,367,0.52,0.41,2026-01-31,1912,N,VIIRS,h,2.0NRT,310.46,26.65,D
-42.66225,-71.43935,350.49,0.53,0.42,2026-01-31,1912,N,VIIRS,n,2.0NRT,317.36,230.07,D
-42.65586,-71.42847,367,0.53,0.42,2026-01-31,1912,N,VIIRS,h,2.0NRT,346.47,99.18,D
-42.65844,-71.4407,367,0.53,0.42,2026-01-31,1912,N,VIIRS,h,2.0NRT,370.99,230.07,D
-42.65458,-71.42236,354.18,0.53,0.42,2026-01-31,1912,N,VIIRS,n,2.0NRT,302.66,99.18,D
-42.65715,-71.43461,367,0.53,0.42,2026-01-31,1912,N,VIIRS,l,2.0NRT,340.02,230.07,D
-42.65462,-71.44203,367,0.53,0.42,2026-01-31,1912,N,VIIRS,h,2.0NRT,329.78,282.29,D
-42.65203,-71.42976,349.36,0.53,0.42,2026-01-31,1912,N,VIIRS,n,2.0NRT,303.45,169.32,D
-42.65725,-71.45457,349.69,0.53,0.42,2026-01-31,1912,N,VIIRS,n,2.0NRT,313.16,90.58,D
-42.65333,-71.43593,367,0.53,0.42,2026-01-31,1912,N,VIIRS,l,2.0NRT,383.58,282.29,D
-42.65867,-71.46128,367,0.53,0.42,2026-01-31,1912,N,VIIRS,l,2.0NRT,332.56,121.64,D
-42.6495,-71.43721,367,0.53,0.42,2026-01-31,1912,N,VIIRS,l,2.0NRT,338.19,282.29,D
-42.6497,-71.45757,348.97,0.53,0.42,2026-01-31,1912,N,VIIRS,n,2.0NRT,307.41,109.38,D
-42.64592,-71.45908,367,0.53,0.42,2026-01-31,1912,N,VIIRS,h,2.0NRT,355.22,109.38,D
-42.63802,-71.42167,353.23,0.53,0.42,2026-01-31,1912,N,VIIRS,n,2.0NRT,293.41,20.7,D
-42.62812,-71.45241,349.65,0.53,0.42,2026-01-31,1912,N,VIIRS,n,2.0NRT,319.4,48.84,D
-42.62435,-71.45397,367,0.53,0.42,2026-01-31,1912,N,VIIRS,h,2.0NRT,355.45,108.67,D
-42.62304,-71.44779,348.68,0.53,0.42,2026-01-31,1912,N,VIIRS,n,2.0NRT,300.72,108.67,D
-42.62705,-71.46671,354.24,0.53,0.42,2026-01-31,1912,N,VIIRS,n,2.0NRT,309.52,57.54,D
-42.62058,-71.45554,347.19,0.53,0.42,2026-01-31,1912,N,VIIRS,n,2.0NRT,308.31,108.67,D
-42.61832,-71.48351,346.46,0.53,0.42,2026-01-31,1912,N,VIIRS,n,2.0NRT,307.8,15.61,D
-42.62438,-71.43497,350.99,0.53,0.42,2026-01-31,1912,N,VIIRS,n,2.0NRT,301.81,16.44,D
-42.62569,-71.44129,348.34,0.53,0.42,2026-01-31,1912,N,VIIRS,n,2.0NRT,309.08,64.29,D
-42.62825,-71.45372,353.53,0.53,0.42,2026-01-31,1912,N,VIIRS,n,2.0NRT,322.19,97.41,D
-42.62959,-71.46014,347.19,0.53,0.42,2026-01-31,1912,N,VIIRS,n,2.0NRT,301.55,97.41,D
-42.6232,-71.44907,347.01,0.53,0.42,2026-01-31,1912,N,VIIRS,n,2.0NRT,298.92,64.29,D
-42.62712,-71.46806,349.87,0.53,0.42,2026-01-31,1912,N,VIIRS,n,2.0NRT,309.35,19.65,D
-42.62449,-71.45529,367,0.53,0.42,2026-01-31,1912,N,VIIRS,l,2.0NRT,353.39,97.41,D
-42.61835,-71.48494,349.77,0.53,0.42,2026-01-31,1912,N,VIIRS,n,2.0NRT,309.99,19.63,D
-42.5859,-71.38806,340.13,0.53,0.42,2026-01-31,1912,N,VIIRS,n,2.0NRT,303.07,16.13,D
-42.58205,-71.38928,348.09,0.53,0.42,2026-01-31,1912,N,VIIRS,n,2.0NRT,312.71,54.42,D
-42.61643,-71.55446,346.47,0.52,0.42,2026-01-31,1912,N,VIIRS,n,2.0NRT,307.11,17.97,D
-42.66021,-71.76678,332.62,0.51,0.41,2026-01-31,1912,N,VIIRS,n,2.0NRT,299.98,5.8,D
-42.65633,-71.7675,331.36,0.51,0.41,2026-01-31,1912,N,VIIRS,l,2.0NRT,303.63,5.8,D
-42.6574,-71.77272,333.68,0.51,0.41,2026-01-31,1912,N,VIIRS,n,2.0NRT,304.37,5.8,D
-42.65245,-71.76826,332.71,0.51,0.41,2026-01-31,1912,N,VIIRS,n,2.0NRT,302.25,5.83,D
-42.65356,-71.7737,340.59,0.51,0.41,2026-01-31,1912,N,VIIRS,n,2.0NRT,301.6,5.83,D
-42.64975,-71.77477,339.79,0.51,0.41,2026-01-31,1912,N,VIIRS,n,2.0NRT,304.37,5.83,D
-42.5979,-71.58298,343.53,0.52,0.42,2026-01-31,1912,N,VIIRS,n,2.0NRT,309.72,126.4,D
-42.63589,-71.76629,338.84,0.51,0.41,2026-01-31,1912,N,VIIRS,n,2.0NRT,304.99,8.83,D
-42.56317,-71.45599,348.37,0.53,0.42,2026-01-31,1912,N,VIIRS,n,2.0NRT,311.33,22.95,D
-42.54397,-71.4623,341.89,0.53,0.42,2026-01-31,1912,N,VIIRS,n,2.0NRT,304.56,6.95,D
-42.56458,-71.67656,356.24,0.52,0.41,2026-01-31,1912,N,VIIRS,n,2.0NRT,313.13,35.71,D
-42.56604,-71.68352,353.45,0.52,0.41,2026-01-31,1912,N,VIIRS,n,2.0NRT,326.97,43.82,D
-42.56077,-71.6778,367,0.52,0.41,2026-01-31,1912,N,VIIRS,h,2.0NRT,328.82,24.38,D
-42.56211,-71.6842,367,0.52,0.41,2026-01-31,1912,N,VIIRS,h,2.0NRT,346.08,65.29,D
-42.55939,-71.67125,338.15,0.52,0.41,2026-01-31,1912,N,VIIRS,n,2.0NRT,311.86,24.38,D
-42.56347,-71.69062,305.75,0.52,0.41,2026-01-31,1912,N,VIIRS,l,2.0NRT,309.66,65.29,D
-42.55832,-71.68549,367,0.52,0.41,2026-01-31,1912,N,VIIRS,h,2.0NRT,353.53,65.29,D
-42.55554,-71.67226,347.16,0.52,0.41,2026-01-31,1912,N,VIIRS,n,2.0NRT,307.16,24.38,D
-42.56202,-71.68643,367,0.52,0.41,2026-01-31,1912,N,VIIRS,h,2.0NRT,348.33,67.23,D
-42.23664,-71.55647,350.49,0.53,0.42,2026-01-31,1912,N,VIIRS,n,2.0NRT,303.4,165.73,D
-42.24243,-71.56437,346.15,0.53,0.42,2026-01-31,1912,N,VIIRS,n,2.0NRT,306.82,14.45,D
-42.24056,-71.55553,342.06,0.53,0.42,2026-01-31,1912,N,VIIRS,n,2.0NRT,295.5,14.45,D
-42.24448,-71.55462,337.87,0.53,0.42,2026-01-31,1912,N,VIIRS,n,2.0NRT,300.62,14.45,D
-42.26616,-71.56007,335.84,0.53,0.42,2026-01-31,1912,N,VIIRS,n,2.0NRT,297.13,28.41,D
-42.27129,-71.56494,346.69,0.53,0.42,2026-01-31,1912,N,VIIRS,n,2.0NRT,316.91,28.41,D
-42.26996,-71.55859,345.25,0.53,0.42,2026-01-31,1912,N,VIIRS,n,2.0NRT,300.14,28.41,D
-42.56318,-71.67229,339.18,0.52,0.41,2026-01-31,1912,N,VIIRS,n,2.0NRT,306.78,10.59,D
-42.56071,-71.68002,367,0.52,0.41,2026-01-31,1912,N,VIIRS,h,2.0NRT,337.49,67.23,D
-42.54978,-71.68341,347.92,0.52,0.41,2026-01-31,1912,N,VIIRS,n,2.0NRT,304.5,43.56,D
-42.56452,-71.67883,355.74,0.52,0.41,2026-01-31,1912,N,VIIRS,n,2.0NRT,324.98,67.23,D
-42.26867,-71.55241,330.7,0.53,0.42,2026-01-31,1912,N,VIIRS,n,2.0NRT,293.51,3.97,D
-42.27397,-71.55813,348.22,0.53,0.42,2026-01-31,1912,N,VIIRS,n,2.0NRT,307.34,86.73,D
-42.27535,-71.56477,367,0.53,0.42,2026-01-31,1912,N,VIIRS,h,2.0NRT,357.84,86.73,D
-42.27942,-71.56458,346.59,0.53,0.42,2026-01-31,1912,N,VIIRS,n,2.0NRT,304.02,86.73,D
-42.32444,-71.39125,338.02,0.54,0.42,2026-01-31,1912,N,VIIRS,n,2.0NRT,302.12,13.41,D
-42.37972,-71.43829,332.93,0.53,0.42,2026-01-31,1912,N,VIIRS,l,2.0NRT,304.8,4.72,D
-42.52566,-71.64787,337.53,0.52,0.42,2026-01-31,1912,N,VIIRS,n,2.0NRT,300.13,3.14,D
-42.54967,-71.68555,345.66,0.52,0.41,2026-01-31,1912,N,VIIRS,n,2.0NRT,306.84,109.8,D
-42.55454,-71.68948,310.21,0.52,0.41,2026-01-31,1912,N,VIIRS,l,2.0NRT,322.24,82.28,D
-42.55327,-71.68333,355.09,0.52,0.41,2026-01-31,1912,N,VIIRS,n,2.0NRT,325.93,82.28,D
-42.55695,-71.68148,353.21,0.52,0.41,2026-01-31,1912,N,VIIRS,l,2.0NRT,330.38,82.28,D
-42.55558,-71.67476,353.28,0.52,0.41,2026-01-31,1912,N,VIIRS,n,2.0NRT,306.18,43.09,D
-42.55823,-71.68772,367,0.52,0.41,2026-01-31,1912,N,VIIRS,h,2.0NRT,344,82.28,D
-42.55939,-71.67355,348.44,0.52,0.41,2026-01-31,1912,N,VIIRS,n,2.0NRT,316.59,10.59,D
-42.55701,-71.67923,353.9,0.52,0.41,2026-01-31,1912,N,VIIRS,n,2.0NRT,326.73,24.38,D
-42.55964,-71.69172,310.02,0.52,0.41,2026-01-31,1912,N,VIIRS,l,2.0NRT,314.31,65.29,D
-42.55461,-71.68713,367,0.52,0.41,2026-01-31,1912,N,VIIRS,h,2.0NRT,333.94,187.83,D
-42.55336,-71.68117,352.91,0.52,0.41,2026-01-31,1912,N,VIIRS,n,2.0NRT,315.8,43.56,D
-38.74535,-68.83625,341.56,0.57,0.52,2026-01-31,1914,N,VIIRS,n,2.0NRT,295.75,3.23,D
-37.71398,-69.26508,343.33,0.57,0.52,2026-01-31,1914,N,VIIRS,n,2.0NRT,300.24,4.9,D
