latitude,longitude,brightness,scan,track,acq_date,acq_time,satellite,instrument,confidence,version,bright_t31,frp,daynight
-23.41754,-61.4716,307.65,0.45,0.39,2026-01-31,0508,N,VIIRS,n,2.0NRT,292.25,1.21,N
-26.04489,-54.50144,302.58,0.52,0.41,2026-01-31,0510,N,VIIRS,n,2.0NRT,290.85,0.57,N
-25.77994,-61.28596,306.42,0.42,0.37,2026-01-31,0510,N,VIIRS,n,2.0NRT,294.45,0.94,N
-26.41531,-58.58496,338.01,0.39,0.36,2026-01-31,0510,N,VIIRS,n,2.0NRT,293.68,3.02,N
-26.33286,-60.95663,313.29,0.4,0.37,2026-01-31,0510,N,VIIRS,n,2.0NRT,295.26,1.35,N
-26.33627,-60.95735,323.68,0.4,0.37,2026-01-31,0510,N,VIIRS,n,2.0NRT,296.17,1.35,N
-26.33557,-60.96141,306.39,0.41,0.37,2026-01-31,0510,N,VIIRS,n,2.0NRT,295.31,1.35,N
-26.88648,-61.02127,329.03,0.4,0.37,2026-01-31,0510,N,VIIRS,n,2.0NRT,294.52,2.34,N
-30.432,-63.84585,308.51,0.46,0.39,2026-01-31,0510,N,VIIRS,n,2.0NRT,289.57,1.15,N
-30.74198,-58.0229,320.89,0.41,0.37,2026-01-31,0510,N,VIIRS,n,2.0NRT,292.39,1.78,N
-29.7844,-62.63525,302.55,0.42,0.38,2026-01-31,0510,N,VIIRS,n,2.0NRT,291.32,0.53,N
-30.38632,-58.8473,305.83,0.39,0.37,2026-01-31,0510,N,VIIRS,n,2.0NRT,292.49,0.5,N
-30.23591,-59.01851,305.46,0.39,0.36,2026-01-31,0510,N,VIIRS,n,2.0NRT,290.79,0.72,N
-29.80686,-61.3887,302.34,0.39,0.37,2026-01-31,0510,N,VIIRS,n,2.0NRT,281.34,1.01,N
-29.54675,-62.85112,307.6,0.43,0.38,2026-01-31,0510,N,VIIRS,n,2.0NRT,289.8,0.6,N
-31.34714,-58.96718,313.35,0.4,0.37,2026-01-31,0510,N,VIIRS,n,2.0NRT,291.71,1.22,N
-29.36092,-60.95902,304.49,0.39,0.36,2026-01-31,0510,N,VIIRS,n,2.0NRT,291.23,0.4,N
-29.23469,-61.02457,305.76,0.39,0.36,2026-01-31,0510,N,VIIRS,n,2.0NRT,291.43,1.08,N
-29.23401,-61.02861,315.59,0.39,0.36,2026-01-31,0510,N,VIIRS,n,2.0NRT,288.08,1.08,N
-29.38426,-56.8132,315.41,0.44,0.38,2026-01-31,0510,N,VIIRS,n,2.0NRT,292.65,1.45,N
-28.68812,-61.31643,304.07,0.4,0.37,2026-01-31,0510,N,VIIRS,n,2.0NRT,292.87,1.09,N
-30.43561,-63.84673,317.4,0.46,0.39,2026-01-31,0510,N,VIIRS,n,2.0NRT,289.97,1.82,N
-27.05105,-62.71687,316.88,0.46,0.39,2026-01-31,0510,N,VIIRS,n,2.0NRT,292.46,1.16,N
-27.05021,-62.72147,302.71,0.46,0.39,2026-01-31,0510,N,VIIRS,n,2.0NRT,291.86,1.16,N
-25.03825,-58.26596,331.58,0.39,0.36,2026-01-31,0510,N,VIIRS,n,2.0NRT,294.61,3.71,N
-25.04159,-58.26658,344.75,0.39,0.36,2026-01-31,0510,N,VIIRS,n,2.0NRT,291.76,3.71,N
-25.041,-58.27042,314.17,0.39,0.36,2026-01-31,0510,N,VIIRS,n,2.0NRT,291.53,1.92,N
-25.04434,-58.27105,302.99,0.39,0.36,2026-01-31,0510,N,VIIRS,n,2.0NRT,292.27,0.51,N
-25.19783,-57.7934,313.48,0.39,0.36,2026-01-31,0510,N,VIIRS,n,2.0NRT,293.81,1.03,N
-25.19841,-57.7895,318.22,0.39,0.36,2026-01-31,0510,N,VIIRS,n,2.0NRT,294.27,1.03,N
-25.04371,-60.24403,338.29,0.4,0.37,2026-01-31,0510,N,VIIRS,n,2.0NRT,298.28,6.5,N
-25.04438,-60.24008,352.28,0.4,0.37,2026-01-31,0510,N,VIIRS,n,2.0NRT,301.65,6.5,N
-25.0471,-60.24472,304.77,0.4,0.37,2026-01-31,0510,N,VIIRS,n,2.0NRT,294.49,6.5,N
-25.04776,-60.24076,349.02,0.4,0.37,2026-01-31,0510,N,VIIRS,n,2.0NRT,295.96,6.5,N
-34.85727,-57.89255,317.79,0.45,0.39,2026-01-31,0512,N,VIIRS,n,2.0NRT,292.68,1.91,N
-36.1423,-57.32022,346.62,0.49,0.4,2026-01-31,0512,N,VIIRS,n,2.0NRT,290.95,5.28,N
-36.14164,-57.32576,306.35,0.49,0.4,2026-01-31,0512,N,VIIRS,n,2.0NRT,289.73,5.28,N
-36.92398,-60.15724,297.86,0.4,0.37,2026-01-31,0512,N,VIIRS,n,2.0NRT,287.1,1.14,N
-34.86581,-58.36909,300.5,0.44,0.38,2026-01-31,0512,N,VIIRS,n,2.0NRT,288.9,0.55,N
-36.98395,-60.2477,303.02,0.4,0.37,2026-01-31,0512,N,VIIRS,n,2.0NRT,288.07,1.01,N
-34.62362,-58.96973,328.59,0.42,0.37,2026-01-31,0512,N,VIIRS,n,2.0NRT,289.73,2.88,N
-34.84621,-58.21117,304.29,0.44,0.38,2026-01-31,0512,N,VIIRS,n,2.0NRT,288.76,0.55,N
-32.39304,-59.80497,326.13,0.39,0.36,2026-01-31,0512,N,VIIRS,n,2.0NRT,292.52,1.76,N
-33.25552,-60.28402,321.06,0.39,0.36,2026-01-31,0512,N,VIIRS,n,2.0NRT,293.58,1.23,N
-33.25616,-60.27983,317.74,0.39,0.36,2026-01-31,0512,N,VIIRS,n,2.0NRT,293.35,1.23,N
-33.25888,-60.28474,318.91,0.39,0.36,2026-01-31,0512,N,VIIRS,n,2.0NRT,292.46,1.23,N
-33.25951,-60.28055,317.38,0.39,0.36,2026-01-31,0512,N,VIIRS,n,2.0NRT,291.98,1.23,N
-33.36159,-60.15525,306.05,0.39,0.36,2026-01-31,0512,N,VIIRS,n,2.0NRT,292.6,1.58,N
-33.36222,-60.15105,309.01,0.39,0.36,2026-01-31,0512,N,VIIRS,n,2.0NRT,292.93,1.2,N
-33.36286,-60.14684,307.09,0.39,0.36,2026-01-31,0512,N,VIIRS,n,2.0NRT,293.38,1.2,N
-33.36767,-60.16089,323.45,0.39,0.36,2026-01-31,0512,N,VIIRS,n,2.0NRT,293.22,1.76,N
-33.36894,-60.15248,311.01,0.39,0.36,2026-01-31,0512,N,VIIRS,n,2.0NRT,292.68,1.09,N
-33.36958,-60.14828,313.75,0.39,0.36,2026-01-31,0512,N,VIIRS,n,2.0NRT,292.85,1.09,N
-33.36955,-60.15063,324.37,0.39,0.36,2026-01-31,0512,N,VIIRS,n,2.0NRT,293.03,2.66,N
-33.36766,-60.16325,310.22,0.39,0.36,2026-01-31,0512,N,VIIRS,n,2.0NRT,292.59,1.47,N
-33.36829,-60.15904,312.73,0.39,0.36,2026-01-31,0512,N,VIIRS,n,2.0NRT,292.97,1.16,N
-33.37165,-60.15977,316.12,0.39,0.36,2026-01-31,0512,N,VIIRS,n,2.0NRT,292.79,1.16,N
-33.3769,-60.14786,329.71,0.39,0.36,2026-01-31,0512,N,VIIRS,n,2.0NRT,293.54,2.83,N
-33.98549,-58.75539,313.16,0.42,0.37,2026-01-31,0512,N,VIIRS,n,2.0NRT,294.94,1.56,N
-33.98897,-58.75607,311.16,0.42,0.37,2026-01-31,0512,N,VIIRS,n,2.0NRT,294.18,1.56,N
-33.99245,-58.75676,311.1,0.42,0.37,2026-01-31,0512,N,VIIRS,n,2.0NRT,293.15,1.29,N
-34.05317,-58.70592,301.87,0.42,0.38,2026-01-31,0512,N,VIIRS,n,2.0NRT,291.17,0.59,N
-34.05665,-58.70661,308.49,0.42,0.38,2026-01-31,0512,N,VIIRS,n,2.0NRT,293.67,1.68,N
-34.43398,-58.96484,301.93,0.41,0.37,2026-01-31,0512,N,VIIRS,n,2.0NRT,289.55,0.53,N
-34.21014,-60.69923,300.54,0.39,0.36,2026-01-31,0512,N,VIIRS,n,2.0NRT,289.92,0.31,N
-34.5205,-59.11993,312.62,0.41,0.37,2026-01-31,0512,N,VIIRS,n,2.0NRT,291.24,1.26,N
-34.56222,-59.20276,303.32,0.41,0.37,2026-01-31,0512,N,VIIRS,n,2.0NRT,289.28,0.59,N
-36.13852,-57.31954,321.83,0.49,0.4,2026-01-31,0512,N,VIIRS,n,2.0NRT,289.54,2.93,N
-38.68365,-62.39569,305.27,0.38,0.36,2026-01-31,0514,N,VIIRS,n,2.0NRT,291.98,0.65,N
-42.23695,-71.55602,297.64,0.42,0.45,2026-01-31,0514,N,VIIRS,n,2.0NRT,281.81,0.86,N
-42.23793,-71.5517,297.75,0.42,0.45,2026-01-31,0514,N,VIIRS,n,2.0NRT,282.38,0.86,N
-42.24038,-71.56055,302.63,0.42,0.45,2026-01-31,0514,N,VIIRS,n,2.0NRT,282.65,1.19,N
-38.78843,-62.28561,307.78,0.38,0.36,2026-01-31,0514,N,VIIRS,n,2.0NRT,295.44,1.24,N
-42.32418,-71.38898,307.06,0.41,0.45,2026-01-31,0514,N,VIIRS,n,2.0NRT,276.83,0.95,N
-42.32326,-71.39299,295.07,0.41,0.45,2026-01-31,0514,N,VIIRS,n,2.0NRT,273.73,0.95,N
-42.27564,-71.56111,323.25,0.42,0.45,2026-01-31,0514,N,VIIRS,n,2.0NRT,281.69,2.73,N
-42.27119,-71.56102,316.83,0.42,0.45,2026-01-31,0514,N,VIIRS,n,2.0NRT,283.3,2.91,N
-42.27668,-71.55791,312.47,0.42,0.45,2026-01-31,0514,N,VIIRS,n,2.0NRT,279.7,1.65,N
-42.27539,-71.56361,299.78,0.42,0.45,2026-01-31,0514,N,VIIRS,n,2.0NRT,281.21,1.73,N
-42.27225,-71.55779,310.66,0.42,0.45,2026-01-31,0514,N,VIIRS,n,2.0NRT,282.49,1.65,N
-42.27094,-71.56365,306.92,0.42,0.45,2026-01-31,0514,N,VIIRS,n,2.0NRT,282.21,1.73,N
-42.24129,-71.55656,302.07,0.42,0.45,2026-01-31,0514,N,VIIRS,n,2.0NRT,282.28,0.86,N
-42.26803,-71.55676,297.96,0.42,0.45,2026-01-31,0514,N,VIIRS,n,2.0NRT,280.29,0.83,N
-46.55701,-68.10559,307.79,0.41,0.37,2026-01-31,0516,N,VIIRS,n,2.0NRT,280.29,0.63,N
-42.59389,-71.5793,296.51,0.68,0.74,2026-01-31,0656,N,VIIRS,n,2.0NRT,283.54,1.73,N
-42.64971,-71.7739,297.22,0.66,0.73,2026-01-31,0656,N,VIIRS,n,2.0NRT,276.64,1.56,N
-42.65672,-71.77011,313.09,0.66,0.73,2026-01-31,0656,N,VIIRS,n,2.0NRT,274,2.12,N
-42.64768,-71.77694,295.78,0.66,0.73,2026-01-31,0656,N,VIIRS,n,2.0NRT,278.09,1.9,N
-42.65468,-71.77773,296.13,0.66,0.73,2026-01-31,0656,N,VIIRS,n,2.0NRT,276.92,1.9,N
-42.65467,-71.77211,300.9,0.66,0.73,2026-01-31,0656,N,VIIRS,n,2.0NRT,275.54,1.86,N
-42.65467,-71.76727,299.43,0.66,0.73,2026-01-31,0656,N,VIIRS,n,2.0NRT,272.59,1.86,N
-42.66801,-71.39568,307.28,0.69,0.74,2026-01-31,0656,N,VIIRS,n,2.0NRT,283.95,2.98,N
-42.2689,-71.56239,315.52,0.68,0.74,2026-01-31,0656,N,VIIRS,n,2.0NRT,278.94,3.84,N
-42.27592,-71.56848,307.38,0.68,0.74,2026-01-31,0656,N,VIIRS,n,2.0NRT,277.04,4.42,N
-42.27596,-71.55962,311.19,0.68,0.74,2026-01-31,0656,N,VIIRS,n,2.0NRT,276.88,3.65,N
-42.27305,-71.56104,321.32,0.68,0.74,2026-01-31,0656,N,VIIRS,n,2.0NRT,279.06,6.6,N
-42.27304,-71.56972,308.1,0.68,0.74,2026-01-31,0656,N,VIIRS,n,2.0NRT,277.97,5.99,N
-42.59762,-71.59221,323.06,0.68,0.74,2026-01-31,0656,N,VIIRS,n,2.0NRT,285.03,5.2,N
-42.59766,-71.58415,298.92,0.68,0.74,2026-01-31,0656,N,VIIRS,n,2.0NRT,283.97,2.61,N
-42.55876,-71.68272,309.08,0.67,0.74,2026-01-31,0656,N,VIIRS,n,2.0NRT,283.43,3.61,N
-42.55875,-71.67264,307.72,0.67,0.74,2026-01-31,0656,N,VIIRS,n,2.0NRT,285.44,4.13,N
-42.59389,-71.59421,314.95,0.68,0.74,2026-01-31,0656,N,VIIRS,n,2.0NRT,284.55,4.04,N
-42.59389,-71.58516,307.01,0.68,0.74,2026-01-31,0656,N,VIIRS,n,2.0NRT,284.68,1.73,N
-42.64968,-71.78078,299.46,0.66,0.73,2026-01-31,0656,N,VIIRS,n,2.0NRT,277.88,1.56,N
-42.55505,-71.67882,311.78,0.67,0.74,2026-01-31,0656,N,VIIRS,n,2.0NRT,286.35,3.03,N
-42.56207,-71.67891,304.92,0.67,0.74,2026-01-31,0656,N,VIIRS,n,2.0NRT,282.51,3.03,N
-42.56211,-71.66988,301.73,0.67,0.74,2026-01-31,0656,N,VIIRS,n,2.0NRT,284.45,3.56,N
-38.73862,-62.20419,334.11,0.51,0.5,2026-01-31,1732,N,VIIRS,l,2.0NRT,308.67,2.17,D
-38.41191,-60.26555,344.31,0.41,0.45,2026-01-31,1732,N,VIIRS,n,2.0NRT,304.71,7.98,D
-38.1204,-68.53622,340.88,0.56,0.68,2026-01-31,1732,N,VIIRS,n,2.0NRT,297.07,4.15,D
-37.71635,-69.13192,337.68,0.6,0.7,2026-01-31,1732,N,VIIRS,n,2.0NRT,294.15,5.02,D
-37.71653,-69.13934,349.27,0.6,0.7,2026-01-31,1732,N,VIIRS,n,2.0NRT,295.17,5.02,D
-37.71278,-69.26663,337.07,0.6,0.71,2026-01-31,1732,N,VIIRS,n,2.0NRT,292.98,2.35,D
-38.44327,-58.33143,333.05,0.5,0.41,2026-01-31,1732,N,VIIRS,n,2.0NRT,299.63,3.75,D
-34.9727,-58.19122,355.68,0.45,0.39,2026-01-31,1734,N,VIIRS,n,2.0NRT,304.21,7.56,D
-36.91262,-60.30197,339.32,0.39,0.44,2026-01-31,1734,N,VIIRS,n,2.0NRT,305.12,2.88,D
-34.9763,-58.18726,337.53,0.45,0.39,2026-01-31,1734,N,VIIRS,l,2.0NRT,308.7,4.74,D
-34.97691,-58.19229,337.69,0.45,0.39,2026-01-31,1734,N,VIIRS,n,2.0NRT,304.06,4.74,D
-34.97268,-58.18792,339.85,0.45,0.39,2026-01-31,1734,N,VIIRS,n,2.0NRT,306.9,4.74,D
-34.97328,-58.19295,355.32,0.45,0.39,2026-01-31,1734,N,VIIRS,n,2.0NRT,302.46,4.74,D
-34.99099,-58.3399,333.42,0.46,0.39,2026-01-31,1734,N,VIIRS,l,2.0NRT,306.65,5.72,D
-34.97334,-58.19625,348.85,0.45,0.39,2026-01-31,1734,N,VIIRS,n,2.0NRT,300.89,4.39,D
-34.89063,-58.21639,334.3,0.45,0.39,2026-01-31,1734,N,VIIRS,l,2.0NRT,305.44,5.16,D
-34.83212,-58.25101,343.07,0.45,0.39,2026-01-31,1734,N,VIIRS,n,2.0NRT,308.58,16.33,D
-34.61637,-58.76562,338.57,0.47,0.4,2026-01-31,1734,N,VIIRS,n,2.0NRT,307.9,3.82,D
-34.6148,-58.76878,336.76,0.47,0.4,2026-01-31,1734,N,VIIRS,l,2.0NRT,307.44,3.19,D
-34.55565,-58.81107,337.77,0.48,0.4,2026-01-31,1734,N,VIIRS,n,2.0NRT,307.67,3.45,D
-34.05472,-58.70139,333.03,0.46,0.39,2026-01-31,1734,N,VIIRS,l,2.0NRT,304.92,5.03,D
-34.05535,-58.7065,341.53,0.46,0.39,2026-01-31,1734,N,VIIRS,l,2.0NRT,312.37,5.03,D
-33.99001,-58.75444,340.35,0.47,0.39,2026-01-31,1734,N,VIIRS,n,2.0NRT,312.7,9.25,D
-33.99062,-58.75955,345.85,0.47,0.39,2026-01-31,1734,N,VIIRS,n,2.0NRT,316.1,9.25,D
-33.98634,-58.75508,344.82,0.47,0.39,2026-01-31,1734,N,VIIRS,n,2.0NRT,314.5,10.02,D
-33.46878,-59.61364,342.93,0.5,0.41,2026-01-31,1734,N,VIIRS,n,2.0NRT,312.15,9.61,D
-33.37847,-60.14439,340.45,0.53,0.42,2026-01-31,1734,N,VIIRS,n,2.0NRT,308.94,12.15,D
-33.3795,-60.14554,337.72,0.53,0.42,2026-01-31,1734,N,VIIRS,l,2.0NRT,308.42,9.52,D
-33.3756,-60.14615,341.97,0.53,0.42,2026-01-31,1734,N,VIIRS,n,2.0NRT,308.45,9.52,D
-33.25654,-60.28438,340.19,0.54,0.42,2026-01-31,1734,N,VIIRS,n,2.0NRT,308.1,8.4,D
-33.05654,-59.91286,347.8,0.51,0.41,2026-01-31,1734,N,VIIRS,n,2.0NRT,309.75,15.87,D
-32.58643,-59.11145,348.23,0.47,0.39,2026-01-31,1734,N,VIIRS,n,2.0NRT,308.08,31.63,D
-32.65377,-60.8104,340.47,0.56,0.43,2026-01-31,1734,N,VIIRS,n,2.0NRT,308.71,26.55,D
-32.65443,-60.81646,350.81,0.56,0.43,2026-01-31,1734,N,VIIRS,n,2.0NRT,312.96,26.55,D
-32.64976,-60.811,346.29,0.56,0.43,2026-01-31,1734,N,VIIRS,n,2.0NRT,304.16,38.48,D
-32.65042,-60.81706,349.45,0.56,0.43,2026-01-31,1734,N,VIIRS,n,2.0NRT,306.94,38.48,D
-32.15647,-59.07234,353.34,0.46,0.39,2026-01-31,1734,N,VIIRS,n,2.0NRT,308.54,28.86,D
-30.86432,-58.01694,338.15,0.41,0.37,2026-01-31,1734,N,VIIRS,n,2.0NRT,304.48,7.48,D
-30.73742,-59.56556,330.79,0.47,0.4,2026-01-31,1734,N,VIIRS,l,2.0NRT,302.45,2.18,D
-30.20995,-62.92968,347.46,0.45,0.47,2026-01-31,1734,N,VIIRS,n,2.0NRT,303.29,7.13,D
-30.20508,-62.92545,341.29,0.45,0.47,2026-01-31,1734,N,VIIRS,n,2.0NRT,302.61,7.13,D
-30.20557,-62.93026,331.42,0.45,0.47,2026-01-31,1734,N,VIIRS,l,2.0NRT,303.25,7.13,D
-29.37519,-57.15076,337.58,0.39,0.36,2026-01-31,1734,N,VIIRS,n,2.0NRT,304.72,4.66,D
-29.37183,-57.1514,334.57,0.39,0.36,2026-01-31,1734,N,VIIRS,n,2.0NRT,300.49,3.48,D
-29.37242,-57.15544,337.16,0.39,0.36,2026-01-31,1734,N,VIIRS,n,2.0NRT,304.44,2.9,D
-29.28525,-57.78654,346.55,0.4,0.37,2026-01-31,1734,N,VIIRS,n,2.0NRT,310.33,5.48,D
-29.09693,-56.58996,330.93,0.38,0.36,2026-01-31,1734,N,VIIRS,l,2.0NRT,305.01,1.98,D
-30.03381,-65.05316,334.48,0.6,0.53,2026-01-31,1734,N,VIIRS,n,2.0NRT,300.35,2.62,D
-24.5687,-63.73852,352.42,0.43,0.46,2026-01-31,1736,N,VIIRS,n,2.0NRT,299.01,8.3,D
-24.42926,-62.85738,331.81,0.39,0.44,2026-01-31,1736,N,VIIRS,l,2.0NRT,304.63,8.17,D
-24.42971,-62.86124,332.08,0.39,0.44,2026-01-31,1736,N,VIIRS,l,2.0NRT,304.82,6.29,D
-23.58885,-61.79456,330.7,0.5,0.41,2026-01-31,1736,N,VIIRS,n,2.0NRT,297.1,1.03,D
-25.18784,-63.18069,333.48,0.41,0.45,2026-01-31,1736,N,VIIRS,l,2.0NRT,306.08,5.74,D
-24.66976,-64.96397,341.44,0.52,0.5,2026-01-31,1736,N,VIIRS,n,2.0NRT,293.55,5.83,D
-26.21834,-58.16251,335.81,0.39,0.36,2026-01-31,1736,N,VIIRS,n,2.0NRT,306.98,2.11,D
-26.26507,-58.26812,331.12,0.39,0.37,2026-01-31,1736,N,VIIRS,l,2.0NRT,306.1,3.98,D
-26.30881,-58.18719,341.26,0.39,0.36,2026-01-31,1736,N,VIIRS,n,2.0NRT,306.08,4.24,D
-26.34069,-58.33634,346.44,0.4,0.37,2026-01-31,1736,N,VIIRS,n,2.0NRT,306.29,5.42,D
-26.40759,-58.21886,344.59,0.39,0.36,2026-01-31,1736,N,VIIRS,n,2.0NRT,303.95,7.63,D
-26.50221,-58.63836,345.15,0.4,0.37,2026-01-31,1736,N,VIIRS,n,2.0NRT,298.72,6.69,D
-26.50562,-58.63777,342.35,0.4,0.37,2026-01-31,1736,N,VIIRS,n,2.0NRT,299.44,6.69,D
-29.59006,-62.76537,340.12,0.44,0.46,2026-01-31,1736,N,VIIRS,n,2.0NRT,310.28,37.73,D
-29.59055,-62.76998,340.56,0.44,0.46,2026-01-31,1736,N,VIIRS,n,2.0NRT,298.57,37.73,D
-29.58527,-62.76134,335.97,0.44,0.46,2026-01-31,1736,N,VIIRS,n,2.0NRT,298.78,11.71,D
-29.58575,-62.76594,350.83,0.44,0.46,2026-01-31,1736,N,VIIRS,n,2.0NRT,301.39,37.73,D
-29.58624,-62.77055,352.18,0.44,0.46,2026-01-31,1736,N,VIIRS,n,2.0NRT,305.36,37.73,D
-29.58096,-62.76192,341.41,0.44,0.46,2026-01-31,1736,N,VIIRS,n,2.0NRT,300.47,13.4,D
-26.50846,-58.63311,345.01,0.4,0.37,2026-01-31,1736,N,VIIRS,n,2.0NRT,299.46,9.11,D
-29.58145,-62.76651,354.47,0.44,0.46,2026-01-31,1736,N,VIIRS,n,2.0NRT,309.13,28.26,D
-29.58193,-62.77113,350.6,0.44,0.46,2026-01-31,1736,N,VIIRS,n,2.0NRT,308.58,28.26,D
-29.58241,-62.77572,331.64,0.44,0.46,2026-01-31,1736,N,VIIRS,l,2.0NRT,301.69,8.35,D
-29.57762,-62.77171,331.48,0.44,0.46,2026-01-31,1736,N,VIIRS,l,2.0NRT,305.01,28.26,D
-29.23622,-61.02426,340.01,0.53,0.42,2026-01-31,1736,N,VIIRS,n,2.0NRT,301.98,3.97,D
-27.94524,-56.02139,333.58,0.39,0.36,2026-01-31,1736,N,VIIRS,l,2.0NRT,308.31,3.55,D
-28.25835,-58.14708,342.26,0.4,0.37,2026-01-31,1736,N,VIIRS,n,2.0NRT,305.82,4.41,D
-28.31655,-60.89578,336.51,0.51,0.41,2026-01-31,1736,N,VIIRS,l,2.0NRT,308.9,5.07,D
-28.31274,-60.89636,339.15,0.51,0.41,2026-01-31,1736,N,VIIRS,n,2.0NRT,304.04,5.07,D
-28.10959,-60.84031,337.07,0.5,0.41,2026-01-31,1736,N,VIIRS,n,2.0NRT,301.32,5.4,D
-28.11112,-60.84245,339.62,0.5,0.41,2026-01-31,1736,N,VIIRS,n,2.0NRT,301.06,2.94,D
-26.62343,-54.01574,346.17,0.44,0.38,2026-01-31,1736,N,VIIRS,n,2.0NRT,310.85,18.92,D
-29.82598,-63.4342,351.37,0.48,0.48,2026-01-31,1736,N,VIIRS,n,2.0NRT,296.47,11.47,D
-28.95437,-56.94431,345.07,0.39,0.36,2026-01-31,1736,N,VIIRS,n,2.0NRT,304.45,5.27,D
-29.69517,-62.8813,349.58,0.45,0.47,2026-01-31,1736,N,VIIRS,n,2.0NRT,300.9,9.84,D
-29.58957,-62.76077,348.2,0.44,0.46,2026-01-31,1736,N,VIIRS,n,2.0NRT,301.68,11.71,D
-26.21497,-58.16311,345.17,0.39,0.36,2026-01-31,1736,N,VIIRS,n,2.0NRT,309.74,18.42,D
-26.1499,-58.21518,339.86,0.39,0.36,2026-01-31,1736,N,VIIRS,l,2.0NRT,308.43,34.21,D
-26.12362,-58.23098,337.54,0.39,0.36,2026-01-31,1736,N,VIIRS,l,2.0NRT,308.57,4.5,D
-26.08699,-58.00346,332.13,0.39,0.36,2026-01-31,1736,N,VIIRS,n,2.0NRT,304.59,1.48,D
-26.11236,-58.22486,341.76,0.39,0.36,2026-01-31,1736,N,VIIRS,l,2.0NRT,313.23,20.54,D
-26.21439,-58.15916,339.31,0.39,0.36,2026-01-31,1736,N,VIIRS,n,2.0NRT,305.13,4.07,D
-26.33387,-60.95995,349,0.49,0.4,2026-01-31,1736,N,VIIRS,l,2.0NRT,316.78,20.65,D
-25.9026,-57.88053,332.8,0.39,0.36,2026-01-31,1736,N,VIIRS,l,2.0NRT,305.49,2.16,D
-26.03966,-59.88964,334.77,0.44,0.38,2026-01-31,1736,N,VIIRS,n,2.0NRT,304.97,3.93,D
-25.50203,-58.79799,332.22,0.4,0.37,2026-01-31,1736,N,VIIRS,n,2.0NRT,305.45,2.85,D
-25.39177,-58.15024,350.87,0.39,0.36,2026-01-31,1736,N,VIIRS,n,2.0NRT,309.35,10.49,D
-25.38841,-58.15084,355.53,0.39,0.36,2026-01-31,1736,N,VIIRS,n,2.0NRT,307.13,9.52,D
-25.38619,-58.1592,330.01,0.39,0.36,2026-01-31,1736,N,VIIRS,l,2.0NRT,302.78,3.45,D
-25.27975,-57.74984,336.11,0.39,0.36,2026-01-31,1736,N,VIIRS,l,2.0NRT,307.35,2.9,D
-25.16547,-57.82501,367,0.39,0.36,2026-01-31,1736,N,VIIRS,h,2.0NRT,312.46,9.5,D
-25.16604,-57.82885,349.23,0.39,0.36,2026-01-31,1736,N,VIIRS,n,2.0NRT,314.23,7.7,D
-25.1627,-57.82946,342.34,0.39,0.36,2026-01-31,1736,N,VIIRS,n,2.0NRT,309.44,7.7,D
-25.21201,-58.2571,332.84,0.39,0.36,2026-01-31,1736,N,VIIRS,l,2.0NRT,307.02,2.23,D
-25.19446,-58.16057,340.56,0.39,0.36,2026-01-31,1736,N,VIIRS,n,2.0NRT,307.72,7.26,D
-25.19111,-58.16117,345.53,0.39,0.36,2026-01-31,1736,N,VIIRS,n,2.0NRT,306.25,7.26,D
-25.18832,-58.16565,345.96,0.39,0.36,2026-01-31,1736,N,VIIRS,n,2.0NRT,306.81,5.97,D
-25.18889,-58.16953,349.69,0.39,0.36,2026-01-31,1736,N,VIIRS,n,2.0NRT,306.53,5.97,D
-25.0467,-58.25026,348.91,0.39,0.36,2026-01-31,1736,N,VIIRS,n,2.0NRT,309.12,15.31,D
-25.04727,-58.25414,356.34,0.39,0.36,2026-01-31,1736,N,VIIRS,n,2.0NRT,311.33,24.83,D
-25.04784,-58.25803,356.73,0.39,0.36,2026-01-31,1736,N,VIIRS,n,2.0NRT,313.85,24.83,D
-25.04842,-58.26191,355.76,0.39,0.36,2026-01-31,1736,N,VIIRS,n,2.0NRT,316.7,18.58,D
-25.04899,-58.26579,335.75,0.39,0.36,2026-01-31,1736,N,VIIRS,l,2.0NRT,309.26,18.58,D
-25.04278,-58.24697,355.23,0.39,0.36,2026-01-31,1736,N,VIIRS,n,2.0NRT,306.03,15.31,D
-25.04335,-58.25086,351.12,0.39,0.36,2026-01-31,1736,N,VIIRS,n,2.0NRT,306.97,15.31,D
-25.03664,-58.25203,345.16,0.39,0.36,2026-01-31,1736,N,VIIRS,n,2.0NRT,303.12,48.16,D
-25.03328,-58.25263,333.18,0.39,0.36,2026-01-31,1736,N,VIIRS,l,2.0NRT,303.9,5.45,D
-25.03385,-58.25651,333.4,0.39,0.36,2026-01-31,1736,N,VIIRS,l,2.0NRT,304.9,3.24,D
-25.04551,-60.23992,367,0.44,0.38,2026-01-31,1736,N,VIIRS,h,2.0NRT,311.72,18.66,D
-25.26295,-63.17049,332.24,0.41,0.45,2026-01-31,1736,N,VIIRS,l,2.0NRT,304.16,4.75,D
-25.20824,-63.17371,330.74,0.41,0.45,2026-01-31,1736,N,VIIRS,l,2.0NRT,304.47,9.09,D
-25.2036,-63.17015,334.01,0.41,0.45,2026-01-31,1736,N,VIIRS,l,2.0NRT,305.26,7.86,D
-25.20453,-63.17841,331.62,0.41,0.45,2026-01-31,1736,N,VIIRS,l,2.0NRT,305.4,7.82,D
-25.18738,-63.17657,334.32,0.41,0.45,2026-01-31,1736,N,VIIRS,l,2.0NRT,306.47,5.55,D
-23.21856,-62.28865,332.45,0.52,0.42,2026-01-31,1738,N,VIIRS,n,2.0NRT,299.81,2.45,D
-23.2836,-64.15793,330.42,0.44,0.46,2026-01-31,1738,N,VIIRS,n,2.0NRT,298.15,5.52,D
-42.68195,-71.37682,346.96,0.53,0.42,2026-01-31,1912,N,VIIRS,n,2.0NRT,315.29,42.53,D
-42.78735,-71.68466,344.83,0.51,0.41,2026-01-31,1912,N,VIIRS,n,2.0NRT,308.49,15.55,D
-42.78653,-71.68604,345.09,0.51,0.41,2026-01-31,1912,N,VIIRS,n,2.0NRT,303.45,12.16,D
-42.68703,-71.38147,344.83,0.53,0.42,2026-01-31,1912,N,VIIRS,l,2.0NRT,315.22,31.95,D
-42.68968,-71.39414,345.77,0.53,0.42,2026-01-31,1912,N,VIIRS,n,2.0NRT,314.22,8.44,D
-42.68593,-71.39582,349,0.53,0.42,2026-01-31,1912,N,VIIRS,n,2.0NRT,315.02,19.55,D
-42.68726,-71.4022,349.5,0.53,0.42,2026-01-31,1912,N,VIIRS,n,2.0NRT,315.69,19.55,D
-42.67818,-71.37841,347.59,0.53,0.42,2026-01-31,1912,N,VIIRS,n,2.0NRT,309.01,42.53,D
-42.6795,-71.3847,341.2,0.53,0.42,2026-01-31,1912,N,VIIRS,n,2.0NRT,310.55,10.2,D
-42.68084,-71.39111,346.89,0.53,0.42,2026-01-31,1912,N,VIIRS,n,2.0NRT,308.92,10.2,D
-42.68218,-71.39752,351.94,0.53,0.42,2026-01-31,1912,N,VIIRS,n,2.0NRT,322.19,19.55,D
-42.68351,-71.40385,341.68,0.53,0.42,2026-01-31,1912,N,VIIRS,n,2.0NRT,315.18,19.55,D
-42.6848,-71.41006,344.4,0.53,0.42,2026-01-31,1912,N,VIIRS,n,2.0NRT,313.6,8.69,D
-42.68612,-71.41636,344.78,0.53,0.42,2026-01-31,1912,N,VIIRS,n,2.0NRT,312.02,8.69,D
-42.67442,-71.38007,367,0.53,0.42,2026-01-31,1912,N,VIIRS,h,2.0NRT,342.19,76.15,D
-42.67574,-71.38634,347.39,0.53,0.42,2026-01-31,1912,N,VIIRS,n,2.0NRT,306.53,13.92,D
-42.67709,-71.39278,341.1,0.53,0.42,2026-01-31,1912,N,VIIRS,n,2.0NRT,298.33,13.92,D
-42.67843,-71.39922,344.1,0.53,0.42,2026-01-31,1912,N,VIIRS,n,2.0NRT,298.35,11.4,D
-42.66937,-71.37559,335.6,0.53,0.42,2026-01-31,1912,N,VIIRS,n,2.0NRT,300.06,76.15,D
-42.67065,-71.38169,367,0.53,0.42,2026-01-31,1912,N,VIIRS,l,2.0NRT,325.09,76.15,D
-42.66689,-71.38331,367,0.53,0.42,2026-01-31,1912,N,VIIRS,h,2.0NRT,329.61,61.2,D
-42.66559,-71.37713,336.07,0.53,0.42,2026-01-31,1912,N,VIIRS,n,2.0NRT,296.83,61.2,D
-42.66822,-71.38963,346.26,0.53,0.42,2026-01-31,1912,N,VIIRS,n,2.0NRT,302.59,42.73,D
-42.66956,-71.39606,344.25,0.53,0.42,2026-01-31,1912,N,VIIRS,n,2.0NRT,307.97,42.73,D
-42.66312,-71.38492,340.88,0.53,0.42,2026-01-31,1912,N,VIIRS,n,2.0NRT,299.69,61.2,D
-42.66445,-71.39125,340.47,0.53,0.42,2026-01-31,1912,N,VIIRS,n,2.0NRT,300.83,42.73,D
-42.66976,-71.41656,353.5,0.53,0.42,2026-01-31,1912,N,VIIRS,n,2.0NRT,303.07,10.63,D
-42.67108,-71.42285,343.03,0.53,0.42,2026-01-31,1912,N,VIIRS,n,2.0NRT,304.59,10.63,D
-42.66858,-71.4305,349.02,0.53,0.42,2026-01-31,1912,N,VIIRS,n,2.0NRT,304.88,10.98,D
-42.66607,-71.438,347.2,0.53,0.42,2026-01-31,1912,N,VIIRS,n,2.0NRT,315.26,10.98,D
-42.69649,-71.60291,367,0.52,0.41,2026-01-31,1912,N,VIIRS,h,2.0NRT,310.46,26.65,D
-42.66225,-71.43935,350.49,0.53,0.42,2026-01-31,1912,N,VIIRS,n,2.0NRT,317.36,230.07,D
-42.65586,-71.42847,367,0.53,0.42,2026-01-31,1912,N,VIIRS,h,2.0NRT,346.47,99.18,D
-42.65844,-71.4407,367,0.53,0.42,2026-01-31,1912,N,VIIRS,h,2.0NRT,370.99,230.07,D
-42.65458,-71.42236,354.18,0.53,0.42,2026-01-31,1912,N,VIIRS,n,2.0NRT,302.66,99.18,D
-42.65715,-71.43461,367,0.53,0.42,2026-01-31,1912,N,VIIRS,l,2.0NRT,340.02,230.07,D
-42.65462,-71.44203,367,0.53,0.42,2026-01-31,1912,N,VIIRS,h,2.0NRT,329.78,282.29,D
-42.65203,-71.42976,349.36,0.53,0.42,2026-01-31,1912,N,VIIRS,n,2.0NRT,303.45,169.32,D
-42.65725,-71.45457,349.69,0.53,0.42,2026-01-31,1912,N,VIIRS,n,2.0NRT,313.16,90.58,D
-42.65333,-71.43593,367,0.53,0.42,2026-01-31,1912,N,VIIRS,l,2.0NRT,383.58,282.29,D
-42.65867,-71.46128,367,0.53,0.42,2026-01-31,1912,N,VIIRS,l,2.0NRT,332.56,121.64,D
-42.6495,-71.43721,367,0.53,0.42,2026-01-31,1912,N,VIIRS,l,2.0NRT,338.19,282.29,D
-42.6497,-71.45757,348.97,0.53,0.42,2026-01-31,1912,N,VIIRS,n,2.0NRT,307.41,109.38,D
-42.64592,-71.45908,367,0.53,0.42,2026-01-31,1912,N,VIIRS,h,2.0NRT,355.22,109.38,D
-42.63802,-71.42167,353.23,0.53,0.42,2026-01-31,1912,N,VIIRS,n,2.0NRT,293.41,20.7,D
-42.62812,-71.45241,349.65,0.53,0.42,2026-01-31,1912,N,VIIRS,n,2.0NRT,319.4,48.84,D
-42.62435,-71.45397,367,0.53,0.42,2026-01-31,1912,N,VIIRS,h,2.0NRT,355.45,108.67,D
-42.62304,-71.44779,348.68,0.53,0.42,2026-01-31,1912,N,VIIRS,n,2.0NRT,300.72,108.67,D
-42.62705,-71.46671,354.24,0.53,0.42,2026-01-31,1912,N,VIIRS,n,2.0NRT,309.52,57.54,D
-42.62058,-71.45554,347.19,0.53,0.42,2026-01-31,1912,N,VIIRS,n,2.0NRT,308.31,108.67,D
-42.61832,-71.48351,346.46,0.53,0.42,2026-01-31,1912,N,VIIRS,n,2.0NRT,307.8,15.61,D
-42.62438,-71.43497,350.99,0.53,0.42,2026-01-31,1912,N,VIIRS,n,2.0NRT,301.81,16.44,D
-42.62569,-71.44129,348.34,0.53,0.42,2026-01-31,1912,N,VIIRS,n,2.0NRT,309.08,64.29,D
-42.62825,-71.45372,353.53,0.53,0.42,2026-01-31,1912,N,VIIRS,n,2.0NRT,322.19,97.41,D
-42.62959,-71.46014,347.19,0.53,0.42,2026-01-31,1912,N,VIIRS,n,2.0NRT,301.55,97.41,D
-42.6232,-71.44907,347.01,0.53,0.42,2026-01-31,1912,N,VIIRS,n,2.0NRT,298.92,64.29,D
-42.62712,-71.46806,349.87,0.53,0.42,2026-01-31,1912,N,VIIRS,n,2.0NRT,309.35,19.65,D
-42.62449,-71.45529,367,0.53,0.42,2026-01-31,1912,N,VIIRS,l,2.0NRT,353.39,97.41,D
-42.61835,-71.48494,349.77,0.53,0.42,2026-01-31,1912,N,VIIRS,n,2.0NRT,309.99,19.63,D
-42.5859,-71.38806,340.13,0.53,0.42,2026-01-31,1912,N,VIIRS,n,2.0NRT,303.07,16.13,D
-42.58205,-71.38928,348.09,0.53,0.42,2026-01-31,1912,N,VIIRS,n,2.0NRT,312.71,54.42,D
-42.61643,-71.55446,346.47,0.52,0.42,2026-01-31,1912,N,VIIRS,n,2.0NRT,307.11,17.97,D
-42.66021,-71.76678,332.62,0.51,0.41,2026-01-31,1912,N,VIIRS,n,2.0NRT,299.98,5.8,D
-42.65633,-71.7675,331.36,0.51,0.41,2026-01-31,1912,N,VIIRS,l,2.0NRT,303.63,5.8,D
-42.6574,-71.77272,333.68,0.51,0.41,2026-01-31,1912,N,VIIRS,n,2.0NRT,304.37,5.8,D
-42.65245,-71.76826,332.71,0.51,0.41,2026-01-31,1912,N,VIIRS,n,2.0NRT,302.25,5.83,D
-42.65356,-71.7737,340.59,0.51,0.41,2026-01-31,1912,N,VIIRS,n,2.0NRT,301.6,5.83,D
-42.64975,-71.77477,339.79,0.51,0.41,2026-01-31,1912,N,VIIRS,n,2.0NRT,304.37,5.83,D
-42.5979,-71.58298,343.53,0.52,0.42,2026-01-31,1912,N,VIIRS,n,2.0NRT,309.72,126.4,D
-42.63589,-71.76629,338.84,0.51,0.41,2026-01-31,1912,N,VIIRS,n,2.0NRT,304.99,8.83,D
-42.56317,-71.45599,348.37,0.53,0.42,2026-01-31,1912,N,VIIRS,n,2.0NRT,311.33,22.95,D
-42.54397,-71.4623,341.89,0.53,0.42,2026-01-31,1912,N,VIIRS,n,2.0NRT,304.56,6.95,D
-42.56458,-71.67656,356.24,0.52,0.41,2026-01-31,1912,N,VIIRS,n,2.0NRT,313.13,35.71,D
-42.56604,-71.68352,353.45,0.52,0.41,2026-01-31,1912,N,VIIRS,n,2.0NRT,326.97,43.82,D
-42.56077,-71.6778,367,0.52,0.41,2026-01-31,1912,N,VIIRS,h,2.0NRT,328.82,24.38,D
-42.56211,-71.6842,367,0.52,0.41,2026-01-31,1912,N,VIIRS,h,2.0NRT,346.08,65.29,D
-42.55939,-71.67125,338.15,0.52,0.41,2026-01-31,1912,N,VIIRS,n,2.0NRT,311.86,24.38,D
-42.56347,-71.69062,305.75,0.52,0.41,2026-01-31,1912,N,VIIRS,l,2.0NRT,309.66,65.29,D
-42.55832,-71.68549,367,0.52,0.41,2026-01-31,1912,N,VIIRS,h,2.0NRT,353.53,65.29,D
-42.55554,-71.67226,347.16,0.52,0.41,2026-01-31,1912,N,VIIRS,n,2.0NRT,307.16,24.38,D
-42.55701,-71.67923,353.9,0.52,0.41,2026-01-31,1912,N,VIIRS,n,2.0NRT,326.73,24.38,D
-42.55964,-71.69172,310.02,0.52,0.41,2026-01-31,1912,N,VIIRS,l,2.0NRT,314.31,65.29,D
-42.55461,-71.68713,367,0.52,0.41,2026-01-31,1912,N,VIIRS,h,2.0NRT,333.94,187.83,D
-42.55336,-71.68117,352.91,0.52,0.41,2026-01-31,1912,N,VIIRS,n,2.0NRT,315.8,43.56,D
-42.54978,-71.68341,347.92,0.52,0.41,2026-01-31,1912,N,VIIRS,n,2.0NRT,304.5,43.56,D
-42.56318,-71.67229,339.18,0.52,0.41,2026-01-31,1912,N,VIIRS,n,2.0NRT,306.78,10.59,D
-42.56452,-71.67883,355.74,0.52,0.41,2026-01-31,1912,N,VIIRS,n,2.0NRT,324.98,67.23,D
-42.56071,-71.68002,367,0.52,0.41,2026-01-31,1912,N,VIIRS,h,2.0NRT,337.49,67.23,D
-42.56202,-71.68643,367,0.52,0.41,2026-01-31,1912,N,VIIRS,h,2.0NRT,348.33,67.23,D
-42.55939,-71.67355,348.44,0.52,0.41,2026-01-31,1912,N,VIIRS,n,2.0NRT,316.59,10.59,D
-42.55823,-71.68772,367,0.52,0.41,2026-01-31,1912,N,VIIRS,h,2.0NRT,344,82.28,D
-42.55558,-71.67476,353.28,0.52,0.41,2026-01-31,1912,N,VIIRS,n,2.0NRT,306.18,43.09,D
-42.55695,-71.68148,353.21,0.52,0.41,2026-01-31,1912,N,VIIRS,l,2.0NRT,330.38,82.28,D
-42.55327,-71.68333,355.09,0.52,0.41,2026-01-31,1912,N,VIIRS,n,2.0NRT,325.93,82.28,D
-42.55454,-71.68948,310.21,0.52,0.41,2026-01-31,1912,N,VIIRS,l,2.0NRT,322.24,82.28,D
-42.54967,-71.68555,345.66,0.52,0.41,2026-01-31,1912,N,VIIRS,n,2.0NRT,306.84,109.8,D
-42.52566,-71.64787,337.53,0.52,0.42,2026-01-31,1912,N,VIIRS,n,2.0NRT,300.13,3.14,D
-42.37972,-71.43829,332.93,0.53,0.42,2026-01-31,1912,N,VIIRS,l,2.0NRT,304.8,4.72,D
-42.32444,-71.39125,338.02,0.54,0.42,2026-01-31,1912,N,VIIRS,n,2.0NRT,302.12,13.41,D
-42.27942,-71.56458,346.59,0.53,0.42,2026-01-31,1912,N,VIIRS,n,2.0NRT,304.02,86.73,D
-42.27535,-71.56477,367,0.53,0.42,2026-01-31,1912,N,VIIRS,h,2.0NRT,357.84,86.73,D
-42.27397,-71.55813,348.22,0.53,0.42,2026-01-31,1912,N,VIIRS,n,2.0NRT,307.34,86.73,D
-42.26867,-71.55241,330.7,0.53,0.42,2026-01-31,1912,N,VIIRS,n,2.0NRT,293.51,3.97,D
-42.26996,-71.55859,345.25,0.53,0.42,2026-01-31,1912,N,VIIRS,n,2.0NRT,300.14,28.41,D
-42.27129,-71.56494,346.69,0.53,0.42,2026-01-31,1912,N,VIIRS,n,2.0NRT,316.91,28.41,D
-42.26616,-71.56007,335.84,0.53,0.42,2026-01-31,1912,N,VIIRS,n,2.0NRT,297.13,28.41,D
-42.24448,-71.55462,337.87,0.53,0.42,2026-01-31,1912,N,VIIRS,n,2.0NRT,300.62,14.45,D
-42.24056,-71.55553,342.06,0.53,0.42,2026-01-31,1912,N,VIIRS,n,2.0NRT,295.5,14.45,D
-42.24243,-71.56437,346.15,0.53,0.42,2026-01-31,1912,N,VIIRS,n,2.0NRT,306.82,14.45,D
-42.23664,-71.55647,350.49,0.53,0.42,2026-01-31,1912,N,VIIRS,n,2.0NRT,303.4,165.73,D
-37.71398,-69.26508,343.33,0.57,0.52,2026-01-31,1914,N,VIIRS,n,2.0NRT,300.24,4.9,D
-38.74535,-68.83625,341.56,0.57,0.52,2026-01-31,1914,N,VIIRS,n,2.0NRT,295.75,3.23,D
-25.04663,-58.24488,330.54,0.5,0.41,2026-02-01,0450,N,VIIRS,n,2.0NRT,293.3,3.51,N
-25.04947,-58.25068,327.76,0.5,0.41,2026-02-01,0450,N,VIIRS,n,2.0NRT,294.08,3.51,N
-25.05038,-58.24573,329.78,0.5,0.41,2026-02-01,0450,N,VIIRS,n,2.0NRT,292.09,3.51,N
-25.0523,-58.25649,336.19,0.5,0.41,2026-02-01,0450,N,VIIRS,n,2.0NRT,293.64,3.04,N
-25.05604,-58.25733,304.28,0.5,0.41,2026-02-01,0450,N,VIIRS,n,2.0NRT,291.28,3.04,N
-25.05321,-58.25153,341.85,0.5,0.41,2026-02-01,0450,N,VIIRS,n,2.0NRT,292.67,5.26,N
-25.04289,-58.24401,322.68,0.5,0.41,2026-02-01,0450,N,VIIRS,n,2.0NRT,293.35,2.56,N
-37.71301,-69.13413,308.97,0.35,0.56,2026-02-01,0453,N,VIIRS,n,2.0NRT,288,1.77,N
-38.30904,-68.68544,307.86,0.64,0.54,2026-02-01,0453,N,VIIRS,n,2.0NRT,291.01,3.4,N
-38.32805,-68.73856,303.76,0.32,0.55,2026-02-01,0453,N,VIIRS,n,2.0NRT,291.09,0.63,N
-38.33297,-68.7406,306.73,0.32,0.55,2026-02-01,0453,N,VIIRS,n,2.0NRT,290.99,0.63,N
-38.46424,-69.05343,305.83,0.33,0.55,2026-02-01,0453,N,VIIRS,n,2.0NRT,290.36,1.6,N
-38.4652,-69.04971,304.46,0.33,0.55,2026-02-01,0453,N,VIIRS,n,2.0NRT,291.06,1.92,N
-38.62934,-68.42773,302.38,0.61,0.53,2026-02-01,0453,N,VIIRS,n,2.0NRT,288.17,1.19,N
-38.63415,-68.42973,303.85,0.61,0.53,2026-02-01,0453,N,VIIRS,n,2.0NRT,288.67,1.19,N
-37.88308,-58.25979,337.28,0.39,0.36,2026-02-01,0453,N,VIIRS,n,2.0NRT,291.08,2.09,N
-37.88237,-58.2642,299.91,0.39,0.36,2026-02-01,0453,N,VIIRS,n,2.0NRT,289.78,2.09,N
-37.8857,-58.26505,331.64,0.39,0.36,2026-02-01,0453,N,VIIRS,n,2.0NRT,290.59,2.09,N
-28.25725,-58.14766,311.42,0.45,0.39,2026-02-01,0453,N,VIIRS,n,2.0NRT,292.42,0.86,N
-29.59261,-61.35585,318.99,0.4,0.44,2026-02-01,0453,N,VIIRS,n,2.0NRT,284.07,1.29,N
-31.3519,-58.06921,332.95,0.41,0.37,2026-02-01,0453,N,VIIRS,n,2.0NRT,293.07,3.81,N
-31.42041,-58.09263,306.53,0.41,0.37,2026-02-01,0453,N,VIIRS,n,2.0NRT,291.71,0.79,N
-32.15403,-59.76308,300.47,0.46,0.39,2026-02-01,0453,N,VIIRS,n,2.0NRT,290.28,0.65,N
-32.79827,-60.574,312.96,0.49,0.4,2026-02-01,0453,N,VIIRS,n,2.0NRT,291.75,1.33,N
-32.80198,-60.57502,325.38,0.49,0.4,2026-02-01,0453,N,VIIRS,n,2.0NRT,291.75,3.33,N
-32.79808,-60.57558,309.26,0.49,0.4,2026-02-01,0453,N,VIIRS,n,2.0NRT,291.44,1.06,N
-32.80178,-60.57661,318.12,0.49,0.4,2026-02-01,0453,N,VIIRS,n,2.0NRT,291.42,1.9,N
-32.80282,-60.57137,306.27,0.49,0.4,2026-02-01,0453,N,VIIRS,n,2.0NRT,290.95,0.98,N
-33.25565,-60.28413,338.86,0.47,0.4,2026-02-01,0453,N,VIIRS,n,2.0NRT,294.04,4.34,N
-33.2593,-60.28509,303.34,0.47,0.4,2026-02-01,0453,N,VIIRS,n,2.0NRT,292.01,4.34,N
-33.35986,-60.15103,309.6,0.46,0.39,2026-02-01,0453,N,VIIRS,n,2.0NRT,293.43,1.31,N
-33.3608,-60.14605,309.65,0.46,0.39,2026-02-01,0453,N,VIIRS,n,2.0NRT,294.2,1.31,N
-33.36519,-60.16291,303.66,0.46,0.39,2026-02-01,0453,N,VIIRS,n,2.0NRT,292.83,1.11,N
-33.36614,-60.15793,308.09,0.46,0.39,2026-02-01,0453,N,VIIRS,n,2.0NRT,292.5,1.11,N
-33.36881,-60.1639,305.49,0.46,0.39,2026-02-01,0453,N,VIIRS,n,2.0NRT,292.52,1.11,N
-33.36976,-60.15891,319.88,0.46,0.39,2026-02-01,0453,N,VIIRS,n,2.0NRT,293.11,1.11,N
-33.37621,-60.14494,316.36,0.46,0.39,2026-02-01,0453,N,VIIRS,n,2.0NRT,293.63,1.17,N
-33.98661,-58.75517,308.75,0.41,0.37,2026-02-01,0453,N,VIIRS,n,2.0NRT,296.4,1.06,N
-33.99004,-58.75604,306.62,0.41,0.37,2026-02-01,0453,N,VIIRS,n,2.0NRT,294.55,1.06,N
-34.05103,-58.70432,303.8,0.41,0.37,2026-02-01,0453,N,VIIRS,n,2.0NRT,290.92,0.54,N
-34.05445,-58.7052,307.69,0.41,0.37,2026-02-01,0453,N,VIIRS,n,2.0NRT,295.57,2.7,N
-34.06628,-58.69893,301.42,0.41,0.37,2026-02-01,0453,N,VIIRS,n,2.0NRT,291.03,0.67,N
-34.15587,-58.94856,304.78,0.41,0.37,2026-02-01,0453,N,VIIRS,n,2.0NRT,294.07,1.75,N
-34.22231,-58.92577,314.39,0.41,0.37,2026-02-01,0453,N,VIIRS,n,2.0NRT,289.97,1.12,N
-34.22574,-58.92667,324.32,0.41,0.37,2026-02-01,0453,N,VIIRS,n,2.0NRT,291.47,2.55,N
-34.22654,-58.92218,303.94,0.41,0.37,2026-02-01,0453,N,VIIRS,n,2.0NRT,290.11,0.68,N
-34.23261,-58.92845,308.48,0.41,0.37,2026-02-01,0453,N,VIIRS,n,2.0NRT,290.59,1.18,N
-34.23341,-58.92396,310.04,0.41,0.37,2026-02-01,0453,N,VIIRS,n,2.0NRT,290.06,0.67,N
-34.8573,-57.89515,331.01,0.39,0.36,2026-02-01,0453,N,VIIRS,n,2.0NRT,292.53,4.37,N
-34.82708,-58.34258,318.75,0.4,0.37,2026-02-01,0453,N,VIIRS,n,2.0NRT,289.71,1.68,N
-34.61451,-60.44633,299.74,0.46,0.39,2026-02-01,0453,N,VIIRS,n,2.0NRT,289.24,0.34,N
-37.88642,-58.26065,317.44,0.39,0.36,2026-02-01,0453,N,VIIRS,n,2.0NRT,289.24,2.09,N
-37.8938,-58.258,333.42,0.39,0.36,2026-02-01,0453,N,VIIRS,n,2.0NRT,292.22,3.42,N
-37.89047,-58.25714,328.24,0.39,0.36,2026-02-01,0453,N,VIIRS,n,2.0NRT,290.2,3.42,N
-37.89642,-58.26326,305.78,0.39,0.36,2026-02-01,0453,N,VIIRS,n,2.0NRT,290.66,0.92,N
-37.08636,-69.47957,314.9,0.37,0.58,2026-02-01,0453,N,VIIRS,n,2.0NRT,288.16,1.18,N
-37.42431,-69.17545,308.91,0.35,0.57,2026-02-01,0453,N,VIIRS,n,2.0NRT,288.45,1.98,N
-37.42533,-69.17153,310.93,0.35,0.57,2026-02-01,0453,N,VIIRS,n,2.0NRT,288.9,1.36,N
-37.52864,-69.09513,311.54,0.35,0.57,2026-02-01,0453,N,VIIRS,n,2.0NRT,287.79,1.27,N
-37.52965,-69.0913,304.47,0.35,0.57,2026-02-01,0453,N,VIIRS,n,2.0NRT,287.83,0.73,N
-37.7109,-69.14214,339.86,0.35,0.56,2026-02-01,0453,N,VIIRS,n,2.0NRT,290.14,3.75,N
-37.71195,-69.13814,324.73,0.35,0.56,2026-02-01,0453,N,VIIRS,n,2.0NRT,288.54,1.77,N
-42.63494,-71.47095,298.62,0.34,0.56,2026-02-01,0455,N,VIIRS,n,2.0NRT,285.26,0.68,N
-42.64692,-71.42692,302.67,0.33,0.56,2026-02-01,0455,N,VIIRS,n,2.0NRT,289.81,1.01,N
-42.6594,-71.38093,296.17,0.33,0.55,2026-02-01,0455,N,VIIRS,n,2.0NRT,285.37,0.94,N
-42.66055,-71.37671,311.68,0.33,0.55,2026-02-01,0455,N,VIIRS,n,2.0NRT,289.43,0.94,N
-42.617,-71.55746,298.24,0.34,0.56,2026-02-01,0455,N,VIIRS,n,2.0NRT,286.07,0.64,N
-42.63609,-71.4874,300.95,0.34,0.56,2026-02-01,0455,N,VIIRS,n,2.0NRT,285.98,1.28,N
-42.63799,-71.48044,305.91,0.34,0.56,2026-02-01,0455,N,VIIRS,n,2.0NRT,286.91,1.42,N
-42.65073,-71.43359,301.26,0.33,0.56,2026-02-01,0455,N,VIIRS,n,2.0NRT,288.29,1.01,N
-42.65193,-71.42915,302.52,0.33,0.56,2026-02-01,0455,N,VIIRS,n,2.0NRT,288.43,1.01,N
-42.65315,-71.42464,307.63,0.33,0.56,2026-02-01,0455,N,VIIRS,n,2.0NRT,286.49,1.47,N
-42.66424,-71.38376,298.08,0.33,0.55,2026-02-01,0455,N,VIIRS,n,2.0NRT,285.61,0.94,N
-42.66534,-71.37971,309.51,0.33,0.55,2026-02-01,0455,N,VIIRS,n,2.0NRT,289.55,0.94,N
-42.64901,-71.46063,323.99,0.33,0.56,2026-02-01,0455,N,VIIRS,n,2.0NRT,288.53,0.82,N
-42.66694,-71.39449,302.85,0.33,0.55,2026-02-01,0455,N,VIIRS,n,2.0NRT,285.57,0.94,N
-42.67119,-71.37878,313.59,0.33,0.55,2026-02-01,0455,N,VIIRS,n,2.0NRT,287.38,1.62,N
-42.6664,-71.41724,320.68,0.33,0.55,2026-02-01,0455,N,VIIRS,n,2.0NRT,288.27,1.83,N
-42.65407,-71.46273,296.52,0.33,0.56,2026-02-01,0455,N,VIIRS,n,2.0NRT,285.79,0.82,N
-42.65504,-71.45917,296.7,0.33,0.56,2026-02-01,0455,N,VIIRS,n,2.0NRT,286.03,0.82,N
-42.66296,-71.42992,301.83,0.33,0.56,2026-02-01,0455,N,VIIRS,n,2.0NRT,285.48,1.08,N
-42.66413,-71.42558,302.11,0.33,0.56,2026-02-01,0455,N,VIIRS,n,2.0NRT,287.41,1.08,N
-42.66529,-71.42133,313.36,0.33,0.55,2026-02-01,0455,N,VIIRS,n,2.0NRT,286.61,1.83,N
-42.66748,-71.41322,306.56,0.33,0.55,2026-02-01,0455,N,VIIRS,n,2.0NRT,285.53,1.44,N
-42.67282,-71.39347,296.97,0.33,0.55,2026-02-01,0455,N,VIIRS,n,2.0NRT,284.78,0.94,N
-42.67385,-71.3897,303.23,0.33,0.55,2026-02-01,0455,N,VIIRS,n,2.0NRT,284.86,1.49,N
-42.66787,-71.43256,323.13,0.33,0.56,2026-02-01,0455,N,VIIRS,n,2.0NRT,288.89,2.03,N
-42.65593,-71.47665,305.86,0.34,0.56,2026-02-01,0455,N,VIIRS,n,2.0NRT,286.5,1.89,N
-42.65696,-71.47284,305.23,0.33,0.56,2026-02-01,0455,N,VIIRS,n,2.0NRT,286.99,1.72,N
-42.66668,-71.43694,301.43,0.33,0.56,2026-02-01,0455,N,VIIRS,n,2.0NRT,285.01,1.94,N
-42.66903,-71.42826,304.01,0.33,0.56,2026-02-01,0455,N,VIIRS,n,2.0NRT,286.45,2.03,N
-42.67017,-71.42403,319.78,0.33,0.55,2026-02-01,0455,N,VIIRS,n,2.0NRT,288.05,2.44,N
-42.67234,-71.41601,298.3,0.33,0.55,2026-02-01,0455,N,VIIRS,n,2.0NRT,284.3,0.95,N
-42.67767,-71.39632,313.89,0.33,0.55,2026-02-01,0455,N,VIIRS,n,2.0NRT,286.13,1.36,N
-42.67868,-71.39258,310.88,0.33,0.55,2026-02-01,0455,N,VIIRS,n,2.0NRT,284.52,1.16,N
-42.65886,-71.48661,296.44,0.34,0.56,2026-02-01,0455,N,VIIRS,n,2.0NRT,286.11,0.68,N
-42.68142,-71.40318,297.04,0.33,0.55,2026-02-01,0455,N,VIIRS,n,2.0NRT,283.35,1.36,N
-42.66052,-71.50127,304.77,0.34,0.56,2026-02-01,0455,N,VIIRS,n,2.0NRT,287.45,1.3,N
-42.66163,-71.49719,317.21,0.34,0.56,2026-02-01,0455,N,VIIRS,n,2.0NRT,287.88,1.3,N
-42.66264,-71.49346,297.78,0.34,0.56,2026-02-01,0455,N,VIIRS,n,2.0NRT,286.09,0.82,N
-42.66363,-71.4898,309.63,0.34,0.56,2026-02-01,0455,N,VIIRS,n,2.0NRT,286.74,0.82,N
-42.65655,-71.47536,314.22,0.33,0.56,2026-02-01,0455,N,VIIRS,n,2.0NRT,287.55,2.57,N
-42.6576,-71.47157,299.84,0.33,0.56,2026-02-01,0455,N,VIIRS,n,2.0NRT,286.24,2.2,N
-42.65972,-71.46394,296.29,0.33,0.56,2026-02-01,0455,N,VIIRS,n,2.0NRT,285.78,1.12,N
-42.6676,-71.43549,309.3,0.33,0.56,2026-02-01,0455,N,VIIRS,n,2.0NRT,286.01,2.38,N
-42.66879,-71.4312,311.6,0.33,0.55,2026-02-01,0455,N,VIIRS,n,2.0NRT,287.6,1.75,N
-42.66998,-71.42692,304.93,0.33,0.55,2026-02-01,0455,N,VIIRS,n,2.0NRT,285.9,1.75,N
-42.67112,-71.42281,307.3,0.33,0.55,2026-02-01,0455,N,VIIRS,n,2.0NRT,286.35,1.75,N
-42.67768,-71.39908,298,0.33,0.55,2026-02-01,0455,N,VIIRS,n,2.0NRT,286.18,1.44,N
-42.67872,-71.39532,318.33,0.33,0.55,2026-02-01,0455,N,VIIRS,n,2.0NRT,285.84,1.44,N
-42.67974,-71.39159,301.35,0.33,0.55,2026-02-01,0455,N,VIIRS,n,2.0NRT,283.57,1.13,N
-42.66109,-71.49976,308.14,0.34,0.56,2026-02-01,0455,N,VIIRS,n,2.0NRT,287.63,1.33,N
-42.66217,-71.49583,316.95,0.34,0.56,2026-02-01,0455,N,VIIRS,n,2.0NRT,287.61,1.33,N
-42.66322,-71.49207,299.74,0.34,0.56,2026-02-01,0455,N,VIIRS,n,2.0NRT,286.37,0.85,N
-42.66419,-71.48855,305.32,0.34,0.56,2026-02-01,0455,N,VIIRS,n,2.0NRT,286.52,0.85,N
-42.67692,-71.60645,321.1,0.34,0.56,2026-02-01,0455,N,VIIRS,n,2.0NRT,285.73,5.21,N
-42.67794,-71.60276,352.37,0.34,0.56,2026-02-01,0455,N,VIIRS,n,2.0NRT,291.09,4.35,N
-42.6827,-71.60606,332.16,0.34,0.56,2026-02-01,0455,N,VIIRS,n,2.0NRT,287.15,4.35,N
-42.69947,-71.60695,329.72,0.34,0.56,2026-02-01,0455,N,VIIRS,n,2.0NRT,288.47,1.41,N
-42.70049,-71.60323,301.21,0.34,0.56,2026-02-01,0455,N,VIIRS,n,2.0NRT,284.87,1.41,N
-42.70152,-71.5995,296.25,0.34,0.56,2026-02-01,0455,N,VIIRS,n,2.0NRT,284.34,0.5,N
-36.98196,-60.24535,304.21,0.42,0.38,2026-02-01,0455,N,VIIRS,n,2.0NRT,291.74,0.95,N
-36.99063,-60.27789,305.12,0.42,0.38,2026-02-01,0455,N,VIIRS,n,2.0NRT,291.08,0.88,N
-42.56306,-71.6919,335.46,0.34,0.56,2026-02-01,0455,N,VIIRS,n,2.0NRT,288.45,3.26,N
-42.23863,-71.55882,327.2,0.35,0.56,2026-02-01,0455,N,VIIRS,n,2.0NRT,289.28,1.57,N
-42.23695,-71.56489,316.46,0.35,0.56,2026-02-01,0455,N,VIIRS,n,2.0NRT,288.89,1.88,N
-42.2378,-71.56178,306.63,0.35,0.56,2026-02-01,0455,N,VIIRS,n,2.0NRT,288.26,1.88,N
-42.23946,-71.55582,299.54,0.35,0.56,2026-02-01,0455,N,VIIRS,n,2.0NRT,288.65,1.57,N
-42.24035,-71.5526,299.73,0.35,0.56,2026-02-01,0455,N,VIIRS,n,2.0NRT,288.34,0.81,N
-42.26612,-71.56288,302.77,0.35,0.56,2026-02-01,0455,N,VIIRS,n,2.0NRT,287.57,1.11,N
-42.26714,-71.55918,318.18,0.35,0.56,2026-02-01,0455,N,VIIRS,n,2.0NRT,288.63,1.11,N
-42.27092,-71.56626,320.66,0.35,0.56,2026-02-01,0455,N,VIIRS,n,2.0NRT,292.24,1.8,N
-42.32089,-71.38348,331.56,0.34,0.56,2026-02-01,0455,N,VIIRS,n,2.0NRT,288.7,1.96,N
-42.26989,-71.56998,313.66,0.35,0.56,2026-02-01,0455,N,VIIRS,n,2.0NRT,289.57,2.5,N
-42.2724,-71.56084,301.6,0.35,0.56,2026-02-01,0455,N,VIIRS,n,2.0NRT,287.51,1.8,N
-42.31723,-71.39684,304.9,0.34,0.56,2026-02-01,0455,N,VIIRS,n,2.0NRT,284.19,0.55,N
-42.27578,-71.56935,312.75,0.35,0.56,2026-02-01,0455,N,VIIRS,n,2.0NRT,290.2,2.5,N
-42.27708,-71.56459,319.53,0.35,0.56,2026-02-01,0455,N,VIIRS,n,2.0NRT,289.47,1.8,N
-42.32189,-71.40052,305.48,0.34,0.56,2026-02-01,0455,N,VIIRS,n,2.0NRT,283.72,0.55,N
-42.32572,-71.38651,299.5,0.34,0.56,2026-02-01,0455,N,VIIRS,n,2.0NRT,285.24,1.96,N
-42.32768,-71.37932,301.36,0.34,0.56,2026-02-01,0455,N,VIIRS,n,2.0NRT,285.14,2.17,N
-42.34849,-71.50647,303.72,0.34,0.56,2026-02-01,0455,N,VIIRS,n,2.0NRT,282.16,1.39,N
-42.34943,-71.50306,299.5,0.34,0.56,2026-02-01,0455,N,VIIRS,n,2.0NRT,281.37,1.01,N
-42.35382,-71.50777,296.36,0.34,0.56,2026-02-01,0455,N,VIIRS,n,2.0NRT,279.25,0.52,N
-42.36527,-71.50755,323.27,0.34,0.56,2026-02-01,0455,N,VIIRS,n,2.0NRT,281.66,2.8,N
-42.36603,-71.50483,307.51,0.34,0.56,2026-02-01,0455,N,VIIRS,n,2.0NRT,280.47,1.62,N
-42.56796,-71.42775,304.19,0.34,0.56,2026-02-01,0455,N,VIIRS,n,2.0NRT,287.57,1.22,N
-42.56922,-71.42308,313.83,0.33,0.56,2026-02-01,0455,N,VIIRS,n,2.0NRT,287.37,1.17,N
-42.58344,-71.39119,303.03,0.33,0.56,2026-02-01,0455,N,VIIRS,n,2.0NRT,287.45,0.83,N
-42.58447,-71.38735,302.22,0.33,0.56,2026-02-01,0455,N,VIIRS,n,2.0NRT,286.24,0.83,N
-42.56868,-71.42464,315.88,0.33,0.56,2026-02-01,0455,N,VIIRS,n,2.0NRT,288.16,1.8,N
-42.55118,-71.67287,318.52,0.34,0.56,2026-02-01,0455,N,VIIRS,n,2.0NRT,291.15,3,N
-42.55201,-71.66987,315.69,0.34,0.56,2026-02-01,0455,N,VIIRS,n,2.0NRT,289.68,1.82,N
-42.55311,-71.68655,319.94,0.34,0.56,2026-02-01,0455,N,VIIRS,n,2.0NRT,288.96,2.14,N
-42.55424,-71.68246,310.79,0.34,0.56,2026-02-01,0455,N,VIIRS,n,2.0NRT,288.62,2.14,N
-42.55615,-71.67555,302.17,0.34,0.56,2026-02-01,0455,N,VIIRS,n,2.0NRT,289.92,2.54,N
-42.55714,-71.67197,309.71,0.34,0.56,2026-02-01,0455,N,VIIRS,n,2.0NRT,289.24,1.1,N
-42.61854,-71.44839,301.47,0.33,0.56,2026-02-01,0455,N,VIIRS,n,2.0NRT,287.59,1.22,N
-42.62079,-71.44016,312.15,0.33,0.56,2026-02-01,0455,N,VIIRS,n,2.0NRT,286.61,1.22,N
-42.62295,-71.43227,299.77,0.33,0.56,2026-02-01,0455,N,VIIRS,n,2.0NRT,287.93,2.37,N
-42.62405,-71.42822,314.95,0.33,0.56,2026-02-01,0455,N,VIIRS,n,2.0NRT,289.24,2.47,N
-42.55796,-71.6897,334.37,0.34,0.56,2026-02-01,0455,N,VIIRS,n,2.0NRT,288.54,2.14,N
-42.62907,-71.43047,332.01,0.33,0.56,2026-02-01,0455,N,VIIRS,n,2.0NRT,294.57,2.47,N
-42.6302,-71.42635,322.21,0.33,0.56,2026-02-01,0455,N,VIIRS,n,2.0NRT,293.7,2.47,N
-42.55904,-71.68576,317.82,0.34,0.56,2026-02-01,0455,N,VIIRS,n,2.0NRT,288.51,2.14,N
-42.62342,-71.45118,303.77,0.33,0.56,2026-02-01,0455,N,VIIRS,n,2.0NRT,289.35,1.22,N
-42.62455,-71.44705,298.71,0.33,0.56,2026-02-01,0455,N,VIIRS,n,2.0NRT,284.83,1.22,N
-42.62791,-71.43472,316.66,0.33,0.56,2026-02-01,0455,N,VIIRS,n,2.0NRT,289.08,2.37,N
-42.6313,-71.42229,306.01,0.33,0.56,2026-02-01,0455,N,VIIRS,n,2.0NRT,289.33,1.2,N
-42.63246,-71.41806,310.01,0.33,0.56,2026-02-01,0455,N,VIIRS,n,2.0NRT,287.54,1.2,N
-42.6362,-71.42496,321.25,0.33,0.56,2026-02-01,0455,N,VIIRS,n,2.0NRT,296.35,1.37,N
-42.56176,-71.69666,306.14,0.34,0.56,2026-02-01,0455,N,VIIRS,n,2.0NRT,287.34,2.83,N
-42.62054,-71.48238,297.38,0.34,0.56,2026-02-01,0455,N,VIIRS,n,2.0NRT,285.9,0.67,N
-42.62613,-71.46188,302.63,0.34,0.56,2026-02-01,0455,N,VIIRS,n,2.0NRT,286.38,1.01,N
-42.62719,-71.45802,300.95,0.33,0.56,2026-02-01,0455,N,VIIRS,n,2.0NRT,286.97,1.21,N
-42.63506,-71.42916,311.4,0.33,0.56,2026-02-01,0455,N,VIIRS,n,2.0NRT,291.91,3.7,N
-42.59862,-71.58318,298.71,0.34,0.56,2026-02-01,0455,N,VIIRS,n,2.0NRT,288.39,1,N
-42.62467,-71.48791,297.24,0.34,0.56,2026-02-01,0455,N,VIIRS,n,2.0NRT,286.51,1.56,N
-42.62571,-71.48409,300.18,0.34,0.56,2026-02-01,0455,N,VIIRS,n,2.0NRT,287.35,0.67,N
-42.62677,-71.48022,308.98,0.34,0.56,2026-02-01,0455,N,VIIRS,n,2.0NRT,288.13,0.67,N
-42.62999,-71.46841,308.9,0.34,0.56,2026-02-01,0455,N,VIIRS,n,2.0NRT,287.09,1.01,N
-42.63105,-71.46451,313.25,0.34,0.56,2026-02-01,0455,N,VIIRS,n,2.0NRT,288.02,1.01,N
-42.64098,-71.42809,303.27,0.33,0.56,2026-02-01,0455,N,VIIRS,n,2.0NRT,290.21,1.37,N
-42.64209,-71.42399,298.71,0.33,0.56,2026-02-01,0455,N,VIIRS,n,2.0NRT,287.03,1.37,N
-42.6103,-71.56121,297.47,0.34,0.56,2026-02-01,0455,N,VIIRS,n,2.0NRT,285.81,0.91,N
-42.61117,-71.55804,306.97,0.34,0.56,2026-02-01,0455,N,VIIRS,n,2.0NRT,286.05,0.64,N
-42.6319,-71.48206,317.29,0.34,0.56,2026-02-01,0455,N,VIIRS,n,2.0NRT,286.81,1.28,N
-37.71094,-69.26776,321.74,0.48,0.65,2026-02-01,0633,N,VIIRS,n,2.0NRT,284.42,1.68,N
-37.71115,-69.26231,307.06,0.48,0.65,2026-02-01,0633,N,VIIRS,n,2.0NRT,283.3,1.68,N
-37.71592,-69.13968,313,0.49,0.65,2026-02-01,0633,N,VIIRS,n,2.0NRT,285.44,2.97,N
-37.71614,-69.13406,309.61,0.49,0.65,2026-02-01,0633,N,VIIRS,n,2.0NRT,285.32,1.29,N
-37.71707,-69.26808,299.62,0.48,0.65,2026-02-01,0633,N,VIIRS,n,2.0NRT,282.97,1.68,N
-38.09813,-68.61214,300.15,0.52,0.67,2026-02-01,0633,N,VIIRS,n,2.0NRT,285.78,0.68,N
-38.09831,-68.60596,298.81,0.52,0.67,2026-02-01,0633,N,VIIRS,n,2.0NRT,284.87,0.68,N
-37.08549,-69.47618,316.9,0.46,0.64,2026-02-01,0633,N,VIIRS,n,2.0NRT,286.64,1.95,N
-37.52898,-69.09297,310.15,0.49,0.65,2026-02-01,0633,N,VIIRS,n,2.0NRT,287.28,1.03,N
-37.70976,-69.13927,307.19,0.49,0.65,2026-02-01,0633,N,VIIRS,n,2.0NRT,284.96,1.66,N
-42.27673,-71.57186,309.79,0.39,0.59,2026-02-01,0635,N,VIIRS,n,2.0NRT,287.46,2.27,N
-42.27695,-71.56664,307.68,0.39,0.59,2026-02-01,0635,N,VIIRS,n,2.0NRT,289.4,1.47,N
-42.27716,-71.56174,306.58,0.39,0.6,2026-02-01,0635,N,VIIRS,n,2.0NRT,287.09,1.47,N
-42.34724,-71.51184,298.44,0.4,0.6,2026-02-01,0635,N,VIIRS,n,2.0NRT,285.56,0.94,N
-42.35281,-71.51391,296.99,0.4,0.6,2026-02-01,0635,N,VIIRS,n,2.0NRT,283.85,0.56,N
-42.55875,-71.69305,338.55,0.39,0.59,2026-02-01,0635,N,VIIRS,n,2.0NRT,291.37,4.51,N
-42.55851,-71.69817,296.22,0.39,0.59,2026-02-01,0635,N,VIIRS,n,2.0NRT,284.86,3.11,N
-42.57079,-71.42496,298.17,0.4,0.6,2026-02-01,0635,N,VIIRS,n,2.0NRT,285.36,1.42,N
-42.57098,-71.42039,304.49,0.4,0.6,2026-02-01,0635,N,VIIRS,n,2.0NRT,284.39,0.91,N
-42.56432,-71.69416,327.64,0.39,0.59,2026-02-01,0635,N,VIIRS,n,2.0NRT,287.04,3.6,N
-42.56453,-71.68977,336.32,0.39,0.59,2026-02-01,0635,N,VIIRS,n,2.0NRT,288.65,3.6,N
-42.56475,-71.68489,295.66,0.39,0.59,2026-02-01,0635,N,VIIRS,n,2.0NRT,285.16,1.02,N
-42.55624,-71.69418,301.33,0.39,0.59,2026-02-01,0635,N,VIIRS,n,2.0NRT,286.23,4.94,N
-42.56189,-71.6937,350.5,0.39,0.59,2026-02-01,0635,N,VIIRS,n,2.0NRT,292.19,4.94,N
-42.23601,-71.55556,299.63,0.39,0.59,2026-02-01,0635,N,VIIRS,n,2.0NRT,287.11,1.53,N
-42.57249,-71.42565,295.9,0.4,0.6,2026-02-01,0635,N,VIIRS,n,2.0NRT,284.72,0.93,N
-42.57267,-71.42097,301.02,0.4,0.6,2026-02-01,0635,N,VIIRS,n,2.0NRT,284.29,0.93,N
-42.56755,-71.69308,313.49,0.39,0.59,2026-02-01,0635,N,VIIRS,n,2.0NRT,283.77,1.29,N
-42.59453,-71.58575,298.78,0.39,0.6,2026-02-01,0635,N,VIIRS,n,2.0NRT,286.43,1.12,N
-42.59986,-71.59361,300.13,0.39,0.6,2026-02-01,0635,N,VIIRS,n,2.0NRT,285.11,1.12,N
-42.62694,-71.48812,300.79,0.4,0.6,2026-02-01,0635,N,VIIRS,n,2.0NRT,285.09,1.51,N
-42.62928,-71.4318,314.31,0.4,0.6,2026-02-01,0635,N,VIIRS,n,2.0NRT,287.64,1.6,N
-42.62947,-71.42692,307.47,0.4,0.6,2026-02-01,0635,N,VIIRS,n,2.0NRT,288.1,1.6,N
-42.63282,-71.48367,295.24,0.4,0.6,2026-02-01,0635,N,VIIRS,n,2.0NRT,285.1,0.86,N
-42.63517,-71.42719,304.46,0.4,0.6,2026-02-01,0635,N,VIIRS,n,2.0NRT,288.95,1.3,N
-42.64088,-71.42707,297.58,0.4,0.6,2026-02-01,0635,N,VIIRS,n,2.0NRT,287.43,1.3,N
-42.63197,-71.76315,295.34,0.39,0.59,2026-02-01,0635,N,VIIRS,n,2.0NRT,283.68,0.4,N
-42.6375,-71.76487,297.62,0.39,0.59,2026-02-01,0635,N,VIIRS,n,2.0NRT,282.71,0.4,N
-42.6602,-71.37486,302.56,0.4,0.6,2026-02-01,0635,N,VIIRS,n,2.0NRT,285.48,1.31,N
-42.66051,-71.50084,305.84,0.4,0.6,2026-02-01,0635,N,VIIRS,n,2.0NRT,285.67,1.67,N
-42.66072,-71.49595,297.56,0.4,0.6,2026-02-01,0635,N,VIIRS,n,2.0NRT,284.58,1.24,N
-42.66552,-71.38452,295.19,0.4,0.6,2026-02-01,0635,N,VIIRS,n,2.0NRT,284.23,1.64,N
-42.66572,-71.37959,300.87,0.4,0.6,2026-02-01,0635,N,VIIRS,n,2.0NRT,287.38,1.64,N
-42.66592,-71.37495,310.49,0.4,0.6,2026-02-01,0635,N,VIIRS,n,2.0NRT,284.99,1.31,N
-42.65398,-71.77267,338.93,0.38,0.59,2026-02-01,0635,N,VIIRS,n,2.0NRT,286.73,4.87,N
-42.65382,-71.77615,314.22,0.38,0.59,2026-02-01,0635,N,VIIRS,n,2.0NRT,283.39,4.87,N
-42.66909,-71.43436,299.26,0.4,0.6,2026-02-01,0635,N,VIIRS,n,2.0NRT,284.71,0.95,N
-42.66929,-71.42966,298.18,0.4,0.6,2026-02-01,0635,N,VIIRS,n,2.0NRT,284.42,0.95,N
-42.66949,-71.42494,306.56,0.4,0.6,2026-02-01,0635,N,VIIRS,n,2.0NRT,285.57,1.07,N
-42.6697,-71.42007,299.06,0.4,0.6,2026-02-01,0635,N,VIIRS,n,2.0NRT,283.61,1.07,N
-42.67145,-71.37933,317.4,0.4,0.6,2026-02-01,0635,N,VIIRS,n,2.0NRT,286.73,2.49,N
-42.65955,-71.7737,367,0.38,0.59,2026-02-01,0635,N,VIIRS,h,2.0NRT,290.48,4.87,N
-42.6594,-71.77695,298.97,0.38,0.59,2026-02-01,0635,N,VIIRS,n,2.0NRT,282.2,4.87,N
-42.65969,-71.77062,315.38,0.39,0.59,2026-02-01,0635,N,VIIRS,n,2.0NRT,283.63,6.2,N
-42.67854,-71.60569,329.11,0.39,0.6,2026-02-01,0635,N,VIIRS,n,2.0NRT,284.89,2.8,N
-42.65665,-71.77356,367,0.39,0.59,2026-02-01,0635,N,VIIRS,h,2.0NRT,293.14,4.5,N
-42.65651,-71.77692,302.86,0.38,0.59,2026-02-01,0635,N,VIIRS,n,2.0NRT,282.23,8.59,N
-42.65679,-71.77034,312.5,0.39,0.59,2026-02-01,0635,N,VIIRS,n,2.0NRT,284.23,4.5,N
-42.66999,-71.43478,297.96,0.4,0.6,2026-02-01,0635,N,VIIRS,n,2.0NRT,284.23,1.38,N
-42.67035,-71.42527,304.01,0.4,0.6,2026-02-01,0635,N,VIIRS,n,2.0NRT,284.68,2.53,N
-42.67053,-71.4204,296.31,0.4,0.6,2026-02-01,0635,N,VIIRS,n,2.0NRT,283.01,1.55,N
-42.67207,-71.3795,315.53,0.4,0.6,2026-02-01,0635,N,VIIRS,n,2.0NRT,286.08,2.39,N
-42.66223,-71.77451,332.4,0.39,0.59,2026-02-01,0635,N,VIIRS,n,2.0NRT,283.32,4.5,N
-42.66235,-71.7715,308.11,0.39,0.59,2026-02-01,0635,N,VIIRS,n,2.0NRT,282.18,4.5,N
-42.6772,-71.39481,305.64,0.4,0.6,2026-02-01,0635,N,VIIRS,n,2.0NRT,284.45,2.05,N
-42.67465,-71.60711,300.99,0.39,0.6,2026-02-01,0635,N,VIIRS,n,2.0NRT,284,1.76,N
-42.68035,-71.60589,327.24,0.39,0.6,2026-02-01,0635,N,VIIRS,n,2.0NRT,285.87,1.76,N
-38.5775,-69.43714,367,0.48,0.64,2026-02-01,0635,N,VIIRS,h,2.0NRT,291.39,13.35,N
-38.57726,-69.44328,302.21,0.48,0.64,2026-02-01,0635,N,VIIRS,n,2.0NRT,286.59,13.35,N
-38.57774,-69.43127,310.38,0.48,0.64,2026-02-01,0635,N,VIIRS,n,2.0NRT,287.14,9.69,N
-42.56208,-71.68913,326.58,0.39,0.59,2026-02-01,0635,N,VIIRS,n,2.0NRT,289.7,5.01,N
-42.26945,-71.56591,330.5,0.39,0.59,2026-02-01,0635,N,VIIRS,n,2.0NRT,290.32,1.81,N
-42.26968,-71.56097,300.45,0.39,0.59,2026-02-01,0635,N,VIIRS,n,2.0NRT,287.77,1.81,N
-42.27492,-71.56969,322.11,0.39,0.59,2026-02-01,0635,N,VIIRS,n,2.0NRT,290.22,1.81,N
-42.27515,-71.56469,304.86,0.39,0.59,2026-02-01,0635,N,VIIRS,n,2.0NRT,289.6,1.81,N
-42.27537,-71.56006,304.46,0.39,0.59,2026-02-01,0635,N,VIIRS,n,2.0NRT,287.27,1.84,N
-42.26564,-71.56676,312.04,0.39,0.59,2026-02-01,0635,N,VIIRS,n,2.0NRT,286.39,1.37,N
-42.27131,-71.56636,330.14,0.39,0.59,2026-02-01,0635,N,VIIRS,n,2.0NRT,291.7,2.27,N
-42.27108,-71.57175,297.27,0.39,0.59,2026-02-01,0635,N,VIIRS,n,2.0NRT,286.44,2.27,N
-42.27149,-71.5619,299.52,0.39,0.59,2026-02-01,0635,N,VIIRS,n,2.0NRT,288.2,1.47,N
-35.07002,-58.84674,341.64,0.56,0.52,2026-02-01,1713,N,VIIRS,n,2.0NRT,298.06,6.86,D
-34.89044,-58.41133,336.67,0.53,0.5,2026-02-01,1713,N,VIIRS,n,2.0NRT,305.24,3.86,D
-34.80106,-58.67378,334.71,0.55,0.51,2026-02-01,1713,N,VIIRS,n,2.0NRT,303.95,10.08,D
-34.80157,-58.67992,354.25,0.55,0.51,2026-02-01,1713,N,VIIRS,n,2.0NRT,309.04,10.08,D
-34.79678,-58.6805,343.91,0.55,0.51,2026-02-01,1713,N,VIIRS,n,2.0NRT,301.32,10.08,D
-34.7826,-58.80678,343.11,0.56,0.51,2026-02-01,1713,N,VIIRS,n,2.0NRT,305.58,6.32,D
-34.78455,-58.8074,343.94,0.55,0.51,2026-02-01,1713,N,VIIRS,n,2.0NRT,306.76,7.9,D
-34.5923,-58.58271,331.27,0.54,0.51,2026-02-01,1713,N,VIIRS,l,2.0NRT,302.44,1.76,D
-34.6013,-59.18732,342.95,0.58,0.52,2026-02-01,1713,N,VIIRS,n,2.0NRT,301.84,12.14,D
-34.56274,-58.81387,332.19,0.55,0.51,2026-02-01,1713,N,VIIRS,l,2.0NRT,305.11,3.16,D
-34.55121,-58.79028,335.24,0.55,0.51,2026-02-01,1713,N,VIIRS,l,2.0NRT,308.81,3.97,D
-34.60473,-59.18159,343.81,0.58,0.52,2026-02-01,1713,N,VIIRS,n,2.0NRT,305.05,10.9,D
-34.5643,-58.8152,332.21,0.55,0.51,2026-02-01,1713,N,VIIRS,l,2.0NRT,304.91,3.42,D
-34.53907,-58.86189,342.91,0.56,0.51,2026-02-01,1713,N,VIIRS,n,2.0NRT,305.76,3.08,D
-34.24073,-58.92466,334.95,0.56,0.51,2026-02-01,1713,N,VIIRS,n,2.0NRT,305.76,3.92,D
-34.23692,-58.92556,337.71,0.56,0.51,2026-02-01,1713,N,VIIRS,n,2.0NRT,307.46,9.74,D
-34.21764,-58.9277,336.68,0.56,0.51,2026-02-01,1713,N,VIIRS,n,2.0NRT,305.95,5.82,D
-32.7985,-60.57846,336.15,0.33,0.56,2026-02-01,1715,N,VIIRS,n,2.0NRT,304.09,3.32,D
-33.46934,-59.60756,344.44,0.6,0.53,2026-02-01,1715,N,VIIRS,n,2.0NRT,312.01,10.07,D
-33.46886,-59.60904,347.75,0.6,0.53,2026-02-01,1715,N,VIIRS,n,2.0NRT,313.4,14.45,D
-33.3668,-60.16258,343.61,0.32,0.55,2026-02-01,1715,N,VIIRS,n,2.0NRT,308.65,5.97,D
-33.25979,-60.28244,331.36,0.32,0.55,2026-02-01,1715,N,VIIRS,l,2.0NRT,303.29,2.41,D
-33.26006,-60.28601,336.98,0.32,0.55,2026-02-01,1715,N,VIIRS,n,2.0NRT,304.56,2.41,D
-33.25464,-60.28308,330.08,0.32,0.55,2026-02-01,1715,N,VIIRS,n,2.0NRT,299.43,2.41,D
-33.25491,-60.28661,342.62,0.32,0.55,2026-02-01,1715,N,VIIRS,n,2.0NRT,304.47,2.41,D
-33.25517,-60.29019,333.44,0.32,0.55,2026-02-01,1715,N,VIIRS,l,2.0NRT,307.08,4.27,D
-33.06863,-59.25735,347.22,0.56,0.52,2026-02-01,1715,N,VIIRS,n,2.0NRT,303.66,7.84,D
-33.06915,-59.26355,336.39,0.57,0.52,2026-02-01,1715,N,VIIRS,n,2.0NRT,305.77,4.85,D
-33.06327,-59.2517,335.9,0.56,0.52,2026-02-01,1715,N,VIIRS,n,2.0NRT,301.92,16.25,D
-33.05843,-59.25226,353.48,0.56,0.52,2026-02-01,1715,N,VIIRS,n,2.0NRT,305.92,16.25,D
-33.05536,-59.91331,335.88,0.62,0.54,2026-02-01,1715,N,VIIRS,n,2.0NRT,310.34,5.09,D
-33.05032,-59.91385,333.21,0.62,0.54,2026-02-01,1715,N,VIIRS,n,2.0NRT,306.73,5.09,D
-33.05637,-59.9143,336.65,0.62,0.54,2026-02-01,1715,N,VIIRS,n,2.0NRT,310.16,6.46,D
-33.05133,-59.91483,336,0.62,0.54,2026-02-01,1715,N,VIIRS,n,2.0NRT,307.6,7.33,D
-32.79744,-60.57058,339.88,0.33,0.56,2026-02-01,1715,N,VIIRS,n,2.0NRT,303.41,4.7,D
-32.7977,-60.57426,352.94,0.33,0.56,2026-02-01,1715,N,VIIRS,n,2.0NRT,306.37,4.7,D
-32.79795,-60.57793,333.67,0.33,0.56,2026-02-01,1715,N,VIIRS,n,2.0NRT,303.41,2.44,D
-32.79793,-60.57113,342.68,0.33,0.56,2026-02-01,1715,N,VIIRS,n,2.0NRT,303.5,5.05,D
-32.79822,-60.5748,350.95,0.33,0.56,2026-02-01,1715,N,VIIRS,n,2.0NRT,306.64,5.05,D
-32.73712,-60.39107,331.14,0.33,0.55,2026-02-01,1715,N,VIIRS,n,2.0NRT,300.65,3.19,D
-32.35515,-59.10724,335.85,0.54,0.51,2026-02-01,1715,N,VIIRS,n,2.0NRT,305.81,4.43,D
-32.35521,-59.10678,336.35,0.54,0.51,2026-02-01,1715,N,VIIRS,n,2.0NRT,305.99,2.93,D
-31.4148,-58.0837,336.93,0.46,0.47,2026-02-01,1715,N,VIIRS,n,2.0NRT,305.61,5.93,D
-31.42085,-59.35422,347.09,0.55,0.51,2026-02-01,1715,N,VIIRS,n,2.0NRT,306.26,13.56,D
-31.41554,-59.34891,353.66,0.55,0.51,2026-02-01,1715,N,VIIRS,n,2.0NRT,310.75,13.56,D
-31.41607,-59.35482,352.36,0.55,0.51,2026-02-01,1715,N,VIIRS,n,2.0NRT,310.83,13.56,D
-31.41024,-59.34359,346.84,0.55,0.51,2026-02-01,1715,N,VIIRS,n,2.0NRT,307.71,17.28,D
-31.41076,-59.34949,351.98,0.55,0.51,2026-02-01,1715,N,VIIRS,n,2.0NRT,310.96,11.19,D
-31.41129,-59.35539,351.59,0.55,0.51,2026-02-01,1715,N,VIIRS,n,2.0NRT,306.92,11.19,D
-31.35275,-59.23788,332.25,0.54,0.51,2026-02-01,1715,N,VIIRS,l,2.0NRT,304.12,4.26,D
-30.87823,-57.98365,345.88,0.45,0.47,2026-02-01,1715,N,VIIRS,n,2.0NRT,303.1,9.19,D
-30.87878,-57.98546,343.22,0.45,0.47,2026-02-01,1715,N,VIIRS,n,2.0NRT,303.84,9.81,D
-30.41734,-58.06883,340.58,0.45,0.47,2026-02-01,1715,N,VIIRS,n,2.0NRT,302.89,8.77,D
-30.41782,-58.07363,352.01,0.45,0.47,2026-02-01,1715,N,VIIRS,n,2.0NRT,303.34,10.62,D
-30.41345,-58.07421,333.22,0.45,0.47,2026-02-01,1715,N,VIIRS,n,2.0NRT,300.88,2.66,D
-30.27985,-57.64214,349.69,0.43,0.46,2026-02-01,1715,N,VIIRS,n,2.0NRT,308.44,11.52,D
-26.49766,-58.26475,346.19,0.42,0.45,2026-02-01,1715,N,VIIRS,n,2.0NRT,299.34,7.84,D
-26.36809,-58.28582,331.62,0.42,0.45,2026-02-01,1715,N,VIIRS,n,2.0NRT,301.32,1.55,D
-26.36855,-58.29005,332.94,0.42,0.45,2026-02-01,1715,N,VIIRS,l,2.0NRT,304.85,4.01,D
-26.36901,-58.29427,333.65,0.42,0.45,2026-02-01,1715,N,VIIRS,n,2.0NRT,301.19,4.01,D
-26.36435,-58.29061,334.5,0.42,0.45,2026-02-01,1715,N,VIIRS,n,2.0NRT,302.55,5.65,D
-26.36574,-58.30334,344.69,0.42,0.45,2026-02-01,1715,N,VIIRS,n,2.0NRT,298.26,7.49,D
-26.36014,-58.29118,345.43,0.42,0.45,2026-02-01,1715,N,VIIRS,n,2.0NRT,300.86,5.65,D
-26.36061,-58.29543,350.77,0.42,0.45,2026-02-01,1715,N,VIIRS,n,2.0NRT,299.52,5.65,D
-26.35594,-58.29176,345.09,0.42,0.45,2026-02-01,1715,N,VIIRS,n,2.0NRT,299.79,6.43,D
-26.3564,-58.29599,341.26,0.42,0.45,2026-02-01,1715,N,VIIRS,n,2.0NRT,299.04,6.43,D
-26.35173,-58.29233,356.58,0.42,0.45,2026-02-01,1715,N,VIIRS,n,2.0NRT,301.53,6.43,D
-26.35219,-58.29657,347.93,0.42,0.45,2026-02-01,1715,N,VIIRS,n,2.0NRT,302.01,6.43,D
-26.23406,-58.11657,367,0.41,0.45,2026-02-01,1715,N,VIIRS,h,2.0NRT,305.98,13.48,D
-26.22899,-58.10891,342.54,0.41,0.45,2026-02-01,1715,N,VIIRS,n,2.0NRT,306.14,10.02,D
-26.22945,-58.11302,339.27,0.41,0.45,2026-02-01,1715,N,VIIRS,n,2.0NRT,301.04,7.54,D
-26.2299,-58.11714,342.39,0.41,0.45,2026-02-01,1715,N,VIIRS,n,2.0NRT,302.05,7.54,D
-26.21275,-58.15304,341.58,0.41,0.45,2026-02-01,1715,N,VIIRS,n,2.0NRT,302.47,6.28,D
-26.2119,-58.15266,344.19,0.41,0.45,2026-02-01,1715,N,VIIRS,n,2.0NRT,303.43,5.63,D
-26.09773,-58.23802,344.02,0.41,0.45,2026-02-01,1715,N,VIIRS,n,2.0NRT,302.47,7.06,D
-25.74734,-57.87122,337.92,0.39,0.44,2026-02-01,1717,N,VIIRS,n,2.0NRT,304.01,4.78,D
-25.74688,-57.86731,347.58,0.39,0.44,2026-02-01,1717,N,VIIRS,n,2.0NRT,308.45,4.78,D
-25.7835,-57.90606,348.82,0.39,0.44,2026-02-01,1717,N,VIIRS,n,2.0NRT,309.39,7.26,D
-42.68473,-71.32553,335,0.39,0.36,2026-02-01,1853,N,VIIRS,n,2.0NRT,293,15.87,D
-42.68553,-71.33035,344.5,0.39,0.36,2026-02-01,1853,N,VIIRS,n,2.0NRT,293.19,15.87,D
-42.68945,-71.35402,336.25,0.39,0.36,2026-02-01,1853,N,VIIRS,n,2.0NRT,296.2,23.23,D
-42.69023,-71.35875,354.18,0.39,0.36,2026-02-01,1853,N,VIIRS,n,2.0NRT,311.89,23.23,D
-42.69101,-71.36348,367,0.39,0.36,2026-02-01,1853,N,VIIRS,l,2.0NRT,345.87,79.16,D
-42.68139,-71.32651,367,0.39,0.36,2026-02-01,1853,N,VIIRS,h,2.0NRT,292.63,15.87,D
-42.6861,-71.35498,367,0.39,0.36,2026-02-01,1853,N,VIIRS,h,2.0NRT,308.84,23.23,D
-42.68689,-71.35971,367,0.39,0.36,2026-02-01,1853,N,VIIRS,h,2.0NRT,321.22,23.23,D
-42.6798,-71.31694,337,0.39,0.36,2026-02-01,1853,N,VIIRS,n,2.0NRT,287.28,6.1,D
-42.68059,-71.3217,349.81,0.39,0.36,2026-02-01,1853,N,VIIRS,n,2.0NRT,289.53,6.1,D
-42.68218,-71.3313,352.79,0.39,0.36,2026-02-01,1853,N,VIIRS,n,2.0NRT,301.14,15.87,D
-42.68296,-71.33604,356.06,0.39,0.36,2026-02-01,1853,N,VIIRS,n,2.0NRT,296.71,15.43,D
-42.68375,-71.34077,350.93,0.39,0.36,2026-02-01,1853,N,VIIRS,n,2.0NRT,295.71,15.43,D
-42.68453,-71.3455,342.25,0.39,0.36,2026-02-01,1853,N,VIIRS,n,2.0NRT,295.75,67.1,D
-42.68923,-71.3739,348.86,0.39,0.36,2026-02-01,1853,N,VIIRS,n,2.0NRT,316.03,22.78,D
-42.69001,-71.37861,341.81,0.39,0.36,2026-02-01,1853,N,VIIRS,n,2.0NRT,295.85,22.78,D
-42.68767,-71.36445,355.99,0.39,0.36,2026-02-01,1853,N,VIIRS,l,2.0NRT,327.98,79.16,D
-42.68845,-71.36918,367,0.39,0.36,2026-02-01,1853,N,VIIRS,l,2.0NRT,332.48,79.16,D
-42.67726,-71.32278,367,0.39,0.36,2026-02-01,1853,N,VIIRS,h,2.0NRT,290.47,11.9,D
-42.67962,-71.33701,367,0.39,0.36,2026-02-01,1853,N,VIIRS,h,2.0NRT,348.27,154.76,D
-42.68041,-71.34173,367,0.39,0.36,2026-02-01,1853,N,VIIRS,h,2.0NRT,338.86,154.76,D
-42.68198,-71.35121,367,0.39,0.36,2026-02-01,1853,N,VIIRS,h,2.0NRT,345.85,77.62,D
-42.68354,-71.36069,367,0.39,0.36,2026-02-01,1853,N,VIIRS,h,2.0NRT,322.42,38.86,D
-42.68433,-71.36543,367,0.39,0.36,2026-02-01,1853,N,VIIRS,h,2.0NRT,319.48,30.27,D
-42.69139,-71.40814,367,0.39,0.36,2026-02-01,1853,N,VIIRS,h,2.0NRT,345.32,29.45,D
-42.67568,-71.31324,331.18,0.39,0.36,2026-02-01,1853,N,VIIRS,n,2.0NRT,284.74,3.36,D
-42.67647,-71.31801,349.79,0.39,0.36,2026-02-01,1853,N,VIIRS,n,2.0NRT,287.4,11.9,D
-42.68511,-71.37017,353.8,0.39,0.36,2026-02-01,1853,N,VIIRS,n,2.0NRT,309.01,30.27,D
-42.68589,-71.37489,355.8,0.39,0.36,2026-02-01,1853,N,VIIRS,n,2.0NRT,321.38,53.87,D
-42.69061,-71.4034,340.86,0.39,0.36,2026-02-01,1853,N,VIIRS,n,2.0NRT,310.97,29.45,D
-42.69217,-71.4129,344.58,0.39,0.36,2026-02-01,1853,N,VIIRS,n,2.0NRT,315.33,52.17,D
-42.67805,-71.32756,367,0.39,0.36,2026-02-01,1853,N,VIIRS,l,2.0NRT,332.25,0,D
-42.67884,-71.3323,367,0.39,0.36,2026-02-01,1853,N,VIIRS,l,2.0NRT,383.61,0,D
-42.68119,-71.34646,367,0.39,0.36,2026-02-01,1853,N,VIIRS,l,2.0NRT,330.38,77.62,D
-42.68276,-71.35595,352.91,0.39,0.36,2026-02-01,1853,N,VIIRS,l,2.0NRT,325.8,38.86,D
-42.67395,-71.32391,367,0.39,0.36,2026-02-01,1853,N,VIIRS,h,2.0NRT,290.93,11.9,D
-42.67474,-71.3287,367,0.39,0.36,2026-02-01,1853,N,VIIRS,h,2.0NRT,325.48,0,D
-42.67785,-71.34748,367,0.39,0.36,2026-02-01,1853,N,VIIRS,h,2.0NRT,342.82,77.62,D
-42.68099,-71.36643,367,0.39,0.36,2026-02-01,1853,N,VIIRS,h,2.0NRT,345.01,30.27,D
-42.68884,-71.41392,367,0.39,0.36,2026-02-01,1853,N,VIIRS,h,2.0NRT,345.75,52.17,D
-42.67155,-71.30951,335.09,0.39,0.36,2026-02-01,1853,N,VIIRS,n,2.0NRT,279.83,3.36,D
-42.67235,-71.3143,333.85,0.39,0.36,2026-02-01,1853,N,VIIRS,n,2.0NRT,282.57,3.36,D
-42.67315,-71.31911,350.6,0.39,0.36,2026-02-01,1853,N,VIIRS,n,2.0NRT,285.58,11.9,D
-42.68256,-71.37591,352.48,0.39,0.36,2026-02-01,1853,N,VIIRS,n,2.0NRT,312.66,53.87,D
-42.68649,-71.39968,350.28,0.39,0.36,2026-02-01,1853,N,VIIRS,n,2.0NRT,312.28,16,D
-42.68727,-71.40443,340.36,0.39,0.36,2026-02-01,1853,N,VIIRS,n,2.0NRT,308.62,29.45,D
-42.67551,-71.33339,367,0.39,0.36,2026-02-01,1853,N,VIIRS,l,2.0NRT,380.62,0,D
-42.67629,-71.33805,367,0.39,0.36,2026-02-01,1853,N,VIIRS,l,2.0NRT,373.26,154.76,D
-42.67707,-71.34275,367,0.39,0.36,2026-02-01,1853,N,VIIRS,l,2.0NRT,354.72,154.76,D
-42.67942,-71.35696,352.82,0.39,0.36,2026-02-01,1853,N,VIIRS,l,2.0NRT,325.84,38.86,D
-42.68021,-71.3617,367,0.39,0.36,2026-02-01,1853,N,VIIRS,l,2.0NRT,341.34,38.86,D
-42.68178,-71.37118,367,0.39,0.36,2026-02-01,1853,N,VIIRS,l,2.0NRT,336.4,30.27,D
-42.68805,-71.40917,350.94,0.39,0.36,2026-02-01,1853,N,VIIRS,l,2.0NRT,334.78,29.45,D
-42.68962,-71.41868,367,0.39,0.36,2026-02-01,1853,N,VIIRS,l,2.0NRT,329.79,52.17,D
-42.67844,-71.37221,367,0.39,0.36,2026-02-01,1853,N,VIIRS,h,2.0NRT,335.36,191.89,D
-42.66903,-71.31541,347.51,0.39,0.36,2026-02-01,1853,N,VIIRS,n,2.0NRT,280.32,9.97,D
-42.66983,-71.32022,356.38,0.39,0.36,2026-02-01,1853,N,VIIRS,n,2.0NRT,281.3,9.22,D
-42.67063,-71.32505,355.74,0.39,0.36,2026-02-01,1853,N,VIIRS,n,2.0NRT,286.44,9.22,D
-42.67142,-71.32983,354.69,0.39,0.36,2026-02-01,1853,N,VIIRS,n,2.0NRT,292.47,85.77,D
-42.67923,-71.37694,351.11,0.39,0.36,2026-02-01,1853,N,VIIRS,n,2.0NRT,304.29,24.46,D
-42.6808,-71.38644,352.78,0.39,0.36,2026-02-01,1853,N,VIIRS,n,2.0NRT,297.76,8.57,D
-42.68159,-71.3912,342.33,0.39,0.36,2026-02-01,1853,N,VIIRS,n,2.0NRT,305.12,8.57,D
-42.68237,-71.39597,351.81,0.39,0.36,2026-02-01,1853,N,VIIRS,n,2.0NRT,309.83,8.33,D
-42.68316,-71.40073,342.43,0.39,0.36,2026-02-01,1853,N,VIIRS,n,2.0NRT,302.96,8.33,D
-42.68708,-71.42445,354.28,0.39,0.36,2026-02-01,1853,N,VIIRS,n,2.0NRT,327.93,13.86,D
-42.69412,-71.46721,349.62,0.39,0.36,2026-02-01,1853,N,VIIRS,n,2.0NRT,317.49,26.36,D
-42.6722,-71.33448,208,0.39,0.36,2026-02-01,1853,N,VIIRS,l,2.0NRT,311.9,85.77,D
-42.67297,-71.33913,208,0.39,0.36,2026-02-01,1853,N,VIIRS,l,2.0NRT,323.17,117.58,D
-42.67374,-71.34382,367,0.39,0.36,2026-02-01,1853,N,VIIRS,l,2.0NRT,337.51,117.58,D
-42.67452,-71.34854,367,0.39,0.36,2026-02-01,1853,N,VIIRS,l,2.0NRT,335.19,89.37,D
-42.67531,-71.35327,367,0.39,0.36,2026-02-01,1853,N,VIIRS,l,2.0NRT,335.01,89.37,D
-42.67609,-71.35801,320.98,0.39,0.36,2026-02-01,1853,N,VIIRS,l,2.0NRT,321.51,0,D
-42.67688,-71.36275,367,0.39,0.36,2026-02-01,1853,N,VIIRS,l,2.0NRT,358.69,0,D
-42.67766,-71.36747,367,0.39,0.36,2026-02-01,1853,N,VIIRS,l,2.0NRT,383.41,191.89,D
-42.68629,-71.41972,352.86,0.39,0.36,2026-02-01,1853,N,VIIRS,l,2.0NRT,332.32,35.91,D
-42.67041,-71.34488,367,0.39,0.36,2026-02-01,1853,N,VIIRS,h,2.0NRT,290.69,117.58,D
-42.6712,-71.3496,367,0.39,0.36,2026-02-01,1853,N,VIIRS,h,2.0NRT,292.56,89.37,D
-42.67277,-71.3591,367,0.39,0.36,2026-02-01,1853,N,VIIRS,h,2.0NRT,365.19,0,D
-42.6673,-71.32611,337.97,0.39,0.36,2026-02-01,1853,N,VIIRS,n,2.0NRT,285.79,9.22,D
-42.66809,-71.33085,351.09,0.39,0.36,2026-02-01,1853,N,VIIRS,n,2.0NRT,287.59,85.77,D
-42.67199,-71.35435,355.96,0.39,0.36,2026-02-01,1853,N,VIIRS,n,2.0NRT,298.72,89.37,D
-42.6759,-71.37799,355.92,0.39,0.36,2026-02-01,1853,N,VIIRS,n,2.0NRT,309.05,24.46,D
-42.67747,-71.38748,347.98,0.39,0.36,2026-02-01,1853,N,VIIRS,n,2.0NRT,294.97,8.57,D
-42.67826,-71.39226,351.02,0.39,0.36,2026-02-01,1853,N,VIIRS,n,2.0NRT,294.82,8.57,D
-42.67905,-71.39703,346.32,0.39,0.36,2026-02-01,1853,N,VIIRS,n,2.0NRT,296.47,8.33,D
-42.67983,-71.40179,348.09,0.39,0.36,2026-02-01,1853,N,VIIRS,n,2.0NRT,298.86,8.33,D
-42.68375,-71.42548,345.38,0.39,0.36,2026-02-01,1853,N,VIIRS,l,2.0NRT,316.45,13.86,D
-42.68452,-71.43021,348.34,0.39,0.36,2026-02-01,1853,N,VIIRS,n,2.0NRT,314.29,13.86,D
-42.69236,-71.47775,345.54,0.39,0.36,2026-02-01,1853,N,VIIRS,n,2.0NRT,313.6,34.5,D
-42.66886,-71.33551,356.69,0.39,0.36,2026-02-01,1853,N,VIIRS,l,2.0NRT,288.19,85.77,D
-42.66963,-71.34017,356.7,0.39,0.36,2026-02-01,1853,N,VIIRS,l,2.0NRT,289.03,117.58,D
-42.67356,-71.36384,367,0.39,0.36,2026-02-01,1853,N,VIIRS,l,2.0NRT,379.78,0,D
-42.67434,-71.36857,367,0.39,0.36,2026-02-01,1853,N,VIIRS,l,2.0NRT,369.19,191.89,D
-42.67512,-71.37328,367,0.39,0.36,2026-02-01,1853,N,VIIRS,l,2.0NRT,335,191.89,D
-42.66945,-71.36018,367,0.39,0.36,2026-02-01,1853,N,VIIRS,h,2.0NRT,293.94,22.76,D
-42.67023,-71.36492,367,0.39,0.36,2026-02-01,1853,N,VIIRS,h,2.0NRT,294.15,22.76,D
-42.67101,-71.36964,367,0.39,0.36,2026-02-01,1853,N,VIIRS,h,2.0NRT,293.83,32.43,D
-42.66866,-71.35542,351.55,0.39,0.36,2026-02-01,1853,N,VIIRS,n,2.0NRT,291.89,14.9,D
-42.67179,-71.37434,348.84,0.39,0.36,2026-02-01,1853,N,VIIRS,n,2.0NRT,309.83,32.43,D
-42.67257,-71.37904,347.41,0.39,0.36,2026-02-01,1853,N,VIIRS,n,2.0NRT,294.48,9.55,D
-42.67414,-71.38853,349.06,0.39,0.36,2026-02-01,1853,N,VIIRS,n,2.0NRT,297.84,12.53,D
-42.68667,-71.46445,346.99,0.39,0.36,2026-02-01,1853,N,VIIRS,l,2.0NRT,318.43,22.94,D
-42.68981,-71.48353,350.2,0.39,0.36,2026-02-01,1853,N,VIIRS,n,2.0NRT,312.21,18.23,D
-42.6669,-71.36596,345.97,0.39,0.36,2026-02-01,1853,N,VIIRS,n,2.0NRT,290.21,22.76,D
-42.66768,-71.37067,356.05,0.39,0.36,2026-02-01,1853,N,VIIRS,n,2.0NRT,291.43,32.43,D
-42.66846,-71.37538,350.95,0.39,0.36,2026-02-01,1853,N,VIIRS,n,2.0NRT,306.04,32.43,D
-42.66924,-71.38008,353.03,0.39,0.36,2026-02-01,1853,N,VIIRS,n,2.0NRT,294.34,9.55,D
-42.67081,-71.38958,347.69,0.39,0.36,2026-02-01,1853,N,VIIRS,n,2.0NRT,295.03,12.53,D
-42.66513,-71.3764,349.92,0.39,0.36,2026-02-01,1853,N,VIIRS,n,2.0NRT,293.31,20.09,D
-42.66591,-71.38113,355.29,0.39,0.36,2026-02-01,1853,N,VIIRS,n,2.0NRT,298.76,30.13,D
-42.66748,-71.39062,353.54,0.39,0.36,2026-02-01,1853,N,VIIRS,n,2.0NRT,300.32,30.71,D
-42.67141,-71.41438,357.01,0.39,0.36,2026-02-01,1853,N,VIIRS,n,2.0NRT,300.26,31.35,D
-42.68474,-71.49519,344.3,0.39,0.36,2026-02-01,1853,N,VIIRS,n,2.0NRT,302.83,19.95,D
-42.70256,-71.60393,350.1,0.39,0.36,2026-02-01,1853,N,VIIRS,n,2.0NRT,307.51,69.47,D
-42.66336,-71.38691,353.29,0.39,0.36,2026-02-01,1853,N,VIIRS,n,2.0NRT,296.07,30.13,D
-42.66415,-71.39166,357.02,0.39,0.36,2026-02-01,1853,N,VIIRS,n,2.0NRT,301.02,30.71,D
-42.66808,-71.41541,356.34,0.39,0.36,2026-02-01,1853,N,VIIRS,n,2.0NRT,295.5,31.35,D
-42.66887,-71.42017,351.42,0.39,0.36,2026-02-01,1853,N,VIIRS,n,2.0NRT,302.51,79.75,D
-42.68458,-71.51546,355.89,0.39,0.36,2026-02-01,1853,N,VIIRS,n,2.0NRT,300.69,22.21,D
-42.68616,-71.52506,343.69,0.39,0.36,2026-02-01,1853,N,VIIRS,l,2.0NRT,314.81,27.3,D
-42.6671,-71.43063,351.24,0.39,0.36,2026-02-01,1853,N,VIIRS,n,2.0NRT,293.47,12.73,D
-42.68203,-71.52119,348.7,0.39,0.36,2026-02-01,1853,N,VIIRS,n,2.0NRT,302.67,10.91,D
-42.68281,-71.52598,355.78,0.39,0.36,2026-02-01,1853,N,VIIRS,n,2.0NRT,304.29,24.95,D
-42.68903,-71.56388,346.98,0.39,0.36,2026-02-01,1853,N,VIIRS,n,2.0NRT,301.65,6.33,D
-42.66142,-71.41744,353.99,0.39,0.36,2026-02-01,1853,N,VIIRS,n,2.0NRT,305.3,126.06,D
-42.66298,-71.4269,353.37,0.39,0.36,2026-02-01,1853,N,VIIRS,n,2.0NRT,287.26,175.99,D
-42.68179,-71.54105,339.45,0.39,0.36,2026-02-01,1853,N,VIIRS,n,2.0NRT,299.94,1.53,D
-42.68335,-71.55055,341.01,0.39,0.36,2026-02-01,1853,N,VIIRS,n,2.0NRT,296.29,3.17,D
-42.65493,-71.39944,356.26,0.39,0.36,2026-02-01,1853,N,VIIRS,n,2.0NRT,291.35,63.68,D
-42.65414,-71.39468,357.1,0.39,0.36,2026-02-01,1853,N,VIIRS,l,2.0NRT,291.31,63.68,D
-42.6516,-71.40044,367,0.39,0.36,2026-02-01,1853,N,VIIRS,h,2.0NRT,330.2,63.68,D
-42.64924,-71.38619,356,0.39,0.36,2026-02-01,1853,N,VIIRS,n,2.0NRT,291.59,19.19,D
-42.65396,-71.41472,356.66,0.39,0.36,2026-02-01,1853,N,VIIRS,n,2.0NRT,313.07,24.99,D
-42.65709,-71.43362,353.78,0.39,0.36,2026-02-01,1853,N,VIIRS,n,2.0NRT,292.11,24.78,D
-42.71824,-71.80771,331.31,0.39,0.36,2026-02-01,1853,N,VIIRS,l,2.0NRT,304.51,6.24,D
-42.65002,-71.39094,356.89,0.39,0.36,2026-02-01,1853,N,VIIRS,l,2.0NRT,293.55,19.19,D
-42.65239,-71.4052,367,0.39,0.36,2026-02-01,1853,N,VIIRS,l,2.0NRT,325.45,54.46,D
-42.65318,-71.40997,355.33,0.39,0.36,2026-02-01,1853,N,VIIRS,l,2.0NRT,314.85,54.46,D
-42.65475,-71.41946,356.89,0.39,0.36,2026-02-01,1853,N,VIIRS,l,2.0NRT,304.79,24.99,D
-42.6459,-71.38719,367,0.39,0.36,2026-02-01,1853,N,VIIRS,h,2.0NRT,295.87,0,D
-42.64669,-71.39194,367,0.39,0.36,2026-02-01,1853,N,VIIRS,h,2.0NRT,355.31,0,D
-42.66082,-71.47739,367,0.39,0.36,2026-02-01,1853,N,VIIRS,h,2.0NRT,349.92,0,D
-42.66318,-71.49171,367,0.39,0.36,2026-02-01,1853,N,VIIRS,h,2.0NRT,360.07,148.44,D
-42.64511,-71.38245,351.06,0.39,0.36,2026-02-01,1853,N,VIIRS,n,2.0NRT,291.12,8.4,D
-42.64983,-71.41093,356.65,0.39,0.36,2026-02-01,1853,N,VIIRS,n,2.0NRT,315.92,22.33,D
-42.65925,-71.46789,354.63,0.39,0.36,2026-02-01,1853,N,VIIRS,n,2.0NRT,297,26.47,D
-42.66003,-71.47264,355.06,0.39,0.36,2026-02-01,1853,N,VIIRS,n,2.0NRT,307.62,0,D
-42.68185,-71.60538,350.24,0.39,0.36,2026-02-01,1853,N,VIIRS,n,2.0NRT,300.98,75.4,D
-42.64747,-71.39668,367,0.39,0.36,2026-02-01,1853,N,VIIRS,l,2.0NRT,371.14,274.85,D
-42.64905,-71.40617,356.56,0.39,0.36,2026-02-01,1853,N,VIIRS,l,2.0NRT,318.63,22.33,D
-42.65062,-71.41569,357.03,0.39,0.36,2026-02-01,1853,N,VIIRS,l,2.0NRT,315.34,14.39,D
-42.6514,-71.42043,357.03,0.39,0.36,2026-02-01,1853,N,VIIRS,l,2.0NRT,311.51,14.39,D
-42.66397,-71.49648,315.75,0.39,0.36,2026-02-01,1853,N,VIIRS,l,2.0NRT,321.86,148.44,D
-42.64414,-71.39771,367,0.39,0.36,2026-02-01,1853,N,VIIRS,h,2.0NRT,347.91,274.85,D
-42.65671,-71.47369,367,0.39,0.36,2026-02-01,1853,N,VIIRS,h,2.0NRT,358.27,0,D
-42.64178,-71.3835,350.53,0.39,0.36,2026-02-01,1853,N,VIIRS,n,2.0NRT,292,8.4,D
-42.64257,-71.38824,354.69,0.39,0.36,2026-02-01,1853,N,VIIRS,n,2.0NRT,302.1,0,D
-42.65592,-71.46892,352.93,0.39,0.36,2026-02-01,1853,N,VIIRS,n,2.0NRT,298.21,26.47,D
-42.66141,-71.50221,345.44,0.39,0.36,2026-02-01,1853,N,VIIRS,n,2.0NRT,301.27,18.02,D
-42.66219,-71.50693,349.96,0.39,0.36,2026-02-01,1853,N,VIIRS,n,2.0NRT,301.07,18.02,D
-42.66686,-71.53535,347.15,0.39,0.36,2026-02-01,1853,N,VIIRS,n,2.0NRT,309.56,8.34,D
-42.64336,-71.39297,367,0.39,0.36,2026-02-01,1853,N,VIIRS,l,2.0NRT,374.99,0,D
-42.64571,-71.40716,356.74,0.39,0.36,2026-02-01,1853,N,VIIRS,l,2.0NRT,315.4,22.33,D
-42.64649,-71.4119,356.73,0.39,0.36,2026-02-01,1853,N,VIIRS,l,2.0NRT,315.59,22.33,D
-42.64727,-71.41665,356.74,0.39,0.36,2026-02-01,1853,N,VIIRS,l,2.0NRT,308.55,14.39,D
-42.64806,-71.42139,356.73,0.39,0.36,2026-02-01,1853,N,VIIRS,l,2.0NRT,312.93,14.39,D
-42.65749,-71.47843,367,0.39,0.36,2026-02-01,1853,N,VIIRS,l,2.0NRT,374.97,0,D
-42.65828,-71.48322,367,0.39,0.36,2026-02-01,1853,N,VIIRS,l,2.0NRT,374.67,247.7,D
-42.65907,-71.48801,367,0.39,0.36,2026-02-01,1853,N,VIIRS,l,2.0NRT,371.76,247.7,D
-42.65986,-71.49278,367,0.39,0.36,2026-02-01,1853,N,VIIRS,l,2.0NRT,356.84,148.44,D
-42.67852,-71.60643,367,0.39,0.36,2026-02-01,1853,N,VIIRS,l,2.0NRT,350.8,75.4,D
-42.64082,-71.39875,367,0.39,0.36,2026-02-01,1853,N,VIIRS,h,2.0NRT,303.09,158.77,D
-42.64316,-71.41293,367,0.39,0.36,2026-02-01,1853,N,VIIRS,h,2.0NRT,316.86,92.56,D
-42.64394,-71.41766,367,0.39,0.36,2026-02-01,1853,N,VIIRS,h,2.0NRT,324.57,74.9,D
-42.64472,-71.42239,367,0.39,0.36,2026-02-01,1853,N,VIIRS,h,2.0NRT,341.5,74.9,D
-42.65576,-71.48911,367,0.39,0.36,2026-02-01,1853,N,VIIRS,h,2.0NRT,335.66,292.84,D
-42.63924,-71.38929,357.26,0.39,0.36,2026-02-01,1853,N,VIIRS,n,2.0NRT,295.18,29.71,D
-42.64003,-71.39403,355.16,0.39,0.36,2026-02-01,1853,N,VIIRS,n,2.0NRT,299.95,29.71,D
-42.64863,-71.44603,355.45,0.39,0.36,2026-02-01,1853,N,VIIRS,n,2.0NRT,296.98,41.85,D
-42.64941,-71.45078,356.56,0.39,0.36,2026-02-01,1853,N,VIIRS,n,2.0NRT,299.9,41.85,D
-42.67367,-71.59808,352.09,0.39,0.36,2026-02-01,1853,N,VIIRS,n,2.0NRT,303.48,8.53,D
-42.67445,-71.60278,344.34,0.39,0.36,2026-02-01,1853,N,VIIRS,n,2.0NRT,295.79,8.53,D
-42.64238,-71.4082,354.3,0.39,0.36,2026-02-01,1853,N,VIIRS,l,2.0NRT,326.5,92.56,D
-42.65338,-71.47472,367,0.39,0.36,2026-02-01,1853,N,VIIRS,l,2.0NRT,330.47,0,D
-42.65417,-71.47949,367,0.39,0.36,2026-02-01,1853,N,VIIRS,l,2.0NRT,377.91,0,D
-42.65496,-71.4843,367,0.39,0.36,2026-02-01,1853,N,VIIRS,l,2.0NRT,378.2,292.84,D
-42.63983,-71.41397,367,0.39,0.36,2026-02-01,1853,N,VIIRS,h,2.0NRT,307.8,92.56,D
-42.6453,-71.44703,367,0.39,0.36,2026-02-01,1853,N,VIIRS,h,2.0NRT,340.79,41.85,D
-42.64608,-71.45178,367,0.39,0.36,2026-02-01,1853,N,VIIRS,h,2.0NRT,352,41.85,D
-42.65005,-71.47574,352.49,0.39,0.36,2026-02-01,1853,N,VIIRS,n,2.0NRT,295.7,0,D
-42.65084,-71.48054,355.68,0.39,0.36,2026-02-01,1853,N,VIIRS,n,2.0NRT,295.22,0,D
-42.65165,-71.48538,354.31,0.39,0.36,2026-02-01,1853,N,VIIRS,n,2.0NRT,297.91,292.84,D
-42.66716,-71.57977,345.64,0.39,0.36,2026-02-01,1853,N,VIIRS,n,2.0NRT,303.28,6.7,D
-42.63827,-71.40453,367,0.39,0.36,2026-02-01,1853,N,VIIRS,l,2.0NRT,331.69,158.77,D
-42.63905,-71.40925,367,0.39,0.36,2026-02-01,1853,N,VIIRS,l,2.0NRT,357.82,92.56,D
-42.64197,-71.44805,367,0.39,0.36,2026-02-01,1853,N,VIIRS,h,2.0NRT,353.16,46.77,D
-42.6365,-71.415,355.69,0.39,0.36,2026-02-01,1853,N,VIIRS,n,2.0NRT,305.09,72.27,D
-42.6404,-71.43859,367,0.39,0.36,2026-02-01,1853,N,VIIRS,l,2.0NRT,328.53,139.62,D
-42.64118,-71.44331,367,0.39,0.36,2026-02-01,1853,N,VIIRS,l,2.0NRT,371.32,139.62,D
-42.64275,-71.4528,367,0.39,0.36,2026-02-01,1853,N,VIIRS,l,2.0NRT,329.71,46.77,D
-42.63395,-71.42074,367,0.39,0.36,2026-02-01,1853,N,VIIRS,h,2.0NRT,310.35,20.01,D
-42.63785,-71.44434,367,0.39,0.36,2026-02-01,1853,N,VIIRS,h,2.0NRT,349.04,139.62,D
-42.63474,-71.42548,351.02,0.39,0.36,2026-02-01,1853,N,VIIRS,n,2.0NRT,310.8,20.01,D
-42.63707,-71.43961,367,0.39,0.36,2026-02-01,1853,N,VIIRS,l,2.0NRT,374.6,139.62,D
-42.63863,-71.44907,367,0.39,0.36,2026-02-01,1853,N,VIIRS,l,2.0NRT,338.52,46.77,D
-42.63942,-71.45383,352.04,0.39,0.36,2026-02-01,1853,N,VIIRS,l,2.0NRT,329.44,46.77,D
-42.62983,-71.41701,367,0.39,0.36,2026-02-01,1853,N,VIIRS,h,2.0NRT,303.08,42.29,D
-42.63374,-71.44064,367,0.39,0.36,2026-02-01,1853,N,VIIRS,h,2.0NRT,323.43,27.1,D
-42.64006,-71.47878,355.35,0.39,0.36,2026-02-01,1853,N,VIIRS,n,2.0NRT,303.77,21.92,D
-42.62493,-71.40855,367,0.39,0.36,2026-02-01,1853,N,VIIRS,h,2.0NRT,294.04,7.62,D
-42.62649,-71.41799,367,0.39,0.36,2026-02-01,1853,N,VIIRS,h,2.0NRT,334.77,42.29,D
-42.63434,-71.46542,367,0.39,0.36,2026-02-01,1853,N,VIIRS,h,2.0NRT,306.98,24.28,D
-42.62415,-71.40382,351.92,0.39,0.36,2026-02-01,1853,N,VIIRS,n,2.0NRT,291.13,7.62,D
-42.62571,-71.41328,354.59,0.39,0.36,2026-02-01,1853,N,VIIRS,n,2.0NRT,297.9,42.29,D
-42.62885,-71.43224,350.98,0.39,0.36,2026-02-01,1853,N,VIIRS,n,2.0NRT,302.87,15.13,D
-42.63673,-71.47978,351.78,0.39,0.36,2026-02-01,1853,N,VIIRS,n,2.0NRT,295.47,21.92,D
-42.62411,-71.40683,367,0.39,0.36,2026-02-01,1853,N,VIIRS,h,2.0NRT,292.24,22.72,D
-42.62489,-71.41155,367,0.39,0.36,2026-02-01,1853,N,VIIRS,h,2.0NRT,296.72,0,D
-42.62645,-71.42102,367,0.39,0.36,2026-02-01,1853,N,VIIRS,h,2.0NRT,353.73,151.29,D
-42.62802,-71.43052,367,0.39,0.36,2026-02-01,1853,N,VIIRS,h,2.0NRT,305.69,32.28,D
-42.62333,-71.4021,350.62,0.39,0.36,2026-02-01,1853,N,VIIRS,n,2.0NRT,289.84,22.72,D
-42.63348,-71.46372,353.7,0.39,0.36,2026-02-01,1853,N,VIIRS,n,2.0NRT,307.64,198.88,D
-42.63741,-71.48773,352.87,0.39,0.36,2026-02-01,1853,N,VIIRS,n,2.0NRT,308.44,37.63,D
-42.65524,-71.59674,351.22,0.39,0.36,2026-02-01,1853,N,VIIRS,n,2.0NRT,303.17,34.57,D
-42.62567,-71.41628,367,0.39,0.36,2026-02-01,1853,N,VIIRS,l,2.0NRT,338.75,0,D
-42.62724,-71.42577,367,0.39,0.36,2026-02-01,1853,N,VIIRS,l,2.0NRT,331.38,151.29,D
-42.62155,-71.41254,367,0.39,0.36,2026-02-01,1853,N,VIIRS,h,2.0NRT,360.07,0,D
-42.62936,-71.45998,367,0.39,0.36,2026-02-01,1853,N,VIIRS,h,2.0NRT,374.29,198.88,D
-42.62,-71.4031,354.4,0.39,0.36,2026-02-01,1853,N,VIIRS,n,2.0NRT,290.11,22.72,D
-42.62077,-71.40781,356.02,0.39,0.36,2026-02-01,1853,N,VIIRS,n,2.0NRT,294,22.72,D
-42.62546,-71.43626,354.44,0.39,0.36,2026-02-01,1853,N,VIIRS,n,2.0NRT,310.51,32.28,D
-42.62624,-71.44101,352.4,0.39,0.36,2026-02-01,1853,N,VIIRS,n,2.0NRT,302.73,11.63,D
-42.62702,-71.44575,354.98,0.39,0.36,2026-02-01,1853,N,VIIRS,n,2.0NRT,308.67,11.63,D
-42.6278,-71.45048,351.67,0.39,0.36,2026-02-01,1853,N,VIIRS,n,2.0NRT,304.65,45.77,D
-42.62233,-71.41727,367,0.39,0.36,2026-02-01,1853,N,VIIRS,l,2.0NRT,384.84,0,D
-42.62312,-71.42201,367,0.39,0.36,2026-02-01,1853,N,VIIRS,l,2.0NRT,384.51,151.29,D
-42.6239,-71.42677,367,0.39,0.36,2026-02-01,1853,N,VIIRS,l,2.0NRT,376.3,151.29,D
-42.62468,-71.43152,367,0.39,0.36,2026-02-01,1853,N,VIIRS,l,2.0NRT,330.99,32.28,D
-42.61744,-71.40883,367,0.39,0.36,2026-02-01,1853,N,VIIRS,h,2.0NRT,295.4,44.85,D
-42.62213,-71.43729,367,0.39,0.36,2026-02-01,1853,N,VIIRS,h,2.0NRT,358.63,238.49,D
-42.62525,-71.45625,351.76,0.39,0.36,2026-02-01,1853,N,VIIRS,n,2.0NRT,317.61,27.55,D
-42.62916,-71.48006,349.24,0.39,0.36,2026-02-01,1853,N,VIIRS,n,2.0NRT,304.18,48.54,D
-42.63387,-71.5088,347.77,0.39,0.36,2026-02-01,1853,N,VIIRS,n,2.0NRT,299.8,7.17,D
-42.61822,-71.41355,308.86,0.39,0.36,2026-02-01,1853,N,VIIRS,l,2.0NRT,316.76,367.59,D
-42.619,-71.41828,367,0.39,0.36,2026-02-01,1853,N,VIIRS,l,2.0NRT,374.56,367.59,D
-42.61978,-71.42301,367,0.39,0.36,2026-02-01,1853,N,VIIRS,l,2.0NRT,385.97,0,D
-42.62056,-71.42776,367,0.39,0.36,2026-02-01,1853,N,VIIRS,l,2.0NRT,385.62,0,D
-42.62134,-71.43252,367,0.39,0.36,2026-02-01,1853,N,VIIRS,l,2.0NRT,385.96,238.49,D
-42.61645,-71.42404,367,0.39,0.36,2026-02-01,1853,N,VIIRS,h,2.0NRT,299.46,0,D
-42.61801,-71.43353,367,0.39,0.36,2026-02-01,1853,N,VIIRS,h,2.0NRT,326.24,238.49,D
-42.61567,-71.41932,355.62,0.39,0.36,2026-02-01,1853,N,VIIRS,n,2.0NRT,296.7,367.59,D
-42.61723,-71.42877,356.22,0.39,0.36,2026-02-01,1853,N,VIIRS,n,2.0NRT,301.23,0,D
-42.6188,-71.43829,345.44,0.39,0.36,2026-02-01,1853,N,VIIRS,n,2.0NRT,304.63,238.49,D
-42.61958,-71.44305,349.93,0.39,0.36,2026-02-01,1853,N,VIIRS,n,2.0NRT,300.52,47.39,D
-42.62036,-71.44779,345.87,0.39,0.36,2026-02-01,1853,N,VIIRS,n,2.0NRT,303.46,47.39,D
-42.62192,-71.45728,346.37,0.39,0.36,2026-02-01,1853,N,VIIRS,n,2.0NRT,304.54,27.55,D
-42.61468,-71.43455,349.25,0.39,0.36,2026-02-01,1853,N,VIIRS,n,2.0NRT,305.21,23.24,D
-42.62327,-71.4868,347.29,0.39,0.36,2026-02-01,1853,N,VIIRS,l,2.0NRT,319.91,46.84,D
-42.60823,-71.41666,367,0.39,0.36,2026-02-01,1853,N,VIIRS,h,2.0NRT,299.79,15.84,D
-42.61993,-71.48776,349.05,0.39,0.36,2026-02-01,1853,N,VIIRS,n,2.0NRT,305.62,46.84,D
-42.62542,-71.52123,352.37,0.39,0.36,2026-02-01,1853,N,VIIRS,n,2.0NRT,299.93,4.3,D
-42.6262,-71.52598,346.49,0.39,0.36,2026-02-01,1853,N,VIIRS,n,2.0NRT,303.29,4.3,D
-42.61895,-71.50308,354.6,0.39,0.36,2026-02-01,1853,N,VIIRS,n,2.0NRT,299.2,62.99,D
-42.62286,-71.52692,351.03,0.39,0.36,2026-02-01,1853,N,VIIRS,n,2.0NRT,300.7,10.67,D
-42.62984,-71.56955,339.15,0.39,0.36,2026-02-01,1853,N,VIIRS,n,2.0NRT,298.22,6.67,D
-42.63063,-71.57439,347.12,0.39,0.36,2026-02-01,1853,N,VIIRS,n,2.0NRT,299.79,6.67,D
-42.66215,-71.76821,345.09,0.39,0.36,2026-02-01,1853,N,VIIRS,n,2.0NRT,295.47,10.98,D
-42.59529,-71.38074,340.85,0.39,0.36,2026-02-01,1853,N,VIIRS,n,2.0NRT,298.62,4.31,D
-42.61483,-71.49926,352.48,0.39,0.36,2026-02-01,1853,N,VIIRS,n,2.0NRT,312.24,84.08,D
-42.65955,-71.77368,352.15,0.39,0.36,2026-02-01,1853,N,VIIRS,n,2.0NRT,305.01,10.98,D
-42.59036,-71.37213,344.05,0.39,0.36,2026-02-01,1853,N,VIIRS,n,2.0NRT,293.97,110.1,D
-42.59115,-71.37688,354.99,0.39,0.36,2026-02-01,1853,N,VIIRS,n,2.0NRT,298.17,110.1,D
-42.59194,-71.38168,355.4,0.39,0.36,2026-02-01,1853,N,VIIRS,n,2.0NRT,301.17,361.71,D
-42.63174,-71.62403,347.69,0.39,0.36,2026-02-01,1853,N,VIIRS,n,2.0NRT,301.05,9.17,D
-42.65622,-71.77462,349.16,0.39,0.36,2026-02-01,1853,N,VIIRS,n,2.0NRT,301.83,15.31,D
-42.58702,-71.37309,342.99,0.39,0.36,2026-02-01,1853,N,VIIRS,n,2.0NRT,299.72,110.1,D
-42.60815,-71.50121,355.43,0.39,0.36,2026-02-01,1853,N,VIIRS,n,2.0NRT,308.44,31.38,D
-42.65289,-71.77556,352.82,0.39,0.36,2026-02-01,1853,N,VIIRS,n,2.0NRT,300.74,15.31,D
-42.5878,-71.37782,367,0.39,0.36,2026-02-01,1853,N,VIIRS,l,2.0NRT,332.76,110.1,D
-42.5886,-71.38262,367,0.39,0.36,2026-02-01,1853,N,VIIRS,l,2.0NRT,380.57,361.71,D
-42.58939,-71.38744,367,0.39,0.36,2026-02-01,1853,N,VIIRS,l,2.0NRT,332.38,361.71,D
-42.58605,-71.38839,367,0.39,0.36,2026-02-01,1853,N,VIIRS,h,2.0NRT,345.61,177.48,D
-42.58446,-71.37879,355.06,0.39,0.36,2026-02-01,1853,N,VIIRS,n,2.0NRT,310.31,104.74,D
-42.58685,-71.39321,343.3,0.39,0.36,2026-02-01,1853,N,VIIRS,n,2.0NRT,314.26,8.54,D
-42.64956,-71.77651,338.49,0.39,0.36,2026-02-01,1853,N,VIIRS,n,2.0NRT,296.3,3.83,D
-42.58525,-71.38358,367,0.39,0.36,2026-02-01,1853,N,VIIRS,l,2.0NRT,383.35,177.48,D
-42.58112,-71.37978,340.24,0.39,0.36,2026-02-01,1853,N,VIIRS,n,2.0NRT,304.31,104.74,D
-42.58191,-71.38455,352.72,0.39,0.36,2026-02-01,1853,N,VIIRS,n,2.0NRT,312.77,177.48,D
-42.58271,-71.38937,354.14,0.39,0.36,2026-02-01,1853,N,VIIRS,n,2.0NRT,315.91,177.48,D
-42.58429,-71.39894,344.37,0.39,0.36,2026-02-01,1853,N,VIIRS,n,2.0NRT,313.14,8.54,D
-42.57602,-71.39129,339.64,0.39,0.36,2026-02-01,1853,N,VIIRS,n,2.0NRT,309.11,18.04,D
-42.57761,-71.4009,339.93,0.39,0.36,2026-02-01,1853,N,VIIRS,n,2.0NRT,309.51,8.9,D
-42.63653,-71.76065,332.01,0.39,0.36,2026-02-01,1853,N,VIIRS,n,2.0NRT,297.31,8.22,D
-42.63728,-71.76531,341.94,0.39,0.36,2026-02-01,1853,N,VIIRS,n,2.0NRT,305.58,11.46,D
-42.57426,-71.40187,340.37,0.39,0.36,2026-02-01,1853,N,VIIRS,n,2.0NRT,305.55,3.52,D
-42.60248,-71.57316,353.32,0.39,0.36,2026-02-01,1853,N,VIIRS,n,2.0NRT,308.3,17.87,D
-42.63394,-71.76624,346.66,0.39,0.36,2026-02-01,1853,N,VIIRS,n,2.0NRT,300.53,7.15,D
-42.59914,-71.57408,346.23,0.39,0.36,2026-02-01,1853,N,VIIRS,n,2.0NRT,296.49,17.87,D
-42.59991,-71.5788,346.96,0.39,0.36,2026-02-01,1853,N,VIIRS,n,2.0NRT,311.46,33.58,D
-42.60067,-71.58347,355.84,0.39,0.36,2026-02-01,1853,N,VIIRS,n,2.0NRT,312.61,33.58,D
-42.60223,-71.59295,339.93,0.39,0.36,2026-02-01,1853,N,VIIRS,n,2.0NRT,300.89,18.01,D
-42.56993,-71.41805,344.37,0.39,0.36,2026-02-01,1853,N,VIIRS,n,2.0NRT,304.43,18.83,D
-42.57072,-71.42277,356.31,0.39,0.36,2026-02-01,1853,N,VIIRS,n,2.0NRT,310.69,18.83,D
-42.57384,-71.44163,339.43,0.39,0.36,2026-02-01,1853,N,VIIRS,l,2.0NRT,312.74,21.12,D
-42.59346,-71.56075,347.12,0.39,0.36,2026-02-01,1853,N,VIIRS,n,2.0NRT,300.08,16.58,D
-42.59657,-71.5797,341.38,0.39,0.36,2026-02-01,1853,N,VIIRS,n,2.0NRT,303.58,9.33,D
-42.59733,-71.58436,341.86,0.39,0.36,2026-02-01,1853,N,VIIRS,n,2.0NRT,307.4,9.33,D
-42.57127,-71.4473,339.15,0.39,0.36,2026-02-01,1853,N,VIIRS,l,2.0NRT,309.78,20.55,D
-42.59398,-71.58525,349.4,0.39,0.36,2026-02-01,1853,N,VIIRS,n,2.0NRT,304.22,9.33,D
-42.59634,-71.59964,345.86,0.39,0.36,2026-02-01,1853,N,VIIRS,n,2.0NRT,301.58,5.53,D
-42.56884,-71.68751,347.46,0.39,0.36,2026-02-01,1853,N,VIIRS,n,2.0NRT,303.59,44.4,D
-42.56547,-71.68832,347.41,0.39,0.36,2026-02-01,1853,N,VIIRS,l,2.0NRT,319.34,41.07,D
-42.56702,-71.69778,331.81,0.39,0.36,2026-02-01,1853,N,VIIRS,n,2.0NRT,301.13,22.74,D
-42.56625,-71.69308,351.18,0.39,0.36,2026-02-01,1853,N,VIIRS,l,2.0NRT,334.67,41.07,D
-42.55341,-71.63634,347.93,0.39,0.36,2026-02-01,1853,N,VIIRS,n,2.0NRT,310.82,9.87,D
-42.56289,-71.69392,367,0.39,0.36,2026-02-01,1853,N,VIIRS,l,2.0NRT,340.58,41.07,D
-42.5535,-71.63854,351.16,0.39,0.36,2026-02-01,1853,N,VIIRS,n,2.0NRT,311.01,9.3,D
-42.56207,-71.69142,352.32,0.39,0.36,2026-02-01,1853,N,VIIRS,l,2.0NRT,329.3,43.63,D
-42.55797,-71.68767,351.74,0.39,0.36,2026-02-01,1853,N,VIIRS,n,2.0NRT,305.13,43.63,D
-42.55465,-71.68871,343.47,0.39,0.36,2026-02-01,1853,N,VIIRS,n,2.0NRT,303.95,11.99,D
-42.52701,-71.64763,341.8,0.39,0.36,2026-02-01,1853,N,VIIRS,n,2.0NRT,304.81,5.7,D
-42.52781,-71.65257,337.12,0.39,0.36,2026-02-01,1853,N,VIIRS,n,2.0NRT,304.89,5.7,D
-42.38837,-71.46754,345.11,0.39,0.36,2026-02-01,1853,N,VIIRS,n,2.0NRT,313.81,23.15,D
-42.38916,-71.47227,348.01,0.39,0.36,2026-02-01,1853,N,VIIRS,l,2.0NRT,322.2,23.15,D
-42.38504,-71.46855,344.92,0.39,0.36,2026-02-01,1853,N,VIIRS,l,2.0NRT,318.64,23.15,D
-42.35242,-71.50422,340.65,0.39,0.36,2026-02-01,1853,N,VIIRS,n,2.0NRT,307.67,13.02,D
-42.35323,-71.50912,352.34,0.39,0.36,2026-02-01,1853,N,VIIRS,n,2.0NRT,311.23,13.22,D
-42.34908,-71.50519,352.13,0.39,0.36,2026-02-01,1853,N,VIIRS,n,2.0NRT,307.38,13.02,D
-42.3499,-71.51009,348.13,0.39,0.36,2026-02-01,1853,N,VIIRS,n,2.0NRT,306.24,13.22,D
-42.32175,-71.38307,347.87,0.39,0.36,2026-02-01,1853,N,VIIRS,l,2.0NRT,321.04,33.31,D
-42.32255,-71.38789,346.43,0.39,0.36,2026-02-01,1853,N,VIIRS,n,2.0NRT,314.62,27.35,D
-42.34083,-71.49767,343.22,0.39,0.36,2026-02-01,1853,N,VIIRS,n,2.0NRT,306.08,3.56,D
-42.31842,-71.38419,367,0.39,0.36,2026-02-01,1853,N,VIIRS,l,2.0NRT,325.46,113.81,D
-42.31924,-71.38906,320.62,0.39,0.36,2026-02-01,1853,N,VIIRS,l,2.0NRT,320.98,51.85,D
-42.31682,-71.47971,346.38,0.39,0.36,2026-02-01,1853,N,VIIRS,n,2.0NRT,303.65,5.58,D
-42.3071,-71.50614,367,0.39,0.36,2026-02-01,1853,N,VIIRS,h,2.0NRT,304.63,11.43,D
-42.28828,-71.56183,340.42,0.39,0.36,2026-02-01,1853,N,VIIRS,n,2.0NRT,297.65,96.32,D
-42.28415,-71.55794,367,0.39,0.36,2026-02-01,1853,N,VIIRS,h,2.0NRT,346.54,96.32,D
-42.28493,-71.56273,367,0.39,0.36,2026-02-01,1853,N,VIIRS,h,2.0NRT,341.86,96.32,D
-42.28572,-71.56756,350.02,0.39,0.36,2026-02-01,1853,N,VIIRS,n,2.0NRT,311.57,40.01,D
-42.28078,-71.55876,367,0.39,0.36,2026-02-01,1853,N,VIIRS,h,2.0NRT,347.43,65.18,D
-42.28157,-71.56354,367,0.39,0.36,2026-02-01,1853,N,VIIRS,h,2.0NRT,331.11,65.18,D
-42.28236,-71.56835,367,0.39,0.36,2026-02-01,1853,N,VIIRS,h,2.0NRT,380.89,228.9,D
-42.27921,-71.54923,345.21,0.39,0.36,2026-02-01,1853,N,VIIRS,n,2.0NRT,304.98,45.73,D
-42.28315,-71.57317,335.64,0.39,0.36,2026-02-01,1853,N,VIIRS,n,2.0NRT,299.84,228.9,D
-42.27585,-71.55009,367,0.39,0.36,2026-02-01,1853,N,VIIRS,h,2.0NRT,336.81,45.73,D
-42.27507,-71.54533,344.66,0.39,0.36,2026-02-01,1853,N,VIIRS,n,2.0NRT,307.87,55.44,D
-42.27663,-71.55484,346.69,0.39,0.36,2026-02-01,1853,N,VIIRS,n,2.0NRT,314.18,45.73,D
-42.27742,-71.55957,355.44,0.39,0.36,2026-02-01,1853,N,VIIRS,n,2.0NRT,326.93,65.18,D
-42.2782,-71.56434,349.99,0.39,0.36,2026-02-01,1853,N,VIIRS,n,2.0NRT,312.02,65.18,D
-42.279,-71.56915,356.33,0.39,0.36,2026-02-01,1853,N,VIIRS,n,2.0NRT,310.17,228.9,D
-42.27563,-71.56992,352.87,0.39,0.36,2026-02-01,1853,N,VIIRS,n,2.0NRT,321.29,23.38,D
-42.27146,-71.5659,367,0.39,0.36,2026-02-01,1853,N,VIIRS,h,2.0NRT,317.78,17.65,D
-42.22714,-71.29939,348.39,0.39,0.36,2026-02-01,1853,N,VIIRS,n,2.0NRT,314.32,7.05,D
-42.27068,-71.56116,348.15,0.39,0.36,2026-02-01,1853,N,VIIRS,n,2.0NRT,318,17.65,D
-42.27225,-71.57069,342.15,0.39,0.36,2026-02-01,1853,N,VIIRS,n,2.0NRT,316.17,23.38,D
-42.26577,-71.55265,367,0.39,0.36,2026-02-01,1853,N,VIIRS,h,2.0NRT,316.55,27.44,D
-42.26656,-71.55743,345.84,0.39,0.36,2026-02-01,1853,N,VIIRS,n,2.0NRT,309.98,27.44,D
-42.23828,-71.55582,355.36,0.39,0.36,2026-02-01,1853,N,VIIRS,n,2.0NRT,314.38,26.18,D
-42.23912,-71.56081,367,0.39,0.36,2026-02-01,1853,N,VIIRS,l,2.0NRT,331.88,41.47,D
-42.23994,-71.56579,367,0.39,0.36,2026-02-01,1853,N,VIIRS,l,2.0NRT,329.5,41.47,D
-42.23576,-71.56171,348.45,0.39,0.36,2026-02-01,1853,N,VIIRS,n,2.0NRT,302.34,41.47,D
-35.01078,-58.34314,345.15,0.68,0.74,2026-02-01,1853,N,VIIRS,n,2.0NRT,291.82,16.09,D
-35.01312,-58.35064,342.95,0.68,0.74,2026-02-01,1853,N,VIIRS,n,2.0NRT,292.62,9.63,D
-35.00414,-58.34613,356.98,0.68,0.74,2026-02-01,1853,N,VIIRS,n,2.0NRT,292.15,30.09,D
-35.00647,-58.3536,356.81,0.68,0.74,2026-02-01,1853,N,VIIRS,n,2.0NRT,293.16,25.13,D
-35.00569,-58.3443,355.34,0.69,0.74,2026-02-01,1853,N,VIIRS,n,2.0NRT,291.14,30.11,D
-35.00797,-58.3518,350.16,0.68,0.74,2026-02-01,1853,N,VIIRS,n,2.0NRT,293.96,30.11,D
-37.71417,-69.26536,349.61,0.5,0.41,2026-02-01,1853,N,VIIRS,n,2.0NRT,316.76,14.08,D
-42.66239,-71.48693,355.67,0.39,0.36,2026-02-01,1853,N,VIIRS,n,2.0NRT,316.59,247.7,D
-42.78535,-71.68072,356.42,0.39,0.36,2026-02-01,1853,N,VIIRS,n,2.0NRT,301.21,11.79,D
-42.78148,-71.78944,344.34,0.39,0.36,2026-02-01,1853,N,VIIRS,n,2.0NRT,304.46,13.83,D
-32.80538,-60.57206,334.22,0.6,0.71,2026-02-01,1855,N,VIIRS,n,2.0NRT,299.28,6.02,D
-32.79711,-60.56809,338.45,0.6,0.71,2026-02-01,1855,N,VIIRS,n,2.0NRT,297.82,6.02,D
-31.38606,-68.68352,336.66,0.47,0.48,2026-02-01,1855,N,VIIRS,n,2.0NRT,302.86,3.99,D
-34.59917,-59.18649,337.58,0.64,0.72,2026-02-01,1855,N,VIIRS,n,2.0NRT,292.03,11.35,D
-34.14159,-59.14944,348.34,0.66,0.73,2026-02-01,1855,N,VIIRS,n,2.0NRT,296.16,17.02,D
-34.14243,-59.15214,367,0.66,0.73,2026-02-01,1855,N,VIIRS,h,2.0NRT,295.18,14.76,D
-37.42795,-69.17085,343.5,0.52,0.41,2026-02-01,1855,N,VIIRS,l,2.0NRT,315.88,18.4,D
-35.33324,-64.3526,332.87,0.33,0.55,2026-02-01,1855,N,VIIRS,n,2.0NRT,298.04,0.74,D
-33.05741,-59.24888,340.33,0.7,0.75,2026-02-01,1855,N,VIIRS,n,2.0NRT,298.56,12.55,D
-33.05394,-59.25376,351.04,0.7,0.75,2026-02-01,1855,N,VIIRS,n,2.0NRT,297.71,11.94,D
-26.36765,-58.3157,314.61,0.58,0.52,2026-02-02,0431,N,VIIRS,n,2.0NRT,289.63,1.79,N
-26.20693,-59.18392,302.97,0.33,0.55,2026-02-02,0431,N,VIIRS,n,2.0NRT,290.29,0.35,N
-25.66494,-58.59579,302.02,0.63,0.54,2026-02-02,0431,N,VIIRS,n,2.0NRT,288.88,1.39,N
-25.66632,-58.58951,305.25,0.63,0.54,2026-02-02,0431,N,VIIRS,n,2.0NRT,288.72,1.27,N
-25.66538,-58.59012,307.99,0.63,0.54,2026-02-02,0431,N,VIIRS,n,2.0NRT,288.71,2.04,N
-26.36603,-58.31285,327.59,0.58,0.52,2026-02-02,0431,N,VIIRS,n,2.0NRT,289.79,4.39,N
-26.36285,-58.31438,303.27,0.58,0.52,2026-02-02,0431,N,VIIRS,n,2.0NRT,289.89,1.54,N
-26.36417,-58.30853,310.38,0.58,0.52,2026-02-02,0431,N,VIIRS,n,2.0NRT,289.67,1.2,N
-26.20186,-59.18249,302.55,0.33,0.55,2026-02-02,0431,N,VIIRS,n,2.0NRT,290.51,0.35,N
-33.25445,-60.28438,319.08,0.54,0.51,2026-02-02,0433,N,VIIRS,n,2.0NRT,292.44,4.41,N
-34.10815,-59.07246,313.21,0.44,0.46,2026-02-02,0433,N,VIIRS,n,2.0NRT,287.04,1.5,N
-34.23962,-58.92607,306.18,0.43,0.46,2026-02-02,0433,N,VIIRS,n,2.0NRT,288.25,0.71,N
-34.85769,-57.89504,305.78,0.56,0.43,2026-02-02,0433,N,VIIRS,n,2.0NRT,265.86,2.08,N
-34.88303,-58.25649,308.09,0.39,0.44,2026-02-02,0433,N,VIIRS,n,2.0NRT,281.02,1.07,N
-29.6892,-62.95673,308.6,0.46,0.63,2026-02-02,0433,N,VIIRS,n,2.0NRT,287.06,1.17,N
-29.69496,-62.95872,307.91,0.46,0.63,2026-02-02,0433,N,VIIRS,n,2.0NRT,286.99,1.17,N
-31.40081,-59.36034,332.9,0.53,0.5,2026-02-02,0433,N,VIIRS,n,2.0NRT,291.95,3.84,N
-31.40416,-59.36729,335.04,0.53,0.5,2026-02-02,0433,N,VIIRS,n,2.0NRT,291.28,3.84,N
-31.40539,-59.36176,306.71,0.53,0.5,2026-02-02,0433,N,VIIRS,n,2.0NRT,290.85,3.84,N
-31.39827,-59.36075,314.73,0.52,0.5,2026-02-02,0433,N,VIIRS,n,2.0NRT,290.63,2.07,N
-31.40158,-59.36766,326.77,0.53,0.5,2026-02-02,0433,N,VIIRS,n,2.0NRT,291.21,2.44,N
-31.40284,-59.36216,331.72,0.52,0.5,2026-02-02,0433,N,VIIRS,n,2.0NRT,291.87,3.33,N
-31.4041,-59.35666,300.74,0.52,0.5,2026-02-02,0433,N,VIIRS,n,2.0NRT,290.66,3.33,N
-31.40615,-59.36908,314.61,0.53,0.5,2026-02-02,0433,N,VIIRS,n,2.0NRT,289.56,2.44,N
-31.41656,-59.3664,341.71,0.52,0.5,2026-02-02,0433,N,VIIRS,n,2.0NRT,294.62,5.06,N
-31.41782,-59.36089,312.67,0.52,0.5,2026-02-02,0433,N,VIIRS,n,2.0NRT,291.76,5.06,N
-31.42113,-59.3678,336.49,0.52,0.5,2026-02-02,0433,N,VIIRS,n,2.0NRT,292.54,2.85,N
-31.42239,-59.36229,313.74,0.52,0.5,2026-02-02,0433,N,VIIRS,n,2.0NRT,291.09,2.85,N
-31.42365,-59.35678,301.06,0.52,0.5,2026-02-02,0433,N,VIIRS,n,2.0NRT,290.12,1.24,N
-31.42571,-59.36922,314.17,0.52,0.5,2026-02-02,0433,N,VIIRS,n,2.0NRT,288.93,2.85,N
-31.42696,-59.3637,315.44,0.52,0.5,2026-02-02,0433,N,VIIRS,n,2.0NRT,289.91,2.85,N
-33.25908,-60.28583,308.83,0.54,0.51,2026-02-02,0433,N,VIIRS,n,2.0NRT,291.08,1.82,N
-33.36066,-60.14967,305.36,0.53,0.5,2026-02-02,0433,N,VIIRS,n,2.0NRT,293.16,3.62,N
-33.36721,-60.16393,337.76,0.53,0.5,2026-02-02,0433,N,VIIRS,n,2.0NRT,293.63,5.58,N
-33.36983,-60.15257,312.13,0.53,0.5,2026-02-02,0433,N,VIIRS,n,2.0NRT,291.96,4.7,N
-33.37569,-60.14843,339.47,0.53,0.5,2026-02-02,0433,N,VIIRS,n,2.0NRT,291.45,10.15,N
-33.49738,-59.74015,301.5,0.5,0.49,2026-02-02,0433,N,VIIRS,n,2.0NRT,288.31,0.78,N
-38.63367,-68.42794,314.87,0.52,0.67,2026-02-02,0436,N,VIIRS,n,2.0NRT,290.63,1.74,N
-37.70901,-69.14729,305.54,0.6,0.7,2026-02-02,0436,N,VIIRS,n,2.0NRT,288.32,4.69,N
-37.71118,-69.1403,319.26,0.6,0.7,2026-02-02,0436,N,VIIRS,n,2.0NRT,285.51,3.33,N
-38.63189,-68.43385,314.88,0.52,0.67,2026-02-02,0436,N,VIIRS,n,2.0NRT,290.89,2.47,N
-42.36441,-71.50391,312.72,0.56,0.69,2026-02-02,0438,N,VIIRS,n,2.0NRT,285.28,3.67,N
-42.36574,-71.49986,300.12,0.56,0.69,2026-02-02,0438,N,VIIRS,n,2.0NRT,279.24,4.35,N
-42.36723,-71.5172,322.43,0.56,0.69,2026-02-02,0438,N,VIIRS,n,2.0NRT,286.97,16.61,N
-42.36852,-71.51328,337.61,0.56,0.69,2026-02-02,0438,N,VIIRS,n,2.0NRT,290.4,10.51,N
-42.36983,-71.50932,322.39,0.56,0.69,2026-02-02,0438,N,VIIRS,n,2.0NRT,282.56,10.51,N
-42.37143,-71.52635,339.06,0.56,0.69,2026-02-02,0438,N,VIIRS,n,2.0NRT,282.51,16.61,N
-42.37266,-71.52259,367,0.56,0.69,2026-02-02,0438,N,VIIRS,h,2.0NRT,288.07,16.61,N
-42.37394,-71.51871,367,0.56,0.69,2026-02-02,0438,N,VIIRS,h,2.0NRT,284.41,10.51,N
-42.37021,-71.53006,306.98,0.56,0.69,2026-02-02,0438,N,VIIRS,n,2.0NRT,280.97,6.53,N
-42.37629,-71.53346,346.26,0.56,0.69,2026-02-02,0438,N,VIIRS,n,2.0NRT,282.89,18.13,N
-42.37751,-71.52976,367,0.56,0.69,2026-02-02,0438,N,VIIRS,h,2.0NRT,293.33,38.67,N
-42.37864,-71.52631,349.49,0.56,0.69,2026-02-02,0438,N,VIIRS,n,2.0NRT,282.6,38.67,N
-42.38018,-71.54357,307.12,0.56,0.69,2026-02-02,0438,N,VIIRS,n,2.0NRT,277.14,18.13,N
-42.38177,-71.53873,305.25,0.56,0.69,2026-02-02,0438,N,VIIRS,n,2.0NRT,278.74,18.13,N
-42.38311,-71.53465,316.68,0.56,0.69,2026-02-02,0438,N,VIIRS,n,2.0NRT,279.6,38.67,N
-42.38429,-71.53105,310.76,0.56,0.69,2026-02-02,0438,N,VIIRS,n,2.0NRT,277.59,38.67,N
-42.38461,-71.55206,298.53,0.56,0.69,2026-02-02,0438,N,VIIRS,n,2.0NRT,275.23,3.22,N
-42.38657,-71.54607,299.51,0.56,0.69,2026-02-02,0438,N,VIIRS,n,2.0NRT,276.58,3.22,N
-42.38826,-71.5409,298.1,0.56,0.69,2026-02-02,0438,N,VIIRS,n,2.0NRT,279.51,3.51,N
-42.38968,-71.53659,299.79,0.56,0.69,2026-02-02,0438,N,VIIRS,n,2.0NRT,279.46,3.51,N
-42.54598,-71.45235,320.81,0.55,0.68,2026-02-02,0438,N,VIIRS,n,2.0NRT,283.91,3.66,N
-42.54835,-71.44503,316.61,0.55,0.68,2026-02-02,0438,N,VIIRS,n,2.0NRT,285.21,3.66,N
-42.56479,-71.41632,367,0.55,0.68,2026-02-02,0438,N,VIIRS,h,2.0NRT,293.45,8.56,N
-42.56203,-71.42485,297.79,0.55,0.68,2026-02-02,0438,N,VIIRS,n,2.0NRT,281.7,8.56,N
-42.56731,-71.40853,303.31,0.55,0.68,2026-02-02,0438,N,VIIRS,n,2.0NRT,283.8,5.54,N
-42.57119,-71.41853,336.08,0.55,0.68,2026-02-02,0438,N,VIIRS,n,2.0NRT,290.41,6.68,N
-42.5736,-71.41106,331.37,0.55,0.68,2026-02-02,0438,N,VIIRS,n,2.0NRT,286.82,8.36,N
-42.56856,-71.42666,303.3,0.55,0.68,2026-02-02,0438,N,VIIRS,n,2.0NRT,279.97,6.68,N
-42.61721,-71.38596,296.11,0.55,0.68,2026-02-02,0438,N,VIIRS,n,2.0NRT,281.01,2.03,N
-42.52318,-71.69907,298.03,0.57,0.69,2026-02-02,0438,N,VIIRS,n,2.0NRT,276.53,2.01,N
-42.52658,-71.68862,296.74,0.57,0.69,2026-02-02,0438,N,VIIRS,n,2.0NRT,274.76,1.85,N
-42.62068,-71.39725,307.15,0.55,0.68,2026-02-02,0438,N,VIIRS,n,2.0NRT,285.89,1.39,N
-42.53878,-71.67329,367,0.57,0.69,2026-02-02,0438,N,VIIRS,h,2.0NRT,284.88,23.72,N
-42.54061,-71.66767,356.63,0.57,0.69,2026-02-02,0438,N,VIIRS,n,2.0NRT,284.92,23.72,N
-42.54263,-71.66145,331.49,0.56,0.69,2026-02-02,0438,N,VIIRS,n,2.0NRT,282.67,6.18,N
-42.52372,-71.71975,298.81,0.57,0.69,2026-02-02,0438,N,VIIRS,n,2.0NRT,274.05,3.51,N
-42.52932,-71.70239,298.14,0.57,0.69,2026-02-02,0438,N,VIIRS,n,2.0NRT,277.39,2.01,N
-42.53449,-71.68649,299.29,0.57,0.69,2026-02-02,0438,N,VIIRS,n,2.0NRT,274.85,1.85,N
-42.53576,-71.68258,307.43,0.57,0.69,2026-02-02,0438,N,VIIRS,n,2.0NRT,277.17,7.88,N
-42.53719,-71.67821,309.24,0.57,0.69,2026-02-02,0438,N,VIIRS,n,2.0NRT,276.84,7.88,N
-42.54411,-71.65688,316.36,0.56,0.69,2026-02-02,0438,N,VIIRS,n,2.0NRT,285.03,6.18,N
-42.54554,-71.65249,304.61,0.56,0.69,2026-02-02,0438,N,VIIRS,n,2.0NRT,283.15,3.02,N
-42.62418,-71.40845,297.08,0.55,0.68,2026-02-02,0438,N,VIIRS,n,2.0NRT,280.85,1.39,N
-42.62664,-71.40079,301.22,0.55,0.68,2026-02-02,0438,N,VIIRS,n,2.0NRT,280.98,1.39,N
-42.63318,-71.38037,296.25,0.55,0.68,2026-02-02,0438,N,VIIRS,n,2.0NRT,281.44,1.65,N
-42.63517,-71.37418,303.73,0.55,0.68,2026-02-02,0438,N,VIIRS,n,2.0NRT,280.33,1.65,N
-42.54549,-71.6748,339.79,0.57,0.69,2026-02-02,0438,N,VIIRS,n,2.0NRT,276.26,15.18,N
-42.5467,-71.67107,356.19,0.57,0.69,2026-02-02,0438,N,VIIRS,n,2.0NRT,278.97,15.18,N
-42.54808,-71.66685,346.47,0.56,0.69,2026-02-02,0438,N,VIIRS,n,2.0NRT,286.1,5.82,N
-42.54965,-71.66199,315.29,0.56,0.69,2026-02-02,0438,N,VIIRS,n,2.0NRT,284.33,5.82,N
-42.63889,-71.38467,300.46,0.55,0.68,2026-02-02,0438,N,VIIRS,n,2.0NRT,284.14,2.61,N
-42.55392,-71.67104,309.16,0.56,0.69,2026-02-02,0438,N,VIIRS,n,2.0NRT,277.81,5.82,N
-42.63591,-71.41613,312.56,0.55,0.68,2026-02-02,0438,N,VIIRS,n,2.0NRT,281.9,2.28,N
-42.63816,-71.4091,302.86,0.55,0.68,2026-02-02,0438,N,VIIRS,n,2.0NRT,282.27,2.28,N
-42.54442,-71.72256,300.41,0.57,0.69,2026-02-02,0438,N,VIIRS,n,2.0NRT,275.72,1.64,N
-42.54459,-71.74439,297.38,0.57,0.69,2026-02-02,0438,N,VIIRS,n,2.0NRT,277.7,2.79,N
-42.54849,-71.73227,300.73,0.57,0.69,2026-02-02,0438,N,VIIRS,n,2.0NRT,278.11,1.64,N
-42.55086,-71.72494,299.6,0.57,0.69,2026-02-02,0438,N,VIIRS,n,2.0NRT,278.46,1.64,N
-42.66061,-71.38318,297.92,0.55,0.68,2026-02-02,0438,N,VIIRS,n,2.0NRT,280.1,1.62,N
-42.66284,-71.37621,296.91,0.54,0.68,2026-02-02,0438,N,VIIRS,n,2.0NRT,277.47,1.62,N
-42.52311,-71.69833,298.43,0.57,0.69,2026-02-02,0438,N,VIIRS,n,2.0NRT,276.8,1.56,N
-42.52772,-71.6844,301.01,0.57,0.69,2026-02-02,0438,N,VIIRS,n,2.0NRT,277.19,2.45,N
-42.62199,-71.39771,311.5,0.55,0.68,2026-02-02,0438,N,VIIRS,n,2.0NRT,285.37,2.45,N
-42.53877,-71.6728,367,0.57,0.69,2026-02-02,0438,N,VIIRS,h,2.0NRT,283.62,15.24,N
-42.54069,-71.667,357.43,0.56,0.69,2026-02-02,0438,N,VIIRS,n,2.0NRT,283.64,12.68,N
-42.54268,-71.66097,322.72,0.56,0.69,2026-02-02,0438,N,VIIRS,n,2.0NRT,282.5,12.68,N
-42.52398,-71.71761,299.77,0.57,0.69,2026-02-02,0438,N,VIIRS,n,2.0NRT,274.33,1.56,N
-42.52931,-71.70145,297.45,0.57,0.69,2026-02-02,0438,N,VIIRS,n,2.0NRT,277.44,1.56,N
-42.53436,-71.68616,300.58,0.57,0.69,2026-02-02,0438,N,VIIRS,n,2.0NRT,275.17,2.45,N
-42.53565,-71.68226,307.2,0.57,0.69,2026-02-02,0438,N,VIIRS,n,2.0NRT,276.91,2.45,N
-42.53709,-71.67792,307.68,0.57,0.69,2026-02-02,0438,N,VIIRS,n,2.0NRT,277.13,15.24,N
-42.54416,-71.6565,316.93,0.56,0.69,2026-02-02,0438,N,VIIRS,n,2.0NRT,285.4,3.14,N
-42.54561,-71.65211,299.81,0.56,0.69,2026-02-02,0438,N,VIIRS,n,2.0NRT,282.73,3.14,N
-42.62551,-71.40871,300.38,0.55,0.68,2026-02-02,0438,N,VIIRS,n,2.0NRT,281.2,3.03,N
-42.63454,-71.38106,304.43,0.55,0.68,2026-02-02,0438,N,VIIRS,n,2.0NRT,282.72,3.03,N
-42.63655,-71.37489,303.81,0.55,0.68,2026-02-02,0438,N,VIIRS,n,2.0NRT,279.05,3.02,N
-42.54544,-71.67448,334.32,0.57,0.69,2026-02-02,0438,N,VIIRS,n,2.0NRT,275.76,12.88,N
-42.54669,-71.67071,345.12,0.56,0.69,2026-02-02,0438,N,VIIRS,n,2.0NRT,278.77,7.73,N
-42.54809,-71.66646,342.39,0.56,0.69,2026-02-02,0438,N,VIIRS,n,2.0NRT,285.65,7.73,N
-42.52621,-71.73276,295.27,0.57,0.69,2026-02-02,0438,N,VIIRS,n,2.0NRT,274.63,2.5,N
-42.54971,-71.66156,311.26,0.56,0.69,2026-02-02,0438,N,VIIRS,n,2.0NRT,283.54,6.43,N
-42.63142,-71.41238,298.29,0.55,0.68,2026-02-02,0438,N,VIIRS,n,2.0NRT,280.52,2.1,N
-42.55394,-71.67059,306.67,0.56,0.69,2026-02-02,0438,N,VIIRS,n,2.0NRT,277.75,7.73,N
-42.63717,-71.41659,312.94,0.55,0.68,2026-02-02,0438,N,VIIRS,n,2.0NRT,281.75,2.1,N
-42.5442,-71.72207,301.17,0.57,0.69,2026-02-02,0438,N,VIIRS,n,2.0NRT,275.72,2.04,N
-42.54848,-71.73103,303.22,0.57,0.69,2026-02-02,0438,N,VIIRS,n,2.0NRT,278.07,2.3,N
-42.55075,-71.72411,298.44,0.57,0.69,2026-02-02,0438,N,VIIRS,n,2.0NRT,278.78,2.04,N
-42.66208,-71.3837,299.96,0.54,0.68,2026-02-02,0438,N,VIIRS,n,2.0NRT,280.68,3.77,N
-42.66431,-71.37684,301.03,0.54,0.68,2026-02-02,0438,N,VIIRS,n,2.0NRT,279.18,2.67,N
-42.64156,-71.46865,298.19,0.55,0.68,2026-02-02,0438,N,VIIRS,n,2.0NRT,278.61,4.46,N
-42.64348,-71.46276,301.32,0.55,0.68,2026-02-02,0438,N,VIIRS,n,2.0NRT,279.64,2.76,N
-42.5601,-71.73968,299.96,0.57,0.69,2026-02-02,0438,N,VIIRS,n,2.0NRT,276.57,2.93,N
-42.56167,-71.73491,295.13,0.57,0.69,2026-02-02,0438,N,VIIRS,n,2.0NRT,274.76,1.58,N
-42.61818,-71.56231,305.53,0.56,0.69,2026-02-02,0438,N,VIIRS,n,2.0NRT,283.06,3.19,N
-42.64963,-71.46574,309.74,0.55,0.68,2026-02-02,0438,N,VIIRS,n,2.0NRT,280.82,2.76,N
-42.66516,-71.41794,298.82,0.55,0.68,2026-02-02,0438,N,VIIRS,n,2.0NRT,283.23,3.2,N
-42.66631,-71.43631,299.34,0.55,0.68,2026-02-02,0438,N,VIIRS,n,2.0NRT,281.65,3.28,N
-42.66871,-71.42888,303.86,0.55,0.68,2026-02-02,0438,N,VIIRS,n,2.0NRT,282.93,3.23,N
-42.77837,-71.68588,321.12,0.56,0.69,2026-02-02,0438,N,VIIRS,n,2.0NRT,282.27,74.1,N
-42.77985,-71.68129,353.72,0.56,0.69,2026-02-02,0438,N,VIIRS,n,2.0NRT,299.36,74.1,N
-42.78206,-71.67446,331.63,0.56,0.69,2026-02-02,0438,N,VIIRS,n,2.0NRT,283.66,34.79,N
-42.78468,-71.68849,321.9,0.56,0.69,2026-02-02,0438,N,VIIRS,n,2.0NRT,281.83,4.62,N
-42.78608,-71.68416,321.46,0.56,0.69,2026-02-02,0438,N,VIIRS,n,2.0NRT,282.24,4.62,N
-42.77362,-71.72294,298.63,0.56,0.69,2026-02-02,0438,N,VIIRS,n,2.0NRT,277.73,3.32,N
-42.78088,-71.70027,304.51,0.56,0.69,2026-02-02,0438,N,VIIRS,n,2.0NRT,278.21,4.22,N
-42.78754,-71.67968,297.45,0.56,0.69,2026-02-02,0438,N,VIIRS,n,2.0NRT,281.39,3.33,N
-42.78052,-71.68117,367,0.56,0.69,2026-02-02,0438,N,VIIRS,h,2.0NRT,297.91,75.34,N
-42.78272,-71.67445,351.51,0.56,0.69,2026-02-02,0438,N,VIIRS,n,2.0NRT,285.28,75.34,N
-42.77902,-71.68571,311.93,0.56,0.69,2026-02-02,0438,N,VIIRS,n,2.0NRT,282.03,50.11,N
-42.77427,-71.72206,298.01,0.56,0.69,2026-02-02,0438,N,VIIRS,n,2.0NRT,278.24,2.03,N
-42.78161,-71.69966,302.61,0.56,0.69,2026-02-02,0438,N,VIIRS,n,2.0NRT,277.92,2.03,N
-42.78381,-71.69297,298.5,0.56,0.69,2026-02-02,0438,N,VIIRS,n,2.0NRT,280.1,3.26,N
-42.78539,-71.68819,314.1,0.56,0.69,2026-02-02,0438,N,VIIRS,n,2.0NRT,281.49,3.26,N
-42.78681,-71.68387,317.59,0.56,0.69,2026-02-02,0438,N,VIIRS,n,2.0NRT,282.22,5.58,N
-42.54443,-71.74335,297.9,0.57,0.69,2026-02-02,0438,N,VIIRS,n,2.0NRT,277.87,2.3,N
-42.52785,-71.68473,300.82,0.57,0.69,2026-02-02,0438,N,VIIRS,n,2.0NRT,276.91,1.85,N
-42.18413,-71.57455,305.85,0.57,0.69,2026-02-02,0438,N,VIIRS,n,2.0NRT,282.5,2.21,N
-42.22976,-71.56775,367,0.57,0.69,2026-02-02,0438,N,VIIRS,h,2.0NRT,293.79,22.48,N
-42.23138,-71.56274,345.27,0.57,0.69,2026-02-02,0438,N,VIIRS,n,2.0NRT,285.26,22.48,N
-42.2282,-71.57256,301.81,0.57,0.69,2026-02-02,0438,N,VIIRS,n,2.0NRT,282.42,19.88,N
-42.23714,-71.56722,351.88,0.57,0.69,2026-02-02,0438,N,VIIRS,n,2.0NRT,283.45,10.11,N
-42.23868,-71.56248,330.7,0.57,0.69,2026-02-02,0438,N,VIIRS,n,2.0NRT,281.9,10.11,N
-42.22739,-71.57078,327.06,0.57,0.69,2026-02-02,0438,N,VIIRS,n,2.0NRT,282.93,12.17,N
-42.22895,-71.56606,367,0.57,0.69,2026-02-02,0438,N,VIIRS,h,2.0NRT,287.35,12.17,N
-42.23048,-71.56141,300.36,0.57,0.69,2026-02-02,0438,N,VIIRS,n,2.0NRT,279.46,5.85,N
-42.23456,-71.57099,345.45,0.57,0.69,2026-02-02,0438,N,VIIRS,n,2.0NRT,282.82,28.55,N
-42.23621,-71.566,356.42,0.57,0.69,2026-02-02,0438,N,VIIRS,n,2.0NRT,287.64,28.55,N
-42.23776,-71.5613,336.73,0.57,0.69,2026-02-02,0438,N,VIIRS,n,2.0NRT,281.99,13.6,N
-42.31363,-71.39568,313.35,0.56,0.69,2026-02-02,0438,N,VIIRS,n,2.0NRT,281.25,3.2,N
-42.26614,-71.563,302.15,0.57,0.69,2026-02-02,0438,N,VIIRS,n,2.0NRT,284.08,1.72,N
-42.26816,-71.55685,299.4,0.57,0.69,2026-02-02,0438,N,VIIRS,n,2.0NRT,282.59,1.72,N
-42.31811,-71.40392,298.92,0.56,0.69,2026-02-02,0438,N,VIIRS,n,2.0NRT,281.29,2.92,N
-42.3192,-71.40058,319.53,0.56,0.69,2026-02-02,0438,N,VIIRS,n,2.0NRT,275.31,2.92,N
-42.26996,-71.57342,297.61,0.57,0.69,2026-02-02,0438,N,VIIRS,n,2.0NRT,283.75,4.69,N
-42.27217,-71.56665,299.39,0.57,0.69,2026-02-02,0438,N,VIIRS,n,2.0NRT,282.27,1.72,N
-42.27591,-71.55521,296.15,0.57,0.69,2026-02-02,0438,N,VIIRS,n,2.0NRT,280.36,1.72,N
-42.27524,-71.57936,296.9,0.57,0.69,2026-02-02,0438,N,VIIRS,n,2.0NRT,282.9,1.34,N
-42.27818,-71.57037,298.53,0.57,0.69,2026-02-02,0438,N,VIIRS,n,2.0NRT,281.25,1.34,N
-42.33743,-71.49904,297.16,0.56,0.69,2026-02-02,0438,N,VIIRS,n,2.0NRT,281.62,2.3,N
-42.34477,-71.49856,299.03,0.56,0.69,2026-02-02,0438,N,VIIRS,n,2.0NRT,282.59,1.83,N
-42.34781,-71.51133,302.77,0.56,0.69,2026-02-02,0438,N,VIIRS,n,2.0NRT,281.96,2.33,N
-42.34941,-71.50639,297.55,0.56,0.69,2026-02-02,0438,N,VIIRS,n,2.0NRT,282.17,1.83,N
-42.35881,-71.49955,304.49,0.56,0.69,2026-02-02,0438,N,VIIRS,n,2.0NRT,282.33,1.99,N
-42.36213,-71.51148,299.28,0.56,0.69,2026-02-02,0438,N,VIIRS,n,2.0NRT,282.52,2.33,N
-42.36331,-71.50784,298.44,0.56,0.69,2026-02-02,0438,N,VIIRS,n,2.0NRT,283.4,2.33,N
-42.36453,-71.50408,314.33,0.56,0.69,2026-02-02,0438,N,VIIRS,n,2.0NRT,284.84,1.99,N
-42.36584,-71.50005,298.64,0.56,0.69,2026-02-02,0438,N,VIIRS,n,2.0NRT,278.69,1.99,N
-42.36737,-71.51749,323.8,0.56,0.69,2026-02-02,0438,N,VIIRS,n,2.0NRT,287.7,16.2,N
-42.36866,-71.51354,338.59,0.56,0.69,2026-02-02,0438,N,VIIRS,n,2.0NRT,290.75,16.2,N
-42.36995,-71.50956,320.81,0.56,0.69,2026-02-02,0438,N,VIIRS,n,2.0NRT,281.87,9.03,N
-42.36599,-71.52174,295.48,0.56,0.69,2026-02-02,0438,N,VIIRS,n,2.0NRT,282.37,11.36,N
-42.37162,-71.52657,353.37,0.56,0.69,2026-02-02,0438,N,VIIRS,n,2.0NRT,283.72,11.36,N
-42.37283,-71.52284,367,0.56,0.69,2026-02-02,0438,N,VIIRS,h,2.0NRT,289.02,16.2,N
-42.3741,-71.51896,367,0.56,0.69,2026-02-02,0438,N,VIIRS,h,2.0NRT,284.54,16.2,N
-42.37043,-71.53027,311.02,0.56,0.69,2026-02-02,0438,N,VIIRS,n,2.0NRT,281.08,11.36,N
-42.37648,-71.53374,348.7,0.56,0.69,2026-02-02,0438,N,VIIRS,n,2.0NRT,283.03,36.51,N
-42.3777,-71.53001,367,0.56,0.69,2026-02-02,0438,N,VIIRS,h,2.0NRT,292.72,36.51,N
-42.37882,-71.52654,354.09,0.56,0.69,2026-02-02,0438,N,VIIRS,n,2.0NRT,281.88,29.71,N
-42.37519,-71.53775,300.06,0.57,0.69,2026-02-02,0438,N,VIIRS,n,2.0NRT,280.68,3.63,N
-42.37844,-71.54999,297.4,0.57,0.69,2026-02-02,0438,N,VIIRS,n,2.0NRT,277.39,3.63,N
-42.38033,-71.54412,305.68,0.57,0.69,2026-02-02,0438,N,VIIRS,n,2.0NRT,277.84,3.63,N
-42.38193,-71.53916,302.58,0.56,0.69,2026-02-02,0438,N,VIIRS,n,2.0NRT,279.34,36.51,N
-42.38327,-71.535,316.12,0.56,0.69,2026-02-02,0438,N,VIIRS,n,2.0NRT,279.25,36.51,N
-42.38445,-71.53137,306.06,0.56,0.69,2026-02-02,0438,N,VIIRS,n,2.0NRT,276.62,29.71,N
-42.3587,-71.49939,303.36,0.56,0.69,2026-02-02,0438,N,VIIRS,n,2.0NRT,282.15,3.67,N
-33.37181,-60.15365,296.21,0.78,0.78,2026-02-02,0614,N,VIIRS,n,2.0NRT,271.93,2.41,N
-33.37944,-60.14496,295.14,0.78,0.78,2026-02-02,0614,N,VIIRS,n,2.0NRT,270.1,1.43,N
-33.37006,-60.14936,297.12,0.78,0.78,2026-02-02,0614,N,VIIRS,n,2.0NRT,272.2,2.77,N
-33.37747,-60.14968,296.07,0.78,0.78,2026-02-02,0614,N,VIIRS,n,2.0NRT,269.85,1.41,N
-37.08579,-69.47692,312.73,0.51,0.49,2026-02-02,0616,N,VIIRS,n,2.0NRT,291.5,1.72,N
-37.42758,-69.17476,323.39,0.53,0.5,2026-02-02,0616,N,VIIRS,n,2.0NRT,291.26,3.59,N
-38.01302,-68.59733,325,0.58,0.52,2026-02-02,0616,N,VIIRS,n,2.0NRT,293,2.85,N
-38.09795,-68.60712,311.48,0.58,0.52,2026-02-02,0616,N,VIIRS,n,2.0NRT,292.63,1.61,N
-38.28655,-68.74707,308.22,0.57,0.52,2026-02-02,0616,N,VIIRS,n,2.0NRT,291.35,1.72,N
-38.28346,-68.74789,303.17,0.57,0.52,2026-02-02,0616,N,VIIRS,n,2.0NRT,291.61,0.41,N
-38.28835,-68.74859,304.67,0.57,0.52,2026-02-02,0616,N,VIIRS,n,2.0NRT,291.34,0.62,N
-38.78483,-62.28365,332.14,0.64,0.72,2026-02-02,0616,N,VIIRS,n,2.0NRT,292.37,5.76,N
-38.78482,-62.28112,322.65,0.64,0.72,2026-02-02,0616,N,VIIRS,n,2.0NRT,291.5,5.11,N
-38.63108,-68.4285,319.95,0.6,0.53,2026-02-02,0616,N,VIIRS,n,2.0NRT,292.43,2.38,N
-38.70043,-68.71595,307.46,0.58,0.52,2026-02-02,0616,N,VIIRS,n,2.0NRT,290.18,0.63,N
-38.6967,-68.71461,303.77,0.58,0.52,2026-02-02,0616,N,VIIRS,n,2.0NRT,289.95,0.68,N
-38.70164,-68.71519,305.59,0.58,0.52,2026-02-02,0616,N,VIIRS,n,2.0NRT,289.63,0.69,N
-38.74218,-68.84042,302.8,0.57,0.52,2026-02-02,0616,N,VIIRS,n,2.0NRT,290.2,2.77,N
-38.74269,-68.83359,319.01,0.57,0.52,2026-02-02,0616,N,VIIRS,n,2.0NRT,290.8,1.44,N
-38.74758,-68.83424,307.16,0.57,0.52,2026-02-02,0616,N,VIIRS,n,2.0NRT,289.75,1.44,N
-42.63546,-71.48507,300.23,0.46,0.47,2026-02-02,0618,N,VIIRS,n,2.0NRT,282.09,2.62,N
-42.27177,-71.57272,311.32,0.45,0.47,2026-02-02,0618,N,VIIRS,n,2.0NRT,281.21,2.52,N
-42.27838,-71.54828,326.45,0.45,0.47,2026-02-02,0618,N,VIIRS,n,2.0NRT,285.21,2.32,N
-42.27789,-71.5538,297.24,0.45,0.47,2026-02-02,0618,N,VIIRS,n,2.0NRT,282.99,2.32,N
-42.27888,-71.54256,308.66,0.45,0.47,2026-02-02,0618,N,VIIRS,n,2.0NRT,283.38,1.8,N
-42.27131,-71.56855,303.94,0.45,0.47,2026-02-02,0618,N,VIIRS,n,2.0NRT,282.82,1.86,N
-42.27779,-71.54425,329.53,0.45,0.47,2026-02-02,0618,N,VIIRS,n,2.0NRT,285.63,2.48,N
-42.27688,-71.55528,295.68,0.45,0.47,2026-02-02,0618,N,VIIRS,n,2.0NRT,283.18,1.81,N
-42.27733,-71.54988,296.15,0.45,0.47,2026-02-02,0618,N,VIIRS,n,2.0NRT,282.64,2.48,N
-42.28207,-71.54649,305.43,0.45,0.47,2026-02-02,0618,N,VIIRS,n,2.0NRT,282.44,1.61,N
-42.31537,-71.35963,309.07,0.46,0.47,2026-02-02,0618,N,VIIRS,n,2.0NRT,280.75,1.46,N
-42.31983,-71.36015,307.06,0.46,0.47,2026-02-02,0618,N,VIIRS,n,2.0NRT,278.22,1.46,N
-42.32876,-71.36107,308.53,0.46,0.47,2026-02-02,0618,N,VIIRS,n,2.0NRT,283.96,2.94,N
-42.33272,-71.3676,344.52,0.46,0.47,2026-02-02,0618,N,VIIRS,n,2.0NRT,291.63,12.8,N
-42.33322,-71.36165,342.96,0.46,0.47,2026-02-02,0618,N,VIIRS,n,2.0NRT,296.87,12.8,N
-42.33767,-71.36228,342.2,0.46,0.47,2026-02-02,0618,N,VIIRS,n,2.0NRT,291.78,12.8,N
-42.33718,-71.36817,314.08,0.46,0.47,2026-02-02,0618,N,VIIRS,n,2.0NRT,285.78,12.8,N
-42.36526,-71.51331,295.76,0.46,0.47,2026-02-02,0618,N,VIIRS,n,2.0NRT,276.04,1.79,N
-42.36594,-71.50542,309.09,0.46,0.47,2026-02-02,0618,N,VIIRS,n,2.0NRT,280.5,1.46,N
-42.36658,-71.49805,301.26,0.46,0.47,2026-02-02,0618,N,VIIRS,n,2.0NRT,276.04,1.46,N
-42.36925,-71.51881,311.34,0.46,0.47,2026-02-02,0618,N,VIIRS,n,2.0NRT,277.97,1.79,N
-42.3699,-71.51147,310.26,0.46,0.47,2026-02-02,0618,N,VIIRS,n,2.0NRT,277.02,1.79,N
-42.37052,-71.5043,317.29,0.46,0.47,2026-02-02,0618,N,VIIRS,n,2.0NRT,278.24,1.46,N
-42.37112,-71.49734,302.01,0.46,0.47,2026-02-02,0618,N,VIIRS,n,2.0NRT,275.58,1.46,N
-42.37311,-71.52586,343.8,0.46,0.47,2026-02-02,0618,N,VIIRS,n,2.0NRT,287.56,9.51,N
-42.37383,-71.51772,349.36,0.46,0.47,2026-02-02,0618,N,VIIRS,n,2.0NRT,286.19,7.24,N
-42.37445,-71.51058,336.36,0.46,0.47,2026-02-02,0618,N,VIIRS,n,2.0NRT,282.36,7.24,N
-42.37503,-71.50393,320.76,0.46,0.47,2026-02-02,0618,N,VIIRS,n,2.0NRT,276.74,3.39,N
-42.37558,-71.49755,310.56,0.46,0.47,2026-02-02,0618,N,VIIRS,n,2.0NRT,276.4,3.39,N
-42.37613,-71.49134,297.47,0.46,0.47,2026-02-02,0618,N,VIIRS,n,2.0NRT,275.06,1.69,N
-42.37762,-71.52547,335.65,0.46,0.47,2026-02-02,0618,N,VIIRS,n,2.0NRT,282.01,9.51,N
-42.37836,-71.51707,340.6,0.46,0.47,2026-02-02,0618,N,VIIRS,n,2.0NRT,287.74,7.24,N
-42.37896,-71.51023,332.77,0.46,0.47,2026-02-02,0618,N,VIIRS,n,2.0NRT,285.65,7.24,N
-42.37951,-71.50392,334.85,0.46,0.47,2026-02-02,0618,N,VIIRS,n,2.0NRT,278.4,3.39,N
-42.38004,-71.49785,326.76,0.46,0.47,2026-02-02,0618,N,VIIRS,n,2.0NRT,278.66,3.39,N
-42.38056,-71.49182,307.91,0.46,0.47,2026-02-02,0618,N,VIIRS,n,2.0NRT,281.24,1.69,N
-42.38286,-71.51677,344.48,0.46,0.47,2026-02-02,0618,N,VIIRS,n,2.0NRT,284.26,9.13,N
-42.38342,-71.51035,344.07,0.46,0.47,2026-02-02,0618,N,VIIRS,n,2.0NRT,283.78,9.13,N
-42.38395,-71.50433,334.08,0.46,0.47,2026-02-02,0618,N,VIIRS,n,2.0NRT,278.77,4.1,N
-42.38447,-71.49838,323.05,0.46,0.47,2026-02-02,0618,N,VIIRS,n,2.0NRT,277.61,4.1,N
-42.38218,-71.52449,312.27,0.46,0.47,2026-02-02,0618,N,VIIRS,n,2.0NRT,277.72,3.19,N
-42.38499,-71.49241,300.5,0.46,0.47,2026-02-02,0618,N,VIIRS,n,2.0NRT,282.83,1.46,N
-42.38675,-71.52348,335.93,0.46,0.47,2026-02-02,0618,N,VIIRS,n,2.0NRT,280.48,3.19,N
-42.38734,-71.51671,348.32,0.46,0.47,2026-02-02,0618,N,VIIRS,n,2.0NRT,283.89,9.13,N
-42.38788,-71.5106,355.32,0.46,0.47,2026-02-02,0618,N,VIIRS,n,2.0NRT,294.48,9.13,N
-42.38839,-71.50479,332.62,0.46,0.47,2026-02-02,0618,N,VIIRS,n,2.0NRT,281.09,4.1,N
-42.3889,-71.49895,324.29,0.46,0.47,2026-02-02,0618,N,VIIRS,n,2.0NRT,279.35,4.1,N
-42.38604,-71.53142,296.45,0.46,0.47,2026-02-02,0618,N,VIIRS,n,2.0NRT,278,3.19,N
-42.38942,-71.49301,312.65,0.46,0.47,2026-02-02,0618,N,VIIRS,n,2.0NRT,280.17,1.46,N
-42.38994,-71.48706,302.31,0.46,0.47,2026-02-02,0618,N,VIIRS,n,2.0NRT,281.04,1.46,N
-42.37195,-71.51838,337.11,0.46,0.47,2026-02-02,0618,N,VIIRS,n,2.0NRT,284.12,7.87,N
-42.37254,-71.51109,328.26,0.46,0.47,2026-02-02,0618,N,VIIRS,n,2.0NRT,280.04,4.22,N
-42.37132,-71.52633,316.17,0.46,0.47,2026-02-02,0618,N,VIIRS,n,2.0NRT,279.86,7.87,N
-42.37309,-71.5042,311.97,0.46,0.47,2026-02-02,0618,N,VIIRS,n,2.0NRT,275.99,4.22,N
-42.37362,-71.49767,302.61,0.46,0.47,2026-02-02,0618,N,VIIRS,n,2.0NRT,275.49,1.72,N
-42.37581,-71.52599,344.88,0.46,0.47,2026-02-02,0618,N,VIIRS,n,2.0NRT,286.38,7.87,N
-42.37648,-71.51757,349.57,0.46,0.47,2026-02-02,0618,N,VIIRS,n,2.0NRT,287.56,7.87,N
-42.37704,-71.51057,334.74,0.46,0.47,2026-02-02,0618,N,VIIRS,n,2.0NRT,285.3,4.22,N
-42.37756,-71.50414,333.88,0.46,0.47,2026-02-02,0618,N,VIIRS,n,2.0NRT,278.94,4.22,N
-42.37807,-71.49789,326,0.46,0.47,2026-02-02,0618,N,VIIRS,n,2.0NRT,278.65,1.72,N
-42.37856,-71.49178,313.08,0.46,0.47,2026-02-02,0618,N,VIIRS,n,2.0NRT,278.54,1.72,N
-42.37904,-71.48592,299.31,0.46,0.47,2026-02-02,0618,N,VIIRS,n,2.0NRT,280.48,1.07,N
-42.38099,-71.51711,331.49,0.46,0.47,2026-02-02,0618,N,VIIRS,n,2.0NRT,282.74,5.71,N
-42.38152,-71.51048,337.49,0.46,0.47,2026-02-02,0618,N,VIIRS,n,2.0NRT,285.98,6.71,N
-42.38202,-71.50438,335.13,0.46,0.47,2026-02-02,0618,N,VIIRS,n,2.0NRT,278.33,6.71,N
-42.38251,-71.49836,323.41,0.46,0.47,2026-02-02,0618,N,VIIRS,n,2.0NRT,277.13,2.12,N
-42.38032,-71.52531,299.02,0.46,0.47,2026-02-02,0618,N,VIIRS,n,2.0NRT,276.27,5.71,N
-42.383,-71.49235,303.22,0.46,0.47,2026-02-02,0618,N,VIIRS,n,2.0NRT,282.11,2.12,N
-42.38488,-71.52413,335.83,0.46,0.47,2026-02-02,0618,N,VIIRS,n,2.0NRT,280.97,5.71,N
-42.38546,-71.51697,355.29,0.46,0.47,2026-02-02,0618,N,VIIRS,n,2.0NRT,285.92,5.71,N
-42.38597,-71.51073,352.27,0.46,0.47,2026-02-02,0618,N,VIIRS,n,2.0NRT,290.57,6.71,N
-42.38646,-71.50481,335.8,0.46,0.47,2026-02-02,0618,N,VIIRS,n,2.0NRT,283.2,6.71,N
-42.38694,-71.49891,327.58,0.46,0.47,2026-02-02,0618,N,VIIRS,n,2.0NRT,279.8,2.12,N
-42.38742,-71.49296,307.16,0.46,0.47,2026-02-02,0618,N,VIIRS,n,2.0NRT,282.12,2.12,N
-42.38992,-71.51711,329.59,0.46,0.47,2026-02-02,0618,N,VIIRS,n,2.0NRT,280.65,2.89,N
-42.39041,-71.51115,367,0.46,0.47,2026-02-02,0618,N,VIIRS,h,2.0NRT,290.25,4.33,N
-42.39088,-71.50533,324.7,0.46,0.47,2026-02-02,0618,N,VIIRS,n,2.0NRT,280.11,4.33,N
-42.39137,-71.4995,320.39,0.46,0.47,2026-02-02,0618,N,VIIRS,n,2.0NRT,278.43,2.51,N
-42.38879,-71.53104,302.7,0.46,0.47,2026-02-02,0618,N,VIIRS,n,2.0NRT,282,2.7,N
-42.3894,-71.52354,319.28,0.46,0.47,2026-02-02,0618,N,VIIRS,n,2.0NRT,282,2.89,N
-42.39185,-71.49358,315.08,0.46,0.47,2026-02-02,0618,N,VIIRS,n,2.0NRT,278.79,2.51,N
-42.39234,-71.48759,302.91,0.46,0.47,2026-02-02,0618,N,VIIRS,n,2.0NRT,280.71,1.24,N
-42.39386,-71.5236,302.23,0.46,0.47,2026-02-02,0618,N,VIIRS,n,2.0NRT,283.6,2.89,N
-42.39437,-71.51746,306.79,0.46,0.47,2026-02-02,0618,N,VIIRS,n,2.0NRT,281.86,2.89,N
-42.39484,-71.51167,308.08,0.46,0.47,2026-02-02,0618,N,VIIRS,n,2.0NRT,283.6,4.33,N
-42.39532,-71.50588,302.41,0.46,0.47,2026-02-02,0618,N,VIIRS,n,2.0NRT,277.15,4.33,N
-42.39975,-71.50636,303.95,0.46,0.47,2026-02-02,0618,N,VIIRS,n,2.0NRT,279.06,2.27,N
-42.54265,-71.4419,300.62,0.46,0.47,2026-02-02,0618,N,VIIRS,n,2.0NRT,282.48,1.53,N
-42.54707,-71.44289,298.45,0.46,0.47,2026-02-02,0618,N,VIIRS,n,2.0NRT,276.26,0.92,N
-42.57095,-71.42635,295.35,0.46,0.47,2026-02-02,0618,N,VIIRS,n,2.0NRT,281.24,1.19,N
-42.57141,-71.42093,308.76,0.46,0.47,2026-02-02,0618,N,VIIRS,n,2.0NRT,283.12,1.41,N
-42.57187,-71.41545,295.88,0.46,0.47,2026-02-02,0618,N,VIIRS,n,2.0NRT,278.74,1.41,N
-42.57632,-71.41611,295.15,0.46,0.47,2026-02-02,0618,N,VIIRS,n,2.0NRT,279.77,1.91,N
-42.57677,-71.41068,297.79,0.46,0.47,2026-02-02,0618,N,VIIRS,n,2.0NRT,278.23,0.88,N
-42.56107,-71.69759,299.44,0.45,0.47,2026-02-02,0618,N,VIIRS,n,2.0NRT,274.66,5,N
-42.5649,-71.70449,340.11,0.45,0.47,2026-02-02,0618,N,VIIRS,n,2.0NRT,284.12,4.9,N
-42.56537,-71.69915,353.35,0.45,0.47,2026-02-02,0618,N,VIIRS,n,2.0NRT,293.87,5,N
-42.56581,-71.69414,325.5,0.45,0.47,2026-02-02,0618,N,VIIRS,n,2.0NRT,280.8,5,N
-42.56423,-71.71206,297.31,0.45,0.47,2026-02-02,0618,N,VIIRS,n,2.0NRT,279.57,4.9,N
-42.56964,-71.70104,349.37,0.45,0.47,2026-02-02,0618,N,VIIRS,n,2.0NRT,285.98,5.36,N
-42.56923,-71.70573,305.77,0.45,0.47,2026-02-02,0618,N,VIIRS,n,2.0NRT,281.81,4.51,N
-42.57004,-71.69651,319.38,0.45,0.47,2026-02-02,0618,N,VIIRS,n,2.0NRT,278.1,5.36,N
-42.57391,-71.70296,295.12,0.45,0.47,2026-02-02,0618,N,VIIRS,n,2.0NRT,277.93,5.36,N
-42.60736,-71.42188,300.4,0.46,0.47,2026-02-02,0618,N,VIIRS,n,2.0NRT,280.91,1.31,N
-42.56855,-71.70087,345,0.45,0.47,2026-02-02,0618,N,VIIRS,n,2.0NRT,290.61,5.05,N
-42.56894,-71.69622,343.85,0.45,0.47,2026-02-02,0618,N,VIIRS,n,2.0NRT,286.76,3.27,N
-42.56814,-71.7058,305.66,0.45,0.47,2026-02-02,0618,N,VIIRS,n,2.0NRT,281.41,5.05,N
-42.56935,-71.69127,296.6,0.45,0.47,2026-02-02,0618,N,VIIRS,n,2.0NRT,274.39,3.27,N
-42.57245,-71.70745,296.46,0.45,0.47,2026-02-02,0618,N,VIIRS,n,2.0NRT,281.37,5.05,N
-42.57284,-71.7027,303.42,0.45,0.47,2026-02-02,0618,N,VIIRS,n,2.0NRT,279.56,5.05,N
-42.57322,-71.69819,296.36,0.45,0.47,2026-02-02,0618,N,VIIRS,n,2.0NRT,275.84,3.27,N
-42.61184,-71.38829,295.88,0.47,0.47,2026-02-02,0618,N,VIIRS,n,2.0NRT,281.47,2.19,N
-42.62178,-71.48756,300.25,0.46,0.47,2026-02-02,0618,N,VIIRS,n,2.0NRT,279.98,1.79,N
-42.62226,-71.48161,295.96,0.46,0.47,2026-02-02,0618,N,VIIRS,n,2.0NRT,278.64,1.17,N
-42.62666,-71.48279,296.33,0.46,0.47,2026-02-02,0618,N,VIIRS,n,2.0NRT,280.97,1.17,N
-42.62812,-71.46511,300.55,0.46,0.47,2026-02-02,0618,N,VIIRS,n,2.0NRT,280.97,1.78,N
-42.63158,-71.47768,322.08,0.46,0.47,2026-02-02,0618,N,VIIRS,n,2.0NRT,284.24,2.62,N
-42.63106,-71.48396,300.57,0.46,0.47,2026-02-02,0618,N,VIIRS,n,2.0NRT,279.02,2.62,N
-42.63207,-71.47165,306.54,0.46,0.47,2026-02-02,0618,N,VIIRS,n,2.0NRT,279.26,1.47,N
-42.63256,-71.46571,306.35,0.46,0.47,2026-02-02,0618,N,VIIRS,n,2.0NRT,278.79,1.47,N
-42.63599,-71.47856,329.81,0.46,0.47,2026-02-02,0618,N,VIIRS,n,2.0NRT,285.27,2.62,N
-42.63651,-71.47231,313.14,0.46,0.47,2026-02-02,0618,N,VIIRS,n,2.0NRT,282.74,1.47,N
-42.63701,-71.46629,299.06,0.46,0.47,2026-02-02,0618,N,VIIRS,n,2.0NRT,279.48,1.47,N
-42.64041,-71.47953,295.59,0.46,0.47,2026-02-02,0618,N,VIIRS,n,2.0NRT,278.97,1.24,N
-42.64093,-71.47314,296.39,0.46,0.47,2026-02-02,0618,N,VIIRS,n,2.0NRT,281.12,1.09,N
-42.64195,-71.4609,296.39,0.46,0.47,2026-02-02,0618,N,VIIRS,n,2.0NRT,280.54,1.71,N
-42.64587,-71.46778,302.88,0.46,0.47,2026-02-02,0618,N,VIIRS,n,2.0NRT,278.75,1.09,N
-42.65081,-71.46247,296.73,0.46,0.47,2026-02-02,0618,N,VIIRS,n,2.0NRT,282.04,0.79,N
-42.65134,-71.45618,295.65,0.46,0.47,2026-02-02,0618,N,VIIRS,n,2.0NRT,280.99,0.79,N
-42.65764,-71.48834,299.05,0.46,0.47,2026-02-02,0618,N,VIIRS,n,2.0NRT,286.43,2.63,N
-42.66163,-71.49438,301.23,0.46,0.47,2026-02-02,0618,N,VIIRS,n,2.0NRT,286.36,2.67,N
-42.64613,-71.77956,305.46,0.45,0.47,2026-02-02,0618,N,VIIRS,n,2.0NRT,279.92,2.6,N
-42.65051,-71.7802,306.41,0.45,0.47,2026-02-02,0618,N,VIIRS,n,2.0NRT,283.01,1.75,N
-42.65094,-71.77515,296.06,0.45,0.47,2026-02-02,0618,N,VIIRS,n,2.0NRT,283.12,1.75,N
-42.65569,-71.77157,295.41,0.45,0.47,2026-02-02,0618,N,VIIRS,n,2.0NRT,280.18,2.74,N
-42.66039,-71.76851,297.88,0.45,0.47,2026-02-02,0618,N,VIIRS,n,2.0NRT,281.41,2.01,N
-42.66072,-71.76457,296.54,0.45,0.47,2026-02-02,0618,N,VIIRS,n,2.0NRT,280.86,2.46,N
-42.67451,-71.60606,300.56,0.46,0.47,2026-02-02,0618,N,VIIRS,n,2.0NRT,283.4,1.19,N
-42.679,-71.60588,305.07,0.46,0.47,2026-02-02,0618,N,VIIRS,n,2.0NRT,284.26,1.19,N
-42.69671,-71.60777,302.91,0.46,0.47,2026-02-02,0618,N,VIIRS,n,2.0NRT,284.06,1.36,N
-42.68227,-71.60654,302.41,0.46,0.47,2026-02-02,0618,N,VIIRS,n,2.0NRT,286.68,1.79,N
-42.69554,-71.60819,297.49,0.46,0.47,2026-02-02,0618,N,VIIRS,n,2.0NRT,283.52,1.7,N
-42.75418,-71.60178,296.21,0.46,0.47,2026-02-02,0618,N,VIIRS,n,2.0NRT,282.34,1.15,N
-38.00756,-57.63054,333.96,0.47,0.64,2026-02-02,1654,N,VIIRS,n,2.0NRT,295.42,3.06,D
-38.00736,-57.625,332.31,0.47,0.64,2026-02-02,1654,N,VIIRS,n,2.0NRT,294.69,3.9,D
-38.00021,-57.62715,330.39,0.47,0.64,2026-02-02,1654,N,VIIRS,n,2.0NRT,295.32,4.06,D
-38.0065,-57.6323,338.1,0.47,0.64,2026-02-02,1654,N,VIIRS,n,2.0NRT,295.88,4.06,D
-38.00627,-57.62678,344.25,0.47,0.64,2026-02-02,1654,N,VIIRS,n,2.0NRT,295.59,4.06,D
-38.00045,-57.6327,350.51,0.47,0.64,2026-02-02,1654,N,VIIRS,n,2.0NRT,296.65,4.06,D
-34.14697,-59.15967,341.13,0.53,0.67,2026-02-02,1656,N,VIIRS,n,2.0NRT,294.95,5.63,D
-35.12232,-60.52892,342.37,0.64,0.72,2026-02-02,1656,N,VIIRS,n,2.0NRT,291.2,8.47,D
-35.01477,-58.00092,331.04,0.47,0.64,2026-02-02,1656,N,VIIRS,n,2.0NRT,294.07,2.71,D
-35.1215,-60.52754,342.96,0.64,0.72,2026-02-02,1656,N,VIIRS,n,2.0NRT,291.13,4.96,D
-33.47801,-59.62649,337.54,0.56,0.69,2026-02-02,1656,N,VIIRS,n,2.0NRT,289.67,6.7,D
-33.23066,-58.45613,342.04,0.48,0.65,2026-02-02,1656,N,VIIRS,n,2.0NRT,293.64,5.97,D
-33.22456,-58.45656,355.06,0.48,0.65,2026-02-02,1656,N,VIIRS,n,2.0NRT,294.61,10.57,D
-31.69349,-60.60506,334.6,0.62,0.71,2026-02-02,1656,N,VIIRS,n,2.0NRT,303.2,8.48,D
-31.69124,-60.60686,353.14,0.62,0.71,2026-02-02,1656,N,VIIRS,n,2.0NRT,305.63,14.96,D
-31.43447,-59.37565,367,0.52,0.67,2026-02-02,1656,N,VIIRS,h,2.0NRT,299.51,12.67,D
-31.43474,-59.3814,333.98,0.52,0.67,2026-02-02,1656,N,VIIRS,n,2.0NRT,298.05,6.88,D
-31.43158,-59.3783,367,0.52,0.67,2026-02-02,1656,N,VIIRS,h,2.0NRT,307.05,39.82,D
-31.43097,-59.36677,331.05,0.52,0.67,2026-02-02,1656,N,VIIRS,n,2.0NRT,299.48,14.29,D
-31.43127,-59.37255,352.67,0.52,0.67,2026-02-02,1656,N,VIIRS,n,2.0NRT,299.6,14.29,D
-31.42526,-59.37867,367,0.52,0.67,2026-02-02,1656,N,VIIRS,h,2.0NRT,305,14.47,D
-31.42496,-59.3729,331.09,0.52,0.67,2026-02-02,1656,N,VIIRS,n,2.0NRT,300.63,18.5,D
-31.42556,-59.38437,336.38,0.52,0.67,2026-02-02,1656,N,VIIRS,n,2.0NRT,299.09,14.47,D
-31.41864,-59.3733,367,0.52,0.67,2026-02-02,1656,N,VIIRS,h,2.0NRT,302.76,18.5,D
-31.41895,-59.37902,367,0.52,0.67,2026-02-02,1656,N,VIIRS,h,2.0NRT,300.87,14.47,D
-31.33786,-58.07307,341.64,0.44,0.62,2026-02-02,1656,N,VIIRS,n,2.0NRT,298.79,3.16,D
-34.14492,-59.15411,351.74,0.53,0.67,2026-02-02,1656,N,VIIRS,n,2.0NRT,295.3,11.5,D
-31.41233,-59.37373,345.3,0.52,0.67,2026-02-02,1656,N,VIIRS,n,2.0NRT,298.98,6.26,D
-31.40483,-59.35135,367,0.52,0.67,2026-02-02,1656,N,VIIRS,h,2.0NRT,301.67,19.58,D
-31.40513,-59.35704,346.08,0.52,0.67,2026-02-02,1656,N,VIIRS,n,2.0NRT,301.56,12.83,D
-31.40602,-59.37415,336.72,0.52,0.67,2026-02-02,1656,N,VIIRS,n,2.0NRT,300.56,6.26,D
-31.39911,-59.36314,330.32,0.52,0.67,2026-02-02,1656,N,VIIRS,n,2.0NRT,296.71,7.82,D
-31.39941,-59.36884,340.1,0.52,0.67,2026-02-02,1656,N,VIIRS,n,2.0NRT,297.75,7.42,D
-31.3997,-59.37454,356.13,0.52,0.67,2026-02-02,1656,N,VIIRS,n,2.0NRT,295.04,7.42,D
-34.14673,-59.15365,339.59,0.53,0.67,2026-02-02,1656,N,VIIRS,n,2.0NRT,295.04,5.63,D
-34.86436,-58.55945,339.01,0.5,0.66,2026-02-02,1656,N,VIIRS,n,2.0NRT,289.88,5.24,D
-34.86465,-58.56519,334.65,0.5,0.66,2026-02-02,1656,N,VIIRS,n,2.0NRT,291.44,5.24,D
-34.86219,-58.56293,342.2,0.5,0.66,2026-02-02,1656,N,VIIRS,n,2.0NRT,291.2,6.17,D
-34.8684,-58.56259,334.36,0.5,0.66,2026-02-02,1656,N,VIIRS,n,2.0NRT,290.65,6.17,D
-34.86816,-58.55682,353.64,0.5,0.66,2026-02-02,1656,N,VIIRS,n,2.0NRT,285.51,24.97,D
-34.86791,-58.55107,367,0.5,0.66,2026-02-02,1656,N,VIIRS,h,2.0NRT,291.74,24.97,D
-35.01424,-58.00396,342.21,0.47,0.64,2026-02-02,1656,N,VIIRS,n,2.0NRT,294.15,3.55,D
-29.3105,-59.8979,337.09,0.54,0.68,2026-02-02,1658,N,VIIRS,n,2.0NRT,297.43,5.83,D
-29.55244,-60.86508,367,0.62,0.71,2026-02-02,1658,N,VIIRS,h,2.0NRT,292.25,31.91,D
-29.5445,-60.8388,340.37,0.62,0.71,2026-02-02,1658,N,VIIRS,n,2.0NRT,290.5,9.29,D
-29.4172,-58.6685,329.58,0.46,0.63,2026-02-02,1658,N,VIIRS,n,2.0NRT,297.43,6.28,D
-29.5578,-60.8653,344.31,0.62,0.71,2026-02-02,1658,N,VIIRS,n,2.0NRT,288.23,12.53,D
-29.55106,-60.86567,367,0.62,0.71,2026-02-02,1658,N,VIIRS,h,2.0NRT,290.58,12.53,D
-29.55072,-60.85901,330.94,0.62,0.71,2026-02-02,1658,N,VIIRS,n,2.0NRT,289.01,12.53,D
-29.54296,-60.83942,354.03,0.61,0.71,2026-02-02,1658,N,VIIRS,n,2.0NRT,291.1,11.32,D
-29.28038,-56.97473,339.54,0.36,0.57,2026-02-02,1658,N,VIIRS,n,2.0NRT,300.7,2.54,D
-29.30942,-59.89825,336.36,0.54,0.68,2026-02-02,1658,N,VIIRS,n,2.0NRT,295.98,6.7,D
-27.55732,-56.71684,343.09,0.33,0.56,2026-02-02,1658,N,VIIRS,n,2.0NRT,301.39,4.18,D
-27.23328,-54.19305,340.15,0.47,0.47,2026-02-02,1658,N,VIIRS,n,2.0NRT,299.98,6.35,D
-27.20054,-54.05252,330.97,0.46,0.47,2026-02-02,1658,N,VIIRS,n,2.0NRT,296.7,2.08,D
-26.33391,-54.56565,330.2,0.48,0.48,2026-02-02,1658,N,VIIRS,n,2.0NRT,299.96,6.82,D
-26.36404,-58.32086,367,0.41,0.6,2026-02-02,1658,N,VIIRS,h,2.0NRT,298.64,16.46,D
-26.35837,-58.32139,367,0.41,0.6,2026-02-02,1658,N,VIIRS,h,2.0NRT,298.1,16.46,D
-26.36146,-58.32022,367,0.41,0.6,2026-02-02,1658,N,VIIRS,h,2.0NRT,299.7,19.54,D
-26.3618,-58.32442,350.17,0.41,0.6,2026-02-02,1658,N,VIIRS,n,2.0NRT,296.24,19.54,D
-26.33532,-58.2095,331.48,0.4,0.6,2026-02-02,1658,N,VIIRS,n,2.0NRT,296.39,5.94,D
-26.33566,-58.21362,340.43,0.4,0.6,2026-02-02,1658,N,VIIRS,n,2.0NRT,295.88,4.51,D
-26.33844,-58.76306,367,0.43,0.62,2026-02-02,1658,N,VIIRS,h,2.0NRT,298.9,13.47,D
-25.76861,-54.05359,340.93,0.44,0.46,2026-02-02,1658,N,VIIRS,n,2.0NRT,294.19,4.62,D
-26.23288,-61.23386,329.14,0.61,0.71,2026-02-02,1658,N,VIIRS,n,2.0NRT,297.56,12.41,D
-25.9218,-57.89411,330.14,0.38,0.59,2026-02-02,1658,N,VIIRS,n,2.0NRT,293.9,5.09,D
-25.9214,-57.8925,334.09,0.38,0.59,2026-02-02,1658,N,VIIRS,n,2.0NRT,294.77,5.45,D
-25.79643,-57.91621,341.02,0.38,0.59,2026-02-02,1658,N,VIIRS,n,2.0NRT,293.16,4.51,D
-25.67793,-57.83042,367,0.37,0.58,2026-02-02,1658,N,VIIRS,h,2.0NRT,298.21,10.73,D
-25.67859,-57.83809,367,0.37,0.58,2026-02-02,1658,N,VIIRS,h,2.0NRT,294.85,10.25,D
-25.59083,-59.1729,351.97,0.45,0.63,2026-02-02,1658,N,VIIRS,n,2.0NRT,290.55,7.43,D
-25.33838,-58.00283,340.64,0.38,0.59,2026-02-02,1658,N,VIIRS,n,2.0NRT,291.82,3.63,D
-42.68218,-71.37318,339.57,0.44,0.38,2026-02-02,1834,N,VIIRS,n,2.0NRT,291.5,4.37,D
-42.67862,-71.37394,343.23,0.44,0.38,2026-02-02,1834,N,VIIRS,n,2.0NRT,296.42,7.1,D
-42.68061,-71.39017,339.62,0.44,0.38,2026-02-02,1834,N,VIIRS,n,2.0NRT,291.17,4.62,D
-42.66774,-71.31458,333.56,0.43,0.38,2026-02-02,1834,N,VIIRS,n,2.0NRT,292.67,3.84,D
-42.67704,-71.39085,338.85,0.44,0.38,2026-02-02,1834,N,VIIRS,n,2.0NRT,292.8,4.62,D
-42.66794,-71.37594,341.77,0.44,0.38,2026-02-02,1834,N,VIIRS,n,2.0NRT,292.42,6.45,D
-42.67188,-71.40839,348.18,0.44,0.38,2026-02-02,1834,N,VIIRS,n,2.0NRT,293.29,7.83,D
-42.68678,-71.53169,334.99,0.44,0.38,2026-02-02,1834,N,VIIRS,n,2.0NRT,279.55,5.23,D
-42.66833,-71.40917,330.14,0.44,0.38,2026-02-02,1834,N,VIIRS,n,2.0NRT,292.47,2.8,D
-42.68393,-71.53848,330.37,0.44,0.38,2026-02-02,1834,N,VIIRS,n,2.0NRT,278.68,5.41,D
-42.64803,-71.46621,353.94,0.44,0.38,2026-02-02,1834,N,VIIRS,n,2.0NRT,294.91,19.39,D
-42.64932,-71.47672,335.11,0.44,0.38,2026-02-02,1834,N,VIIRS,n,2.0NRT,284.22,2.87,D
-42.64383,-71.46175,332.42,0.44,0.38,2026-02-02,1834,N,VIIRS,n,2.0NRT,288.26,7.55,D
-42.64091,-71.4678,336.55,0.44,0.38,2026-02-02,1834,N,VIIRS,n,2.0NRT,277.75,5.3,D
-42.64156,-71.47308,346.67,0.44,0.38,2026-02-02,1834,N,VIIRS,n,2.0NRT,278,5.3,D
-42.63065,-71.41424,334.96,0.44,0.38,2026-02-02,1834,N,VIIRS,n,2.0NRT,276.01,2.26,D
-42.63636,-71.49018,338.87,0.44,0.38,2026-02-02,1834,N,VIIRS,n,2.0NRT,277.23,3.74,D
-42.627,-71.5034,332.52,0.44,0.38,2026-02-02,1834,N,VIIRS,n,2.0NRT,277.99,5.06,D
-42.61942,-71.56124,336.31,0.44,0.38,2026-02-02,1834,N,VIIRS,n,2.0NRT,286.55,4.61,D
-42.62004,-71.56638,335.38,0.44,0.38,2026-02-02,1834,N,VIIRS,n,2.0NRT,280.34,4.61,D
-42.5934,-71.37819,335.68,0.43,0.38,2026-02-02,1834,N,VIIRS,n,2.0NRT,284.79,3.57,D
-42.58988,-71.37922,332.89,0.43,0.38,2026-02-02,1834,N,VIIRS,n,2.0NRT,285.86,3.57,D
-42.55849,-71.42066,351.6,0.44,0.38,2026-02-02,1834,N,VIIRS,n,2.0NRT,299.18,49.37,D
-42.5543,-71.41625,350.05,0.44,0.38,2026-02-02,1834,N,VIIRS,n,2.0NRT,293.92,49.23,D
-42.55495,-71.42164,357.17,0.44,0.38,2026-02-02,1834,N,VIIRS,l,2.0NRT,281.03,16.17,D
-42.55273,-71.4334,367,0.44,0.38,2026-02-02,1834,N,VIIRS,h,2.0NRT,305.44,39.9,D
-42.55536,-71.45517,354.61,0.44,0.38,2026-02-02,1834,N,VIIRS,n,2.0NRT,285.64,7.36,D
-42.55601,-71.46058,351.01,0.44,0.38,2026-02-02,1834,N,VIIRS,n,2.0NRT,282.9,7.36,D
-42.55207,-71.42796,357.13,0.44,0.38,2026-02-02,1834,N,VIIRS,l,2.0NRT,286.49,16.17,D
-42.55666,-71.41711,348.98,0.44,0.38,2026-02-02,1834,N,VIIRS,n,2.0NRT,303.55,56.48,D
-42.55733,-71.4225,348.11,0.44,0.38,2026-02-02,1834,N,VIIRS,n,2.0NRT,298.89,56.48,D
-42.55246,-71.41268,339.39,0.44,0.38,2026-02-02,1834,N,VIIRS,n,2.0NRT,290.64,18.77,D
-42.55787,-71.456,344.81,0.44,0.38,2026-02-02,1834,N,VIIRS,n,2.0NRT,288.04,6.9,D
-42.55162,-71.4352,367,0.44,0.38,2026-02-02,1834,N,VIIRS,h,2.0NRT,322.93,56.47,D
-42.55433,-71.45692,354.71,0.44,0.38,2026-02-02,1834,N,VIIRS,n,2.0NRT,285.25,10.85,D
-42.555,-71.46233,344.94,0.44,0.38,2026-02-02,1834,N,VIIRS,n,2.0NRT,285.88,6.87,D
-42.55095,-71.42976,367,0.44,0.38,2026-02-02,1834,N,VIIRS,l,2.0NRT,332.33,56.47,D
-42.54809,-71.43613,356.4,0.44,0.38,2026-02-02,1834,N,VIIRS,n,2.0NRT,289.19,56.47,D
-42.55079,-71.45782,349.79,0.44,0.38,2026-02-02,1834,N,VIIRS,n,2.0NRT,291.02,10.85,D
-42.55214,-71.46864,341.35,0.44,0.38,2026-02-02,1834,N,VIIRS,n,2.0NRT,285.45,6.87,D
-42.55415,-71.48483,349.16,0.44,0.38,2026-02-02,1834,N,VIIRS,n,2.0NRT,307.36,12.09,D
-42.5459,-71.44787,346.66,0.44,0.38,2026-02-02,1834,N,VIIRS,n,2.0NRT,290.6,4.95,D
-42.54658,-71.45329,341.02,0.44,0.38,2026-02-02,1834,N,VIIRS,n,2.0NRT,298.44,11.73,D
-42.54993,-71.48028,350.54,0.44,0.38,2026-02-02,1834,N,VIIRS,n,2.0NRT,292.52,18.43,D
-42.54169,-71.44337,337.37,0.44,0.38,2026-02-02,1834,N,VIIRS,n,2.0NRT,291.68,4.95,D
-42.33416,-71.37169,367,0.43,0.38,2026-02-02,1834,N,VIIRS,h,2.0NRT,338.5,61.81,D
-42.33061,-71.37241,350.54,0.43,0.38,2026-02-02,1834,N,VIIRS,n,2.0NRT,308.93,61.81,D
-42.33564,-71.36858,341.27,0.43,0.38,2026-02-02,1834,N,VIIRS,n,2.0NRT,302.31,69.09,D
-42.33276,-71.3746,367,0.43,0.38,2026-02-02,1834,N,VIIRS,h,2.0NRT,333.45,70.12,D
-42.32369,-71.3603,336.52,0.43,0.38,2026-02-02,1834,N,VIIRS,n,2.0NRT,285.04,3.62,D
-42.31596,-71.35663,356.35,0.43,0.38,2026-02-02,1834,N,VIIRS,l,2.0NRT,286.9,26.37,D
-42.31304,-71.36236,341.29,0.43,0.38,2026-02-02,1834,N,VIIRS,n,2.0NRT,284.02,15.75,D
-42.30949,-71.36303,353.57,0.43,0.38,2026-02-02,1834,N,VIIRS,n,2.0NRT,298.34,15.75,D
-42.3108,-71.37347,348.45,0.43,0.38,2026-02-02,1834,N,VIIRS,n,2.0NRT,289.16,14.95,D
-42.30595,-71.36374,344.74,0.43,0.38,2026-02-02,1834,N,VIIRS,n,2.0NRT,286.09,16.11,D
-34.54548,-59.16456,353.08,0.36,0.58,2026-02-02,1836,N,VIIRS,n,2.0NRT,295.35,2.15,D
-37.9592,-57.64497,341.91,0.36,0.57,2026-02-02,1836,N,VIIRS,n,2.0NRT,296.77,4.51,D
-38.39462,-61.25636,331.75,0.46,0.47,2026-02-02,1836,N,VIIRS,n,2.0NRT,287.28,3.41,D
-38.38914,-61.25275,351.74,0.46,0.47,2026-02-02,1836,N,VIIRS,n,2.0NRT,285.69,13.67,D
-38.39034,-61.25795,346.08,0.46,0.47,2026-02-02,1836,N,VIIRS,n,2.0NRT,286.73,3.41,D
-38.37453,-61.22978,330.67,0.46,0.47,2026-02-02,1836,N,VIIRS,n,2.0NRT,288.48,4.87,D
-38.38519,-61.25045,334.57,0.46,0.47,2026-02-02,1836,N,VIIRS,n,2.0NRT,286.8,7.03,D
-38.74575,-68.83505,341.13,0.38,0.36,2026-02-02,1836,N,VIIRS,n,2.0NRT,305.27,6.23,D
-36.6452,-60.70809,333,0.54,0.51,2026-02-02,1836,N,VIIRS,n,2.0NRT,301.98,4.73,D
-36.63776,-60.69776,343.47,0.54,0.51,2026-02-02,1836,N,VIIRS,n,2.0NRT,299.4,20.06,D
-36.63918,-60.70375,348.93,0.54,0.51,2026-02-02,1836,N,VIIRS,n,2.0NRT,303.59,20.06,D
-36.64061,-60.70972,333.9,0.54,0.51,2026-02-02,1836,N,VIIRS,n,2.0NRT,301.56,4.73,D
-36.64202,-60.71568,340.34,0.54,0.51,2026-02-02,1836,N,VIIRS,n,2.0NRT,299.93,4.73,D
-36.63459,-60.70539,344.9,0.54,0.51,2026-02-02,1836,N,VIIRS,n,2.0NRT,300.13,8.92,D
-36.63601,-60.71136,352.89,0.54,0.51,2026-02-02,1836,N,VIIRS,n,2.0NRT,300.08,15.1,D
-36.63742,-60.71733,356.9,0.54,0.51,2026-02-02,1836,N,VIIRS,n,2.0NRT,303.73,15.1,D
-36.63283,-60.71898,345.11,0.54,0.51,2026-02-02,1836,N,VIIRS,n,2.0NRT,299.41,15.1,D
-34.93941,-58.31674,367,0.39,0.6,2026-02-02,1836,N,VIIRS,h,2.0NRT,298.61,19.09,D
-34.93403,-58.31881,367,0.39,0.6,2026-02-02,1836,N,VIIRS,h,2.0NRT,298.28,19.09,D
-34.93515,-58.32309,349.09,0.39,0.6,2026-02-02,1836,N,VIIRS,n,2.0NRT,297.62,14.5,D
-34.92976,-58.32515,337.72,0.39,0.6,2026-02-02,1836,N,VIIRS,n,2.0NRT,296.63,3.13,D
-34.85814,-58.29483,331.18,0.4,0.6,2026-02-02,1836,N,VIIRS,n,2.0NRT,297.83,1.66,D
-34.86785,-58.55778,367,0.38,0.59,2026-02-02,1836,N,VIIRS,h,2.0NRT,299.46,11.99,D
-34.86894,-58.56194,367,0.38,0.59,2026-02-02,1836,N,VIIRS,h,2.0NRT,300.7,14.7,D
-34.86676,-58.55362,347.33,0.38,0.59,2026-02-02,1836,N,VIIRS,n,2.0NRT,297.49,11.99,D
-34.8636,-58.56396,367,0.38,0.59,2026-02-02,1836,N,VIIRS,h,2.0NRT,300.12,14.7,D
-34.86251,-58.5598,336.57,0.38,0.59,2026-02-02,1836,N,VIIRS,n,2.0NRT,299.31,11.99,D
-35.12127,-60.52227,336.55,0.6,0.53,2026-02-02,1836,N,VIIRS,n,2.0NRT,300.41,6.08,D
-35.12125,-60.52479,339.76,0.6,0.53,2026-02-02,1836,N,VIIRS,n,2.0NRT,299.38,6.86,D
-35.30383,-61.41343,336.16,0.53,0.5,2026-02-02,1836,N,VIIRS,n,2.0NRT,302.91,3.51,D
-34.59096,-58.8154,341.22,0.38,0.59,2026-02-02,1836,N,VIIRS,n,2.0NRT,296.87,3.55,D
-34.59846,-58.93811,330.59,0.37,0.58,2026-02-02,1836,N,VIIRS,n,2.0NRT,294.6,1.29,D
-34.54689,-59.16259,347.14,0.36,0.58,2026-02-02,1836,N,VIIRS,n,2.0NRT,295.54,2.4,D
-34.14714,-59.15279,355.5,0.37,0.58,2026-02-02,1836,N,VIIRS,n,2.0NRT,302.08,5.82,D
-35.26193,-65.25883,342.95,0.51,0.41,2026-02-02,1836,N,VIIRS,n,2.0NRT,312.22,8.24,D
-35.26465,-65.25951,342.18,0.51,0.41,2026-02-02,1836,N,VIIRS,l,2.0NRT,312.73,4.32,D
-33.47163,-59.60731,333.8,0.37,0.58,2026-02-02,1836,N,VIIRS,l,2.0NRT,305.49,6.21,D
-33.29798,-60.25833,335.4,0.34,0.56,2026-02-02,1836,N,VIIRS,n,2.0NRT,304.11,2.12,D
-33.07793,-59.54797,367,0.38,0.58,2026-02-02,1836,N,VIIRS,h,2.0NRT,310.01,19.11,D
-33.25505,-60.28449,337.99,0.34,0.56,2026-02-02,1836,N,VIIRS,n,2.0NRT,305.91,5.36,D
-33.06197,-59.90456,333.08,0.36,0.57,2026-02-02,1836,N,VIIRS,n,2.0NRT,302.29,3.52,D
-32.99896,-60.05891,344.71,0.35,0.57,2026-02-02,1836,N,VIIRS,n,2.0NRT,294.19,5.89,D
-33.00063,-60.05598,332.58,0.35,0.57,2026-02-02,1836,N,VIIRS,n,2.0NRT,293.97,2.67,D
-33.00156,-60.05977,343.55,0.35,0.57,2026-02-02,1836,N,VIIRS,n,2.0NRT,293.24,2.67,D
-32.44435,-59.09979,367,0.41,0.61,2026-02-02,1838,N,VIIRS,h,2.0NRT,297.76,6.7,D
-32.44321,-59.09542,341.39,0.41,0.61,2026-02-02,1838,N,VIIRS,n,2.0NRT,296.68,7.95,D
-32.43883,-59.10171,346.53,0.41,0.61,2026-02-02,1838,N,VIIRS,n,2.0NRT,297.12,4.25,D
-32.80933,-60.5586,334.55,0.34,0.56,2026-02-02,1838,N,VIIRS,n,2.0NRT,283.64,9.69,D
-32.81022,-60.56218,357.07,0.34,0.56,2026-02-02,1838,N,VIIRS,l,2.0NRT,282.23,11.18,D
-32.80923,-60.56152,357.06,0.34,0.56,2026-02-02,1838,N,VIIRS,l,2.0NRT,287.22,6.37,D
-32.44134,-59.09777,367,0.41,0.61,2026-02-02,1838,N,VIIRS,h,2.0NRT,299.93,7.96,D
-32.44245,-59.10214,344.49,0.41,0.61,2026-02-02,1838,N,VIIRS,n,2.0NRT,296.28,7.96,D
-32.80502,-60.56684,332.5,0.34,0.56,2026-02-02,1838,N,VIIRS,n,2.0NRT,283.67,6.37,D
-32.49825,-60.70731,333.23,0.34,0.56,2026-02-02,1838,N,VIIRS,l,2.0NRT,307.11,3.07,D
-32.50265,-60.70409,337.19,0.34,0.56,2026-02-02,1838,N,VIIRS,n,2.0NRT,304.2,3.85,D
-32.45802,-60.74588,333.31,0.33,0.56,2026-02-02,1838,N,VIIRS,l,2.0NRT,308.04,3.41,D
-32.45295,-60.74757,345.66,0.33,0.56,2026-02-02,1838,N,VIIRS,n,2.0NRT,309.15,3.41,D
-32.45382,-60.75113,351.35,0.33,0.56,2026-02-02,1838,N,VIIRS,n,2.0NRT,311.69,3.41,D
-32.43719,-60.79494,350.95,0.33,0.55,2026-02-02,1838,N,VIIRS,n,2.0NRT,309.7,8.47,D
-32.40787,-60.72014,336.2,0.34,0.56,2026-02-02,1838,N,VIIRS,n,2.0NRT,305.98,4.62,D
-32.40693,-60.71943,333.08,0.34,0.56,2026-02-02,1838,N,VIIRS,l,2.0NRT,306.68,4.01,D
-32.30068,-60.53146,334.34,0.35,0.56,2026-02-02,1838,N,VIIRS,n,2.0NRT,300.93,1.78,D
-32.29734,-60.54053,347.7,0.35,0.56,2026-02-02,1838,N,VIIRS,n,2.0NRT,303.72,7.13,D
-32.34577,-60.85091,339.09,0.33,0.55,2026-02-02,1838,N,VIIRS,n,2.0NRT,304.57,1.6,D
-32.27677,-60.74901,330.79,0.34,0.56,2026-02-02,1838,N,VIIRS,n,2.0NRT,303.76,5.29,D
-32.27764,-60.75259,342.74,0.34,0.56,2026-02-02,1838,N,VIIRS,n,2.0NRT,303.52,4.04,D
-31.84126,-60.70497,333.05,0.35,0.57,2026-02-02,1838,N,VIIRS,n,2.0NRT,302.13,2.68,D
-31.34764,-58.96422,333.48,0.45,0.63,2026-02-02,1838,N,VIIRS,n,2.0NRT,303.35,5.18,D
-31.4347,-59.37111,367,0.42,0.61,2026-02-02,1838,N,VIIRS,h,2.0NRT,298.1,11.04,D
-31.43356,-59.36671,346.31,0.42,0.61,2026-02-02,1838,N,VIIRS,n,2.0NRT,293.79,11.04,D
-31.43583,-59.37551,332.05,0.42,0.61,2026-02-02,1838,N,VIIRS,n,2.0NRT,293.5,7.19,D
-31.43027,-59.37745,367,0.42,0.61,2026-02-02,1838,N,VIIRS,h,2.0NRT,298.62,16.41,D
-31.42913,-59.37303,337.32,0.42,0.61,2026-02-02,1838,N,VIIRS,n,2.0NRT,295.74,16.42,D
-31.42471,-59.37937,367,0.42,0.61,2026-02-02,1838,N,VIIRS,h,2.0NRT,296.84,16.41,D
-31.42357,-59.37496,355.95,0.42,0.61,2026-02-02,1838,N,VIIRS,n,2.0NRT,295.52,16.42,D
-31.4157,-59.36797,367,0.42,0.61,2026-02-02,1838,N,VIIRS,h,2.0NRT,295.29,27.72,D
-31.41685,-59.37243,367,0.42,0.61,2026-02-02,1838,N,VIIRS,h,2.0NRT,294.26,25.23,D
-31.418,-59.37688,357.3,0.42,0.61,2026-02-02,1838,N,VIIRS,l,2.0NRT,289.98,25.23,D
-31.40433,-59.34755,334.87,0.42,0.61,2026-02-02,1838,N,VIIRS,n,2.0NRT,286.23,5.62,D
-31.41012,-59.36985,347.26,0.42,0.61,2026-02-02,1838,N,VIIRS,n,2.0NRT,289.69,27.72,D
-31.41128,-59.3743,352.43,0.42,0.61,2026-02-02,1838,N,VIIRS,n,2.0NRT,298.74,25.23,D
-31.41243,-59.37876,343.18,0.42,0.61,2026-02-02,1838,N,VIIRS,n,2.0NRT,283,25.23,D
-31.40455,-59.37176,350.34,0.42,0.61,2026-02-02,1838,N,VIIRS,n,2.0NRT,287.74,9.92,D
-31.77313,-60.82948,334.01,0.34,0.56,2026-02-02,1838,N,VIIRS,n,2.0NRT,299.98,2.75,D
-31.4057,-59.37621,357.13,0.42,0.61,2026-02-02,1838,N,VIIRS,l,2.0NRT,281.31,18.14,D
-31.3955,-59.3603,337.73,0.42,0.61,2026-02-02,1838,N,VIIRS,n,2.0NRT,286.41,9.55,D
-31.39782,-59.36923,350.45,0.42,0.61,2026-02-02,1838,N,VIIRS,n,2.0NRT,285.96,9.92,D
-31.39898,-59.37368,354.03,0.42,0.61,2026-02-02,1838,N,VIIRS,n,2.0NRT,282.18,9.92,D
-31.41547,-59.37232,367,0.42,0.61,2026-02-02,1838,N,VIIRS,h,2.0NRT,293.03,27.88,D
-31.41434,-59.36785,354.46,0.42,0.61,2026-02-02,1838,N,VIIRS,n,2.0NRT,293.15,24.2,D
-31.4166,-59.37679,342.09,0.42,0.61,2026-02-02,1838,N,VIIRS,n,2.0NRT,286.52,27.88,D
-31.4099,-59.37423,367,0.42,0.61,2026-02-02,1838,N,VIIRS,h,2.0NRT,295,27.88,D
-31.40877,-59.36977,340.26,0.42,0.61,2026-02-02,1838,N,VIIRS,n,2.0NRT,288.71,24.2,D
-31.41103,-59.3787,350.53,0.42,0.61,2026-02-02,1838,N,VIIRS,n,2.0NRT,280.51,27.88,D
-31.40321,-59.37169,349.9,0.42,0.61,2026-02-02,1838,N,VIIRS,n,2.0NRT,286.08,7.34,D
-31.40433,-59.37614,357.33,0.42,0.61,2026-02-02,1838,N,VIIRS,l,2.0NRT,280.56,11.94,D
-31.39424,-59.36021,333.17,0.42,0.61,2026-02-02,1838,N,VIIRS,n,2.0NRT,285.03,8.54,D
-31.39651,-59.36916,335.53,0.42,0.61,2026-02-02,1838,N,VIIRS,n,2.0NRT,282.33,7.34,D
-31.39764,-59.37364,344.61,0.42,0.61,2026-02-02,1838,N,VIIRS,n,2.0NRT,278.97,7.34,D
-31.6953,-60.59754,355.93,0.36,0.57,2026-02-02,1838,N,VIIRS,n,2.0NRT,306.69,9.29,D
-31.69621,-60.60129,343.36,0.35,0.57,2026-02-02,1838,N,VIIRS,n,2.0NRT,303.04,5.73,D
-31.69011,-60.59925,348.87,0.36,0.57,2026-02-02,1838,N,VIIRS,n,2.0NRT,305.01,9.29,D
-31.69102,-60.603,355.01,0.35,0.57,2026-02-02,1838,N,VIIRS,n,2.0NRT,308.87,5.73,D
-31.69193,-60.60675,339.93,0.35,0.57,2026-02-02,1838,N,VIIRS,n,2.0NRT,306.22,5.73,D
-31.68103,-60.72271,331.53,0.35,0.57,2026-02-02,1838,N,VIIRS,n,2.0NRT,299.91,4.45,D
-31.64152,-60.60717,333.25,0.36,0.57,2026-02-02,1838,N,VIIRS,n,2.0NRT,301.94,2.73,D
-31.58596,-60.5194,332.31,0.36,0.57,2026-02-02,1838,N,VIIRS,n,2.0NRT,299.52,3.18,D
-32.98437,-67.65633,336.61,0.44,0.39,2026-02-02,1838,N,VIIRS,n,2.0NRT,307.86,0.32,D
-30.49197,-58.7905,333.25,0.48,0.64,2026-02-02,1838,N,VIIRS,n,2.0NRT,293.54,7.57,D
-30.4933,-58.79552,351.2,0.48,0.64,2026-02-02,1838,N,VIIRS,n,2.0NRT,297.59,7.57,D
-30.49792,-58.79347,335.93,0.48,0.64,2026-02-02,1838,N,VIIRS,n,2.0NRT,293.57,7.58,D
-30.49205,-58.79545,336.62,0.48,0.64,2026-02-02,1838,N,VIIRS,n,2.0NRT,297.07,7.58,D
-30.49334,-58.80046,334.76,0.48,0.64,2026-02-02,1838,N,VIIRS,n,2.0NRT,297.12,6.39,D
-29.60048,-67.40938,353.99,0.5,0.41,2026-02-02,1838,N,VIIRS,n,2.0NRT,316,13.64,D
-29.60147,-67.4146,356.71,0.5,0.41,2026-02-02,1838,N,VIIRS,l,2.0NRT,316.2,14.6,D
-29.59672,-67.41029,351.28,0.5,0.41,2026-02-02,1838,N,VIIRS,n,2.0NRT,316.27,12.33,D
-29.59771,-67.41551,357.07,0.5,0.41,2026-02-02,1838,N,VIIRS,l,2.0NRT,314.9,13.33,D
-29.33157,-67.42329,345.05,0.51,0.41,2026-02-02,1838,N,VIIRS,n,2.0NRT,313.32,8.51,D
-29.33255,-67.42854,342.84,0.51,0.41,2026-02-02,1838,N,VIIRS,n,2.0NRT,312.1,5.34,D
-29.3278,-67.42422,348.11,0.51,0.41,2026-02-02,1838,N,VIIRS,n,2.0NRT,312.76,7.59,D
-29.31075,-67.41747,340.59,0.51,0.41,2026-02-02,1838,N,VIIRS,l,2.0NRT,314.47,4.82,D
-29.31174,-67.42271,355.88,0.51,0.41,2026-02-02,1838,N,VIIRS,n,2.0NRT,313.33,5.98,D
-29.30698,-67.4184,343.71,0.51,0.41,2026-02-02,1838,N,VIIRS,l,2.0NRT,314.38,4.82,D
-29.30797,-67.42365,345.03,0.51,0.41,2026-02-02,1838,N,VIIRS,n,2.0NRT,313.49,5.98,D
-29.30321,-67.41933,349.77,0.51,0.41,2026-02-02,1838,N,VIIRS,n,2.0NRT,314.69,8.55,D
-26.20587,-58.32563,347.15,0.64,0.72,2026-02-02,1838,N,VIIRS,n,2.0NRT,288.82,8.37,D
-28.08897,-67.52895,343.03,0.53,0.42,2026-02-02,1838,N,VIIRS,l,2.0NRT,317.06,5.36,D
-26.16146,-60.43284,332.49,0.49,0.65,2026-02-02,1838,N,VIIRS,n,2.0NRT,289.32,3.23,D
-25.63931,-64.72244,333.13,0.56,0.51,2026-02-02,1840,N,VIIRS,n,2.0NRT,297.88,3.85,D
-25.63966,-64.72502,333.44,0.56,0.51,2026-02-02,1840,N,VIIRS,n,2.0NRT,299.06,4.76,D
-25.07366,-67.7825,336.36,0.57,0.43,2026-02-02,1840,N,VIIRS,l,2.0NRT,308.4,3.54,D
-25.07203,-67.77947,341.04,0.57,0.43,2026-02-02,1840,N,VIIRS,l,2.0NRT,311.69,3.88,D
-26.04343,-54.50282,314.25,0.34,0.56,2026-02-03,0414,N,VIIRS,n,2.0NRT,289.01,1.15,N
-26.04375,-54.50224,315.24,0.34,0.56,2026-02-03,0414,N,VIIRS,n,2.0NRT,289.01,1.11,N
-25.04524,-60.24834,312.28,0.76,0.77,2026-02-03,0414,N,VIIRS,n,2.0NRT,287.09,2.91,N
-25.04737,-60.24065,313.31,0.76,0.77,2026-02-03,0414,N,VIIRS,n,2.0NRT,287.12,2.91,N
-26.62561,-54.01284,304.8,0.61,0.54,2026-02-03,0414,N,VIIRS,n,2.0NRT,288,2.29,N
-29.54788,-60.84793,328.09,0.64,0.72,2026-02-03,0414,N,VIIRS,n,2.0NRT,287.78,5.04,N
-29.5308,-60.90865,308.18,0.65,0.73,2026-02-03,0414,N,VIIRS,n,2.0NRT,287.87,1.48,N
-29.54599,-60.85466,315.82,0.64,0.72,2026-02-03,0414,N,VIIRS,n,2.0NRT,287.3,5.04,N
-29.55444,-60.85041,337.57,0.64,0.72,2026-02-03,0414,N,VIIRS,n,2.0NRT,288.12,5.04,N
-29.53738,-60.91114,299.82,0.65,0.73,2026-02-03,0414,N,VIIRS,n,2.0NRT,287.13,1.48,N
-29.55633,-60.84369,303.62,0.64,0.72,2026-02-03,0414,N,VIIRS,n,2.0NRT,287.18,4.1,N
-29.55691,-60.84762,305.11,0.64,0.72,2026-02-03,0414,N,VIIRS,n,2.0NRT,287.22,2.6,N
-31.34506,-58.96642,321.93,0.46,0.63,2026-02-03,0414,N,VIIRS,n,2.0NRT,289.83,3.82,N
-31.34636,-58.96157,318.18,0.46,0.63,2026-02-03,0414,N,VIIRS,n,2.0NRT,289.5,2.67,N
-31.39213,-59.37272,310.18,0.48,0.65,2026-02-03,0414,N,VIIRS,n,2.0NRT,288.66,1.7,N
-31.39349,-59.36764,300.41,0.48,0.65,2026-02-03,0414,N,VIIRS,n,2.0NRT,288.63,0.96,N
-31.39666,-59.37993,306.16,0.48,0.65,2026-02-03,0414,N,VIIRS,n,2.0NRT,288.64,0.94,N
-31.39801,-59.37486,300.39,0.48,0.65,2026-02-03,0414,N,VIIRS,n,2.0NRT,289.3,0.94,N
-31.40252,-59.38214,301.86,0.48,0.65,2026-02-03,0414,N,VIIRS,n,2.0NRT,288.58,0.94,N
-31.40839,-59.38432,320.43,0.48,0.65,2026-02-03,0414,N,VIIRS,n,2.0NRT,289.89,1.46,N
-31.40703,-59.38942,305.63,0.48,0.65,2026-02-03,0414,N,VIIRS,n,2.0NRT,288.63,2.32,N
-31.40974,-59.37922,299.57,0.48,0.65,2026-02-03,0414,N,VIIRS,n,2.0NRT,288.15,1.46,N
-31.41244,-59.36909,301.18,0.48,0.65,2026-02-03,0414,N,VIIRS,n,2.0NRT,288.74,2.4,N
-31.4129,-59.39159,306.65,0.48,0.65,2026-02-03,0414,N,VIIRS,n,2.0NRT,288.9,2.32,N
-31.41425,-59.3865,311.69,0.48,0.65,2026-02-03,0414,N,VIIRS,n,2.0NRT,290.03,1.46,N
-31.41561,-59.3814,301.1,0.48,0.65,2026-02-03,0414,N,VIIRS,n,2.0NRT,289,1.46,N
-31.41877,-59.39379,321.18,0.48,0.65,2026-02-03,0414,N,VIIRS,n,2.0NRT,289.2,6.31,N
-31.42012,-59.38869,335.62,0.48,0.65,2026-02-03,0414,N,VIIRS,n,2.0NRT,290.75,2.42,N
-31.42147,-59.38359,302.14,0.48,0.65,2026-02-03,0414,N,VIIRS,n,2.0NRT,289.36,2.42,N
-31.42733,-59.38581,299.15,0.48,0.65,2026-02-03,0414,N,VIIRS,n,2.0NRT,288.48,2.42,N
-31.40335,-59.38063,299.38,0.48,0.65,2026-02-03,0414,N,VIIRS,n,2.0NRT,288.46,2,N
-31.40784,-59.38786,325.14,0.48,0.65,2026-02-03,0414,N,VIIRS,n,2.0NRT,289.32,4.13,N
-31.40922,-59.38279,305.96,0.48,0.65,2026-02-03,0414,N,VIIRS,n,2.0NRT,289.09,2,N
-31.41197,-59.37267,299.79,0.48,0.65,2026-02-03,0414,N,VIIRS,n,2.0NRT,288.45,0.9,N
-31.41335,-59.36763,300.59,0.48,0.65,2026-02-03,0414,N,VIIRS,n,2.0NRT,288.74,0.9,N
-31.41371,-59.39003,319.1,0.48,0.65,2026-02-03,0414,N,VIIRS,n,2.0NRT,290.03,5.22,N
-31.41509,-59.38494,304.3,0.48,0.65,2026-02-03,0414,N,VIIRS,n,2.0NRT,289.52,1.78,N
-31.41647,-59.37987,300.66,0.48,0.65,2026-02-03,0414,N,VIIRS,n,2.0NRT,289.02,1.78,N
-31.41958,-59.39219,346.03,0.48,0.65,2026-02-03,0414,N,VIIRS,n,2.0NRT,290.87,5.22,N
-31.42095,-59.38712,313.99,0.48,0.65,2026-02-03,0414,N,VIIRS,n,2.0NRT,289.85,1.78,N
-31.42234,-59.38204,298.96,0.48,0.65,2026-02-03,0414,N,VIIRS,n,2.0NRT,288.69,1.78,N
-33.25758,-60.2914,305.23,0.49,0.65,2026-02-03,0416,N,VIIRS,n,2.0NRT,292.59,1.3,N
-33.25904,-60.28616,305.05,0.48,0.65,2026-02-03,0416,N,VIIRS,n,2.0NRT,292.91,1.3,N
-33.3647,-60.16198,314.45,0.47,0.64,2026-02-03,0416,N,VIIRS,n,2.0NRT,294.4,3.64,N
-33.37053,-60.16422,306.83,0.47,0.64,2026-02-03,0416,N,VIIRS,n,2.0NRT,293.74,1.95,N
-34.56495,-58.81529,308.11,0.38,0.58,2026-02-03,0416,N,VIIRS,n,2.0NRT,269.57,0.81,N
-34.56603,-58.8112,302.3,0.38,0.58,2026-02-03,0416,N,VIIRS,n,2.0NRT,280.78,0.81,N
-34.85732,-57.89759,319.53,0.33,0.55,2026-02-03,0416,N,VIIRS,n,2.0NRT,292.18,1.64,N
-34.85823,-57.89399,312.49,0.33,0.55,2026-02-03,0416,N,VIIRS,n,2.0NRT,292.69,1.64,N
-27.13706,-64.40118,311.02,0.41,0.45,2026-02-03,0554,N,VIIRS,n,2.0NRT,292.91,1.05,N
-28.46741,-65.22733,308.09,0.38,0.43,2026-02-03,0554,N,VIIRS,n,2.0NRT,295.18,1.42,N
-28.72308,-65.80238,306.22,0.54,0.42,2026-02-03,0554,N,VIIRS,n,2.0NRT,293.83,1,N
-28.8416,-65.77562,333.49,0.54,0.42,2026-02-03,0554,N,VIIRS,n,2.0NRT,294.36,4.44,N
-29.53561,-60.91423,304.69,0.35,0.57,2026-02-03,0554,N,VIIRS,n,2.0NRT,289.55,0.78,N
-29.53592,-60.91051,307.52,0.35,0.57,2026-02-03,0554,N,VIIRS,n,2.0NRT,289.37,0.78,N
-29.54619,-60.8512,304.41,0.35,0.57,2026-02-03,0554,N,VIIRS,n,2.0NRT,288.62,0.47,N
-29.55155,-60.85177,333.69,0.35,0.57,2026-02-03,0554,N,VIIRS,n,2.0NRT,290.38,5.19,N
-29.55186,-60.84801,335.01,0.35,0.57,2026-02-03,0554,N,VIIRS,n,2.0NRT,289.95,3.87,N
-26.3194,-60.92798,317.17,0.32,0.55,2026-02-03,0554,N,VIIRS,n,2.0NRT,289.02,2.76,N
-26.31969,-60.92466,313.39,0.32,0.55,2026-02-03,0554,N,VIIRS,n,2.0NRT,288.08,1.11,N
-31.58562,-60.5677,301.08,0.38,0.59,2026-02-03,0557,N,VIIRS,n,2.0NRT,288.64,0.4,N
-31.34498,-58.96508,315.13,0.47,0.64,2026-02-03,0557,N,VIIRS,n,2.0NRT,288.12,0.99,N
-31.34529,-58.95987,298.8,0.47,0.64,2026-02-03,0557,N,VIIRS,n,2.0NRT,288.04,0.99,N
-31.35105,-58.9656,298.92,0.47,0.64,2026-02-03,0557,N,VIIRS,n,2.0NRT,287.92,1.02,N
-31.388,-59.3689,314.96,0.45,0.63,2026-02-03,0557,N,VIIRS,n,2.0NRT,287.17,1.8,N
-31.38831,-59.36397,299.26,0.45,0.63,2026-02-03,0557,N,VIIRS,n,2.0NRT,286.5,1.07,N
-31.39364,-59.37444,306.11,0.45,0.63,2026-02-03,0557,N,VIIRS,n,2.0NRT,287.62,1.49,N
-31.39395,-59.36949,309.09,0.45,0.63,2026-02-03,0557,N,VIIRS,n,2.0NRT,288.02,1.49,N
-31.39928,-59.37992,302.03,0.45,0.63,2026-02-03,0557,N,VIIRS,n,2.0NRT,287.67,1.17,N
-31.41085,-59.38589,311.28,0.45,0.63,2026-02-03,0557,N,VIIRS,n,2.0NRT,287.87,1.31,N
-31.41116,-59.38097,298.13,0.45,0.63,2026-02-03,0557,N,VIIRS,n,2.0NRT,287.21,1.31,N
-31.41648,-59.39134,309.03,0.45,0.63,2026-02-03,0557,N,VIIRS,n,2.0NRT,287.68,2.34,N
-31.41679,-59.38641,305.04,0.45,0.63,2026-02-03,0557,N,VIIRS,n,2.0NRT,288.15,2.12,N
-31.42241,-59.39186,323.23,0.45,0.63,2026-02-03,0557,N,VIIRS,n,2.0NRT,287.43,2.34,N
-31.42273,-59.38694,308.09,0.45,0.63,2026-02-03,0557,N,VIIRS,n,2.0NRT,288.27,2.12,N
-31.59118,-60.56827,306.96,0.38,0.59,2026-02-03,0557,N,VIIRS,n,2.0NRT,289.35,0.67,N
-31.3513,-64.13295,305.49,0.47,0.48,2026-02-03,0557,N,VIIRS,n,2.0NRT,291.18,1,N
-32.63945,-60.5341,301.68,0.39,0.6,2026-02-03,0557,N,VIIRS,n,2.0NRT,289.78,1.03,N
-32.63972,-60.52973,310.25,0.4,0.6,2026-02-03,0557,N,VIIRS,n,2.0NRT,289.97,0.9,N
-33.00716,-60.82208,301.02,0.38,0.59,2026-02-03,0557,N,VIIRS,n,2.0NRT,289.73,1.31,N
-33.00746,-60.81781,309.62,0.38,0.59,2026-02-03,0557,N,VIIRS,n,2.0NRT,289.86,1.04,N
-32.26839,-68.6095,324.52,0.44,0.39,2026-02-03,0557,N,VIIRS,n,2.0NRT,292.02,1.97,N
-33.25781,-60.28482,323.21,0.41,0.61,2026-02-03,0557,N,VIIRS,n,2.0NRT,292.81,2.39,N
-33.25751,-60.28944,309.91,0.41,0.61,2026-02-03,0557,N,VIIRS,n,2.0NRT,292.72,3.54,N
-33.25811,-60.28013,303.26,0.41,0.61,2026-02-03,0557,N,VIIRS,n,2.0NRT,292.44,2.39,N
-36.81252,-66.15878,310.44,0.42,0.46,2026-02-03,0557,N,VIIRS,n,2.0NRT,278.53,1.23,N
-36.8519,-65.80608,322.16,0.44,0.46,2026-02-03,0557,N,VIIRS,n,2.0NRT,289.15,2.45,N
-36.81679,-66.15943,319.37,0.42,0.46,2026-02-03,0557,N,VIIRS,n,2.0NRT,279.71,2.02,N
-36.8524,-65.80099,302.13,0.44,0.46,2026-02-03,0557,N,VIIRS,n,2.0NRT,286.91,2.96,N
-36.85526,-65.81689,336.35,0.44,0.46,2026-02-03,0557,N,VIIRS,n,2.0NRT,290.48,5.28,N
-36.85675,-65.80163,335.92,0.44,0.46,2026-02-03,0557,N,VIIRS,n,2.0NRT,288.31,2.96,N
-36.82106,-66.16008,318.88,0.42,0.46,2026-02-03,0557,N,VIIRS,n,2.0NRT,281.08,2.02,N
-36.85575,-65.81181,311.86,0.44,0.46,2026-02-03,0557,N,VIIRS,n,2.0NRT,289.02,2.45,N
-36.85625,-65.80672,317.72,0.44,0.46,2026-02-03,0557,N,VIIRS,n,2.0NRT,288.5,2.45,N
-36.85875,-65.78125,307.75,0.44,0.46,2026-02-03,0557,N,VIIRS,n,2.0NRT,284.73,1.12,N
-36.81067,-66.1601,298.43,0.43,0.46,2026-02-03,0557,N,VIIRS,n,2.0NRT,277.64,0.78,N
-36.81494,-66.16076,307.13,0.43,0.46,2026-02-03,0557,N,VIIRS,n,2.0NRT,276.94,0.78,N
-36.8154,-66.15587,303.21,0.43,0.46,2026-02-03,0557,N,VIIRS,n,2.0NRT,281.8,1.39,N
-36.85273,-65.80238,336.2,0.44,0.46,2026-02-03,0557,N,VIIRS,n,2.0NRT,288.7,4.96,N
-36.8192,-66.16142,303.19,0.43,0.46,2026-02-03,0557,N,VIIRS,n,2.0NRT,279.02,1.3,N
-36.81966,-66.15653,307.39,0.43,0.46,2026-02-03,0557,N,VIIRS,n,2.0NRT,282.42,0.91,N
-36.85567,-65.81831,329.04,0.44,0.46,2026-02-03,0557,N,VIIRS,n,2.0NRT,289.88,3.37,N
-36.85614,-65.81322,324.42,0.44,0.46,2026-02-03,0557,N,VIIRS,n,2.0NRT,289.78,3.37,N
-36.85708,-65.80302,330.61,0.44,0.46,2026-02-03,0557,N,VIIRS,n,2.0NRT,288.08,4.96,N
-36.82347,-66.16206,307.91,0.43,0.46,2026-02-03,0557,N,VIIRS,n,2.0NRT,281.97,1.3,N
-36.82393,-66.15718,300.48,0.43,0.46,2026-02-03,0557,N,VIIRS,n,2.0NRT,280.16,0.91,N
-36.85755,-65.79792,304.63,0.44,0.46,2026-02-03,0557,N,VIIRS,n,2.0NRT,286.31,2,N
-36.85896,-65.78262,307,0.45,0.47,2026-02-03,0557,N,VIIRS,n,2.0NRT,284.51,1.41,N
-36.82774,-66.16272,322.24,0.43,0.46,2026-02-03,0557,N,VIIRS,n,2.0NRT,284.65,1.54,N
-36.86143,-65.80366,306.31,0.44,0.46,2026-02-03,0557,N,VIIRS,n,2.0NRT,287.35,2.28,N
-36.8619,-65.79858,298.54,0.44,0.46,2026-02-03,0557,N,VIIRS,n,2.0NRT,286.01,1.01,N
-36.83154,-66.16826,313.78,0.42,0.46,2026-02-03,0557,N,VIIRS,n,2.0NRT,280.13,1.54,N
-36.832,-66.16337,306.32,0.43,0.46,2026-02-03,0557,N,VIIRS,n,2.0NRT,281.35,1.54,N
-36.86437,-65.8196,304.01,0.44,0.46,2026-02-03,0557,N,VIIRS,n,2.0NRT,286.1,1.22,N
-36.86484,-65.81451,298.65,0.44,0.46,2026-02-03,0557,N,VIIRS,n,2.0NRT,286.68,1.22,N
-37.5298,-69.0913,320.6,0.48,0.4,2026-02-03,0557,N,VIIRS,n,2.0NRT,289.68,1.68,N
-37.71601,-69.13464,301.19,0.48,0.4,2026-02-03,0559,N,VIIRS,n,2.0NRT,287.41,1.03,N
-38.09486,-68.60995,305.74,0.5,0.41,2026-02-03,0559,N,VIIRS,n,2.0NRT,290.92,0.64,N
-38.27523,-68.69861,316.83,0.5,0.41,2026-02-03,0559,N,VIIRS,n,2.0NRT,290.37,1.45,N
-38.70046,-68.71645,301.21,0.51,0.41,2026-02-03,0559,N,VIIRS,n,2.0NRT,287.52,0.42,N
-38.74545,-68.8346,327.83,0.5,0.41,2026-02-03,0559,N,VIIRS,n,2.0NRT,287.92,2.38,N
-38.74476,-68.84047,311.09,0.5,0.41,2026-02-03,0559,N,VIIRS,n,2.0NRT,286.82,2.38,N
-38.74752,-68.91676,318.55,0.5,0.41,2026-02-03,0559,N,VIIRS,n,2.0NRT,288.6,1.48,N
-40.73943,-65.02032,299.5,0.54,0.5,2026-02-03,0559,N,VIIRS,n,2.0NRT,286.98,0.79,N
-37.7123,-69.13395,304.13,0.48,0.4,2026-02-03,0559,N,VIIRS,n,2.0NRT,287.96,1.03,N
-37.71165,-69.13937,316.95,0.48,0.4,2026-02-03,0559,N,VIIRS,n,2.0NRT,288.77,1.03,N
-37.71536,-69.14008,312.07,0.48,0.4,2026-02-03,0559,N,VIIRS,n,2.0NRT,287.21,1.03,N
-35.39876,-57.36705,367,0.79,0.78,2026-02-03,1634,N,VIIRS,h,2.0NRT,291.3,27.45,D
-35.39864,-57.35773,338.12,0.79,0.78,2026-02-03,1634,N,VIIRS,n,2.0NRT,289.96,27.45,D
-35.39367,-57.36704,367,0.79,0.78,2026-02-03,1634,N,VIIRS,h,2.0NRT,290.27,20.92,D
-27.55334,-57.96795,335.6,0.77,0.77,2026-02-03,1637,N,VIIRS,n,2.0NRT,292.8,6.18,D
-27.55288,-57.96664,334.37,0.77,0.77,2026-02-03,1637,N,VIIRS,n,2.0NRT,292.48,5.78,D
-27.85458,-55.1637,331.13,0.53,0.67,2026-02-03,1637,N,VIIRS,n,2.0NRT,297.48,4.21,D
-26.91835,-55.08223,338.5,0.51,0.66,2026-02-03,1639,N,VIIRS,n,2.0NRT,294.37,4.82,D
-26.91395,-55.08253,336.96,0.51,0.66,2026-02-03,1639,N,VIIRS,n,2.0NRT,294.47,9.82,D
-26.91434,-55.08792,344.56,0.51,0.66,2026-02-03,1639,N,VIIRS,n,2.0NRT,294.61,8.91,D
-26.3854,-58.33101,335.36,0.79,0.78,2026-02-03,1639,N,VIIRS,n,2.0NRT,292.56,10.25,D
-26.38697,-58.33082,340.84,0.79,0.78,2026-02-03,1639,N,VIIRS,n,2.0NRT,292.8,9.92,D
-25.91522,-57.87498,344.81,0.74,0.76,2026-02-03,1639,N,VIIRS,n,2.0NRT,291.03,8.94,D
-25.92097,-57.87577,332.08,0.74,0.76,2026-02-03,1639,N,VIIRS,n,2.0NRT,291.02,8.52,D
-25.91376,-57.87617,335.09,0.74,0.76,2026-02-03,1639,N,VIIRS,n,2.0NRT,288.96,6.13,D
-26.91867,-55.08731,334.95,0.51,0.66,2026-02-03,1639,N,VIIRS,n,2.0NRT,294.34,4.82,D
-31.40986,-59.38107,346.69,0.46,0.47,2026-02-03,1817,N,VIIRS,n,2.0NRT,309.1,27.64,D
-31.40555,-59.38229,348.71,0.46,0.47,2026-02-03,1817,N,VIIRS,n,2.0NRT,308.01,27.64,D
-31.40658,-59.38713,336.93,0.46,0.47,2026-02-03,1817,N,VIIRS,n,2.0NRT,303.28,23.56,D
-31.27563,-58.92876,330.75,0.49,0.48,2026-02-03,1817,N,VIIRS,n,2.0NRT,301.69,4.02,D
-31.27674,-58.93387,341.47,0.49,0.48,2026-02-03,1817,N,VIIRS,n,2.0NRT,303.36,4.02,D
-31.73156,-62.1857,350.59,0.49,0.4,2026-02-03,1817,N,VIIRS,n,2.0NRT,306.74,9.77,D
-31.32047,-60.29707,350.47,0.41,0.45,2026-02-03,1817,N,VIIRS,n,2.0NRT,305.33,6.36,D
-31.3021,-60.33403,330.93,0.41,0.45,2026-02-03,1817,N,VIIRS,l,2.0NRT,301.39,4.22,D
-30.43018,-58.30523,342.62,0.55,0.51,2026-02-03,1817,N,VIIRS,n,2.0NRT,298.13,14.96,D
-30.42215,-58.31376,342.09,0.55,0.51,2026-02-03,1817,N,VIIRS,n,2.0NRT,300.83,7.38,D
-30.43104,-58.30814,346.4,0.55,0.51,2026-02-03,1817,N,VIIRS,n,2.0NRT,301.94,7.14,D
-30.42638,-58.30955,330.76,0.55,0.51,2026-02-03,1817,N,VIIRS,n,2.0NRT,299.03,7.14,D
-30.42297,-58.31667,343.67,0.55,0.51,2026-02-03,1817,N,VIIRS,n,2.0NRT,301.32,5.69,D
-31.89663,-67.25248,338.67,0.39,0.36,2026-02-03,1817,N,VIIRS,l,2.0NRT,312.63,2.67,D
-30.34917,-60.23497,338.25,0.43,0.46,2026-02-03,1817,N,VIIRS,n,2.0NRT,304.14,4.07,D
-30.00068,-58.87704,344.49,0.52,0.5,2026-02-03,1817,N,VIIRS,n,2.0NRT,303.5,11.82,D
-33.25861,-59.62774,344.05,0.41,0.45,2026-02-03,1817,N,VIIRS,n,2.0NRT,304.4,7.53,D
-29.99489,-58.87288,334.77,0.52,0.5,2026-02-03,1817,N,VIIRS,n,2.0NRT,300.03,10.33,D
-29.99611,-58.87832,350.4,0.52,0.5,2026-02-03,1817,N,VIIRS,n,2.0NRT,305.76,11.82,D
-29.99153,-58.87959,367,0.52,0.5,2026-02-03,1817,N,VIIRS,h,2.0NRT,303.39,24.78,D
-37.51791,-59.48609,335.44,0.52,0.42,2026-02-03,1817,N,VIIRS,l,2.0NRT,305.89,9.22,D
-37.5191,-59.49197,353.89,0.52,0.42,2026-02-03,1817,N,VIIRS,n,2.0NRT,309.12,9.22,D
-36.44257,-56.96418,331.75,0.48,0.48,2026-02-03,1817,N,VIIRS,n,2.0NRT,300.51,4.89,D
-34.31457,-61.67633,336.87,0.47,0.4,2026-02-03,1817,N,VIIRS,n,2.0NRT,301.43,10.3,D
-33.73704,-58.86808,343.87,0.44,0.46,2026-02-03,1817,N,VIIRS,n,2.0NRT,307.24,7.4,D
-33.572,-59.677,340.53,0.4,0.44,2026-02-03,1817,N,VIIRS,n,2.0NRT,299.83,7.09,D
-33.47288,-59.60323,332.25,0.41,0.45,2026-02-03,1817,N,VIIRS,l,2.0NRT,305.36,4.78,D
-33.37537,-60.08632,340.38,0.39,0.44,2026-02-03,1817,N,VIIRS,n,2.0NRT,305.81,5.52,D
-33.37053,-60.08332,342.2,0.39,0.44,2026-02-03,1817,N,VIIRS,n,2.0NRT,302.45,8.09,D
-33.37138,-60.08746,331.33,0.39,0.44,2026-02-03,1817,N,VIIRS,l,2.0NRT,302.97,5.52,D
-33.37928,-60.14658,333.13,0.38,0.43,2026-02-03,1817,N,VIIRS,l,2.0NRT,304.89,2.95,D
-33.37531,-60.14772,335.66,0.38,0.43,2026-02-03,1817,N,VIIRS,n,2.0NRT,304.35,2.95,D
-30.00309,-58.8878,332.88,0.52,0.5,2026-02-03,1817,N,VIIRS,n,2.0NRT,302.82,2.96,D
-32.91481,-58.77052,338.03,0.46,0.47,2026-02-03,1817,N,VIIRS,n,2.0NRT,307.1,4.93,D
-33.43672,-62.57736,349.65,0.45,0.39,2026-02-03,1817,N,VIIRS,n,2.0NRT,307.71,15.14,D
-32.56327,-58.52878,332.04,0.48,0.48,2026-02-03,1817,N,VIIRS,l,2.0NRT,305.28,3.74,D
-32.63856,-59.35466,356.25,0.43,0.46,2026-02-03,1817,N,VIIRS,n,2.0NRT,303.56,12.17,D
-32.83385,-60.34328,350.22,0.38,0.43,2026-02-03,1817,N,VIIRS,n,2.0NRT,304.96,6.55,D
-32.78178,-60.20965,331.03,0.39,0.44,2026-02-03,1817,N,VIIRS,l,2.0NRT,304.31,3.75,D
-32.77574,-60.40845,330.98,0.57,0.43,2026-02-03,1817,N,VIIRS,n,2.0NRT,301.11,1.93,D
-32.62749,-60.53022,339.09,0.57,0.43,2026-02-03,1817,N,VIIRS,n,2.0NRT,303.5,10.35,D
-32.61696,-60.68521,335.95,0.56,0.43,2026-02-03,1817,N,VIIRS,n,2.0NRT,301.37,4.96,D
-32.35302,-60.56606,333.58,0.57,0.43,2026-02-03,1817,N,VIIRS,n,2.0NRT,304.22,3.77,D
-32.07129,-59.67676,334.83,0.43,0.46,2026-02-03,1817,N,VIIRS,l,2.0NRT,305.53,8.13,D
-32.07225,-59.6813,344.35,0.43,0.46,2026-02-03,1817,N,VIIRS,n,2.0NRT,308.25,12.19,D
-32.06807,-59.68252,345.79,0.43,0.46,2026-02-03,1817,N,VIIRS,n,2.0NRT,310.46,11.74,D
-32.25769,-60.72285,330.59,0.56,0.43,2026-02-03,1817,N,VIIRS,l,2.0NRT,304.04,5.84,D
-32.20696,-60.84359,332.76,0.56,0.43,2026-02-03,1817,N,VIIRS,n,2.0NRT,303.73,4.1,D
-33.43106,-69.14111,334.71,0.43,0.38,2026-02-03,1817,N,VIIRS,l,2.0NRT,308.94,4.33,D
-31.44904,-58.11242,343.78,0.54,0.51,2026-02-03,1817,N,VIIRS,n,2.0NRT,304.99,9.4,D
-31.44441,-58.11378,354.46,0.54,0.51,2026-02-03,1817,N,VIIRS,n,2.0NRT,310.06,37.74,D
-31.44569,-58.11947,335.56,0.54,0.51,2026-02-03,1817,N,VIIRS,n,2.0NRT,308.19,7.44,D
-31.80236,-60.67513,333.4,0.39,0.44,2026-02-03,1817,N,VIIRS,n,2.0NRT,299.1,4.66,D
-31.80257,-60.67412,338.6,0.39,0.44,2026-02-03,1817,N,VIIRS,n,2.0NRT,300.16,4.3,D
-31.72071,-60.64493,340.89,0.39,0.44,2026-02-03,1817,N,VIIRS,n,2.0NRT,299.18,4.42,D
-31.34974,-58.95834,341.08,0.48,0.48,2026-02-03,1817,N,VIIRS,n,2.0NRT,309.93,6.22,D
-31.41563,-59.38617,344.57,0.46,0.47,2026-02-03,1817,N,VIIRS,n,2.0NRT,302.19,3.55,D
-31.4152,-59.38464,335.37,0.46,0.47,2026-02-03,1817,N,VIIRS,n,2.0NRT,305.28,5.24,D
-29.54375,-60.87041,367,0.41,0.45,2026-02-03,1819,N,VIIRS,h,2.0NRT,305.41,13.5,D
-29.54287,-60.86615,357.01,0.41,0.45,2026-02-03,1819,N,VIIRS,n,2.0NRT,306.58,13.5,D
-29.5454,-60.85995,367,0.41,0.45,2026-02-03,1819,N,VIIRS,h,2.0NRT,302.49,34.52,D
-29.54626,-60.86424,342.52,0.41,0.45,2026-02-03,1819,N,VIIRS,n,2.0NRT,308.25,17.13,D
-29.54299,-60.86959,367,0.41,0.45,2026-02-03,1819,N,VIIRS,h,2.0NRT,304.75,17.13,D
-29.54213,-60.86532,352.99,0.41,0.45,2026-02-03,1819,N,VIIRS,n,2.0NRT,306.72,17.13,D
-29.49915,-61.1641,367,0.4,0.44,2026-02-03,1819,N,VIIRS,h,2.0NRT,302.88,7.62,D
-29.49673,-61.16406,344.17,0.4,0.44,2026-02-03,1819,N,VIIRS,n,2.0NRT,304.06,7.08,D
-28.99445,-59.1314,333.81,0.53,0.5,2026-02-03,1819,N,VIIRS,n,2.0NRT,301.87,2.84,D
-29.3594,-60.88993,332.1,0.42,0.45,2026-02-03,1819,N,VIIRS,n,2.0NRT,300.1,1.93,D
-29.42377,-61.22639,338.04,0.4,0.44,2026-02-03,1819,N,VIIRS,n,2.0NRT,302.18,3.18,D
-29.13673,-60.80599,338.37,0.42,0.46,2026-02-03,1819,N,VIIRS,n,2.0NRT,303.8,3.84,D
-27.75813,-55.58174,343.57,0.45,0.63,2026-02-03,1819,N,VIIRS,n,2.0NRT,299.89,4.22,D
-28.35175,-58.30767,333.06,0.61,0.53,2026-02-03,1819,N,VIIRS,n,2.0NRT,299.94,3.73,D
-28.35143,-58.30725,333.47,0.61,0.53,2026-02-03,1819,N,VIIRS,n,2.0NRT,300.16,7.03,D
-28.99515,-61.51317,336.17,0.39,0.44,2026-02-03,1819,N,VIIRS,l,2.0NRT,310.17,9.02,D
-28.45789,-59.02087,332.17,0.55,0.51,2026-02-03,1819,N,VIIRS,n,2.0NRT,297.34,26.09,D
-28.45913,-59.02652,347.71,0.55,0.51,2026-02-03,1819,N,VIIRS,n,2.0NRT,302.6,34.86,D
-28.45445,-59.02781,353.52,0.55,0.51,2026-02-03,1819,N,VIIRS,n,2.0NRT,300.91,34.86,D
-29.25694,-63.06551,335.28,0.49,0.4,2026-02-03,1819,N,VIIRS,n,2.0NRT,305.14,4.77,D
-29.00617,-61.7814,337.85,0.57,0.43,2026-02-03,1819,N,VIIRS,n,2.0NRT,306.27,14.92,D
-29.25323,-63.06641,342.72,0.49,0.4,2026-02-03,1819,N,VIIRS,n,2.0NRT,305.11,5.5,D
-27.62419,-57.14088,367,0.37,0.58,2026-02-03,1819,N,VIIRS,h,2.0NRT,300.28,8.42,D
-27.62823,-57.14142,334.53,0.37,0.58,2026-02-03,1819,N,VIIRS,n,2.0NRT,298.97,3.7,D
-27.62205,-57.13921,353.3,0.37,0.58,2026-02-03,1819,N,VIIRS,n,2.0NRT,298.16,3.7,D
-27.62293,-57.14298,338.7,0.37,0.58,2026-02-03,1819,N,VIIRS,n,2.0NRT,297.3,3.7,D
-29.42995,-66.87267,339.06,0.38,0.36,2026-02-03,1819,N,VIIRS,l,2.0NRT,311.48,2.96,D
-27.53758,-57.65198,348.13,0.35,0.56,2026-02-03,1819,N,VIIRS,n,2.0NRT,302.28,7.93,D
-27.53159,-57.64993,367,0.35,0.56,2026-02-03,1819,N,VIIRS,h,2.0NRT,305.44,7.93,D
-27.53241,-57.65344,356.53,0.35,0.56,2026-02-03,1819,N,VIIRS,n,2.0NRT,303.93,7.93,D
-27.53232,-57.65123,367,0.35,0.57,2026-02-03,1819,N,VIIRS,h,2.0NRT,306.45,10.95,D
-27.53152,-57.64771,345.33,0.35,0.57,2026-02-03,1819,N,VIIRS,n,2.0NRT,302.72,11.65,D
-27.53313,-57.65476,339.47,0.35,0.56,2026-02-03,1819,N,VIIRS,n,2.0NRT,302.95,10.95,D
-28.25986,-61.12872,341.31,0.42,0.45,2026-02-03,1819,N,VIIRS,n,2.0NRT,302.23,7.11,D
-28.26072,-61.13304,342.58,0.42,0.45,2026-02-03,1819,N,VIIRS,n,2.0NRT,301.52,3.5,D
-27.7483,-58.79979,337.45,0.59,0.53,2026-02-03,1819,N,VIIRS,n,2.0NRT,299.81,5.9,D
-27.76333,-61.54643,332.96,0.41,0.45,2026-02-03,1819,N,VIIRS,l,2.0NRT,307.9,9.31,D
-27.52957,-60.69003,340.25,0.46,0.47,2026-02-03,1819,N,VIIRS,n,2.0NRT,302.27,6.54,D
-27.51529,-62.00671,333.84,0.39,0.44,2026-02-03,1819,N,VIIRS,n,2.0NRT,299.4,2.32,D
-27.12242,-60.34596,330.98,0.49,0.49,2026-02-03,1819,N,VIIRS,n,2.0NRT,297.97,2.69,D
-27.29322,-61.22388,340.32,0.44,0.46,2026-02-03,1819,N,VIIRS,n,2.0NRT,303.98,3.81,D
-27.29411,-61.22829,338.85,0.44,0.46,2026-02-03,1819,N,VIIRS,n,2.0NRT,305.14,3.81,D
-27.28988,-61.22937,338.15,0.44,0.46,2026-02-03,1819,N,VIIRS,n,2.0NRT,304.95,3.81,D
-26.38637,-58.32661,332.52,0.34,0.56,2026-02-03,1819,N,VIIRS,n,2.0NRT,300.45,3.49,D
-26.3503,-58.31673,331.06,0.34,0.56,2026-02-03,1819,N,VIIRS,n,2.0NRT,297.7,2.02,D
-26.1475,-58.19301,333.49,0.35,0.56,2026-02-03,1819,N,VIIRS,n,2.0NRT,300.06,1.61,D
-26.09847,-58.07631,333.55,0.35,0.57,2026-02-03,1819,N,VIIRS,n,2.0NRT,298.36,3.39,D
-26.09327,-58.07775,367,0.35,0.57,2026-02-03,1819,N,VIIRS,h,2.0NRT,302.24,8.5,D
-26.09244,-58.07421,343.29,0.35,0.57,2026-02-03,1819,N,VIIRS,n,2.0NRT,297.18,12.42,D
-26.09409,-58.08128,331.5,0.35,0.57,2026-02-03,1819,N,VIIRS,n,2.0NRT,297.56,8.5,D
-26.09978,-58.07747,331.84,0.35,0.57,2026-02-03,1819,N,VIIRS,n,2.0NRT,298.36,1.64,D
-26.09378,-58.07539,367,0.35,0.57,2026-02-03,1819,N,VIIRS,h,2.0NRT,299.99,8.88,D
-26.09458,-58.07893,367,0.35,0.57,2026-02-03,1819,N,VIIRS,h,2.0NRT,301.48,13.9,D
-26.08858,-58.07684,344.41,0.35,0.57,2026-02-03,1819,N,VIIRS,n,2.0NRT,296.56,8.88,D
-26.03407,-57.95911,367,0.36,0.57,2026-02-03,1819,N,VIIRS,h,2.0NRT,298.49,5.46,D
-26.03489,-57.96271,341.3,0.36,0.57,2026-02-03,1819,N,VIIRS,n,2.0NRT,296.87,5.46,D
-26.33108,-60.92284,336.28,0.47,0.48,2026-02-03,1819,N,VIIRS,n,2.0NRT,300.45,5.71,D
-26.33206,-60.92759,341.34,0.47,0.48,2026-02-03,1819,N,VIIRS,n,2.0NRT,300.96,9.69,D
-25.41895,-58.32971,344.19,0.35,0.57,2026-02-03,1819,N,VIIRS,n,2.0NRT,291.62,5.37,D
-26.50098,-64.03695,338.11,0.48,0.4,2026-02-03,1819,N,VIIRS,l,2.0NRT,310.55,11.32,D
-25.64533,-64.72189,347.5,0.46,0.39,2026-02-03,1819,N,VIIRS,n,2.0NRT,309.94,14.43,D
-25.08803,-62.21933,332.42,0.42,0.45,2026-02-03,1819,N,VIIRS,n,2.0NRT,300.15,1.04,D
-24.46243,-65.04398,342.99,0.46,0.39,2026-02-03,1819,N,VIIRS,n,2.0NRT,312.86,8.83,D
-24.35928,-65.09739,356.72,0.46,0.39,2026-02-03,1819,N,VIIRS,n,2.0NRT,310.48,5.28,D
-24.35566,-65.09817,346.84,0.46,0.39,2026-02-03,1819,N,VIIRS,n,2.0NRT,311.33,5.67,D
-24.35649,-65.10275,356,0.46,0.39,2026-02-03,1819,N,VIIRS,n,2.0NRT,310.25,4.3,D
-24.35288,-65.10352,338.72,0.46,0.39,2026-02-03,1819,N,VIIRS,n,2.0NRT,306.52,4.3,D
-24.35931,-65.09608,339.37,0.46,0.39,2026-02-03,1819,N,VIIRS,n,2.0NRT,308.98,3.34,D
-24.35569,-65.09686,337.16,0.46,0.39,2026-02-03,1819,N,VIIRS,l,2.0NRT,310.6,3.34,D
-24.35649,-65.10144,349.82,0.46,0.39,2026-02-03,1819,N,VIIRS,n,2.0NRT,311.1,7.31,D
-24.34164,-65.08079,339.48,0.46,0.39,2026-02-03,1819,N,VIIRS,l,2.0NRT,309.88,5.91,D
-24.08282,-64.81383,341.43,0.48,0.4,2026-02-03,1819,N,VIIRS,n,2.0NRT,303.59,4.86,D
-24.08108,-64.81268,345,0.48,0.4,2026-02-03,1819,N,VIIRS,n,2.0NRT,304.29,4.83,D
-23.26295,-63.24118,334.37,0.4,0.44,2026-02-03,1819,N,VIIRS,n,2.0NRT,305.03,7.35,D
-23.25889,-63.24207,367,0.4,0.44,2026-02-03,1819,N,VIIRS,h,2.0NRT,307.61,7.35,D
-23.25559,-63.24684,342.02,0.4,0.44,2026-02-03,1819,N,VIIRS,n,2.0NRT,309.01,5.28,D
-23.25634,-63.25071,346.32,0.4,0.44,2026-02-03,1819,N,VIIRS,n,2.0NRT,310.14,10.8,D
-23.25154,-63.24774,335.66,0.4,0.44,2026-02-03,1819,N,VIIRS,l,2.0NRT,305.66,5.28,D
-23.25643,-63.24666,336.27,0.4,0.44,2026-02-03,1819,N,VIIRS,l,2.0NRT,308.4,4.87,D
-23.25715,-63.25054,344.15,0.4,0.44,2026-02-03,1819,N,VIIRS,n,2.0NRT,310.48,4.25,D
-23.25237,-63.24757,344.12,0.4,0.44,2026-02-03,1819,N,VIIRS,n,2.0NRT,306.43,4.87,D
-23.2531,-63.25144,336.78,0.4,0.44,2026-02-03,1819,N,VIIRS,l,2.0NRT,307.12,4.25,D
-35.26205,-65.26131,333.96,0.38,0.36,2026-02-03,1819,N,VIIRS,l,2.0NRT,308.49,2.92,D
-36.09312,-57.41122,343.1,0.47,0.47,2026-02-03,1819,N,VIIRS,n,2.0NRT,295.63,5.97,D
-36.09427,-57.41635,351.69,0.47,0.47,2026-02-03,1819,N,VIIRS,n,2.0NRT,297.5,7.81,D
-36.08879,-57.41267,347.13,0.47,0.47,2026-02-03,1819,N,VIIRS,n,2.0NRT,296.96,9.65,D
-36.08995,-57.41781,330.77,0.47,0.47,2026-02-03,1819,N,VIIRS,n,2.0NRT,295.4,3.94,D
-36.09111,-57.42294,339.81,0.46,0.47,2026-02-03,1819,N,VIIRS,n,2.0NRT,294.98,3.94,D
-36.08331,-57.40898,338.34,0.47,0.47,2026-02-03,1819,N,VIIRS,n,2.0NRT,294.71,9.65,D
-36.8869,-64.65293,354.35,0.38,0.36,2026-02-03,1819,N,VIIRS,n,2.0NRT,314.44,19.13,D
-36.88358,-64.65375,344.39,0.38,0.36,2026-02-03,1819,N,VIIRS,n,2.0NRT,311.86,19.13,D
-36.88025,-64.65455,347.26,0.38,0.36,2026-02-03,1819,N,VIIRS,n,2.0NRT,310.4,5.86,D
-36.87691,-64.65536,345.49,0.38,0.36,2026-02-03,1819,N,VIIRS,n,2.0NRT,307.78,5.86,D
-36.87564,-64.65407,340.83,0.38,0.36,2026-02-03,1819,N,VIIRS,n,2.0NRT,305.96,4.11,D
-35.40171,-57.36117,334.65,0.48,0.48,2026-02-03,1819,N,VIIRS,n,2.0NRT,301.37,4.39,D
-35.39732,-57.36264,348.12,0.48,0.48,2026-02-03,1819,N,VIIRS,n,2.0NRT,303.2,13.69,D
-35.39853,-57.36794,353.91,0.48,0.48,2026-02-03,1819,N,VIIRS,n,2.0NRT,303.11,13.69,D
-35.39413,-57.3694,334.72,0.48,0.48,2026-02-03,1819,N,VIIRS,n,2.0NRT,301.44,13.69,D
-36.86543,-65.8232,348.57,0.39,0.36,2026-02-03,1819,N,VIIRS,n,2.0NRT,313.07,5.97,D
-36.86208,-65.82397,343.57,0.39,0.36,2026-02-03,1819,N,VIIRS,l,2.0NRT,314.66,5.55,D
-36.85874,-65.82472,356.66,0.39,0.36,2026-02-03,1819,N,VIIRS,n,2.0NRT,312.24,5.55,D
-36.84692,-65.79134,342.22,0.39,0.36,2026-02-03,1819,N,VIIRS,l,2.0NRT,316.34,4.46,D
-36.84756,-65.7957,342.26,0.39,0.36,2026-02-03,1819,N,VIIRS,n,2.0NRT,310.14,4.46,D
-36.84422,-65.79646,349.05,0.39,0.36,2026-02-03,1819,N,VIIRS,n,2.0NRT,313.22,9.57,D
-36.84024,-65.79285,350.65,0.39,0.36,2026-02-03,1819,N,VIIRS,n,2.0NRT,315.57,9.57,D
-36.84088,-65.79722,348.93,0.39,0.36,2026-02-03,1819,N,VIIRS,n,2.0NRT,311.11,9.57,D
-36.83291,-65.79002,341.73,0.39,0.36,2026-02-03,1819,N,VIIRS,l,2.0NRT,315.56,11.75,D
-36.83265,-65.79362,340.17,0.39,0.36,2026-02-03,1819,N,VIIRS,n,2.0NRT,309.99,5.08,D
-36.87388,-66.14626,342.95,0.39,0.36,2026-02-03,1819,N,VIIRS,n,2.0NRT,312.64,4.09,D
-36.87052,-66.14701,349.94,0.39,0.36,2026-02-03,1819,N,VIIRS,n,2.0NRT,315.84,6.61,D
-36.87116,-66.15141,353.14,0.39,0.36,2026-02-03,1819,N,VIIRS,n,2.0NRT,314.49,6.61,D
-36.8718,-66.15581,351.61,0.39,0.36,2026-02-03,1819,N,VIIRS,n,2.0NRT,316.6,9.2,D
-36.82458,-66.18906,351.32,0.39,0.36,2026-02-03,1819,N,VIIRS,n,2.0NRT,308.68,4.77,D
-36.82185,-66.19421,367,0.39,0.36,2026-02-03,1819,N,VIIRS,h,2.0NRT,307.96,23.09,D
-36.82249,-66.19861,367,0.39,0.36,2026-02-03,1819,N,VIIRS,h,2.0NRT,310.95,23.09,D
-36.81976,-66.20377,341.35,0.39,0.36,2026-02-03,1819,N,VIIRS,n,2.0NRT,292.7,10.64,D
-36.81703,-66.20892,340.94,0.39,0.36,2026-02-03,1819,N,VIIRS,n,2.0NRT,294.23,8.13,D
-36.81304,-66.20526,348.57,0.39,0.36,2026-02-03,1819,N,VIIRS,n,2.0NRT,304.75,8.13,D
-36.81367,-66.20968,349.8,0.39,0.36,2026-02-03,1819,N,VIIRS,n,2.0NRT,311.16,8.13,D
-36.79517,-66.17744,348.74,0.39,0.36,2026-02-03,1819,N,VIIRS,n,2.0NRT,313.31,11.98,D
-36.79308,-66.18699,351.54,0.39,0.36,2026-02-03,1819,N,VIIRS,n,2.0NRT,315.28,12.9,D
-36.79371,-66.19138,348.27,0.39,0.36,2026-02-03,1819,N,VIIRS,n,2.0NRT,311.13,8.21,D
-36.79098,-66.19654,354.3,0.39,0.36,2026-02-03,1819,N,VIIRS,n,2.0NRT,313.38,8.21,D
-36.78762,-66.19729,352.9,0.39,0.36,2026-02-03,1819,N,VIIRS,n,2.0NRT,315.6,19.53,D
-35.25806,-65.25784,335.41,0.38,0.36,2026-02-03,1819,N,VIIRS,l,2.0NRT,307.72,2.37,D
-35.25872,-65.26208,335.2,0.38,0.36,2026-02-03,1819,N,VIIRS,l,2.0NRT,308.43,2.92,D
-30.00251,-58.87841,341.76,0.52,0.5,2026-02-03,1819,N,VIIRS,n,2.0NRT,302.35,6.56,D
-30.00484,-58.88919,337.06,0.52,0.5,2026-02-03,1819,N,VIIRS,n,2.0NRT,303.12,7.92,D
-29.99794,-58.8797,344.77,0.52,0.5,2026-02-03,1819,N,VIIRS,n,2.0NRT,304.57,20.7,D
-29.99336,-58.88098,367,0.52,0.5,2026-02-03,1819,N,VIIRS,h,2.0NRT,306.31,20.7,D
-29.99218,-58.87554,340.66,0.52,0.5,2026-02-03,1819,N,VIIRS,n,2.0NRT,300.19,20.7,D
-29.56023,-57.95506,330.64,0.6,0.53,2026-02-03,1819,N,VIIRS,l,2.0NRT,302.43,5.58,D
-29.30187,-57.09369,367,0.34,0.56,2026-02-03,1819,N,VIIRS,h,2.0NRT,301.86,7.27,D
-29.30103,-57.09015,354.1,0.34,0.56,2026-02-03,1819,N,VIIRS,n,2.0NRT,300.05,7.27,D
-29.29424,-57.08466,348.02,0.34,0.56,2026-02-03,1819,N,VIIRS,n,2.0NRT,296.42,7.61,D
-29.29507,-57.08818,350.84,0.34,0.56,2026-02-03,1819,N,VIIRS,n,2.0NRT,298.72,7.61,D
-29.29674,-57.09523,332.23,0.34,0.56,2026-02-03,1819,N,VIIRS,n,2.0NRT,297.58,7.27,D
-29.28491,-57.06856,347.81,0.34,0.56,2026-02-03,1819,N,VIIRS,n,2.0NRT,297.43,8.09,D
-29.28575,-57.07209,340.1,0.34,0.56,2026-02-03,1819,N,VIIRS,n,2.0NRT,298.68,4.51,D
-29.76714,-59.24447,330.27,0.5,0.49,2026-02-03,1819,N,VIIRS,n,2.0NRT,298.01,2.81,D
-29.25281,-57.30497,350.86,0.33,0.56,2026-02-03,1819,N,VIIRS,n,2.0NRT,300.46,4.95,D
-29.89322,-60.19216,339.12,0.44,0.46,2026-02-03,1819,N,VIIRS,n,2.0NRT,303.13,16.16,D
-29.89419,-60.19676,348.17,0.44,0.46,2026-02-03,1819,N,VIIRS,n,2.0NRT,308.86,33.96,D
-29.2392,-57.31637,348.76,0.33,0.56,2026-02-03,1819,N,VIIRS,n,2.0NRT,295.24,6.57,D
-29.12197,-57.54365,331.23,0.33,0.55,2026-02-03,1819,N,VIIRS,n,2.0NRT,299.14,4.14,D
-28.89943,-56.901,331.32,0.36,0.57,2026-02-03,1819,N,VIIRS,n,2.0NRT,298.27,4.89,D
-29.74494,-60.80352,330,0.41,0.45,2026-02-03,1819,N,VIIRS,n,2.0NRT,299.89,2,D
-29.79195,-61.03085,335.24,0.4,0.44,2026-02-03,1819,N,VIIRS,n,2.0NRT,302.8,2.48,D
-29.79281,-61.035,332.33,0.4,0.44,2026-02-03,1819,N,VIIRS,n,2.0NRT,301.85,2.48,D
-29.74467,-60.80812,333.42,0.41,0.45,2026-02-03,1819,N,VIIRS,n,2.0NRT,298.79,4.38,D
-29.79026,-61.03592,336.41,0.4,0.44,2026-02-03,1819,N,VIIRS,n,2.0NRT,302.95,4.15,D
-29.78868,-61.04946,346.64,0.4,0.44,2026-02-03,1819,N,VIIRS,n,2.0NRT,306.19,5.58,D
-29.73525,-60.86904,330.03,0.41,0.45,2026-02-03,1819,N,VIIRS,l,2.0NRT,303.07,3.37,D
-29.73611,-60.87328,344.4,0.41,0.45,2026-02-03,1819,N,VIIRS,n,2.0NRT,303.45,3.37,D
-29.732,-60.87437,334.2,0.41,0.45,2026-02-03,1819,N,VIIRS,n,2.0NRT,302.98,3.79,D
-29.75358,-61.21436,333.8,0.39,0.44,2026-02-03,1819,N,VIIRS,l,2.0NRT,304.01,4.85,D
-29.74757,-61.35173,338.79,0.39,0.44,2026-02-03,1819,N,VIIRS,n,2.0NRT,301.08,3.57,D
-29.93908,-62.33595,334.9,0.52,0.41,2026-02-03,1819,N,VIIRS,n,2.0NRT,302.2,2.48,D
-29.74799,-61.35224,337.59,0.39,0.44,2026-02-03,1819,N,VIIRS,n,2.0NRT,301.06,4.3,D
-29.95481,-62.51245,333.58,0.51,0.41,2026-02-03,1819,N,VIIRS,l,2.0NRT,306.51,2.92,D
-29.06127,-58.37983,330.08,0.58,0.52,2026-02-03,1819,N,VIIRS,l,2.0NRT,302.46,3.5,D
-29.54936,-60.85543,350.08,0.41,0.45,2026-02-03,1819,N,VIIRS,n,2.0NRT,302.91,10.44,D
-29.55024,-60.8597,331.89,0.41,0.45,2026-02-03,1819,N,VIIRS,n,2.0NRT,305.26,10.44,D
-29.54611,-60.8608,367,0.41,0.45,2026-02-03,1819,N,VIIRS,h,2.0NRT,306.25,10.44,D
-29.54523,-60.85651,336.37,0.41,0.45,2026-02-03,1819,N,VIIRS,n,2.0NRT,300.29,10.44,D
-29.547,-60.86507,344.24,0.41,0.45,2026-02-03,1819,N,VIIRS,n,2.0NRT,305.65,14.94,D
-34.85295,-57.89787,305.18,0.58,0.7,2026-02-04,0355,N,VIIRS,n,2.0NRT,289.42,1.16,N
-34.85921,-57.90069,300.66,0.58,0.7,2026-02-04,0355,N,VIIRS,n,2.0NRT,288.47,1.16,N
-35.93463,-57.44548,306.52,0.52,0.67,2026-02-04,0357,N,VIIRS,n,2.0NRT,287.62,1.22,N
-35.93628,-57.43975,302.83,0.52,0.67,2026-02-04,0357,N,VIIRS,n,2.0NRT,287.44,1.22,N
-38.78186,-62.28806,321.95,0.74,0.76,2026-02-04,0357,N,VIIRS,n,2.0NRT,285.36,3.04,N
-38.78853,-62.29191,302.52,0.74,0.76,2026-02-04,0357,N,VIIRS,n,2.0NRT,285.35,3.04,N
-26.22911,-54.41207,324.61,0.41,0.61,2026-02-04,0533,N,VIIRS,n,2.0NRT,278.07,2.1,N
-26.84055,-61.61806,303.74,0.48,0.4,2026-02-04,0533,N,VIIRS,n,2.0NRT,293.35,1.04,N
-26.8399,-61.62297,321.47,0.48,0.4,2026-02-04,0533,N,VIIRS,n,2.0NRT,293.54,2.03,N
-26.83618,-61.62237,309.72,0.48,0.4,2026-02-04,0533,N,VIIRS,n,2.0NRT,293.9,0.74,N
-26.42571,-62.41328,305.54,0.44,0.39,2026-02-04,0533,N,VIIRS,n,2.0NRT,294.84,0.71,N
-26.33418,-60.96244,305.03,0.51,0.41,2026-02-04,0533,N,VIIRS,n,2.0NRT,293.42,0.45,N
-26.33423,-60.93062,317.31,0.51,0.41,2026-02-04,0533,N,VIIRS,n,2.0NRT,293.03,2.18,N
-26.33034,-60.96184,307.19,0.51,0.41,2026-02-04,0533,N,VIIRS,n,2.0NRT,293.03,0.77,N
-26.33039,-60.93002,316.65,0.51,0.41,2026-02-04,0533,N,VIIRS,n,2.0NRT,293.89,2.18,N
-25.64582,-64.72037,307.11,0.39,0.36,2026-02-04,0533,N,VIIRS,n,2.0NRT,292.61,0.63,N
-25.64248,-64.71973,303.61,0.39,0.36,2026-02-04,0533,N,VIIRS,n,2.0NRT,291.3,0.63,N
-25.90077,-60.78226,309.38,0.52,0.41,2026-02-04,0533,N,VIIRS,n,2.0NRT,293.02,4.51,N
-25.89692,-60.78167,343.65,0.52,0.41,2026-02-04,0533,N,VIIRS,n,2.0NRT,295.76,4.51,N
-25.89307,-60.78107,334.88,0.52,0.41,2026-02-04,0533,N,VIIRS,n,2.0NRT,295.31,5.2,N
-25.90006,-60.78087,317.14,0.52,0.41,2026-02-04,0533,N,VIIRS,n,2.0NRT,293.5,1.96,N
-25.89554,-60.7855,305.26,0.52,0.41,2026-02-04,0533,N,VIIRS,n,2.0NRT,293.53,1.65,N
-25.89622,-60.78028,342.47,0.52,0.41,2026-02-04,0533,N,VIIRS,n,2.0NRT,294.83,4.24,N
-25.89169,-60.7849,306.53,0.52,0.41,2026-02-04,0533,N,VIIRS,n,2.0NRT,293.46,1.65,N
-25.89237,-60.77967,322.46,0.52,0.41,2026-02-04,0533,N,VIIRS,n,2.0NRT,293.98,4.24,N
-26.22942,-54.40797,320.29,0.41,0.61,2026-02-04,0533,N,VIIRS,n,2.0NRT,279.41,2.1,N
-27.23085,-61.28703,304.79,0.5,0.41,2026-02-04,0533,N,VIIRS,n,2.0NRT,293.83,1.38,N
-27.22855,-61.28514,308.9,0.5,0.41,2026-02-04,0533,N,VIIRS,n,2.0NRT,294.01,1.39,N
-27.11797,-61.45491,321.25,0.49,0.41,2026-02-04,0533,N,VIIRS,n,2.0NRT,294.81,2.72,N
-24.46426,-63.73741,304.99,0.39,0.36,2026-02-04,0533,N,VIIRS,n,2.0NRT,294.06,0.51,N
-25.04763,-60.24331,322.51,0.54,0.42,2026-02-04,0533,N,VIIRS,n,2.0NRT,293.86,3.08,N
-25.3171,-62.01179,325.72,0.45,0.39,2026-02-04,0533,N,VIIRS,n,2.0NRT,294.75,3.96,N
-25.3177,-62.00729,312.49,0.45,0.39,2026-02-04,0533,N,VIIRS,n,2.0NRT,293.13,1.56,N
-26.22772,-54.41034,324.94,0.41,0.61,2026-02-04,0533,N,VIIRS,n,2.0NRT,279.09,1.63,N
-26.22737,-54.41452,298.82,0.41,0.61,2026-02-04,0533,N,VIIRS,n,2.0NRT,277.17,1.63,N
-26.22806,-54.40629,296.5,0.41,0.61,2026-02-04,0533,N,VIIRS,n,2.0NRT,279.68,1.03,N
-26.23343,-54.411,297.94,0.41,0.61,2026-02-04,0533,N,VIIRS,n,2.0NRT,277.47,0.63,N
-30.11781,-60.17503,347.11,0.41,0.45,2026-02-04,0535,N,VIIRS,n,2.0NRT,294.02,7.78,N
-30.16374,-62.80298,321.53,0.46,0.39,2026-02-04,0535,N,VIIRS,n,2.0NRT,293.28,2.63,N
-31.72523,-60.55561,324.39,0.41,0.45,2026-02-04,0535,N,VIIRS,n,2.0NRT,294.86,3.5,N
-31.72565,-62.19403,313.63,0.51,0.41,2026-02-04,0535,N,VIIRS,n,2.0NRT,292.54,1.67,N
-31.72727,-62.18973,322.01,0.51,0.41,2026-02-04,0535,N,VIIRS,n,2.0NRT,292.95,3.07,N
-31.72663,-62.1952,315.14,0.51,0.41,2026-02-04,0535,N,VIIRS,n,2.0NRT,292.71,3.15,N
-31.73046,-62.19584,332.87,0.51,0.41,2026-02-04,0535,N,VIIRS,n,2.0NRT,294,3.15,N
-31.82267,-65.54424,313.64,0.4,0.37,2026-02-04,0535,N,VIIRS,n,2.0NRT,293.76,0.93,N
-31.82605,-65.54491,303.49,0.4,0.37,2026-02-04,0535,N,VIIRS,n,2.0NRT,292.73,0.93,N
-32.04126,-64.58049,329.23,0.42,0.37,2026-02-04,0535,N,VIIRS,n,2.0NRT,290.11,13.05,N
-32.04188,-64.57603,317.63,0.42,0.37,2026-02-04,0535,N,VIIRS,n,2.0NRT,298.59,21.74,N
-32.04536,-64.57668,330.87,0.42,0.37,2026-02-04,0535,N,VIIRS,n,2.0NRT,290.08,6.33,N
-32.73896,-61.86126,305.39,0.54,0.42,2026-02-04,0535,N,VIIRS,n,2.0NRT,291.91,0.79,N
-31.87218,-68.28505,305.01,0.39,0.36,2026-02-04,0535,N,VIIRS,n,2.0NRT,290.47,1.9,N
-33.00476,-60.8184,305.05,0.41,0.45,2026-02-04,0535,N,VIIRS,n,2.0NRT,282.33,0.77,N
-33.19328,-60.10778,310.1,0.45,0.47,2026-02-04,0535,N,VIIRS,n,2.0NRT,273.41,1.35,N
-33.19767,-60.1084,299.68,0.45,0.47,2026-02-04,0535,N,VIIRS,n,2.0NRT,271.93,1.35,N
-33.25467,-60.28768,306.21,0.44,0.46,2026-02-04,0535,N,VIIRS,n,2.0NRT,273.33,1.7,N
-33.37513,-60.14648,303.14,0.45,0.47,2026-02-04,0535,N,VIIRS,n,2.0NRT,259.5,1.67,N
-32.26895,-68.61082,313.59,0.4,0.37,2026-02-04,0535,N,VIIRS,n,2.0NRT,292.6,1.23,N
-29.35459,-60.8878,321.1,0.56,0.43,2026-02-04,0535,N,VIIRS,n,2.0NRT,293.9,2.21,N
-28.74924,-65.73991,321.64,0.38,0.36,2026-02-04,0535,N,VIIRS,n,2.0NRT,297.02,3.4,N
-28.84227,-65.77383,315.85,0.38,0.36,2026-02-04,0535,N,VIIRS,n,2.0NRT,298.02,2.41,N
-29.54314,-60.85849,322.8,0.56,0.43,2026-02-04,0535,N,VIIRS,n,2.0NRT,293.37,2.06,N
-29.54382,-60.85259,313.94,0.56,0.43,2026-02-04,0535,N,VIIRS,n,2.0NRT,292.8,2.06,N
-29.54914,-60.87742,306.7,0.56,0.43,2026-02-04,0535,N,VIIRS,n,2.0NRT,293.87,1.85,N
-29.54982,-60.87153,306.01,0.56,0.43,2026-02-04,0535,N,VIIRS,n,2.0NRT,293.26,0.91,N
-29.73838,-60.80548,306.97,0.57,0.43,2026-02-04,0535,N,VIIRS,n,2.0NRT,292.43,0.85,N
-29.73816,-60.80615,307.64,0.57,0.43,2026-02-04,0535,N,VIIRS,n,2.0NRT,292.2,0.82,N
-29.49156,-62.93984,329.64,0.45,0.39,2026-02-04,0535,N,VIIRS,n,2.0NRT,294.02,2.34,N
-29.49517,-62.94046,313.82,0.45,0.39,2026-02-04,0535,N,VIIRS,n,2.0NRT,293.82,2.34,N
-29.49879,-62.94109,317.85,0.45,0.39,2026-02-04,0535,N,VIIRS,n,2.0NRT,294.03,1.81,N
-30.11732,-60.17941,312.36,0.41,0.45,2026-02-04,0535,N,VIIRS,n,2.0NRT,292.65,1.97,N
-30.1225,-60.17125,341.08,0.41,0.45,2026-02-04,0535,N,VIIRS,n,2.0NRT,294.79,7.78,N
-30.12621,-60.17625,311.04,0.41,0.45,2026-02-04,0535,N,VIIRS,n,2.0NRT,294.77,1.36,N
-30.12671,-60.17187,308.35,0.41,0.45,2026-02-04,0535,N,VIIRS,n,2.0NRT,295.05,1.36,N
-34.31336,-61.68347,305.97,0.39,0.44,2026-02-04,0537,N,VIIRS,n,2.0NRT,287.2,1.4,N
-34.85871,-57.89589,321.02,0.63,0.54,2026-02-04,0537,N,VIIRS,n,2.0NRT,291.18,2.57,N
-34.58049,-69.84984,297.87,0.41,0.37,2026-02-04,0537,N,VIIRS,n,2.0NRT,278.8,0.67,N
-37.08564,-69.47842,305.27,0.39,0.36,2026-02-04,0537,N,VIIRS,n,2.0NRT,272,1.25,N
-42.68604,-71.45217,347.86,0.4,0.6,2026-02-04,1756,N,VIIRS,n,2.0NRT,304.16,6.73,D
-42.61262,-71.50484,367,0.4,0.6,2026-02-04,1756,N,VIIRS,h,2.0NRT,295.48,4.87,D
-37.01656,-65.31844,339.82,0.51,0.41,2026-02-04,1758,N,VIIRS,n,2.0NRT,300.61,21.16,D
-37.01721,-65.32431,342.47,0.51,0.41,2026-02-04,1758,N,VIIRS,n,2.0NRT,303.24,21.16,D
-37.01787,-65.33019,334.15,0.51,0.41,2026-02-04,1758,N,VIIRS,n,2.0NRT,299.76,107.5,D
-37.01467,-65.33668,339.86,0.51,0.41,2026-02-04,1758,N,VIIRS,n,2.0NRT,300.12,9.27,D
-42.53742,-71.67262,367,0.41,0.6,2026-02-04,1758,N,VIIRS,h,2.0NRT,290.84,12.9,D
-36.98414,-60.24673,330.67,0.38,0.36,2026-02-04,1758,N,VIIRS,l,2.0NRT,303.16,1.45,D
-37.0358,-65.31542,339.25,0.51,0.41,2026-02-04,1758,N,VIIRS,n,2.0NRT,301.77,5.84,D
-37.03195,-65.31602,334.2,0.51,0.41,2026-02-04,1758,N,VIIRS,n,2.0NRT,299.51,5.84,D
-37.03327,-65.32776,342.13,0.51,0.41,2026-02-04,1758,N,VIIRS,n,2.0NRT,303.31,5.02,D
-37.03392,-65.33363,333.62,0.51,0.41,2026-02-04,1758,N,VIIRS,n,2.0NRT,298.28,5.02,D
-37.03458,-65.33952,332.15,0.51,0.41,2026-02-04,1758,N,VIIRS,n,2.0NRT,296.24,4.37,D
-37.0281,-65.31664,331.52,0.51,0.41,2026-02-04,1758,N,VIIRS,l,2.0NRT,302.49,9.24,D
-37.02876,-65.3225,333.1,0.51,0.41,2026-02-04,1758,N,VIIRS,l,2.0NRT,305.71,9.24,D
-37.02942,-65.32838,345.23,0.51,0.41,2026-02-04,1758,N,VIIRS,n,2.0NRT,312.47,66.59,D
-37.03073,-65.34013,340.4,0.51,0.41,2026-02-04,1758,N,VIIRS,n,2.0NRT,298.77,11.7,D
-37.02426,-65.31725,340.24,0.51,0.41,2026-02-04,1758,N,VIIRS,n,2.0NRT,305.09,9.24,D
-37.02491,-65.3231,344.64,0.51,0.41,2026-02-04,1758,N,VIIRS,n,2.0NRT,306.29,9.24,D
-37.02557,-65.32899,343.57,0.51,0.41,2026-02-04,1758,N,VIIRS,n,2.0NRT,314.97,66.59,D
-37.02106,-65.32371,348.2,0.51,0.41,2026-02-04,1758,N,VIIRS,n,2.0NRT,309.7,21.16,D
-37.02041,-65.31783,347.04,0.51,0.41,2026-02-04,1758,N,VIIRS,n,2.0NRT,310.11,21.16,D
-37.02172,-65.32958,347.16,0.51,0.41,2026-02-04,1758,N,VIIRS,n,2.0NRT,304.03,107.5,D
-37.02237,-65.33546,339.69,0.51,0.41,2026-02-04,1758,N,VIIRS,n,2.0NRT,298.5,107.5,D
-37.02303,-65.34136,319.4,0.51,0.41,2026-02-04,1758,N,VIIRS,l,2.0NRT,321.8,143.59,D
-37.01852,-65.33607,367,0.51,0.41,2026-02-04,1758,N,VIIRS,h,2.0NRT,330.82,107.5,D
-37.01917,-65.34196,367,0.51,0.41,2026-02-04,1758,N,VIIRS,h,2.0NRT,331.75,143.59,D
-31.69247,-60.67344,345.9,0.39,0.36,2026-02-04,1800,N,VIIRS,n,2.0NRT,309.92,6.27,D
-31.34883,-58.9627,340.54,0.43,0.38,2026-02-04,1800,N,VIIRS,l,2.0NRT,314.84,6.52,D
-31.55962,-60.37869,338.43,0.4,0.37,2026-02-04,1800,N,VIIRS,n,2.0NRT,305.34,1.32,D
-31.3247,-60.35571,342.6,0.4,0.37,2026-02-04,1800,N,VIIRS,n,2.0NRT,310.74,3.97,D
-30.86226,-58.01699,348.33,0.48,0.4,2026-02-04,1800,N,VIIRS,n,2.0NRT,310.74,7.57,D
-31.47398,-62.0351,332.6,0.38,0.36,2026-02-04,1800,N,VIIRS,n,2.0NRT,301.36,2.26,D
-30.60504,-57.99251,336.57,0.48,0.4,2026-02-04,1800,N,VIIRS,l,2.0NRT,308.22,4.45,D
-30.5932,-58.62015,335.03,0.45,0.39,2026-02-04,1800,N,VIIRS,l,2.0NRT,305.2,2.51,D
-31.35337,-63.62121,335.79,0.4,0.37,2026-02-04,1800,N,VIIRS,n,2.0NRT,303,2.76,D
-30.76837,-61.06112,336.62,0.39,0.36,2026-02-04,1800,N,VIIRS,l,2.0NRT,307.75,2.62,D
-30.76902,-61.06521,346.37,0.39,0.36,2026-02-04,1800,N,VIIRS,n,2.0NRT,309.44,2.62,D
-30.76502,-61.06185,337.21,0.39,0.36,2026-02-04,1800,N,VIIRS,l,2.0NRT,308.16,4.86,D
-30.53449,-60.71921,339.97,0.4,0.37,2026-02-04,1800,N,VIIRS,l,2.0NRT,312.79,3.96,D
-30.1927,-59.14862,337.45,0.44,0.38,2026-02-04,1800,N,VIIRS,l,2.0NRT,308.19,5.38,D
-30.13207,-58.91285,335.4,0.45,0.39,2026-02-04,1800,N,VIIRS,l,2.0NRT,309.17,3.88,D
-30.11152,-58.9226,331.39,0.45,0.39,2026-02-04,1800,N,VIIRS,l,2.0NRT,304.36,3.89,D
-30.30229,-60.10868,338.31,0.41,0.37,2026-02-04,1800,N,VIIRS,l,2.0NRT,308.39,3.39,D
-30.11341,-59.21355,337.49,0.44,0.38,2026-02-04,1800,N,VIIRS,n,2.0NRT,305.56,3.8,D
-30.10988,-59.21438,343.27,0.44,0.38,2026-02-04,1800,N,VIIRS,n,2.0NRT,304.87,3.8,D
-29.85461,-57.95778,367,0.5,0.41,2026-02-04,1800,N,VIIRS,h,2.0NRT,329.52,48.76,D
-29.85364,-57.95263,352.2,0.5,0.41,2026-02-04,1800,N,VIIRS,n,2.0NRT,317.16,48.76,D
-34.58194,-69.84647,337.48,0.55,0.51,2026-02-04,1800,N,VIIRS,n,2.0NRT,302.16,4.19,D
-33.18916,-59.05193,333.01,0.41,0.37,2026-02-04,1800,N,VIIRS,l,2.0NRT,305.78,3.92,D
-33.36871,-60.15876,335.9,0.39,0.36,2026-02-04,1800,N,VIIRS,n,2.0NRT,304.91,3.9,D
-33.25941,-60.28289,336,0.39,0.36,2026-02-04,1800,N,VIIRS,n,2.0NRT,300.36,3.79,D
-33.25607,-60.28366,331.36,0.39,0.36,2026-02-04,1800,N,VIIRS,l,2.0NRT,302.95,3.79,D
-33.1958,-60.10889,334.36,0.39,0.36,2026-02-04,1800,N,VIIRS,n,2.0NRT,302.23,3.14,D
-33.19649,-60.11312,338.94,0.39,0.36,2026-02-04,1800,N,VIIRS,n,2.0NRT,301.59,3.72,D
-33.10608,-60.07264,333.75,0.39,0.36,2026-02-04,1800,N,VIIRS,n,2.0NRT,301.54,3.17,D
-33.10678,-60.07686,333.72,0.39,0.36,2026-02-04,1800,N,VIIRS,n,2.0NRT,301.25,3.17,D
-33.10604,-60.07615,336.64,0.39,0.36,2026-02-04,1800,N,VIIRS,n,2.0NRT,302.72,6.17,D
-32.93627,-59.54259,335.11,0.4,0.37,2026-02-04,1800,N,VIIRS,n,2.0NRT,301.36,2.19,D
-32.64785,-58.22837,335.88,0.44,0.39,2026-02-04,1800,N,VIIRS,n,2.0NRT,301.99,2.98,D
-33.02406,-60.66816,340.36,0.39,0.36,2026-02-04,1800,N,VIIRS,n,2.0NRT,298.93,2.38,D
-32.96097,-60.73703,336.34,0.39,0.36,2026-02-04,1800,N,VIIRS,n,2.0NRT,302.23,1.47,D
-32.83349,-60.35523,338.48,0.39,0.36,2026-02-04,1800,N,VIIRS,n,2.0NRT,299.94,6.72,D
-32.84987,-60.45564,356.41,0.39,0.36,2026-02-04,1800,N,VIIRS,n,2.0NRT,309.36,21.57,D
-32.84652,-60.4564,337.41,0.39,0.36,2026-02-04,1800,N,VIIRS,n,2.0NRT,301.28,8.72,D
-32.79834,-60.5057,335.25,0.39,0.36,2026-02-04,1800,N,VIIRS,n,2.0NRT,298.86,4.95,D
-32.8071,-60.58149,336.85,0.39,0.36,2026-02-04,1800,N,VIIRS,n,2.0NRT,304.32,4.04,D
-32.77411,-60.44192,338,0.39,0.36,2026-02-04,1800,N,VIIRS,n,2.0NRT,306.7,4,D
-32.77008,-60.4385,335.29,0.39,0.36,2026-02-04,1800,N,VIIRS,l,2.0NRT,309.56,4.8,D
-32.77076,-60.44268,352.82,0.39,0.36,2026-02-04,1800,N,VIIRS,n,2.0NRT,308.46,9.84,D
-32.76673,-60.43927,334.9,0.39,0.36,2026-02-04,1800,N,VIIRS,n,2.0NRT,302.31,4.8,D
-32.47241,-59.105,337.67,0.42,0.38,2026-02-04,1800,N,VIIRS,n,2.0NRT,304.07,2.79,D
-32.33089,-58.99836,335.76,0.42,0.38,2026-02-04,1800,N,VIIRS,n,2.0NRT,302.42,2.28,D
-32.40023,-60.70428,335.72,0.39,0.36,2026-02-04,1800,N,VIIRS,n,2.0NRT,303.38,2.87,D
-32.34666,-60.80993,345.6,0.39,0.36,2026-02-04,1800,N,VIIRS,n,2.0NRT,306.22,9.03,D
-31.97981,-59.06461,339.17,0.42,0.38,2026-02-04,1800,N,VIIRS,l,2.0NRT,311.57,7.92,D
-32.13744,-60.98727,336.01,0.39,0.36,2026-02-04,1800,N,VIIRS,n,2.0NRT,302.86,2.99,D
-31.69179,-60.6693,342.29,0.39,0.36,2026-02-04,1800,N,VIIRS,n,2.0NRT,306.14,6.27,D
-29.84894,-57.9484,347.51,0.5,0.41,2026-02-04,1800,N,VIIRS,n,2.0NRT,312.5,11.08,D
-29.84991,-57.95355,347.67,0.5,0.41,2026-02-04,1800,N,VIIRS,n,2.0NRT,311.67,48.76,D
-29.85088,-57.95869,350.96,0.5,0.41,2026-02-04,1800,N,VIIRS,n,2.0NRT,314.16,48.76,D
-29.84424,-57.94418,367,0.5,0.41,2026-02-04,1800,N,VIIRS,h,2.0NRT,317.1,14.48,D
-29.84521,-57.94933,353.62,0.5,0.41,2026-02-04,1800,N,VIIRS,n,2.0NRT,318.81,14.48,D
-29.84617,-57.95448,351.95,0.5,0.41,2026-02-04,1800,N,VIIRS,n,2.0NRT,314.27,10.95,D
-29.84147,-57.95024,367,0.5,0.41,2026-02-04,1800,N,VIIRS,h,2.0NRT,311.31,14.48,D
-29.7567,-57.60905,352.2,0.52,0.41,2026-02-04,1800,N,VIIRS,n,2.0NRT,317.95,33.08,D
-29.7529,-57.61,349.21,0.52,0.41,2026-02-04,1800,N,VIIRS,n,2.0NRT,311.86,33.08,D
-30.43801,-61.63719,339.16,0.39,0.36,2026-02-04,1800,N,VIIRS,l,2.0NRT,310.38,9.21,D
-30.43864,-61.64122,346.96,0.39,0.36,2026-02-04,1800,N,VIIRS,n,2.0NRT,311.27,8.91,D
-30.19955,-60.24089,332.02,0.41,0.37,2026-02-04,1800,N,VIIRS,l,2.0NRT,303.17,3.48,D
-30.12636,-60.16462,340.28,0.41,0.37,2026-02-04,1800,N,VIIRS,n,2.0NRT,302.01,8.47,D
-30.12293,-60.16538,342.33,0.41,0.37,2026-02-04,1800,N,VIIRS,n,2.0NRT,305.61,8.47,D
-30.11951,-60.16615,347.91,0.41,0.37,2026-02-04,1800,N,VIIRS,n,2.0NRT,303.6,9.45,D
-30.11899,-60.18394,350.86,0.41,0.37,2026-02-04,1800,N,VIIRS,n,2.0NRT,304.23,5.26,D
-30.11484,-60.18045,352.25,0.41,0.37,2026-02-04,1800,N,VIIRS,n,2.0NRT,311.69,16.08,D
-30.11556,-60.18471,332.77,0.41,0.37,2026-02-04,1800,N,VIIRS,l,2.0NRT,304.51,9.14,D
-30.11142,-60.18123,340.14,0.41,0.37,2026-02-04,1800,N,VIIRS,n,2.0NRT,303.94,16.08,D
-30.11214,-60.18549,344.79,0.41,0.37,2026-02-04,1800,N,VIIRS,n,2.0NRT,301.45,9.14,D
-30.01409,-59.76775,332.56,0.42,0.38,2026-02-04,1800,N,VIIRS,l,2.0NRT,304.89,1.07,D
-29.91943,-59.72102,336.67,0.42,0.38,2026-02-04,1800,N,VIIRS,n,2.0NRT,306.08,3.33,D
-29.56562,-57.95055,344.45,0.5,0.41,2026-02-04,1800,N,VIIRS,n,2.0NRT,312.51,12.68,D
-29.33107,-57.00046,333.48,0.56,0.43,2026-02-04,1800,N,VIIRS,l,2.0NRT,307.69,2.64,D
-29.32713,-57.00146,341.1,0.56,0.43,2026-02-04,1800,N,VIIRS,n,2.0NRT,307.71,6.23,D
-30.31496,-63.00405,341.39,0.39,0.36,2026-02-04,1800,N,VIIRS,n,2.0NRT,309.01,5.33,D
-30.31556,-63.00811,344.1,0.39,0.36,2026-02-04,1800,N,VIIRS,n,2.0NRT,307.2,3.29,D
-30.31406,-63.00789,341.61,0.39,0.36,2026-02-04,1800,N,VIIRS,n,2.0NRT,306.67,3.36,D
-29.56895,-58.81181,347.3,0.46,0.39,2026-02-04,1800,N,VIIRS,n,2.0NRT,307.24,4.49,D
-29.56534,-58.81266,332.03,0.46,0.39,2026-02-04,1800,N,VIIRS,l,2.0NRT,305.42,4.49,D
-29.25863,-57.75122,350.42,0.52,0.41,2026-02-04,1800,N,VIIRS,n,2.0NRT,311.86,16.89,D
-29.73886,-60.79832,337.39,0.4,0.37,2026-02-04,1800,N,VIIRS,n,2.0NRT,304.6,9.14,D
-29.73549,-60.79905,346.16,0.4,0.37,2026-02-04,1800,N,VIIRS,n,2.0NRT,308.46,9.14,D
-29.73616,-60.80318,340.48,0.4,0.37,2026-02-04,1800,N,VIIRS,l,2.0NRT,313.26,8.61,D
-29.73752,-60.81144,346.69,0.4,0.37,2026-02-04,1800,N,VIIRS,n,2.0NRT,309.21,7.19,D
-29.73278,-60.80391,344.12,0.4,0.37,2026-02-04,1800,N,VIIRS,n,2.0NRT,309.05,8.19,D
-29.73415,-60.81217,341.04,0.4,0.37,2026-02-04,1800,N,VIIRS,l,2.0NRT,311.22,5.82,D
-29.52999,-60.90999,336.48,0.4,0.37,2026-02-04,1800,N,VIIRS,l,2.0NRT,310.81,5.25,D
-29.53066,-60.91409,338.93,0.4,0.37,2026-02-04,1800,N,VIIRS,l,2.0NRT,311.26,5.14,D
-29.50417,-60.79596,337.03,0.4,0.37,2026-02-04,1800,N,VIIRS,n,2.0NRT,307.08,2.03,D
-29.50485,-60.8001,336.6,0.4,0.37,2026-02-04,1800,N,VIIRS,n,2.0NRT,307.89,2.28,D
-29.4947,-60.8023,341.83,0.4,0.37,2026-02-04,1800,N,VIIRS,n,2.0NRT,310.64,3.67,D
-29.49131,-60.80304,340.2,0.4,0.37,2026-02-04,1800,N,VIIRS,l,2.0NRT,313.16,3.67,D
-29.49199,-60.80717,341.07,0.4,0.37,2026-02-04,1800,N,VIIRS,n,2.0NRT,309.49,3.67,D
-28.6919,-56.53328,337.35,0.41,0.45,2026-02-04,1800,N,VIIRS,l,2.0NRT,307.69,3.6,D
-29.38697,-60.67944,340.88,0.4,0.37,2026-02-04,1800,N,VIIRS,n,2.0NRT,306.91,3.86,D
-29.35221,-60.89275,340.5,0.4,0.37,2026-02-04,1800,N,VIIRS,l,2.0NRT,311.46,3.3,D
-28.94369,-59.3028,333.4,0.45,0.39,2026-02-04,1800,N,VIIRS,n,2.0NRT,308.09,1.78,D
-28.89017,-59.25267,338.87,0.45,0.39,2026-02-04,1800,N,VIIRS,n,2.0NRT,306.77,6.05,D
-29.19849,-61.6294,355.11,0.39,0.36,2026-02-04,1800,N,VIIRS,n,2.0NRT,311.91,13.64,D
-28.75557,-59.21366,346.24,0.45,0.39,2026-02-04,1800,N,VIIRS,n,2.0NRT,305.39,8,D
-28.69318,-59.07689,356.63,0.46,0.39,2026-02-04,1800,N,VIIRS,n,2.0NRT,319.81,29.09,D
-28.6934,-59.0752,352.84,0.46,0.39,2026-02-04,1800,N,VIIRS,n,2.0NRT,315.55,25,D
-27.8557,-55.16413,333.11,0.5,0.49,2026-02-04,1800,N,VIIRS,l,2.0NRT,306.74,3.25,D
-28.65123,-59.29897,338.67,0.45,0.39,2026-02-04,1800,N,VIIRS,n,2.0NRT,308.3,2.28,D
-28.63272,-59.27909,332.31,0.45,0.39,2026-02-04,1800,N,VIIRS,n,2.0NRT,307.12,4.22,D
-28.48285,-59.23718,345.33,0.46,0.39,2026-02-04,1800,N,VIIRS,n,2.0NRT,306.09,6.16,D
-28.42956,-59.00358,339.26,0.47,0.4,2026-02-04,1800,N,VIIRS,n,2.0NRT,308.86,4.62,D
-28.94278,-62.6703,350.75,0.38,0.36,2026-02-04,1800,N,VIIRS,n,2.0NRT,306.13,7.05,D
-28.32205,-59.19801,336.65,0.46,0.39,2026-02-04,1800,N,VIIRS,n,2.0NRT,306.23,5.85,D
-28.3229,-59.2027,335.21,0.46,0.39,2026-02-04,1800,N,VIIRS,l,2.0NRT,307.03,3.51,D
-28.32375,-59.2074,333.82,0.46,0.39,2026-02-04,1800,N,VIIRS,l,2.0NRT,304.86,3.51,D
-28.55661,-60.83937,335.53,0.4,0.37,2026-02-04,1800,N,VIIRS,n,2.0NRT,303.13,5.75,D
-28.54027,-60.84716,331.59,0.4,0.37,2026-02-04,1800,N,VIIRS,n,2.0NRT,303.34,2.27,D
-28.59583,-61.26826,335.13,0.4,0.37,2026-02-04,1800,N,VIIRS,n,2.0NRT,305.63,6.64,D
-28.59649,-61.27233,333.3,0.4,0.37,2026-02-04,1800,N,VIIRS,n,2.0NRT,304.56,6.64,D
-28.59312,-61.27304,332.56,0.4,0.37,2026-02-04,1800,N,VIIRS,n,2.0NRT,304.73,6.64,D
-27.76444,-56.9967,332.71,0.4,0.44,2026-02-04,1800,N,VIIRS,n,2.0NRT,307.44,3.31,D
-27.76037,-56.99771,345.7,0.4,0.44,2026-02-04,1800,N,VIIRS,n,2.0NRT,309.83,3.31,D
-27.76119,-57.00176,337.54,0.4,0.44,2026-02-04,1800,N,VIIRS,n,2.0NRT,307.53,3.31,D
-27.75781,-56.99798,335.02,0.4,0.44,2026-02-04,1800,N,VIIRS,n,2.0NRT,306.65,2.87,D
-27.42936,-56.16376,333.76,0.45,0.47,2026-02-04,1800,N,VIIRS,n,2.0NRT,294.53,4.76,D
-27.43029,-56.16827,335.2,0.45,0.47,2026-02-04,1800,N,VIIRS,n,2.0NRT,298.95,3.79,D
-27.42602,-56.16943,351.85,0.45,0.47,2026-02-04,1800,N,VIIRS,n,2.0NRT,306.47,3.79,D
-27.41653,-56.16721,339.45,0.45,0.47,2026-02-04,1800,N,VIIRS,n,2.0NRT,303.74,8.86,D
-27.41746,-56.17173,336.52,0.45,0.47,2026-02-04,1800,N,VIIRS,n,2.0NRT,305.36,5.77,D
-28.196,-60.88457,336.19,0.41,0.37,2026-02-04,1800,N,VIIRS,l,2.0NRT,311,2.79,D
-28.19329,-60.88943,336.75,0.41,0.37,2026-02-04,1800,N,VIIRS,l,2.0NRT,311.1,4.02,D
-27.47001,-57.6913,349.23,0.56,0.43,2026-02-04,1800,N,VIIRS,n,2.0NRT,305.35,13.63,D
-27.46608,-57.69224,350.96,0.56,0.43,2026-02-04,1800,N,VIIRS,n,2.0NRT,305,19.3,D
-27.46214,-57.69319,344.75,0.56,0.43,2026-02-04,1800,N,VIIRS,n,2.0NRT,302.98,19.3,D
-28.04121,-60.86069,337.14,0.41,0.37,2026-02-04,1800,N,VIIRS,l,2.0NRT,309.54,3.19,D
-28.04191,-60.86484,341.13,0.41,0.37,2026-02-04,1800,N,VIIRS,n,2.0NRT,309.46,2.42,D
-27.45094,-57.67815,349.62,0.56,0.43,2026-02-04,1800,N,VIIRS,n,2.0NRT,308.83,14.31,D
-27.46333,-57.68925,348.11,0.56,0.43,2026-02-04,1800,N,VIIRS,n,2.0NRT,305.97,30.57,D
-27.4594,-57.6902,348.18,0.56,0.43,2026-02-04,1800,N,VIIRS,n,2.0NRT,298.33,30.57,D
-27.93531,-60.35306,334,0.42,0.38,2026-02-04,1800,N,VIIRS,l,2.0NRT,308.72,1.49,D
-27.44937,-57.6808,346.66,0.56,0.43,2026-02-04,1800,N,VIIRS,n,2.0NRT,302.19,8.85,D
-27.62696,-59.39826,330.55,0.46,0.39,2026-02-04,1800,N,VIIRS,l,2.0NRT,304.5,4.07,D
-27.6278,-59.40293,339.32,0.46,0.39,2026-02-04,1800,N,VIIRS,n,2.0NRT,306.07,4.07,D
-27.44602,-58.80994,330.95,0.49,0.4,2026-02-04,1800,N,VIIRS,n,2.0NRT,302.35,3.24,D
-27.68187,-60.33073,339,0.43,0.38,2026-02-04,1800,N,VIIRS,n,2.0NRT,306.17,4.83,D
-26.33077,-54.56447,339.12,0.59,0.53,2026-02-04,1800,N,VIIRS,n,2.0NRT,302.59,7.68,D
-26.22976,-54.40895,331.97,0.6,0.53,2026-02-04,1800,N,VIIRS,n,2.0NRT,304.03,4.94,D
-25.91313,-57.97051,349.07,0.57,0.43,2026-02-04,1802,N,VIIRS,n,2.0NRT,317.95,12.74,D
-27.41244,-60.61695,333.74,0.42,0.38,2026-02-04,1802,N,VIIRS,l,2.0NRT,308.64,4.02,D
-26.92793,-59.70699,349.14,0.46,0.39,2026-02-04,1802,N,VIIRS,n,2.0NRT,309.1,12.17,D
-26.58652,-58.34451,330.29,0.53,0.42,2026-02-04,1802,N,VIIRS,l,2.0NRT,304.53,2.5,D
-26.58752,-58.34986,337.73,0.53,0.42,2026-02-04,1802,N,VIIRS,n,2.0NRT,305.07,6.15,D
-26.56852,-58.26999,332.87,0.54,0.42,2026-02-04,1802,N,VIIRS,n,2.0NRT,306.91,5.98,D
-26.58566,-58.36147,352.49,0.53,0.42,2026-02-04,1802,N,VIIRS,n,2.0NRT,305.83,15.33,D
-26.56464,-58.27089,343,0.54,0.42,2026-02-04,1802,N,VIIRS,n,2.0NRT,304.48,5.98,D
-26.5798,-58.35166,334.13,0.53,0.42,2026-02-04,1802,N,VIIRS,l,2.0NRT,307.33,11.55,D
-26.57695,-58.35791,352.02,0.53,0.42,2026-02-04,1802,N,VIIRS,n,2.0NRT,307.24,15.07,D
-26.57795,-58.36325,356.97,0.53,0.42,2026-02-04,1802,N,VIIRS,l,2.0NRT,299.51,35.49,D
-26.55689,-58.2727,333.1,0.54,0.42,2026-02-04,1802,N,VIIRS,l,2.0NRT,304.98,4.75,D
-26.55791,-58.27811,350.45,0.54,0.42,2026-02-04,1802,N,VIIRS,n,2.0NRT,306.6,6.36,D
-26.54344,-58.28712,331.11,0.54,0.42,2026-02-04,1802,N,VIIRS,l,2.0NRT,305.2,5.6,D
-26.53182,-58.28983,336.53,0.54,0.42,2026-02-04,1802,N,VIIRS,n,2.0NRT,305.17,5.77,D
-26.46857,-58.21387,343.19,0.54,0.42,2026-02-04,1802,N,VIIRS,n,2.0NRT,306.29,5.72,D
-26.46966,-58.21611,338.09,0.54,0.42,2026-02-04,1802,N,VIIRS,n,2.0NRT,305.41,8.13,D
-26.50102,-58.62039,333.31,0.52,0.41,2026-02-04,1802,N,VIIRS,l,2.0NRT,306.67,8.76,D
-26.88842,-61.02415,349.49,0.41,0.37,2026-02-04,1802,N,VIIRS,n,2.0NRT,313.72,20.85,D
-26.88498,-61.02486,348.4,0.41,0.37,2026-02-04,1802,N,VIIRS,n,2.0NRT,310.41,14.13,D
-26.18818,-58.24623,341.14,0.55,0.42,2026-02-04,1802,N,VIIRS,n,2.0NRT,304.52,3.66,D
-26.32601,-59.12505,337.9,0.49,0.4,2026-02-04,1802,N,VIIRS,n,2.0NRT,305.62,6.57,D
-26.32229,-59.1259,336.65,0.49,0.4,2026-02-04,1802,N,VIIRS,l,2.0NRT,307.43,9.88,D
-26.14454,-58.21046,346.65,0.55,0.43,2026-02-04,1802,N,VIIRS,n,2.0NRT,306.66,12.87,D
-26.1456,-58.21596,338.44,0.55,0.43,2026-02-04,1802,N,VIIRS,n,2.0NRT,306.83,13.39,D
-26.31857,-59.12673,346.56,0.49,0.4,2026-02-04,1802,N,VIIRS,n,2.0NRT,308.1,9.88,D
-26.27471,-58.9757,334.74,0.5,0.41,2026-02-04,1802,N,VIIRS,l,2.0NRT,305.94,3.03,D
-26.14671,-58.21257,346.13,0.55,0.43,2026-02-04,1802,N,VIIRS,n,2.0NRT,305.2,10.39,D
-26.1428,-58.21349,348.9,0.55,0.43,2026-02-04,1802,N,VIIRS,n,2.0NRT,305.77,10.39,D
-26.27433,-58.96833,332.75,0.5,0.41,2026-02-04,1802,N,VIIRS,l,2.0NRT,306.21,4.57,D
-26.27525,-58.97338,337.76,0.5,0.41,2026-02-04,1802,N,VIIRS,n,2.0NRT,307.61,4.8,D
-26.07762,-57.97729,334.74,0.57,0.43,2026-02-04,1802,N,VIIRS,n,2.0NRT,300.35,8.51,D
-26.11069,-58.23821,335.15,0.55,0.43,2026-02-04,1802,N,VIIRS,n,2.0NRT,305.04,11.64,D
-26.10782,-58.24462,342.17,0.55,0.43,2026-02-04,1802,N,VIIRS,n,2.0NRT,302.91,4.05,D
-26.12138,-58.96379,334.32,0.51,0.41,2026-02-04,1802,N,VIIRS,l,2.0NRT,305.25,6,D
-26.12231,-58.96885,335.77,0.5,0.41,2026-02-04,1802,N,VIIRS,l,2.0NRT,306.63,6,D
-25.92796,-57.96107,344.44,0.57,0.43,2026-02-04,1802,N,VIIRS,n,2.0NRT,307.68,10.82,D
-26.11855,-58.9697,338.15,0.5,0.41,2026-02-04,1802,N,VIIRS,n,2.0NRT,307.42,6,D
-25.91424,-57.97622,340.86,0.57,0.43,2026-02-04,1802,N,VIIRS,l,2.0NRT,313.21,12.74,D
-26.32266,-60.30808,342.61,0.44,0.38,2026-02-04,1802,N,VIIRS,n,2.0NRT,311.73,7.42,D
-25.85312,-58.02876,334.21,0.57,0.43,2026-02-04,1802,N,VIIRS,l,2.0NRT,307.75,3.11,D
-25.7564,-57.78868,343.85,0.39,0.44,2026-02-04,1802,N,VIIRS,n,2.0NRT,306.25,3.44,D
-25.75237,-57.78962,331.58,0.39,0.44,2026-02-04,1802,N,VIIRS,l,2.0NRT,303.25,3.44,D
-25.75313,-57.79354,334.77,0.39,0.44,2026-02-04,1802,N,VIIRS,l,2.0NRT,305.36,3.44,D
-25.74987,-57.7984,356.51,0.39,0.44,2026-02-04,1802,N,VIIRS,n,2.0NRT,304.81,29.94,D
-25.75064,-57.80228,354.52,0.39,0.44,2026-02-04,1802,N,VIIRS,n,2.0NRT,309.84,29.94,D
-26.33122,-60.96016,346.29,0.42,0.38,2026-02-04,1802,N,VIIRS,l,2.0NRT,316.7,12.77,D
-25.77886,-58.01033,341.79,0.57,0.43,2026-02-04,1802,N,VIIRS,n,2.0NRT,306.61,7.01,D
-25.77818,-58.01156,347.48,0.57,0.43,2026-02-04,1802,N,VIIRS,n,2.0NRT,305.53,13.95,D
-26.13561,-60.12338,334.07,0.45,0.39,2026-02-04,1802,N,VIIRS,l,2.0NRT,306.88,1.44,D
-25.77434,-58.16611,336.26,0.56,0.43,2026-02-04,1802,N,VIIRS,n,2.0NRT,303.18,5.05,D
-26.3182,-61.65332,336.27,0.4,0.37,2026-02-04,1802,N,VIIRS,l,2.0NRT,308.04,6.76,D
-25.64897,-58.1216,351.71,0.57,0.43,2026-02-04,1802,N,VIIRS,n,2.0NRT,303.46,10.96,D
-25.65005,-58.12725,333.37,0.57,0.43,2026-02-04,1802,N,VIIRS,n,2.0NRT,302.24,4.82,D
-25.64393,-58.11686,339.47,0.57,0.43,2026-02-04,1802,N,VIIRS,n,2.0NRT,297.15,5.22,D
-25.62408,-58.12146,338.44,0.57,0.43,2026-02-04,1802,N,VIIRS,n,2.0NRT,304.55,7.5,D
-25.62734,-58.13841,331.87,0.57,0.43,2026-02-04,1802,N,VIIRS,l,2.0NRT,304.66,3.47,D
-25.62119,-58.12803,353.96,0.57,0.43,2026-02-04,1802,N,VIIRS,n,2.0NRT,306.87,17.47,D
-25.62228,-58.13369,346.29,0.57,0.43,2026-02-04,1802,N,VIIRS,n,2.0NRT,307.91,12.03,D
-25.91802,-59.86655,332.95,0.46,0.39,2026-02-04,1802,N,VIIRS,l,2.0NRT,305.99,6.02,D
-25.47206,-57.59233,337.78,0.41,0.45,2026-02-04,1802,N,VIIRS,n,2.0NRT,306.6,3.24,D
-25.48237,-57.90957,349.68,0.39,0.44,2026-02-04,1802,N,VIIRS,n,2.0NRT,314.48,13.21,D
-25.52561,-58.39085,338.56,0.55,0.43,2026-02-04,1802,N,VIIRS,n,2.0NRT,304.1,5.02,D
-25.52774,-58.39336,336.39,0.55,0.43,2026-02-04,1802,N,VIIRS,n,2.0NRT,304.36,3.21,D
-25.90411,-57.85937,339.79,0.39,0.44,2026-02-04,1802,N,VIIRS,n,2.0NRT,307.65,5.18,D
-25.89833,-60.78012,346.41,0.43,0.38,2026-02-04,1802,N,VIIRS,n,2.0NRT,309.91,9.53,D
-25.89484,-60.78085,345.35,0.43,0.38,2026-02-04,1802,N,VIIRS,l,2.0NRT,316.64,13.9,D
-25.20852,-57.79716,350.85,0.4,0.44,2026-02-04,1802,N,VIIRS,n,2.0NRT,307.78,16.33,D
-25.17848,-57.80761,344.25,0.4,0.44,2026-02-04,1802,N,VIIRS,n,2.0NRT,303.82,4.38,D
-25.1744,-57.80856,355.53,0.4,0.44,2026-02-04,1802,N,VIIRS,n,2.0NRT,310,17.6,D
-25.18979,-57.93285,348.47,0.39,0.44,2026-02-04,1802,N,VIIRS,n,2.0NRT,306.89,10.88,D
-25.19054,-57.93676,338.4,0.39,0.44,2026-02-04,1802,N,VIIRS,n,2.0NRT,304.13,6.16,D
-25.15458,-57.83809,343.28,0.4,0.44,2026-02-04,1802,N,VIIRS,n,2.0NRT,307.83,6.6,D
-25.57417,-60.12523,344.86,0.46,0.39,2026-02-04,1802,N,VIIRS,n,2.0NRT,312.65,23.38,D
-25.57058,-60.126,342.61,0.46,0.39,2026-02-04,1802,N,VIIRS,n,2.0NRT,307.47,12.74,D
-25.15388,-57.90018,337.85,0.4,0.44,2026-02-04,1802,N,VIIRS,n,2.0NRT,306.55,5.62,D
-26.16288,-64.52827,367,0.39,0.36,2026-02-04,1802,N,VIIRS,h,2.0NRT,307.59,13.43,D
-26.16345,-64.53221,338.89,0.39,0.36,2026-02-04,1802,N,VIIRS,n,2.0NRT,301.4,4.21,D
-25.80995,-64.11746,334.54,0.39,0.36,2026-02-04,1802,N,VIIRS,n,2.0NRT,303.39,3.98,D
-24.89339,-59.25537,335.58,0.51,0.41,2026-02-04,1802,N,VIIRS,n,2.0NRT,305.46,6.77,D
-24.89432,-59.26041,356.34,0.51,0.41,2026-02-04,1802,N,VIIRS,n,2.0NRT,309.04,13.67,D
-24.89054,-59.26125,334.3,0.51,0.41,2026-02-04,1802,N,VIIRS,n,2.0NRT,304.27,13.67,D
-24.79578,-58.83477,331.93,0.54,0.42,2026-02-04,1802,N,VIIRS,l,2.0NRT,306.16,3.87,D
-24.71964,-60.37557,330.59,0.46,0.39,2026-02-04,1802,N,VIIRS,l,2.0NRT,305.16,2.15,D
-42.55811,-71.42832,367,0.34,0.56,2026-02-04,1938,N,VIIRS,h,2.0NRT,305.52,8.57,D
-42.55701,-71.42432,336.58,0.34,0.56,2026-02-04,1938,N,VIIRS,n,2.0NRT,301.84,8.53,D
-42.66745,-71.37495,350.74,0.34,0.56,2026-02-04,1938,N,VIIRS,n,2.0NRT,296.26,6.16,D
-42.56871,-71.42555,349.26,0.34,0.56,2026-02-04,1938,N,VIIRS,n,2.0NRT,299.67,4.28,D
-34.58391,-69.85143,341.77,0.68,0.74,2026-02-04,1940,N,VIIRS,n,2.0NRT,294.68,7.88,D
-25.61623,-58.12323,304.95,0.42,0.38,2026-02-05,0516,N,VIIRS,n,2.0NRT,293.91,1.65,N
-25.61971,-58.12383,323.14,0.42,0.38,2026-02-05,0516,N,VIIRS,n,2.0NRT,295.27,1.65,N
-25.62032,-58.11962,318.73,0.42,0.38,2026-02-05,0516,N,VIIRS,n,2.0NRT,293.74,1.47,N
-25.62028,-58.122,335.2,0.42,0.38,2026-02-05,0516,N,VIIRS,n,2.0NRT,295.36,4.58,N
-25.62436,-58.11838,311.98,0.42,0.38,2026-02-05,0516,N,VIIRS,n,2.0NRT,293.08,0.95,N
-25.62784,-58.11899,315.46,0.42,0.38,2026-02-05,0516,N,VIIRS,n,2.0NRT,293.32,0.95,N
-25.64297,-58.11295,314.71,0.42,0.38,2026-02-05,0516,N,VIIRS,n,2.0NRT,293.45,0.97,N
-25.57184,-60.12476,311.32,0.38,0.36,2026-02-05,0516,N,VIIRS,n,2.0NRT,294.97,1.05,N
-25.57518,-60.1254,317.54,0.38,0.36,2026-02-05,0516,N,VIIRS,n,2.0NRT,295.11,1.05,N
-25.04636,-60.24655,326.48,0.38,0.36,2026-02-05,0516,N,VIIRS,n,2.0NRT,295.77,2.5,N
-25.04696,-60.24273,335.17,0.38,0.36,2026-02-05,0516,N,VIIRS,n,2.0NRT,297.34,2.5,N
-25.0503,-60.24335,335.44,0.38,0.36,2026-02-05,0516,N,VIIRS,n,2.0NRT,295.93,2.5,N
-25.0497,-60.24718,308.8,0.38,0.36,2026-02-05,0516,N,VIIRS,n,2.0NRT,295.05,2.5,N
-29.09009,-56.57985,314.62,0.53,0.42,2026-02-05,0516,N,VIIRS,n,2.0NRT,292.5,1.07,N
-28.58514,-61.26972,328.54,0.38,0.36,2026-02-05,0516,N,VIIRS,n,2.0NRT,295.67,2.38,N
-28.33006,-62.82894,306.5,0.4,0.37,2026-02-05,0516,N,VIIRS,n,2.0NRT,294.94,1.12,N
-28.58638,-61.26183,312.88,0.38,0.36,2026-02-05,0516,N,VIIRS,n,2.0NRT,295.34,1.1,N
-28.58972,-61.26251,320.49,0.38,0.36,2026-02-05,0516,N,VIIRS,n,2.0NRT,295.6,1.1,N
-28.33345,-62.82968,313.97,0.4,0.37,2026-02-05,0516,N,VIIRS,n,2.0NRT,294.15,1.12,N
-28.59305,-61.26318,312.05,0.38,0.36,2026-02-05,0516,N,VIIRS,n,2.0NRT,295.38,1.36,N
-28.59576,-61.2678,317.22,0.38,0.36,2026-02-05,0516,N,VIIRS,n,2.0NRT,295.93,1.56,N
-29.31161,-61.13586,306.69,0.38,0.36,2026-02-05,0516,N,VIIRS,n,2.0NRT,294.96,0.37,N
-29.73327,-60.79603,330.05,0.39,0.36,2026-02-05,0516,N,VIIRS,n,2.0NRT,295.56,3.64,N
-30.1161,-60.16749,328.36,0.4,0.37,2026-02-05,0516,N,VIIRS,n,2.0NRT,295.37,1.59,N
-30.1195,-60.16815,305.97,0.4,0.37,2026-02-05,0516,N,VIIRS,n,2.0NRT,294.38,1.59,N
-30.86313,-58.01351,311.31,0.47,0.4,2026-02-05,0516,N,VIIRS,n,2.0NRT,293.25,1.39,N
-30.30937,-63.00714,307.01,0.39,0.36,2026-02-05,0516,N,VIIRS,n,2.0NRT,293.64,0.69,N
-30.31273,-63.00789,312.81,0.39,0.36,2026-02-05,0516,N,VIIRS,n,2.0NRT,293.07,0.99,N
-25.32613,-62.00354,315.84,0.4,0.37,2026-02-05,0516,N,VIIRS,n,2.0NRT,296.12,1.25,N
-26.18468,-59.16041,309.71,0.4,0.37,2026-02-05,0516,N,VIIRS,n,2.0NRT,294.71,4.18,N
-26.18748,-59.16503,340.84,0.4,0.37,2026-02-05,0516,N,VIIRS,n,2.0NRT,298.37,5.07,N
-26.18808,-59.16102,354.46,0.4,0.37,2026-02-05,0516,N,VIIRS,n,2.0NRT,300.7,4.18,N
-26.19088,-59.16564,324.65,0.4,0.37,2026-02-05,0516,N,VIIRS,n,2.0NRT,296.01,2.67,N
-26.19147,-59.16164,340.9,0.4,0.37,2026-02-05,0516,N,VIIRS,n,2.0NRT,296.93,4.45,N
-26.1368,-60.12424,316.88,0.39,0.36,2026-02-05,0516,N,VIIRS,n,2.0NRT,296.31,1.26,N
-26.43423,-58.25586,312.58,0.42,0.38,2026-02-05,0516,N,VIIRS,n,2.0NRT,294.77,1.3,N
-26.31889,-59.12572,310.2,0.4,0.37,2026-02-05,0516,N,VIIRS,n,2.0NRT,294.41,0.9,N
-26.88814,-54.88054,307.87,0.41,0.45,2026-02-05,0516,N,VIIRS,n,2.0NRT,291.66,1.37,N
-26.0034,-61.33985,307.37,0.39,0.36,2026-02-05,0516,N,VIIRS,n,2.0NRT,289.18,1.8,N
-26.55158,-58.28745,304.63,0.42,0.38,2026-02-05,0516,N,VIIRS,n,2.0NRT,293.29,0.48,N
-27.14784,-54.29073,304.98,0.44,0.46,2026-02-05,0516,N,VIIRS,n,2.0NRT,290.3,0.85,N
-26.32976,-60.95966,330.39,0.38,0.36,2026-02-05,0516,N,VIIRS,n,2.0NRT,295.63,2.34,N
-26.33309,-60.96033,316.33,0.38,0.36,2026-02-05,0516,N,VIIRS,n,2.0NRT,295.48,1.79,N
-25.80731,-64.11685,318.05,0.46,0.39,2026-02-05,0516,N,VIIRS,n,2.0NRT,292.93,3.07,N
-25.81456,-64.11848,307.9,0.46,0.39,2026-02-05,0516,N,VIIRS,n,2.0NRT,289.14,1.24,N
-26.88871,-61.02217,306.45,0.38,0.36,2026-02-05,0516,N,VIIRS,n,2.0NRT,295.89,1.98,N
-26.30308,-64.50529,320.37,0.48,0.4,2026-02-05,0516,N,VIIRS,n,2.0NRT,294.44,1.64,N
-26.30675,-64.50613,302.29,0.48,0.4,2026-02-05,0516,N,VIIRS,n,2.0NRT,291.34,1.64,N
-27.09824,-60.42021,308.39,0.39,0.36,2026-02-05,0516,N,VIIRS,n,2.0NRT,295.03,1.14,N
-27.18221,-61.37845,329.76,0.39,0.36,2026-02-05,0516,N,VIIRS,n,2.0NRT,295.81,3.62,N
-27.18554,-61.37912,319.39,0.39,0.36,2026-02-05,0516,N,VIIRS,n,2.0NRT,295.52,2.61,N
-27.3339,-60.94613,310.41,0.38,0.36,2026-02-05,0516,N,VIIRS,n,2.0NRT,296.28,0.77,N
-27.35752,-60.81811,315.64,0.38,0.36,2026-02-05,0516,N,VIIRS,n,2.0NRT,297.08,0.91,N
-28.04274,-60.88176,309.68,0.38,0.36,2026-02-05,0516,N,VIIRS,n,2.0NRT,296.38,1.19,N
-28.04335,-60.87783,313.79,0.38,0.36,2026-02-05,0516,N,VIIRS,n,2.0NRT,296.43,1.19,N
-32.26774,-68.62082,309.23,0.4,0.44,2026-02-05,0518,N,VIIRS,n,2.0NRT,288.54,1.09,N
-34.85925,-57.89298,309.36,0.53,0.42,2026-02-05,0518,N,VIIRS,n,2.0NRT,283.83,1.72,N
-34.58263,-69.84549,295.79,0.42,0.45,2026-02-05,0518,N,VIIRS,n,2.0NRT,278.77,1.52,N
-30.97346,-59.18021,305.26,0.43,0.38,2026-02-05,0518,N,VIIRS,n,2.0NRT,293.66,1.19,N
-31.82521,-65.56945,311.3,0.45,0.39,2026-02-05,0518,N,VIIRS,n,2.0NRT,291.07,1.51,N
-32.26588,-68.62261,299.72,0.4,0.44,2026-02-05,0518,N,VIIRS,n,2.0NRT,287.93,0.66,N
-32.26676,-68.61836,303.78,0.4,0.44,2026-02-05,0518,N,VIIRS,n,2.0NRT,288.03,0.66,N
-42.67739,-71.39617,297.43,0.52,0.41,2026-02-05,0520,N,VIIRS,n,2.0NRT,275.44,1.15,N
-42.62317,-71.49648,301.6,0.52,0.42,2026-02-05,0520,N,VIIRS,n,2.0NRT,275.72,1.98,N
-42.62447,-71.49032,305.64,0.52,0.42,2026-02-05,0520,N,VIIRS,n,2.0NRT,276.69,2.05,N
-42.62961,-71.48534,303,0.52,0.42,2026-02-05,0520,N,VIIRS,n,2.0NRT,275.96,1.73,N
-42.64484,-71.47124,314.05,0.52,0.42,2026-02-05,0520,N,VIIRS,n,2.0NRT,278.3,2.39,N
-42.67869,-71.39009,299.52,0.52,0.41,2026-02-05,0520,N,VIIRS,n,2.0NRT,276.25,1.15,N
-42.53547,-71.67593,320.46,0.53,0.42,2026-02-05,0520,N,VIIRS,n,2.0NRT,277.24,2.21,N
-42.62182,-71.50282,304.46,0.52,0.42,2026-02-05,0520,N,VIIRS,n,2.0NRT,275.56,1.98,N
-42.46287,-71.74953,343.25,0.7,0.75,2026-02-05,1738,N,VIIRS,n,2.0NRT,288.13,16.18,D
-42.95733,-71.36165,349.17,0.68,0.74,2026-02-05,1738,N,VIIRS,n,2.0NRT,303.58,11.47,D
-42.95726,-71.37399,353.48,0.68,0.74,2026-02-05,1738,N,VIIRS,n,2.0NRT,301.34,11.47,D
-42.95379,-71.36079,367,0.68,0.74,2026-02-05,1738,N,VIIRS,h,2.0NRT,305.67,45.37,D
-42.95379,-71.37434,367,0.68,0.74,2026-02-05,1738,N,VIIRS,h,2.0NRT,304.7,30.32,D
-42.94677,-71.36476,331.24,0.68,0.74,2026-02-05,1738,N,VIIRS,n,2.0NRT,297.11,6.37,D
-42.56054,-71.70286,336.63,0.7,0.75,2026-02-05,1738,N,VIIRS,n,2.0NRT,290.31,6.67,D
-42.55853,-71.70167,335.15,0.7,0.75,2026-02-05,1738,N,VIIRS,n,2.0NRT,287.32,6.69,D
-42.5372,-71.67893,348.93,0.7,0.75,2026-02-05,1738,N,VIIRS,n,2.0NRT,292.4,9.32,D
-42.47288,-71.73493,367,0.7,0.75,2026-02-05,1738,N,VIIRS,h,2.0NRT,293.32,19.36,D
-42.46574,-71.73487,356.52,0.7,0.75,2026-02-05,1738,N,VIIRS,n,2.0NRT,288.05,51.58,D
-42.46569,-71.74456,346.93,0.7,0.75,2026-02-05,1738,N,VIIRS,n,2.0NRT,297.05,51.58,D
-42.47001,-71.73257,367,0.7,0.75,2026-02-05,1738,N,VIIRS,h,2.0NRT,296.45,43.39,D
-42.47001,-71.74311,348.9,0.7,0.75,2026-02-05,1738,N,VIIRS,n,2.0NRT,292.34,43.39,D
-42.46287,-71.74059,356.36,0.7,0.75,2026-02-05,1738,N,VIIRS,l,2.0NRT,288.52,16.18,D
-25.94253,-57.92613,345.93,0.39,0.36,2026-02-05,1741,N,VIIRS,n,2.0NRT,310.88,11.94,D
-25.92907,-57.88477,333.39,0.39,0.36,2026-02-05,1741,N,VIIRS,l,2.0NRT,304.76,1.12,D
-25.92802,-57.88802,343,0.39,0.36,2026-02-05,1741,N,VIIRS,n,2.0NRT,306.91,3.93,D
-25.90702,-57.8641,345.58,0.39,0.36,2026-02-05,1741,N,VIIRS,l,2.0NRT,315.71,7.22,D
-25.91141,-57.97911,338.05,0.39,0.36,2026-02-05,1741,N,VIIRS,l,2.0NRT,312,3.91,D
-26.3322,-60.95839,348.25,0.42,0.38,2026-02-05,1741,N,VIIRS,l,2.0NRT,312.74,16.29,D
-26.32871,-60.95897,343.79,0.42,0.38,2026-02-05,1741,N,VIIRS,l,2.0NRT,315.27,16.29,D
-26.15578,-59.75318,353.33,0.39,0.36,2026-02-05,1741,N,VIIRS,n,2.0NRT,316.91,12.69,D
-26.15635,-59.75713,354.98,0.39,0.36,2026-02-05,1741,N,VIIRS,n,2.0NRT,316.47,11.34,D
-26.15692,-59.76108,348.48,0.39,0.36,2026-02-05,1741,N,VIIRS,n,2.0NRT,311.7,11.34,D
-26.15241,-59.75379,336.12,0.39,0.36,2026-02-05,1741,N,VIIRS,n,2.0NRT,310.86,12.69,D
-26.15298,-59.75774,349.92,0.39,0.36,2026-02-05,1741,N,VIIRS,n,2.0NRT,311.67,11.34,D
-25.86979,-57.95521,336.49,0.39,0.36,2026-02-05,1741,N,VIIRS,n,2.0NRT,309.24,2.52,D
-25.86583,-57.95198,344.59,0.39,0.36,2026-02-05,1741,N,VIIRS,n,2.0NRT,310.02,6.06,D
-25.86645,-57.95585,334.73,0.39,0.36,2026-02-05,1741,N,VIIRS,l,2.0NRT,309.18,2.52,D
-25.83636,-57.80982,347.28,0.39,0.36,2026-02-05,1741,N,VIIRS,n,2.0NRT,308.38,4.06,D
-25.83698,-57.81371,336.61,0.39,0.36,2026-02-05,1741,N,VIIRS,n,2.0NRT,308.54,4.06,D
-26.10057,-59.65802,349.45,0.39,0.36,2026-02-05,1741,N,VIIRS,n,2.0NRT,315.18,14.39,D
-26.0972,-59.65862,352.26,0.39,0.36,2026-02-05,1741,N,VIIRS,n,2.0NRT,315.65,14.39,D
-25.82073,-57.88481,347.3,0.39,0.36,2026-02-05,1741,N,VIIRS,n,2.0NRT,312.1,4.42,D
-25.81961,-57.88494,340.76,0.39,0.36,2026-02-05,1741,N,VIIRS,l,2.0NRT,313.19,3.22,D
-25.8175,-57.89335,367,0.39,0.36,2026-02-05,1741,N,VIIRS,h,2.0NRT,310.56,7.2,D
-25.81627,-57.88559,339.87,0.39,0.36,2026-02-05,1741,N,VIIRS,l,2.0NRT,310.42,3.22,D
-25.81688,-57.88947,334.91,0.39,0.36,2026-02-05,1741,N,VIIRS,n,2.0NRT,309.58,3.22,D
-25.81811,-57.89723,347.63,0.39,0.36,2026-02-05,1741,N,VIIRS,n,2.0NRT,308.91,7.2,D
-25.79519,-57.81773,338.48,0.39,0.36,2026-02-05,1741,N,VIIRS,n,2.0NRT,309.37,4.13,D
-26.6433,-64.12791,333.38,0.39,0.44,2026-02-05,1741,N,VIIRS,l,2.0NRT,307.21,6.79,D
-26.6392,-64.12848,333.71,0.39,0.44,2026-02-05,1741,N,VIIRS,l,2.0NRT,307.43,7.45,D
-25.84404,-58.32583,346.76,0.38,0.36,2026-02-05,1741,N,VIIRS,n,2.0NRT,310.9,4.23,D
-25.83797,-58.33095,343.14,0.38,0.36,2026-02-05,1741,N,VIIRS,n,2.0NRT,312,17.67,D
-25.75133,-57.8022,339.63,0.39,0.36,2026-02-05,1741,N,VIIRS,l,2.0NRT,313.97,6.03,D
-25.7569,-57.83717,347.63,0.39,0.36,2026-02-05,1741,N,VIIRS,n,2.0NRT,311.13,6.16,D
-25.75752,-57.84105,339.66,0.39,0.36,2026-02-05,1741,N,VIIRS,n,2.0NRT,310.7,3.77,D
-25.83464,-58.33158,351.05,0.38,0.36,2026-02-05,1741,N,VIIRS,n,2.0NRT,314.29,9.2,D
-25.83524,-58.33543,337.39,0.38,0.36,2026-02-05,1741,N,VIIRS,l,2.0NRT,309.99,5.94,D
-25.74798,-57.80285,357.92,0.39,0.36,2026-02-05,1741,N,VIIRS,n,2.0NRT,309.38,6.03,D
-25.83131,-58.33221,344.41,0.38,0.36,2026-02-05,1741,N,VIIRS,n,2.0NRT,311.28,9.2,D
-25.98644,-59.40158,341.82,0.39,0.36,2026-02-05,1741,N,VIIRS,l,2.0NRT,314.65,11.44,D
-26.05694,-60.0796,347.49,0.4,0.37,2026-02-05,1741,N,VIIRS,l,2.0NRT,309.13,6.76,D
-26.05582,-60.09618,367,0.4,0.37,2026-02-05,1741,N,VIIRS,h,2.0NRT,312.16,53.35,D
-25.76636,-58.15816,338.34,0.39,0.36,2026-02-05,1741,N,VIIRS,l,2.0NRT,310.06,7.47,D
-25.66252,-58.12238,352.37,0.39,0.36,2026-02-05,1741,N,VIIRS,n,2.0NRT,309.56,20.83,D
-25.66312,-58.12624,346.06,0.39,0.36,2026-02-05,1741,N,VIIRS,n,2.0NRT,303.96,20.83,D
-25.58693,-57.66946,338.25,0.39,0.36,2026-02-05,1741,N,VIIRS,n,2.0NRT,307.26,2.85,D
-25.58818,-57.67727,333.53,0.39,0.36,2026-02-05,1741,N,VIIRS,l,2.0NRT,308.38,3.15,D
-25.65918,-58.12302,334.99,0.39,0.36,2026-02-05,1741,N,VIIRS,n,2.0NRT,301.83,16.11,D
-25.65979,-58.12688,349.04,0.39,0.36,2026-02-05,1741,N,VIIRS,n,2.0NRT,310.49,16.11,D
-25.65645,-58.12751,348.66,0.39,0.36,2026-02-05,1741,N,VIIRS,n,2.0NRT,292.68,16.11,D
-25.56993,-57.62848,337.8,0.39,0.36,2026-02-05,1741,N,VIIRS,l,2.0NRT,308.54,19.3,D
-25.64613,-58.10565,339.22,0.39,0.36,2026-02-05,1741,N,VIIRS,n,2.0NRT,305.02,2.28,D
-25.56657,-57.62914,339.92,0.39,0.36,2026-02-05,1741,N,VIIRS,n,2.0NRT,303.54,24.45,D
-25.64279,-58.10629,342.1,0.39,0.36,2026-02-05,1741,N,VIIRS,n,2.0NRT,305.74,9.64,D
-25.63946,-58.10693,349.24,0.39,0.36,2026-02-05,1741,N,VIIRS,n,2.0NRT,305.34,9.64,D
-25.63799,-58.10714,333.92,0.39,0.36,2026-02-05,1741,N,VIIRS,n,2.0NRT,302.45,2.91,D
-25.62525,-58.11355,335.66,0.39,0.36,2026-02-05,1741,N,VIIRS,n,2.0NRT,303.72,5.23,D
-25.62585,-58.11741,330.44,0.39,0.36,2026-02-05,1741,N,VIIRS,l,2.0NRT,303.14,5.23,D
-25.62191,-58.11419,338.13,0.39,0.36,2026-02-05,1741,N,VIIRS,n,2.0NRT,305.65,5.23,D
-25.61918,-58.11869,337.34,0.39,0.36,2026-02-05,1741,N,VIIRS,n,2.0NRT,306.87,4.03,D
-25.61584,-58.11933,340.89,0.39,0.36,2026-02-05,1741,N,VIIRS,n,2.0NRT,307.39,4.03,D
-25.61705,-58.12704,335.31,0.39,0.36,2026-02-05,1741,N,VIIRS,n,2.0NRT,302.45,3.06,D
-25.61311,-58.12383,332.56,0.39,0.36,2026-02-05,1741,N,VIIRS,l,2.0NRT,305.01,3.6,D
-25.76625,-59.25824,334.69,0.39,0.36,2026-02-05,1741,N,VIIRS,l,2.0NRT,306.31,4.03,D
-25.5105,-57.88869,347.17,0.39,0.36,2026-02-05,1741,N,VIIRS,n,2.0NRT,307.98,11.05,D
-25.50715,-57.88934,348.16,0.39,0.36,2026-02-05,1741,N,VIIRS,n,2.0NRT,308.16,11.4,D
-25.50839,-57.89709,341.24,0.39,0.36,2026-02-05,1741,N,VIIRS,n,2.0NRT,309.55,8.57,D
-25.50504,-57.89774,344.81,0.39,0.36,2026-02-05,1741,N,VIIRS,n,2.0NRT,305.72,8.57,D
-25.4243,-57.70494,351.51,0.39,0.36,2026-02-05,1741,N,VIIRS,n,2.0NRT,305.81,6.99,D
-25.42493,-57.70884,336,0.39,0.36,2026-02-05,1741,N,VIIRS,n,2.0NRT,302.58,6.99,D
-25.4172,-57.6822,347.47,0.39,0.36,2026-02-05,1741,N,VIIRS,n,2.0NRT,309.12,4.87,D
-25.41782,-57.6861,338.22,0.39,0.36,2026-02-05,1741,N,VIIRS,n,2.0NRT,308.16,4.87,D
-25.42431,-58.38896,335.35,0.38,0.36,2026-02-05,1741,N,VIIRS,n,2.0NRT,304.52,15.79,D
-25.4249,-58.3928,348.98,0.38,0.36,2026-02-05,1741,N,VIIRS,n,2.0NRT,309.85,15.79,D
-25.42097,-58.38959,342.83,0.38,0.36,2026-02-05,1741,N,VIIRS,n,2.0NRT,305.49,15.79,D
-25.42157,-58.39342,348.59,0.38,0.36,2026-02-05,1741,N,VIIRS,n,2.0NRT,309.05,15.79,D
-25.41764,-58.39021,347.4,0.38,0.36,2026-02-05,1741,N,VIIRS,n,2.0NRT,306.66,3.59,D
-25.41824,-58.39405,335.96,0.38,0.36,2026-02-05,1741,N,VIIRS,n,2.0NRT,305.08,3.59,D
-25.46525,-58.72047,336.26,0.38,0.36,2026-02-05,1741,N,VIIRS,l,2.0NRT,308.98,1.88,D
-25.62885,-60.05487,347.67,0.4,0.37,2026-02-05,1741,N,VIIRS,l,2.0NRT,307.72,13.95,D
-25.27393,-57.92561,334.91,0.39,0.36,2026-02-05,1741,N,VIIRS,l,2.0NRT,305.47,5.21,D
-25.27058,-57.92625,335.68,0.39,0.36,2026-02-05,1741,N,VIIRS,n,2.0NRT,305.36,3.2,D
-25.27119,-57.93013,346.2,0.39,0.36,2026-02-05,1741,N,VIIRS,n,2.0NRT,305.32,3.2,D
-26.08426,-63.92108,330.66,0.57,0.43,2026-02-05,1741,N,VIIRS,l,2.0NRT,304.56,4.67,D
-25.897,-63.8574,351.4,0.56,0.43,2026-02-05,1741,N,VIIRS,n,2.0NRT,302.91,35.32,D
-25.30463,-59.65027,333.91,0.39,0.36,2026-02-05,1741,N,VIIRS,l,2.0NRT,307.78,3.35,D
-25.27968,-59.71439,338.58,0.39,0.36,2026-02-05,1741,N,VIIRS,n,2.0NRT,306.93,2.5,D
-25.8158,-64.12038,337.12,0.38,0.44,2026-02-05,1741,N,VIIRS,n,2.0NRT,298.84,2.15,D
-25.81613,-64.11909,338.36,0.38,0.44,2026-02-05,1741,N,VIIRS,n,2.0NRT,296.54,2.21,D
-25.12571,-59.97202,339.1,0.39,0.36,2026-02-05,1741,N,VIIRS,l,2.0NRT,311.18,4.23,D
-24.68326,-59.19802,341.58,0.38,0.36,2026-02-05,1741,N,VIIRS,n,2.0NRT,308.9,2.96,D
-24.66562,-59.46777,342.19,0.39,0.36,2026-02-05,1741,N,VIIRS,n,2.0NRT,308.39,5.11,D
-25.10169,-63.92317,334.71,0.55,0.43,2026-02-05,1741,N,VIIRS,n,2.0NRT,300.9,5.49,D
-25.38035,-67.04559,344.27,0.57,0.52,2026-02-05,1741,N,VIIRS,n,2.0NRT,316.61,6.49,D
-31.21597,-60.35128,333.27,0.44,0.38,2026-02-05,1741,N,VIIRS,n,2.0NRT,302.88,1.56,D
-30.86387,-58.01366,336.64,0.39,0.36,2026-02-05,1741,N,VIIRS,l,2.0NRT,309.97,4.01,D
-30.86447,-58.01772,339.52,0.39,0.36,2026-02-05,1741,N,VIIRS,n,2.0NRT,308.54,2.03,D
-31.08909,-60.51061,334.97,0.45,0.39,2026-02-05,1741,N,VIIRS,n,2.0NRT,304.51,2.71,D
-30.98162,-60.14797,333.85,0.43,0.38,2026-02-05,1741,N,VIIRS,l,2.0NRT,304.69,5.97,D
-30.80129,-60.05808,340.66,0.43,0.38,2026-02-05,1741,N,VIIRS,n,2.0NRT,308.17,4.65,D
-31.72495,-60.65417,332.16,0.46,0.39,2026-02-05,1741,N,VIIRS,n,2.0NRT,299.81,2.51,D
-38.74766,-68.8362,338.04,0.48,0.65,2026-02-05,1741,N,VIIRS,n,2.0NRT,305.49,2.38,D
-31.42076,-60.41535,349.26,0.44,0.39,2026-02-05,1741,N,VIIRS,n,2.0NRT,308.12,11,D
-31.42136,-60.42009,336.99,0.44,0.39,2026-02-05,1741,N,VIIRS,l,2.0NRT,308.91,11,D
-31.41717,-60.41597,355.6,0.44,0.39,2026-02-05,1741,N,VIIRS,n,2.0NRT,310.17,11,D
-31.00263,-57.89459,341.9,0.39,0.36,2026-02-05,1741,N,VIIRS,n,2.0NRT,308.01,3.45,D
-31.29649,-60.33925,338.33,0.44,0.38,2026-02-05,1741,N,VIIRS,n,2.0NRT,304.07,2.76,D
-27.57891,-55.50728,333.14,0.43,0.38,2026-02-05,1741,N,VIIRS,n,2.0NRT,304.27,2.78,D
-28.13544,-59.48154,347.53,0.4,0.37,2026-02-05,1741,N,VIIRS,n,2.0NRT,310.51,8.99,D
-28.12867,-59.48277,336.92,0.4,0.37,2026-02-05,1741,N,VIIRS,n,2.0NRT,304.94,4.31,D
-27.24629,-54.13121,339.02,0.49,0.4,2026-02-05,1741,N,VIIRS,n,2.0NRT,305.91,6.97,D
-27.24527,-54.12924,343.14,0.49,0.4,2026-02-05,1741,N,VIIRS,n,2.0NRT,305.3,10.59,D
-27.29486,-54.46801,330.24,0.47,0.4,2026-02-05,1741,N,VIIRS,l,2.0NRT,303.53,4.48,D
-28.30313,-61.00081,336.09,0.44,0.38,2026-02-05,1741,N,VIIRS,l,2.0NRT,308.56,3.82,D
-28.10109,-59.6333,337.65,0.4,0.37,2026-02-05,1741,N,VIIRS,n,2.0NRT,307.99,3.34,D
-28.37317,-61.8007,338.99,0.47,0.4,2026-02-05,1741,N,VIIRS,n,2.0NRT,308.57,4.08,D
-28.36888,-61.79641,339.1,0.47,0.4,2026-02-05,1741,N,VIIRS,l,2.0NRT,309.51,11.74,D
-27.45598,-55.92744,344.86,0.42,0.37,2026-02-05,1741,N,VIIRS,n,2.0NRT,310.66,4.06,D
-27.45253,-55.9282,336.99,0.42,0.37,2026-02-05,1741,N,VIIRS,l,2.0NRT,309.62,4.57,D
-27.94899,-59.27377,344.43,0.39,0.36,2026-02-05,1741,N,VIIRS,n,2.0NRT,313.36,8.37,D
-28.22212,-61.28154,339.01,0.45,0.39,2026-02-05,1741,N,VIIRS,n,2.0NRT,306.08,1.24,D
-28.21792,-61.27753,331.76,0.45,0.39,2026-02-05,1741,N,VIIRS,l,2.0NRT,306.75,2.55,D
-28.21853,-61.28214,337.16,0.45,0.39,2026-02-05,1741,N,VIIRS,l,2.0NRT,308.87,2.55,D
-27.95803,-59.4082,332.55,0.39,0.36,2026-02-05,1741,N,VIIRS,l,2.0NRT,305.99,2.77,D
-28.21493,-61.28273,342.1,0.45,0.39,2026-02-05,1741,N,VIIRS,l,2.0NRT,307.54,2.55,D
-28.15177,-61.89546,340.08,0.47,0.4,2026-02-05,1741,N,VIIRS,n,2.0NRT,307.31,4.93,D
-27.58839,-58.002,336.7,0.38,0.36,2026-02-05,1741,N,VIIRS,l,2.0NRT,309.34,2.62,D
-27.58899,-58.0059,334.59,0.38,0.36,2026-02-05,1741,N,VIIRS,l,2.0NRT,308.92,2.62,D
-27.5896,-58.0098,348.04,0.38,0.36,2026-02-05,1741,N,VIIRS,n,2.0NRT,308.27,7.44,D
-27.98761,-60.78712,336.33,0.43,0.38,2026-02-05,1741,N,VIIRS,l,2.0NRT,309.87,3.48,D
-27.58566,-58.00655,332.31,0.38,0.36,2026-02-05,1741,N,VIIRS,l,2.0NRT,307.23,2.62,D
-27.58627,-58.01045,336.83,0.38,0.36,2026-02-05,1741,N,VIIRS,n,2.0NRT,306.36,7.44,D
-27.55535,-57.93179,347.7,0.38,0.36,2026-02-05,1741,N,VIIRS,n,2.0NRT,312.26,10.83,D
-27.54929,-57.937,351.83,0.38,0.36,2026-02-05,1741,N,VIIRS,n,2.0NRT,311.61,9.64,D
-27.9577,-61.01692,341,0.44,0.38,2026-02-05,1741,N,VIIRS,l,2.0NRT,308.82,5.54,D
-27.40747,-57.60195,337.04,0.39,0.36,2026-02-05,1741,N,VIIRS,n,2.0NRT,303.66,1.54,D
-26.88482,-54.87994,339.05,0.46,0.39,2026-02-05,1741,N,VIIRS,l,2.0NRT,312.26,4.24,D
-27.47132,-59.33856,344.51,0.39,0.36,2026-02-05,1741,N,VIIRS,n,2.0NRT,310.24,5.11,D
-27.28215,-58.64934,334.23,0.38,0.36,2026-02-05,1741,N,VIIRS,n,2.0NRT,305.8,2.98,D
-28.08893,-65.34938,330.78,0.48,0.48,2026-02-05,1741,N,VIIRS,l,2.0NRT,304.54,6.86,D
-28.08443,-65.34998,330.66,0.48,0.48,2026-02-05,1741,N,VIIRS,l,2.0NRT,304.7,3.54,D
-27.13467,-58.83362,339.11,0.39,0.36,2026-02-05,1741,N,VIIRS,n,2.0NRT,307.67,2.92,D
-26.37333,-54.41654,345.31,0.49,0.4,2026-02-05,1741,N,VIIRS,n,2.0NRT,309.58,7.13,D
-26.25476,-53.98879,333.27,0.52,0.41,2026-02-05,1741,N,VIIRS,n,2.0NRT,301.02,10.98,D
-27.12329,-59.41675,335.23,0.39,0.36,2026-02-05,1741,N,VIIRS,n,2.0NRT,304.57,1.77,D
-26.33021,-54.56567,340.03,0.48,0.4,2026-02-05,1741,N,VIIRS,n,2.0NRT,308.87,8.16,D
-26.96239,-58.52118,348.28,0.38,0.36,2026-02-05,1741,N,VIIRS,n,2.0NRT,311.45,7.88,D
-26.95906,-58.52181,348.48,0.38,0.36,2026-02-05,1741,N,VIIRS,n,2.0NRT,311.52,4.83,D
-26.95965,-58.5257,332.96,0.38,0.36,2026-02-05,1741,N,VIIRS,n,2.0NRT,306.28,4.83,D
-26.26384,-54.58062,336.35,0.48,0.4,2026-02-05,1741,N,VIIRS,n,2.0NRT,307.71,4.74,D
-26.74818,-58.27862,334.87,0.38,0.36,2026-02-05,1741,N,VIIRS,l,2.0NRT,307,3.92,D
-26.74913,-58.47388,335.45,0.38,0.36,2026-02-05,1741,N,VIIRS,l,2.0NRT,309.14,2.5,D
-26.74247,-58.47515,336.19,0.38,0.36,2026-02-05,1741,N,VIIRS,l,2.0NRT,310.92,4.02,D
-26.73581,-58.47641,340.67,0.38,0.36,2026-02-05,1741,N,VIIRS,n,2.0NRT,307.63,2.15,D
-26.60481,-58.21805,350.04,0.38,0.36,2026-02-05,1741,N,VIIRS,n,2.0NRT,313.93,8.74,D
-26.57041,-58.4397,354.65,0.38,0.36,2026-02-05,1741,N,VIIRS,n,2.0NRT,316.72,8.84,D
-26.56649,-58.43647,345.73,0.38,0.36,2026-02-05,1741,N,VIIRS,l,2.0NRT,316.4,5.86,D
-26.56767,-58.44421,334.32,0.38,0.36,2026-02-05,1741,N,VIIRS,l,2.0NRT,307.89,1.44,D
-26.56316,-58.4371,341.33,0.38,0.36,2026-02-05,1741,N,VIIRS,l,2.0NRT,316.1,5.86,D
-26.55768,-58.4461,337.63,0.38,0.36,2026-02-05,1741,N,VIIRS,l,2.0NRT,309.21,1.44,D
-26.55586,-58.44671,337.52,0.38,0.36,2026-02-05,1741,N,VIIRS,l,2.0NRT,309.03,1.88,D
-26.44044,-58.25375,338.4,0.38,0.36,2026-02-05,1741,N,VIIRS,l,2.0NRT,312.64,3.95,D
-26.44103,-58.25762,335.73,0.38,0.36,2026-02-05,1741,N,VIIRS,l,2.0NRT,309.73,3.95,D
-26.41151,-58.41374,344.17,0.38,0.36,2026-02-05,1741,N,VIIRS,n,2.0NRT,311.46,8.54,D
-26.44224,-58.74984,342.36,0.38,0.36,2026-02-05,1741,N,VIIRS,n,2.0NRT,311.11,7.05,D
-26.44287,-59.1282,340.52,0.39,0.36,2026-02-05,1741,N,VIIRS,n,2.0NRT,304.95,2.41,D
-26.43503,-59.12164,352.97,0.39,0.36,2026-02-05,1741,N,VIIRS,n,2.0NRT,314.25,15.55,D
-26.43561,-59.12553,331.71,0.39,0.36,2026-02-05,1741,N,VIIRS,l,2.0NRT,304.19,15.55,D
-26.3524,-58.75454,351.73,0.38,0.36,2026-02-05,1741,N,VIIRS,n,2.0NRT,314.24,12.97,D
-26.34789,-58.74743,343.62,0.38,0.36,2026-02-05,1741,N,VIIRS,l,2.0NRT,316.7,4.04,D
-26.34848,-58.7513,340.79,0.38,0.36,2026-02-05,1741,N,VIIRS,l,2.0NRT,313.12,4.04,D
-26.34906,-58.75517,343.02,0.38,0.36,2026-02-05,1741,N,VIIRS,n,2.0NRT,310.78,12.97,D
-26.32406,-59.12579,339.66,0.39,0.36,2026-02-05,1741,N,VIIRS,n,2.0NRT,309.83,3.72,D
-26.32071,-59.12639,335.21,0.39,0.36,2026-02-05,1741,N,VIIRS,l,2.0NRT,308.76,4.61,D
-26.31738,-59.12701,346.94,0.39,0.36,2026-02-05,1741,N,VIIRS,n,2.0NRT,310.07,4.61,D
-26.31404,-59.12762,335.24,0.39,0.36,2026-02-05,1741,N,VIIRS,l,2.0NRT,307.63,3.23,D
-26.20895,-58.65809,339.24,0.38,0.36,2026-02-05,1741,N,VIIRS,l,2.0NRT,311.4,3.47,D
-26.04856,-58.05331,338.75,0.39,0.36,2026-02-05,1741,N,VIIRS,n,2.0NRT,307.05,6.79,D
-26.02761,-57.98557,342.37,0.39,0.36,2026-02-05,1741,N,VIIRS,n,2.0NRT,312.15,5.98,D
-26.0752,-58.33446,338.25,0.38,0.36,2026-02-05,1741,N,VIIRS,n,2.0NRT,307.57,4.31,D
-26.0758,-58.33832,332.5,0.38,0.36,2026-02-05,1741,N,VIIRS,l,2.0NRT,307.44,3.97,D
-26.19074,-59.16223,347.78,0.39,0.36,2026-02-05,1741,N,VIIRS,l,2.0NRT,322.53,12.02,D
-26.18682,-59.15896,339.6,0.39,0.36,2026-02-05,1741,N,VIIRS,l,2.0NRT,314.07,12.02,D
-26.1874,-59.16284,355.68,0.39,0.36,2026-02-05,1741,N,VIIRS,n,2.0NRT,320.62,12.02,D
-26.1091,-58.68882,332.89,0.38,0.36,2026-02-05,1741,N,VIIRS,l,2.0NRT,306.25,3.15,D
-25.94525,-57.92161,342.04,0.39,0.36,2026-02-05,1741,N,VIIRS,l,2.0NRT,313.03,12.03,D
-25.94191,-57.92226,356.64,0.39,0.36,2026-02-05,1741,N,VIIRS,n,2.0NRT,315.57,12.03,D
-28.89691,-59.23805,335.3,0.4,0.37,2026-02-05,1743,N,VIIRS,n,2.0NRT,307.68,3.02,D
-30.76583,-61.05676,345.4,0.46,0.39,2026-02-05,1743,N,VIIRS,n,2.0NRT,304.75,3.82,D
-30.63313,-60.16787,343.87,0.43,0.38,2026-02-05,1743,N,VIIRS,n,2.0NRT,310.33,5.58,D
-30.63373,-60.17238,348.63,0.43,0.38,2026-02-05,1743,N,VIIRS,n,2.0NRT,309.91,11.62,D
-30.62961,-60.16849,339.15,0.43,0.38,2026-02-05,1743,N,VIIRS,n,2.0NRT,308.49,4.58,D
-30.63021,-60.173,348.82,0.43,0.38,2026-02-05,1743,N,VIIRS,n,2.0NRT,308.82,6.28,D
-30.43122,-60.26949,340.95,0.43,0.38,2026-02-05,1743,N,VIIRS,n,2.0NRT,308.11,4.03,D
-30.29073,-59.8386,337.32,0.42,0.37,2026-02-05,1743,N,VIIRS,l,2.0NRT,309.29,4.12,D
-30.31784,-60.20053,349.16,0.43,0.38,2026-02-05,1743,N,VIIRS,n,2.0NRT,311.55,8.92,D
-30.13824,-58.9192,367,0.4,0.37,2026-02-05,1743,N,VIIRS,h,2.0NRT,298.28,10.63,D
-30.13485,-58.91984,344.26,0.4,0.37,2026-02-05,1743,N,VIIRS,n,2.0NRT,298.83,4.95,D
-30.10265,-58.91319,338.08,0.4,0.37,2026-02-05,1743,N,VIIRS,n,2.0NRT,304.57,2.9,D
-30.09985,-58.91795,349.42,0.4,0.37,2026-02-05,1743,N,VIIRS,n,2.0NRT,294.71,5.91,D
-30.10044,-58.92208,357.55,0.4,0.37,2026-02-05,1743,N,VIIRS,n,2.0NRT,299.67,5.91,D
-29.7188,-57.20184,337.09,0.39,0.36,2026-02-05,1743,N,VIIRS,l,2.0NRT,312.02,3.63,D
-29.71701,-57.20177,341.94,0.39,0.36,2026-02-05,1743,N,VIIRS,n,2.0NRT,312.86,4.9,D
-30.06416,-59.70404,335.13,0.41,0.37,2026-02-05,1743,N,VIIRS,l,2.0NRT,308.74,7.61,D
-29.84964,-59.78876,334.79,0.41,0.37,2026-02-05,1743,N,VIIRS,l,2.0NRT,305.91,4.15,D
-29.70143,-58.83449,334.69,0.39,0.36,2026-02-05,1743,N,VIIRS,n,2.0NRT,306.41,3.28,D
-29.69689,-58.82697,336.07,0.39,0.36,2026-02-05,1743,N,VIIRS,l,2.0NRT,306.85,2.99,D
-29.69748,-58.83105,343.15,0.39,0.36,2026-02-05,1743,N,VIIRS,n,2.0NRT,308.92,4.84,D
-29.69806,-58.83513,340.11,0.39,0.36,2026-02-05,1743,N,VIIRS,n,2.0NRT,306.05,4.84,D
-29.69352,-58.82761,332.62,0.39,0.36,2026-02-05,1743,N,VIIRS,l,2.0NRT,305.74,2.99,D
-29.61044,-58.56409,336.57,0.39,0.36,2026-02-05,1743,N,VIIRS,n,2.0NRT,307.05,2.75,D
-29.60709,-58.56473,334.82,0.39,0.36,2026-02-05,1743,N,VIIRS,l,2.0NRT,307.32,2.75,D
-29.44784,-57.52691,345.66,0.38,0.36,2026-02-05,1743,N,VIIRS,n,2.0NRT,311.87,3.44,D
-29.44451,-57.52758,338,0.38,0.36,2026-02-05,1743,N,VIIRS,l,2.0NRT,310.6,3.44,D
-29.44513,-57.53155,346.36,0.38,0.36,2026-02-05,1743,N,VIIRS,n,2.0NRT,312.56,3.44,D
-29.44357,-57.53163,351.03,0.38,0.36,2026-02-05,1743,N,VIIRS,n,2.0NRT,312.24,5.58,D
-29.32878,-56.99598,348.56,0.39,0.36,2026-02-05,1743,N,VIIRS,n,2.0NRT,311.9,6.64,D
-29.40561,-57.486,346.26,0.38,0.36,2026-02-05,1743,N,VIIRS,n,2.0NRT,311.37,3.46,D
-29.32544,-56.99667,344.72,0.39,0.36,2026-02-05,1743,N,VIIRS,n,2.0NRT,311.11,5.54,D
-29.40227,-57.48667,344.59,0.38,0.36,2026-02-05,1743,N,VIIRS,n,2.0NRT,310.33,2.97,D
-29.32273,-57.00136,342.56,0.39,0.36,2026-02-05,1743,N,VIIRS,n,2.0NRT,311.43,6.42,D
-29.32463,-57.01335,336.59,0.39,0.36,2026-02-05,1743,N,VIIRS,l,2.0NRT,309.38,3.95,D
-29.3213,-57.01404,356.34,0.39,0.36,2026-02-05,1743,N,VIIRS,n,2.0NRT,314.25,14.29,D
-30.06577,-62.76447,345.57,0.55,0.42,2026-02-05,1743,N,VIIRS,n,2.0NRT,300.39,5.75,D
-30.06182,-62.76507,336.42,0.55,0.42,2026-02-05,1743,N,VIIRS,n,2.0NRT,300.2,5.75,D
-30.04638,-62.84382,337.59,0.55,0.43,2026-02-05,1743,N,VIIRS,n,2.0NRT,301.47,3.65,D
-29.21934,-56.88179,348.38,0.39,0.36,2026-02-05,1743,N,VIIRS,n,2.0NRT,313.34,3.95,D
-29.21998,-56.8858,336.42,0.39,0.36,2026-02-05,1743,N,VIIRS,n,2.0NRT,311.31,3.95,D
-29.21535,-56.87848,343.89,0.39,0.36,2026-02-05,1743,N,VIIRS,n,2.0NRT,309.44,5.92,D
-29.21599,-56.88249,336.31,0.39,0.36,2026-02-05,1743,N,VIIRS,n,2.0NRT,310.63,3.95,D
-29.21663,-56.8865,347.83,0.39,0.36,2026-02-05,1743,N,VIIRS,n,2.0NRT,310.67,3.95,D
-29.4401,-58.54614,347.33,0.39,0.36,2026-02-05,1743,N,VIIRS,n,2.0NRT,306.13,7.98,D
-29.43572,-58.63391,337.22,0.39,0.36,2026-02-05,1743,N,VIIRS,l,2.0NRT,310.75,3.46,D
-29.43631,-58.63794,348,0.39,0.36,2026-02-05,1743,N,VIIRS,n,2.0NRT,311.32,4.11,D
-29.43178,-58.63052,338.81,0.39,0.36,2026-02-05,1743,N,VIIRS,l,2.0NRT,309.52,4.63,D
-29.42842,-58.63116,344.94,0.39,0.36,2026-02-05,1743,N,VIIRS,n,2.0NRT,308.57,4.63,D
-29.42901,-58.63519,351.12,0.39,0.36,2026-02-05,1743,N,VIIRS,n,2.0NRT,312.99,4.63,D
-29.4296,-58.63922,341.03,0.39,0.36,2026-02-05,1743,N,VIIRS,n,2.0NRT,310.51,5.16,D
-29.09496,-56.58322,350.02,0.39,0.36,2026-02-05,1743,N,VIIRS,n,2.0NRT,311.68,9.52,D
-29.09028,-56.57584,334.97,0.39,0.36,2026-02-05,1743,N,VIIRS,l,2.0NRT,309.95,3.67,D
-29.09094,-56.57988,343.83,0.39,0.36,2026-02-05,1743,N,VIIRS,l,2.0NRT,315.09,3.67,D
-28.97622,-56.67353,335.11,0.39,0.36,2026-02-05,1743,N,VIIRS,l,2.0NRT,309.52,4.11,D
-28.97287,-56.67422,336.5,0.39,0.36,2026-02-05,1743,N,VIIRS,l,2.0NRT,308.86,4.11,D
-30.0752,-66.10933,339.14,0.56,0.52,2026-02-05,1743,N,VIIRS,n,2.0NRT,297.13,3.24,D
-29.28405,-59.79268,337.69,0.41,0.37,2026-02-05,1743,N,VIIRS,n,2.0NRT,308.24,1.77,D
-29.19299,-59.24083,345.07,0.4,0.37,2026-02-05,1743,N,VIIRS,n,2.0NRT,308.03,10.36,D
-29.33264,-60.44517,337.58,0.43,0.38,2026-02-05,1743,N,VIIRS,n,2.0NRT,306.48,5.2,D
-29.27575,-60.06998,340.95,0.42,0.37,2026-02-05,1743,N,VIIRS,l,2.0NRT,311.43,6.65,D
-29.27455,-60.06858,339.81,0.42,0.37,2026-02-05,1743,N,VIIRS,n,2.0NRT,308.17,5.94,D
-29.17473,-59.57829,347.76,0.4,0.37,2026-02-05,1743,N,VIIRS,n,2.0NRT,308.31,5.72,D
-29.16838,-59.55806,349.28,0.4,0.37,2026-02-05,1743,N,VIIRS,n,2.0NRT,315.14,10.13,D
-29.16897,-59.56223,337.82,0.4,0.37,2026-02-05,1743,N,VIIRS,l,2.0NRT,309.01,10.13,D
-29.17131,-59.57891,338.85,0.4,0.37,2026-02-05,1743,N,VIIRS,n,2.0NRT,310.47,3.14,D
-29.16497,-59.55868,336.1,0.4,0.37,2026-02-05,1743,N,VIIRS,l,2.0NRT,309.75,10.13,D
-29.51163,-62.95587,335.8,0.55,0.43,2026-02-05,1743,N,VIIRS,l,2.0NRT,307.99,14.87,D
-29.47132,-62.78202,337.08,0.54,0.42,2026-02-05,1743,N,VIIRS,n,2.0NRT,301.71,5.75,D
-29.03661,-59.56011,338.02,0.4,0.37,2026-02-05,1743,N,VIIRS,n,2.0NRT,312.16,3.31,D
-28.52104,-56.30118,343.79,0.4,0.37,2026-02-05,1743,N,VIIRS,n,2.0NRT,311.31,8.32,D
-28.52172,-56.30528,337.19,0.4,0.37,2026-02-05,1743,N,VIIRS,l,2.0NRT,309.38,4.06,D
-28.58535,-56.93483,345.92,0.39,0.36,2026-02-05,1743,N,VIIRS,n,2.0NRT,310.05,6.69,D
-28.582,-56.93553,344.64,0.39,0.36,2026-02-05,1743,N,VIIRS,n,2.0NRT,311.62,6.69,D
-28.40037,-56.71581,348.83,0.39,0.36,2026-02-05,1743,N,VIIRS,n,2.0NRT,310.95,3.8,D
-28.39701,-56.71651,343.66,0.39,0.36,2026-02-05,1743,N,VIIRS,n,2.0NRT,307.95,3.8,D
-28.39766,-56.72054,337.06,0.39,0.36,2026-02-05,1743,N,VIIRS,n,2.0NRT,306.64,3.8,D
-28.72752,-59.29282,347.35,0.4,0.37,2026-02-05,1743,N,VIIRS,n,2.0NRT,309.93,7.07,D
-28.16757,-56.61714,348.59,0.4,0.37,2026-02-05,1743,N,VIIRS,n,2.0NRT,312.05,9.74,D
-28.16824,-56.62119,349.62,0.4,0.37,2026-02-05,1743,N,VIIRS,n,2.0NRT,316.88,27.79,D
-28.16149,-56.6226,343.71,0.4,0.37,2026-02-05,1743,N,VIIRS,n,2.0NRT,311.16,2.77,D
-28.15812,-56.62329,341.6,0.4,0.37,2026-02-05,1743,N,VIIRS,l,2.0NRT,311.93,2.77,D
-28.47822,-59.03878,342.73,0.39,0.36,2026-02-05,1743,N,VIIRS,n,2.0NRT,304.15,3.26,D
-28.47486,-59.0394,331.46,0.39,0.36,2026-02-05,1743,N,VIIRS,n,2.0NRT,300.54,1.78,D
-28.46974,-59.02798,341.16,0.39,0.36,2026-02-05,1743,N,VIIRS,n,2.0NRT,307.1,2.59,D
-28.50659,-59.28193,340.54,0.39,0.37,2026-02-05,1743,N,VIIRS,n,2.0NRT,308.73,16.11,D
-28.4281,-59.0028,333.92,0.39,0.36,2026-02-05,1743,N,VIIRS,l,2.0NRT,308.41,2.23,D
-27.76864,-55.32652,349.59,0.43,0.38,2026-02-05,1743,N,VIIRS,n,2.0NRT,309.76,9.88,D
-27.7133,-55.11367,339.57,0.44,0.38,2026-02-05,1743,N,VIIRS,n,2.0NRT,308.54,5.73,D
-28.58825,-61.27631,338.4,0.45,0.39,2026-02-05,1743,N,VIIRS,l,2.0NRT,303.83,7.18,D
-28.58464,-61.27691,349.26,0.45,0.39,2026-02-05,1743,N,VIIRS,n,2.0NRT,306.71,7.18,D
-27.74785,-55.88417,340.3,0.42,0.37,2026-02-05,1743,N,VIIRS,n,2.0NRT,311.09,8.94,D
-24.47485,-61.21321,339.28,0.42,0.37,2026-02-05,1743,N,VIIRS,l,2.0NRT,305.97,11.26,D
-24.44959,-64.99727,335.41,0.42,0.45,2026-02-05,1743,N,VIIRS,n,2.0NRT,302.99,4.27,D
-24.45007,-65.0015,337.24,0.42,0.45,2026-02-05,1743,N,VIIRS,n,2.0NRT,303.3,4.27,D
-24.44681,-65.01035,335.86,0.42,0.45,2026-02-05,1743,N,VIIRS,n,2.0NRT,302.15,7.71,D
-23.871,-64.19941,339.96,0.55,0.43,2026-02-05,1743,N,VIIRS,n,2.0NRT,305.78,8.01,D
-42.64512,-71.47259,367,0.41,0.45,2026-02-05,1917,N,VIIRS,h,2.0NRT,295.73,24.88,D
-42.63015,-71.48457,349.89,0.41,0.45,2026-02-05,1917,N,VIIRS,n,2.0NRT,289.27,10.59,D
-42.62605,-71.48598,348.57,0.41,0.45,2026-02-05,1917,N,VIIRS,n,2.0NRT,295.13,10.59,D
-42.57156,-71.70027,345.26,0.4,0.44,2026-02-05,1917,N,VIIRS,n,2.0NRT,295.81,8.89,D
-42.56827,-71.70515,348.92,0.4,0.44,2026-02-05,1917,N,VIIRS,n,2.0NRT,293.04,7.62,D
-42.47122,-71.72713,339.28,0.4,0.44,2026-02-05,1917,N,VIIRS,n,2.0NRT,293.58,20.67,D
-42.47244,-71.73259,346.98,0.4,0.44,2026-02-05,1917,N,VIIRS,n,2.0NRT,317.66,32.61,D
-42.47356,-71.73762,339.93,0.4,0.44,2026-02-05,1917,N,VIIRS,n,2.0NRT,298.78,32.61,D
-42.46803,-71.73244,355.39,0.4,0.44,2026-02-05,1917,N,VIIRS,n,2.0NRT,302.37,32.61,D
-42.47027,-71.7425,336.84,0.4,0.44,2026-02-05,1917,N,VIIRS,n,2.0NRT,302.56,17.54,D
-42.46915,-71.73752,367,0.4,0.44,2026-02-05,1917,N,VIIRS,l,2.0NRT,330.34,32.61,D
-42.4648,-71.73764,357.15,0.4,0.44,2026-02-05,1917,N,VIIRS,n,2.0NRT,309.71,64.21,D
-42.46595,-71.74276,345.35,0.4,0.44,2026-02-05,1917,N,VIIRS,n,2.0NRT,312.24,47.68,D
-38.77122,-68.05421,335.48,0.37,0.58,2026-02-05,1919,N,VIIRS,l,2.0NRT,306.84,1.94,D
-38.74397,-68.83536,338.52,0.34,0.56,2026-02-05,1919,N,VIIRS,n,2.0NRT,306.83,1.73,D
-38.45348,-68.49468,331.32,0.36,0.57,2026-02-05,1919,N,VIIRS,l,2.0NRT,302.42,0.89,D
-37.71215,-69.13332,348.16,0.35,0.57,2026-02-05,1919,N,VIIRS,n,2.0NRT,297.44,4.4,D
-37.71315,-69.13712,341.24,0.35,0.57,2026-02-05,1919,N,VIIRS,n,2.0NRT,296.14,4.4,D
-37.71415,-69.14093,349.36,0.35,0.57,2026-02-05,1919,N,VIIRS,n,2.0NRT,297.04,3.88,D
-24.21931,-61.42479,312.57,0.42,0.45,2026-02-06,0455,N,VIIRS,n,2.0NRT,281.92,1.63,N
-25.04837,-60.24465,314.12,0.52,0.42,2026-02-06,0455,N,VIIRS,n,2.0NRT,285.34,2.13,N
-25.04936,-60.23948,310.81,0.52,0.42,2026-02-06,0455,N,VIIRS,n,2.0NRT,285.41,2.13,N
-25.49379,-57.90876,332.76,0.41,0.37,2026-02-06,0455,N,VIIRS,n,2.0NRT,294.91,3.17,N
-25.50758,-57.91166,307.18,0.41,0.37,2026-02-06,0455,N,VIIRS,n,2.0NRT,293.67,1,N
-25.51519,-57.90899,328.99,0.41,0.37,2026-02-06,0455,N,VIIRS,n,2.0NRT,292.93,2.24,N
-26.06879,-54.53612,304.82,0.39,0.37,2026-02-06,0455,N,VIIRS,n,2.0NRT,292.81,0.42,N
-25.60692,-58.12945,308.99,0.42,0.38,2026-02-06,0455,N,VIIRS,n,2.0NRT,279.85,0.8,N
-25.60765,-58.12526,305.99,0.42,0.38,2026-02-06,0455,N,VIIRS,n,2.0NRT,282.84,0.8,N
-25.61329,-58.11343,311,0.42,0.38,2026-02-06,0455,N,VIIRS,n,2.0NRT,283.98,1,N
-25.62441,-58.11147,321.76,0.42,0.38,2026-02-06,0455,N,VIIRS,n,2.0NRT,284.34,1.71,N
-25.62787,-58.11221,299.43,0.42,0.38,2026-02-06,0455,N,VIIRS,n,2.0NRT,283.65,0.3,N
-25.6374,-58.10479,310.93,0.42,0.38,2026-02-06,0455,N,VIIRS,n,2.0NRT,289.18,1.35,N
-25.63814,-58.10062,311.14,0.42,0.38,2026-02-06,0455,N,VIIRS,n,2.0NRT,288.72,0.77,N
-25.66071,-58.13578,306.18,0.42,0.38,2026-02-06,0455,N,VIIRS,n,2.0NRT,286.01,1.2,N
-26.59782,-53.79533,345.92,0.41,0.37,2026-02-06,0455,N,VIIRS,n,2.0NRT,293.6,7.49,N
-26.59842,-53.7911,309.55,0.41,0.37,2026-02-06,0455,N,VIIRS,n,2.0NRT,291.85,1.46,N
-26.60128,-53.79596,306.06,0.41,0.37,2026-02-06,0455,N,VIIRS,n,2.0NRT,292.55,1.17,N
-26.02862,-57.93375,300.31,0.41,0.37,2026-02-06,0455,N,VIIRS,n,2.0NRT,285.55,0.53,N
-26.03205,-57.93447,301.93,0.41,0.37,2026-02-06,0455,N,VIIRS,n,2.0NRT,284.39,0.53,N
-26.03276,-57.93035,301.12,0.41,0.37,2026-02-06,0455,N,VIIRS,n,2.0NRT,282.69,0.31,N
-25.98377,-59.40255,322.68,0.46,0.39,2026-02-06,0455,N,VIIRS,n,2.0NRT,292,2.27,N
-25.98739,-59.40336,321.69,0.46,0.39,2026-02-06,0455,N,VIIRS,n,2.0NRT,291.56,2.27,N
-26.02543,-59.27762,311.5,0.46,0.39,2026-02-06,0455,N,VIIRS,n,2.0NRT,291.04,1.56,N
-26.18828,-59.16512,305.28,0.45,0.39,2026-02-06,0457,N,VIIRS,n,2.0NRT,294.42,0.88,N
-26.18909,-59.1606,311.44,0.45,0.39,2026-02-06,0457,N,VIIRS,n,2.0NRT,294.41,0.88,N
-26.19267,-59.1614,306.73,0.45,0.39,2026-02-06,0457,N,VIIRS,n,2.0NRT,294.15,0.88,N
-26.40522,-58.42934,328.62,0.42,0.38,2026-02-06,0457,N,VIIRS,n,2.0NRT,290.9,1.56,N
-26.23595,-59.3774,304.27,0.46,0.39,2026-02-06,0457,N,VIIRS,n,2.0NRT,293.76,0.59,N
-32.43671,-58.43113,320.08,0.39,0.36,2026-02-06,0457,N,VIIRS,n,2.0NRT,264.82,1.46,N
-33.37166,-60.15968,301.56,0.41,0.37,2026-02-06,0457,N,VIIRS,n,2.0NRT,287.82,1.11,N
-33.36823,-60.15882,313.96,0.41,0.37,2026-02-06,0457,N,VIIRS,n,2.0NRT,288.33,1.87,N
-26.40596,-58.4251,302.16,0.42,0.38,2026-02-06,0457,N,VIIRS,n,2.0NRT,289.24,1.56,N
-26.31497,-59.12541,306.35,0.45,0.39,2026-02-06,0457,N,VIIRS,n,2.0NRT,291.9,0.55,N
-26.31854,-59.12621,305.39,0.45,0.39,2026-02-06,0457,N,VIIRS,n,2.0NRT,291.98,0.64,N
-26.31583,-59.12808,307.67,0.45,0.39,2026-02-06,0457,N,VIIRS,n,2.0NRT,291.96,1.23,N
-26.51455,-58.63335,319.73,0.43,0.38,2026-02-06,0457,N,VIIRS,n,2.0NRT,295.1,0.91,N
-26.51729,-58.63842,303.67,0.43,0.38,2026-02-06,0457,N,VIIRS,n,2.0NRT,292.35,0.91,N
-26.51805,-58.63412,311.97,0.43,0.38,2026-02-06,0457,N,VIIRS,n,2.0NRT,292.65,0.91,N
-26.51447,-58.63197,315.13,0.43,0.38,2026-02-06,0457,N,VIIRS,n,2.0NRT,294.64,1.08,N
-26.51719,-58.63704,305.64,0.43,0.38,2026-02-06,0457,N,VIIRS,n,2.0NRT,292.34,1.08,N
-26.51796,-58.63274,316.65,0.43,0.38,2026-02-06,0457,N,VIIRS,n,2.0NRT,292.97,1.08,N
-27.45478,-54.83793,310.61,0.4,0.37,2026-02-06,0457,N,VIIRS,n,2.0NRT,293,0.81,N
-30.13268,-58.92546,311.2,0.41,0.37,2026-02-06,0457,N,VIIRS,n,2.0NRT,292.62,1.27,N
-33.36744,-60.16326,315.39,0.41,0.37,2026-02-06,0457,N,VIIRS,n,2.0NRT,289.69,3.2,N
-37.6876,-68.92075,299.37,0.56,0.52,2026-02-06,0459,N,VIIRS,n,2.0NRT,280.39,1.11,N
-34.51887,-58.83869,305.34,0.39,0.36,2026-02-06,0459,N,VIIRS,n,2.0NRT,288.93,0.73,N
-34.62362,-58.96815,306.03,0.39,0.36,2026-02-06,0459,N,VIIRS,n,2.0NRT,288.54,0.55,N
-34.85736,-57.89261,329.5,0.38,0.36,2026-02-06,0459,N,VIIRS,n,2.0NRT,292.2,1.82,N
-34.86071,-57.89337,299.81,0.38,0.36,2026-02-06,0459,N,VIIRS,n,2.0NRT,288.98,0.78,N
-36.28507,-61.69493,307.75,0.43,0.38,2026-02-06,0459,N,VIIRS,n,2.0NRT,286.78,0.73,N
-36.28855,-61.69591,302.14,0.43,0.38,2026-02-06,0459,N,VIIRS,n,2.0NRT,285.31,0.73,N
-36.98204,-60.24663,312.29,0.39,0.36,2026-02-06,0459,N,VIIRS,n,2.0NRT,289.4,1.54,N
-36.991,-60.27669,302.65,0.39,0.36,2026-02-06,0459,N,VIIRS,n,2.0NRT,288.16,0.79,N
-37.03713,-60.29591,300.01,0.39,0.36,2026-02-06,0459,N,VIIRS,n,2.0NRT,287.53,0.63,N
-37.04049,-60.29679,301.32,0.39,0.36,2026-02-06,0459,N,VIIRS,n,2.0NRT,285.86,0.63,N
-37.08433,-69.47593,306.14,0.62,0.54,2026-02-06,0459,N,VIIRS,n,2.0NRT,282.91,1.63,N
-38.68262,-62.3988,302.44,0.42,0.38,2026-02-06,0459,N,VIIRS,n,2.0NRT,283.3,1.04,N
-38.68343,-62.4144,311.7,0.42,0.38,2026-02-06,0459,N,VIIRS,n,2.0NRT,284.17,1.15,N
-38.68689,-62.41544,299.43,0.42,0.38,2026-02-06,0459,N,VIIRS,n,2.0NRT,283.52,0.77,N
-38.68602,-62.41699,311.75,0.42,0.38,2026-02-06,0459,N,VIIRS,n,2.0NRT,284.13,1.25,N
-37.42403,-69.17374,301.21,0.59,0.53,2026-02-06,0459,N,VIIRS,n,2.0NRT,283.06,0.92,N
-37.42884,-69.17542,316.34,0.59,0.53,2026-02-06,0459,N,VIIRS,n,2.0NRT,283.06,2.43,N
-37.71469,-69.13502,321.25,0.58,0.52,2026-02-06,0459,N,VIIRS,n,2.0NRT,283.77,1.88,N
-37.71304,-69.14164,311.92,0.58,0.52,2026-02-06,0459,N,VIIRS,n,2.0NRT,283.01,3.03,N
-38.01299,-68.598,309.32,0.53,0.5,2026-02-06,0459,N,VIIRS,n,2.0NRT,286.19,1.28,N
-38.09574,-68.61035,297.56,0.53,0.5,2026-02-06,0459,N,VIIRS,n,2.0NRT,285.23,0.72,N
-38.28483,-68.84972,303.67,0.54,0.51,2026-02-06,0459,N,VIIRS,n,2.0NRT,283.18,0.84,N
-38.32077,-68.78374,300.47,0.54,0.51,2026-02-06,0459,N,VIIRS,n,2.0NRT,284.42,1.17,N
-38.32223,-68.77766,305.4,0.54,0.5,2026-02-06,0459,N,VIIRS,n,2.0NRT,284,1.02,N
-38.373,-68.60652,297.77,0.52,0.5,2026-02-06,0459,N,VIIRS,n,2.0NRT,284.26,0.98,N
-42.56871,-71.70795,304.75,0.58,0.52,2026-02-06,0501,N,VIIRS,n,2.0NRT,278.3,1.74,N
-42.62195,-71.50209,297.63,0.57,0.52,2026-02-06,0501,N,VIIRS,n,2.0NRT,276.65,2.9,N
-42.62538,-71.48875,307.37,0.57,0.52,2026-02-06,0501,N,VIIRS,n,2.0NRT,279.2,3.05,N
-42.63184,-71.48385,296.35,0.57,0.52,2026-02-06,0501,N,VIIRS,n,2.0NRT,277.01,2.7,N
-42.46716,-71.74733,337.24,0.59,0.53,2026-02-06,0501,N,VIIRS,n,2.0NRT,280.21,8.31,N
-42.64446,-71.47517,307.9,0.57,0.52,2026-02-06,0501,N,VIIRS,n,2.0NRT,278.95,2.99,N
-38.74612,-68.8382,318.04,0.53,0.5,2026-02-06,0501,N,VIIRS,n,2.0NRT,283.67,0.92,N
-38.3185,-68.77692,300.41,0.54,0.5,2026-02-06,0501,N,VIIRS,n,2.0NRT,284,1.04,N
-42.64607,-71.46891,311.89,0.57,0.52,2026-02-06,0501,N,VIIRS,n,2.0NRT,279.5,2.99,N
-38.74323,-68.83772,317.67,0.53,0.5,2026-02-06,0501,N,VIIRS,n,2.0NRT,284.35,2.36,N
-42.60537,-71.42534,297.89,0.56,0.52,2026-02-06,0501,N,VIIRS,n,2.0NRT,276.1,1.41,N
-42.55458,-71.70151,322.29,0.58,0.52,2026-02-06,0501,N,VIIRS,n,2.0NRT,280.08,4.62,N
-38.74158,-68.83645,300.08,0.53,0.5,2026-02-06,0501,N,VIIRS,n,2.0NRT,283.07,0.92,N
-42.55919,-71.70407,298.11,0.58,0.52,2026-02-06,0501,N,VIIRS,n,2.0NRT,277.63,2.16,N
-38.32157,-68.78476,305.28,0.54,0.5,2026-02-06,0501,N,VIIRS,n,2.0NRT,284.07,1.27,N
-42.47102,-71.74927,324.07,0.46,0.64,2026-02-06,0641,N,VIIRS,n,2.0NRT,278.55,2.05,N
-37.52618,-69.09071,305.78,0.59,0.7,2026-02-06,0641,N,VIIRS,n,2.0NRT,280.34,0.92,N
-37.53286,-69.0909,296.61,0.59,0.7,2026-02-06,0641,N,VIIRS,n,2.0NRT,280.7,0.61,N
-37.71098,-69.14144,308.12,0.59,0.7,2026-02-06,0641,N,VIIRS,n,2.0NRT,281.61,1.44,N
-37.71116,-69.13464,314.19,0.59,0.7,2026-02-06,0641,N,VIIRS,n,2.0NRT,281.98,1.44,N
-37.71783,-69.13487,299.47,0.59,0.7,2026-02-06,0641,N,VIIRS,n,2.0NRT,280.58,1.44,N
-38.74752,-68.83635,320.64,0.62,0.72,2026-02-06,0641,N,VIIRS,n,2.0NRT,281.63,3,N
-42.46513,-71.74454,300.32,0.46,0.64,2026-02-06,0641,N,VIIRS,n,2.0NRT,279.22,2.05,N
-42.47121,-71.74352,299.82,0.46,0.64,2026-02-06,0641,N,VIIRS,n,2.0NRT,277.89,2.1,N
-42.46563,-71.74136,299.19,0.46,0.64,2026-02-06,0641,N,VIIRS,n,2.0NRT,279.49,1.95,N
-42.47155,-71.7461,322.48,0.46,0.64,2026-02-06,0641,N,VIIRS,n,2.0NRT,278.79,3.69,N
-42.5697,-71.70749,336.93,0.47,0.64,2026-02-06,0641,N,VIIRS,n,2.0NRT,278.79,4.28,N
-42.5695,-71.71339,301.57,0.47,0.64,2026-02-06,0641,N,VIIRS,n,2.0NRT,276.69,3.99,N
-42.57059,-71.70771,330.63,0.47,0.64,2026-02-06,0641,N,VIIRS,n,2.0NRT,277.75,3.16,N
-42.57045,-71.71284,307.69,0.47,0.64,2026-02-06,0641,N,VIIRS,n,2.0NRT,276.31,3.16,N
-39.37854,-65.65725,337.29,0.59,0.7,2026-02-06,1719,N,VIIRS,n,2.0NRT,297.58,2.61,D
-39.37469,-65.65772,345.91,0.58,0.7,2026-02-06,1719,N,VIIRS,n,2.0NRT,302.92,5.89,D
-38.78607,-62.2849,341.6,0.38,0.59,2026-02-06,1719,N,VIIRS,n,2.0NRT,307.75,5.73,D
-39.40984,-62.85967,340.33,0.42,0.61,2026-02-06,1719,N,VIIRS,n,2.0NRT,302.79,4.6,D
-38.41077,-60.2727,352.58,0.6,0.53,2026-02-06,1719,N,VIIRS,n,2.0NRT,306.91,8.8,D
-38.41118,-60.27186,347.34,0.6,0.53,2026-02-06,1719,N,VIIRS,n,2.0NRT,306.69,9.67,D
-36.28684,-61.69558,335.82,0.34,0.56,2026-02-06,1719,N,VIIRS,n,2.0NRT,300.31,2.15,D
-36.28775,-61.69512,344.12,0.34,0.56,2026-02-06,1719,N,VIIRS,n,2.0NRT,301.56,2.76,D
-36.23017,-67.76476,333.64,0.73,0.76,2026-02-06,1719,N,VIIRS,n,2.0NRT,303.96,1.56,D
-33.5967,-60.57414,332.21,0.55,0.51,2026-02-06,1721,N,VIIRS,n,2.0NRT,304.05,3.19,D
-35.06157,-58.07619,343.97,0.42,0.45,2026-02-06,1721,N,VIIRS,n,2.0NRT,304.82,4.25,D
-35.02837,-57.98971,337.94,0.41,0.45,2026-02-06,1721,N,VIIRS,n,2.0NRT,305.67,2.92,D
-34.88913,-58.69049,355.76,0.45,0.47,2026-02-06,1721,N,VIIRS,n,2.0NRT,310.1,12.55,D
-34.88933,-58.6879,340.05,0.45,0.47,2026-02-06,1721,N,VIIRS,n,2.0NRT,306.75,4.04,D
-34.88981,-58.69292,339.4,0.45,0.47,2026-02-06,1721,N,VIIRS,n,2.0NRT,308.75,4.04,D
-34.88496,-58.68848,343.94,0.45,0.47,2026-02-06,1721,N,VIIRS,n,2.0NRT,308.23,9.43,D
-34.88544,-58.6935,342.43,0.45,0.47,2026-02-06,1721,N,VIIRS,n,2.0NRT,308.52,9.43,D
-34.83471,-58.30825,337.12,0.43,0.46,2026-02-06,1721,N,VIIRS,l,2.0NRT,307.5,3.6,D
-34.65659,-58.39272,330.96,0.43,0.46,2026-02-06,1721,N,VIIRS,l,2.0NRT,304.5,0.91,D
-34.56332,-58.57034,330.62,0.44,0.46,2026-02-06,1721,N,VIIRS,l,2.0NRT,304.38,1.47,D
-34.57542,-58.83035,332.86,0.45,0.47,2026-02-06,1721,N,VIIRS,n,2.0NRT,304.52,2.05,D
-32.10053,-59.08866,335.73,0.44,0.46,2026-02-06,1721,N,VIIRS,n,2.0NRT,293.35,3.24,D
-30.20636,-58.633,330.64,0.4,0.44,2026-02-06,1721,N,VIIRS,n,2.0NRT,295.66,2.93,D
-30.12636,-58.84414,347.47,0.4,0.45,2026-02-06,1721,N,VIIRS,n,2.0NRT,297.62,21.86,D
-30.1222,-58.84472,337.12,0.4,0.45,2026-02-06,1721,N,VIIRS,n,2.0NRT,292.35,21.86,D
-30.12265,-58.84899,340.99,0.4,0.45,2026-02-06,1721,N,VIIRS,n,2.0NRT,298.77,21.86,D
-30.12477,-58.84324,340.61,0.4,0.45,2026-02-06,1721,N,VIIRS,n,2.0NRT,292.88,11.47,D
-30.12525,-58.84751,347.33,0.4,0.45,2026-02-06,1721,N,VIIRS,n,2.0NRT,296.13,11.47,D
-30.12109,-58.84808,349.2,0.4,0.45,2026-02-06,1721,N,VIIRS,n,2.0NRT,297.9,26.77,D
-30.11693,-58.84865,353.94,0.4,0.45,2026-02-06,1721,N,VIIRS,n,2.0NRT,292.7,26.77,D
-29.19421,-59.57841,346.91,0.43,0.46,2026-02-06,1721,N,VIIRS,n,2.0NRT,294.54,7.78,D
-28.57221,-56.66922,344.92,0.46,0.39,2026-02-06,1721,N,VIIRS,n,2.0NRT,302.86,5.73,D
-27.77256,-55.33021,330.79,0.41,0.37,2026-02-06,1721,N,VIIRS,l,2.0NRT,304.65,3.85,D
-27.70086,-55.38877,335.62,0.41,0.37,2026-02-06,1721,N,VIIRS,n,2.0NRT,301.32,2.59,D
-27.42025,-54.58839,345.51,0.39,0.36,2026-02-06,1721,N,VIIRS,n,2.0NRT,304.23,4.23,D
-27.23964,-54.09441,340.82,0.39,0.36,2026-02-06,1721,N,VIIRS,n,2.0NRT,306.15,2.68,D
-27.45807,-56.96547,341.15,0.46,0.39,2026-02-06,1721,N,VIIRS,n,2.0NRT,303.61,5.69,D
-26.70471,-54.13242,348.12,0.39,0.36,2026-02-06,1724,N,VIIRS,n,2.0NRT,309.62,27,D
-26.59867,-53.79373,342.3,0.38,0.36,2026-02-06,1724,N,VIIRS,n,2.0NRT,309.5,6.39,D
-26.57467,-54.14457,337.89,0.39,0.36,2026-02-06,1724,N,VIIRS,n,2.0NRT,305.14,5.04,D
-26.57134,-54.1452,336.74,0.39,0.36,2026-02-06,1724,N,VIIRS,n,2.0NRT,303.73,4.68,D
-26.37471,-54.41287,346.63,0.39,0.36,2026-02-06,1724,N,VIIRS,n,2.0NRT,305.46,19.82,D
-26.37137,-54.41349,348.93,0.39,0.36,2026-02-06,1724,N,VIIRS,n,2.0NRT,311.29,19.82,D
-26.52595,-58.62983,367,0.54,0.42,2026-02-06,1724,N,VIIRS,h,2.0NRT,307.7,20.89,D
-26.5266,-58.63528,340.3,0.54,0.42,2026-02-06,1724,N,VIIRS,n,2.0NRT,305.82,12.47,D
-26.46949,-58.22672,335.71,0.51,0.41,2026-02-06,1724,N,VIIRS,n,2.0NRT,301.82,6.33,D
-26.39548,-58.46934,339.91,0.53,0.42,2026-02-06,1724,N,VIIRS,n,2.0NRT,297.52,13.91,D
-26.30014,-59.01119,335.23,0.56,0.43,2026-02-06,1724,N,VIIRS,n,2.0NRT,301.43,4.48,D
-26.30204,-59.0069,334.25,0.56,0.43,2026-02-06,1724,N,VIIRS,n,2.0NRT,301.66,8.14,D
-26.20294,-58.5513,335.29,0.53,0.42,2026-02-06,1724,N,VIIRS,n,2.0NRT,302.91,8.99,D
-26.20359,-58.55664,348.78,0.53,0.42,2026-02-06,1724,N,VIIRS,n,2.0NRT,307.89,8.99,D
-26.20424,-58.56199,349.41,0.53,0.42,2026-02-06,1724,N,VIIRS,n,2.0NRT,309.78,10.42,D
-26.1997,-58.55722,337.69,0.53,0.42,2026-02-06,1724,N,VIIRS,n,2.0NRT,302.66,7.85,D
-26.20035,-58.56256,344.89,0.53,0.42,2026-02-06,1724,N,VIIRS,n,2.0NRT,312.13,67.2,D
-25.92956,-57.91832,349.58,0.49,0.4,2026-02-06,1724,N,VIIRS,n,2.0NRT,309.03,12.38,D
-26.10258,-59.65853,336.47,0.4,0.44,2026-02-06,1724,N,VIIRS,n,2.0NRT,303.98,7.35,D
-26.09844,-59.65911,349.82,0.4,0.44,2026-02-06,1724,N,VIIRS,n,2.0NRT,306.73,9.89,D
-25.98747,-59.40163,344.44,0.39,0.44,2026-02-06,1724,N,VIIRS,n,2.0NRT,306.63,5.79,D
-25.98793,-59.40556,335.09,0.39,0.44,2026-02-06,1724,N,VIIRS,n,2.0NRT,302.7,5.79,D
-25.76847,-57.85127,335.04,0.48,0.4,2026-02-06,1724,N,VIIRS,l,2.0NRT,305.89,3.41,D
-25.76475,-57.85183,339.98,0.48,0.4,2026-02-06,1724,N,VIIRS,n,2.0NRT,306.49,3.41,D
-25.84847,-59.16496,335.42,0.56,0.43,2026-02-06,1724,N,VIIRS,n,2.0NRT,302.59,4.3,D
-25.66943,-58.13497,347.45,0.5,0.41,2026-02-06,1724,N,VIIRS,n,2.0NRT,305.41,10.45,D
-25.66566,-58.13554,342.25,0.5,0.41,2026-02-06,1724,N,VIIRS,n,2.0NRT,304.53,14.1,D
-25.66188,-58.13612,341.71,0.5,0.41,2026-02-06,1724,N,VIIRS,n,2.0NRT,303.8,14.1,D
-25.66601,-58.13329,335.75,0.5,0.41,2026-02-06,1724,N,VIIRS,n,2.0NRT,304.82,11.11,D
-25.66665,-58.13827,333.94,0.5,0.41,2026-02-06,1724,N,VIIRS,n,2.0NRT,301.94,11.11,D
-25.66288,-58.13884,336.35,0.5,0.41,2026-02-06,1724,N,VIIRS,n,2.0NRT,303.72,11.11,D
-25.59032,-57.69351,346.84,0.47,0.4,2026-02-06,1724,N,VIIRS,n,2.0NRT,305.98,12.56,D
-25.57253,-57.64316,339.33,0.47,0.4,2026-02-06,1724,N,VIIRS,l,2.0NRT,306.43,5.37,D
-25.56946,-57.64846,333.07,0.47,0.4,2026-02-06,1724,N,VIIRS,l,2.0NRT,306.08,5.37,D
-25.56395,-57.63487,338.73,0.47,0.4,2026-02-06,1724,N,VIIRS,l,2.0NRT,309.86,6.73,D
-25.56028,-57.63544,347.97,0.47,0.4,2026-02-06,1724,N,VIIRS,n,2.0NRT,306.02,6.73,D
-25.62014,-58.10468,355.82,0.49,0.41,2026-02-06,1724,N,VIIRS,n,2.0NRT,301.16,31.39,D
-25.53407,-57.57722,332.1,0.47,0.39,2026-02-06,1724,N,VIIRS,l,2.0NRT,301.85,1.94,D
-25.531,-57.58248,342.92,0.47,0.39,2026-02-06,1724,N,VIIRS,n,2.0NRT,305.71,5.93,D
-25.48278,-57.58522,340.6,0.47,0.39,2026-02-06,1724,N,VIIRS,l,2.0NRT,307.02,11.33,D
-25.48322,-57.58335,347.42,0.47,0.39,2026-02-06,1724,N,VIIRS,n,2.0NRT,308.13,10.21,D
-25.47467,-57.57513,339.96,0.47,0.39,2026-02-06,1724,N,VIIRS,n,2.0NRT,304.74,2.72,D
-25.51798,-57.90794,336,0.48,0.4,2026-02-06,1724,N,VIIRS,l,2.0NRT,306.34,2.38,D
-25.47101,-57.5757,340.51,0.47,0.39,2026-02-06,1724,N,VIIRS,n,2.0NRT,308.6,5.48,D
-25.47162,-57.58037,340.77,0.47,0.39,2026-02-06,1724,N,VIIRS,n,2.0NRT,307.02,5,D
-25.46735,-57.57627,341.68,0.47,0.39,2026-02-06,1724,N,VIIRS,n,2.0NRT,306.83,5.48,D
-25.50742,-57.8849,343.5,0.48,0.4,2026-02-06,1724,N,VIIRS,n,2.0NRT,307.54,7.49,D
-25.46369,-57.57684,348.88,0.47,0.39,2026-02-06,1724,N,VIIRS,n,2.0NRT,310.23,6.6,D
-25.41697,-58.31867,336,0.5,0.41,2026-02-06,1724,N,VIIRS,n,2.0NRT,296.34,3.23,D
-25.41317,-58.31924,335.83,0.5,0.41,2026-02-06,1724,N,VIIRS,n,2.0NRT,295.09,2.54,D
-25.40874,-58.31475,340.2,0.5,0.41,2026-02-06,1724,N,VIIRS,n,2.0NRT,297.15,7.36,D
-25.4518,-58.66576,338.75,0.52,0.42,2026-02-06,1724,N,VIIRS,n,2.0NRT,302.94,3.79,D
-25.73619,-61.54207,333.52,0.51,0.5,2026-02-06,1724,N,VIIRS,n,2.0NRT,303.38,10.35,D
-25.24126,-57.86707,330.23,0.48,0.4,2026-02-06,1724,N,VIIRS,l,2.0NRT,303.95,4.54,D
-25.23755,-57.86764,339.07,0.48,0.4,2026-02-06,1724,N,VIIRS,l,2.0NRT,302.31,4.54,D
-24.96336,-59.53767,353.94,0.38,0.44,2026-02-06,1724,N,VIIRS,n,2.0NRT,301.04,8.48,D
-24.96382,-59.54152,355.11,0.38,0.44,2026-02-06,1724,N,VIIRS,n,2.0NRT,302.89,8.25,D
-24.95931,-59.53822,335.49,0.38,0.44,2026-02-06,1724,N,VIIRS,n,2.0NRT,297.38,4.25,D
-24.95977,-59.54207,344.04,0.38,0.44,2026-02-06,1724,N,VIIRS,n,2.0NRT,299.16,9.61,D
-24.88382,-58.95085,337.34,0.53,0.42,2026-02-06,1724,N,VIIRS,n,2.0NRT,304.57,5.48,D
-24.87926,-58.94607,349.5,0.53,0.42,2026-02-06,1724,N,VIIRS,n,2.0NRT,312.04,32.8,D
-24.87992,-58.95141,343.1,0.53,0.42,2026-02-06,1724,N,VIIRS,n,2.0NRT,307.54,33.54,D
-24.87535,-58.94663,331.39,0.53,0.42,2026-02-06,1724,N,VIIRS,n,2.0NRT,301.25,32.8,D
-24.81949,-60.0876,332.03,0.41,0.45,2026-02-06,1724,N,VIIRS,n,2.0NRT,302.47,1.68,D
-24.81905,-60.08702,335.11,0.41,0.45,2026-02-06,1724,N,VIIRS,n,2.0NRT,303.39,3.06,D
-22.84541,-63.36121,330.63,0.62,0.54,2026-02-06,1724,N,VIIRS,l,2.0NRT,303.71,11.9,D
-50.34655,-71.12979,338.36,0.38,0.36,2026-02-06,1857,N,VIIRS,n,2.0NRT,304.32,6.61,D
-50.3548,-71.11522,367,0.38,0.36,2026-02-06,1857,N,VIIRS,h,2.0NRT,351.02,119.66,D
-50.35648,-71.12602,367,0.38,0.36,2026-02-06,1857,N,VIIRS,h,2.0NRT,358.23,92.49,D
-50.35313,-71.10442,338.1,0.38,0.36,2026-02-06,1857,N,VIIRS,n,2.0NRT,297.26,134.53,D
-50.35397,-71.10982,353.99,0.38,0.36,2026-02-06,1857,N,VIIRS,n,2.0NRT,305,119.66,D
-50.35564,-71.12062,357.06,0.38,0.36,2026-02-06,1857,N,VIIRS,n,2.0NRT,310.98,92.49,D
-50.34982,-71.10567,367,0.38,0.36,2026-02-06,1857,N,VIIRS,h,2.0NRT,353.59,134.53,D
-50.35149,-71.11648,367,0.38,0.36,2026-02-06,1857,N,VIIRS,h,2.0NRT,337.34,119.66,D
-50.35485,-71.13808,367,0.38,0.36,2026-02-06,1857,N,VIIRS,h,2.0NRT,346.68,229.31,D
-50.35233,-71.12188,357.07,0.38,0.36,2026-02-06,1857,N,VIIRS,n,2.0NRT,316.32,92.49,D
-50.35066,-71.11108,367,0.38,0.36,2026-02-06,1857,N,VIIRS,l,2.0NRT,372.52,119.66,D
-50.35317,-71.12728,367,0.38,0.36,2026-02-06,1857,N,VIIRS,l,2.0NRT,326.03,92.49,D
-50.35401,-71.13268,367,0.38,0.36,2026-02-06,1857,N,VIIRS,l,2.0NRT,361.12,229.31,D
-50.35568,-71.14349,367,0.38,0.36,2026-02-06,1857,N,VIIRS,l,2.0NRT,325.41,68.2,D
-50.35321,-71.15014,367,0.38,0.36,2026-02-06,1857,N,VIIRS,h,2.0NRT,340.12,42.95,D
-50.34567,-71.10152,336.52,0.38,0.36,2026-02-06,1857,N,VIIRS,n,2.0NRT,301.24,21.4,D
-50.34651,-71.10693,344.18,0.38,0.36,2026-02-06,1857,N,VIIRS,n,2.0NRT,319.16,21.4,D
-50.34735,-71.11233,353.93,0.38,0.36,2026-02-06,1857,N,VIIRS,n,2.0NRT,305.92,7.49,D
-50.34819,-71.11773,341.45,0.38,0.36,2026-02-06,1857,N,VIIRS,n,2.0NRT,304.29,7.49,D
-50.35238,-71.14474,350.89,0.38,0.36,2026-02-06,1857,N,VIIRS,n,2.0NRT,305.52,42.95,D
-50.3432,-71.10818,340.08,0.38,0.36,2026-02-06,1857,N,VIIRS,n,2.0NRT,306.05,21.4,D
-50.34404,-71.11358,330.61,0.38,0.36,2026-02-06,1857,N,VIIRS,l,2.0NRT,302.24,7.49,D
-50.3499,-71.15139,331.57,0.38,0.36,2026-02-06,1857,N,VIIRS,n,2.0NRT,301.59,42.95,D
-50.34323,-71.1097,346.74,0.38,0.36,2026-02-06,1857,N,VIIRS,n,2.0NRT,305.32,4.54,D
-50.34658,-71.13131,341.92,0.38,0.36,2026-02-06,1857,N,VIIRS,n,2.0NRT,304.57,3.91,D
-50.3416,-71.12177,336.64,0.38,0.36,2026-02-06,1857,N,VIIRS,n,2.0NRT,303.24,7.55,D
-50.34243,-71.12716,356.35,0.38,0.36,2026-02-06,1857,N,VIIRS,n,2.0NRT,304.63,7.55,D
-50.34328,-71.13256,348.8,0.38,0.36,2026-02-06,1857,N,VIIRS,n,2.0NRT,304.37,3.91,D
-50.34411,-71.13796,330.76,0.38,0.36,2026-02-06,1857,N,VIIRS,l,2.0NRT,302.55,3.91,D
-42.67755,-71.37666,348.09,0.42,0.37,2026-02-06,1900,N,VIIRS,n,2.0NRT,315.08,7.54,D
-42.65385,-71.40612,345.13,0.42,0.37,2026-02-06,1900,N,VIIRS,n,2.0NRT,312.71,16.98,D
-42.58123,-71.38978,341.31,0.42,0.37,2026-02-06,1900,N,VIIRS,n,2.0NRT,311.17,7.19,D
-42.57416,-71.69934,332.84,0.41,0.37,2026-02-06,1900,N,VIIRS,n,2.0NRT,297.17,15.19,D
-42.57154,-71.70481,351.91,0.41,0.37,2026-02-06,1900,N,VIIRS,n,2.0NRT,310.86,21.81,D
-42.5681,-71.70565,346.79,0.41,0.37,2026-02-06,1900,N,VIIRS,n,2.0NRT,297.67,21.81,D
-42.557,-71.7039,340.68,0.41,0.37,2026-02-06,1900,N,VIIRS,n,2.0NRT,297.9,4.31,D
-42.47526,-71.72996,330.63,0.41,0.37,2026-02-06,1900,N,VIIRS,l,2.0NRT,304,2.76,D
-42.47174,-71.73045,335.11,0.41,0.37,2026-02-06,1900,N,VIIRS,n,2.0NRT,303.51,2.76,D
-42.47353,-71.74048,345.79,0.41,0.37,2026-02-06,1900,N,VIIRS,n,2.0NRT,305.38,4.93,D
-42.47321,-71.72789,331.69,0.41,0.37,2026-02-06,1900,N,VIIRS,n,2.0NRT,301.91,3.01,D
-42.46973,-71.72845,330.61,0.41,0.37,2026-02-06,1900,N,VIIRS,n,2.0NRT,299.73,3.01,D
-42.4715,-71.73856,347.06,0.41,0.37,2026-02-06,1900,N,VIIRS,n,2.0NRT,310.17,9.62,D
-42.47238,-71.74355,348.42,0.41,0.37,2026-02-06,1900,N,VIIRS,n,2.0NRT,307.17,9.62,D
-42.46891,-71.74422,353.51,0.41,0.37,2026-02-06,1900,N,VIIRS,n,2.0NRT,313.3,26.45,D
-42.27076,-71.56886,339.16,0.42,0.37,2026-02-06,1900,N,VIIRS,n,2.0NRT,302.1,5.29,D
-40.96575,-66.80231,340.55,0.44,0.46,2026-02-06,1900,N,VIIRS,n,2.0NRT,312.73,3.07,D
-39.41216,-62.8595,344.37,0.37,0.58,2026-02-06,1900,N,VIIRS,n,2.0NRT,304.41,4.69,D
-38.41305,-60.26467,367,0.53,0.67,2026-02-06,1900,N,VIIRS,h,2.0NRT,301.94,8.58,D
-38.40927,-60.26191,367,0.53,0.67,2026-02-06,1900,N,VIIRS,h,2.0NRT,300.64,8.91,D
-38.41107,-60.26796,348.07,0.53,0.67,2026-02-06,1900,N,VIIRS,n,2.0NRT,301.22,8.91,D
-38.78498,-62.2811,340.74,0.41,0.61,2026-02-06,1900,N,VIIRS,n,2.0NRT,308.57,4.26,D
-39.37484,-65.65363,351.6,0.55,0.51,2026-02-06,1900,N,VIIRS,n,2.0NRT,307.59,8.42,D
-37.35009,-61.47086,350.35,0.5,0.66,2026-02-06,1900,N,VIIRS,n,2.0NRT,300.64,9.01,D
-37.35171,-61.47644,357.99,0.5,0.65,2026-02-06,1900,N,VIIRS,n,2.0NRT,300.07,9.01,D
-38.74566,-68.8339,343.14,0.4,0.44,2026-02-06,1900,N,VIIRS,n,2.0NRT,315.13,2.91,D
-38.74664,-68.83843,340.31,0.4,0.44,2026-02-06,1900,N,VIIRS,n,2.0NRT,313.77,1.81,D
-38.49671,-68.32407,344.82,0.42,0.45,2026-02-06,1902,N,VIIRS,n,2.0NRT,315.37,2.3,D
-38.49792,-68.32693,341.31,0.42,0.45,2026-02-06,1902,N,VIIRS,l,2.0NRT,314.81,0.74,D
-38.11973,-68.53635,347.79,0.42,0.45,2026-02-06,1902,N,VIIRS,n,2.0NRT,320.32,5.58,D
-37.69122,-68.91773,340.73,0.41,0.45,2026-02-06,1902,N,VIIRS,n,2.0NRT,308.21,2.23,D
-37.7134,-69.14104,345.15,0.4,0.44,2026-02-06,1902,N,VIIRS,l,2.0NRT,318.51,3.82,D
-37.42854,-69.16948,341.56,0.41,0.45,2026-02-06,1902,N,VIIRS,n,2.0NRT,310.77,2.2,D
-34.70873,-59.06112,334.62,0.77,0.77,2026-02-06,1902,N,VIIRS,n,2.0NRT,297.6,3.44,D
-34.02479,-59.22106,333.49,0.79,0.78,2026-02-06,1902,N,VIIRS,n,2.0NRT,298.15,8.11,D
-34.02495,-59.22168,333.96,0.79,0.78,2026-02-06,1902,N,VIIRS,n,2.0NRT,298.23,7.57,D
-33.38923,-60.16933,328.35,0.74,0.76,2026-02-06,1902,N,VIIRS,n,2.0NRT,294.98,4.62,D
-34.56445,-65.22829,343.85,0.38,0.58,2026-02-06,1902,N,VIIRS,n,2.0NRT,300.6,3.65,D
-24.38585,-64.03421,327.78,0.77,0.77,2026-02-06,1904,N,VIIRS,n,2.0NRT,286.33,6.49,D
-26.05576,-58.24586,311.56,0.47,0.48,2026-02-07,0438,N,VIIRS,n,2.0NRT,284.45,2.36,N
-26.05675,-58.24112,319.8,0.47,0.48,2026-02-07,0438,N,VIIRS,n,2.0NRT,286.22,2.36,N
-26.06794,-58.25404,311.61,0.47,0.48,2026-02-07,0438,N,VIIRS,n,2.0NRT,286.73,3.74,N
-26.06893,-58.24928,314.83,0.47,0.48,2026-02-07,0438,N,VIIRS,n,2.0NRT,288.9,1.85,N
-26.07332,-58.25043,308.49,0.47,0.48,2026-02-07,0438,N,VIIRS,n,2.0NRT,288.5,1.85,N
-26.38202,-58.27293,312.49,0.47,0.48,2026-02-07,0438,N,VIIRS,n,2.0NRT,291.43,5.77,N
-26.40042,-58.47423,311.21,0.48,0.48,2026-02-07,0438,N,VIIRS,n,2.0NRT,289.52,2.71,N
-30.11118,-58.86127,313.27,0.43,0.46,2026-02-07,0440,N,VIIRS,n,2.0NRT,288.9,1.64,N
-30.11212,-58.85679,307.46,0.43,0.46,2026-02-07,0440,N,VIIRS,n,2.0NRT,289.05,1.64,N
-30.1163,-58.85798,322.63,0.43,0.46,2026-02-07,0440,N,VIIRS,n,2.0NRT,289.01,1.64,N
-30.12142,-58.85469,312.99,0.43,0.46,2026-02-07,0440,N,VIIRS,n,2.0NRT,288.58,1.48,N
-30.12235,-58.85024,314.04,0.43,0.46,2026-02-07,0440,N,VIIRS,n,2.0NRT,288.74,1.48,N
-29.91464,-62.50795,302.05,0.35,0.56,2026-02-07,0440,N,VIIRS,n,2.0NRT,287.01,1.03,N
-29.91551,-62.50435,308.13,0.35,0.56,2026-02-07,0440,N,VIIRS,n,2.0NRT,287.6,0.96,N
-29.91638,-62.50075,306.21,0.35,0.56,2026-02-07,0440,N,VIIRS,n,2.0NRT,287.01,0.96,N
-29.91725,-62.49715,312.65,0.35,0.56,2026-02-07,0440,N,VIIRS,n,2.0NRT,287.39,0.91,N
-29.92066,-62.506,321.07,0.35,0.56,2026-02-07,0440,N,VIIRS,n,2.0NRT,287.97,0.92,N
-29.91979,-62.50961,310.55,0.35,0.56,2026-02-07,0440,N,VIIRS,n,2.0NRT,287.93,2.25,N
-29.92581,-62.50766,301.52,0.35,0.56,2026-02-07,0440,N,VIIRS,n,2.0NRT,287.1,0.92,N
-29.92668,-62.50406,308.93,0.35,0.56,2026-02-07,0440,N,VIIRS,n,2.0NRT,287.15,0.92,N
-32.11245,-59.09079,338.09,0.4,0.45,2026-02-07,0440,N,VIIRS,n,2.0NRT,290.77,3.33,N
-32.11334,-59.08651,309.32,0.4,0.45,2026-02-07,0440,N,VIIRS,n,2.0NRT,289.9,3.33,N
-32.11652,-59.09198,300.97,0.4,0.45,2026-02-07,0440,N,VIIRS,n,2.0NRT,288.49,1.14,N
-32.14366,-59.0863,299.52,0.4,0.45,2026-02-07,0440,N,VIIRS,n,2.0NRT,287.74,0.6,N
-33.0028,-60.8211,307.73,0.48,0.48,2026-02-07,0440,N,VIIRS,n,2.0NRT,287.47,1.1,N
-33.25552,-60.28606,331.65,0.44,0.46,2026-02-07,0440,N,VIIRS,n,2.0NRT,291.47,5.39,N
-33.36004,-60.15768,332.45,0.43,0.46,2026-02-07,0440,N,VIIRS,n,2.0NRT,290.12,3.12,N
-33.36103,-60.15302,304.21,0.43,0.46,2026-02-07,0440,N,VIIRS,n,2.0NRT,291.47,2.84,N
-33.36845,-60.16024,323.64,0.43,0.46,2026-02-07,0440,N,VIIRS,n,2.0NRT,291.63,2.54,N
-33.36745,-60.16497,316.51,0.43,0.46,2026-02-07,0440,N,VIIRS,n,2.0NRT,290.02,2.54,N
-33.37045,-60.15089,305.42,0.43,0.46,2026-02-07,0440,N,VIIRS,n,2.0NRT,289.82,1.31,N
-33.37565,-60.14753,311.99,0.43,0.46,2026-02-07,0440,N,VIIRS,n,2.0NRT,289.12,1.5,N
-33.36562,-60.16117,328.47,0.43,0.46,2026-02-07,0440,N,VIIRS,n,2.0NRT,291.15,3.58,N
-33.36767,-60.15183,304.27,0.43,0.46,2026-02-07,0440,N,VIIRS,n,2.0NRT,289.67,1.79,N
-33.36982,-60.16245,308.89,0.43,0.46,2026-02-07,0440,N,VIIRS,n,2.0NRT,290.33,1.95,N
-33.37711,-60.14976,305.92,0.43,0.46,2026-02-07,0440,N,VIIRS,n,2.0NRT,285.51,1.53,N
-33.46205,-60.06747,299.16,0.43,0.46,2026-02-07,0440,N,VIIRS,n,2.0NRT,286.83,0.79,N
-33.70863,-59.63556,321.9,0.4,0.44,2026-02-07,0440,N,VIIRS,n,2.0NRT,286.68,1.85,N
-33.7077,-59.63987,302.64,0.4,0.44,2026-02-07,0440,N,VIIRS,n,2.0NRT,285.34,1.85,N
-34.75107,-58.31434,314.6,0.5,0.41,2026-02-07,0440,N,VIIRS,n,2.0NRT,288.82,1.1,N
-34.85722,-57.89747,316.32,0.48,0.4,2026-02-07,0440,N,VIIRS,n,2.0NRT,289.12,2.07,N
-34.85825,-57.89223,315.88,0.48,0.4,2026-02-07,0440,N,VIIRS,n,2.0NRT,290.63,2.12,N
-32.26645,-68.61838,299.39,0.66,0.73,2026-02-07,0440,N,VIIRS,n,2.0NRT,287.51,1.75,N
-32.26849,-68.61146,305.12,0.65,0.73,2026-02-07,0440,N,VIIRS,n,2.0NRT,287.94,1.75,N
-35.30812,-65.18621,331.85,0.36,0.58,2026-02-07,0440,N,VIIRS,n,2.0NRT,287.02,2.8,N
-36.91591,-60.31757,304.68,0.57,0.43,2026-02-07,0442,N,VIIRS,n,2.0NRT,286.24,1.35,N
-36.98168,-60.24443,300.95,0.56,0.43,2026-02-07,0442,N,VIIRS,n,2.0NRT,289.44,0.95,N
-36.98246,-60.2463,303.1,0.56,0.43,2026-02-07,0442,N,VIIRS,n,2.0NRT,288.64,1.16,N
-36.9928,-60.2766,300.3,0.56,0.43,2026-02-07,0442,N,VIIRS,n,2.0NRT,288.62,1.51,N
-37.03857,-60.2986,304.4,0.56,0.43,2026-02-07,0442,N,VIIRS,n,2.0NRT,289.14,1.62,N
-37.27754,-59.19191,297.2,0.5,0.41,2026-02-07,0442,N,VIIRS,n,2.0NRT,284.38,0.73,N
-37.28127,-59.19307,339.58,0.5,0.41,2026-02-07,0442,N,VIIRS,n,2.0NRT,285.56,7.35,N
-37.3114,-59.16081,332.45,0.5,0.41,2026-02-07,0442,N,VIIRS,n,2.0NRT,286.27,3.49,N
-37.31016,-59.16119,324.7,0.5,0.41,2026-02-07,0442,N,VIIRS,n,2.0NRT,286.15,2.17,N
-37.31389,-59.16233,306,0.5,0.41,2026-02-07,0442,N,VIIRS,n,2.0NRT,284.65,2.17,N
-38.78033,-62.28346,300.66,0.43,0.46,2026-02-07,0442,N,VIIRS,n,2.0NRT,287.97,0.44,N
-38.78448,-62.28502,328.56,0.43,0.46,2026-02-07,0442,N,VIIRS,n,2.0NRT,292.47,2.6,N
-38.78864,-62.28657,312.47,0.43,0.46,2026-02-07,0442,N,VIIRS,n,2.0NRT,292.14,2.6,N
-37.08537,-69.47674,312.48,0.54,0.68,2026-02-07,0442,N,VIIRS,n,2.0NRT,286.66,2.09,N
-37.42353,-69.17229,318.24,0.51,0.66,2026-02-07,0442,N,VIIRS,n,2.0NRT,286.45,1.43,N
-37.42957,-69.17464,316.43,0.51,0.66,2026-02-07,0442,N,VIIRS,n,2.0NRT,286.43,1.43,N
-37.68835,-68.92379,308.53,0.49,0.65,2026-02-07,0442,N,VIIRS,n,2.0NRT,283.15,1.44,N
-37.71025,-69.14346,316.13,0.5,0.66,2026-02-07,0442,N,VIIRS,n,2.0NRT,285.69,2.44,N
-37.71197,-69.13763,319.12,0.5,0.66,2026-02-07,0442,N,VIIRS,n,2.0NRT,285.2,2.15,N
-38.49298,-68.32832,310.51,0.43,0.62,2026-02-07,0442,N,VIIRS,n,2.0NRT,287.32,1.07,N
-38.49438,-68.32337,300.59,0.43,0.62,2026-02-07,0442,N,VIIRS,n,2.0NRT,287.33,0.71,N
-38.4985,-68.33098,301.03,0.43,0.62,2026-02-07,0442,N,VIIRS,n,2.0NRT,286.97,1.07,N
-38.4999,-68.32605,297.95,0.43,0.62,2026-02-07,0442,N,VIIRS,n,2.0NRT,287.03,0.71,N
-38.74064,-68.84182,296.1,0.45,0.63,2026-02-07,0442,N,VIIRS,n,2.0NRT,284.05,0.57,N
-38.74212,-68.83665,308.45,0.45,0.63,2026-02-07,0442,N,VIIRS,n,2.0NRT,285.84,0.57,N
-38.74481,-68.83833,327.97,0.45,0.63,2026-02-07,0442,N,VIIRS,n,2.0NRT,287.06,2.28,N
-38.74331,-68.84347,295.41,0.45,0.63,2026-02-07,0442,N,VIIRS,n,2.0NRT,283.82,1.89,N
-42.55337,-71.70744,313.86,0.48,0.65,2026-02-07,0444,N,VIIRS,n,2.0NRT,281.72,3.57,N
-42.55473,-71.70308,318.32,0.48,0.65,2026-02-07,0444,N,VIIRS,n,2.0NRT,281.5,2.57,N
-42.64027,-71.46911,295.61,0.47,0.64,2026-02-07,0444,N,VIIRS,n,2.0NRT,279.6,1.75,N
-46.50982,-68.93463,305.26,0.56,0.52,2026-02-07,0444,N,VIIRS,n,2.0NRT,284.88,1.32,N
-46.50865,-68.93356,306.26,0.56,0.52,2026-02-07,0444,N,VIIRS,n,2.0NRT,284.93,1.33,N
-29.91676,-62.5043,305.01,0.67,0.74,2026-02-07,0620,N,VIIRS,n,2.0NRT,285.9,3.22,N
-29.91711,-62.49696,317.35,0.67,0.74,2026-02-07,0620,N,VIIRS,n,2.0NRT,285.58,2.74,N
-29.92375,-62.50473,326.35,0.67,0.74,2026-02-07,0620,N,VIIRS,n,2.0NRT,285.9,3.12,N
-29.93073,-62.50515,309.21,0.67,0.74,2026-02-07,0620,N,VIIRS,n,2.0NRT,285.6,3.12,N
-29.91555,-62.50257,307.82,0.67,0.74,2026-02-07,0620,N,VIIRS,n,2.0NRT,285.83,2.27,N
-29.91586,-62.4952,314.56,0.67,0.74,2026-02-07,0620,N,VIIRS,n,2.0NRT,285.8,2.27,N
-29.92254,-62.50305,320.97,0.67,0.74,2026-02-07,0620,N,VIIRS,n,2.0NRT,285.65,2.27,N
-29.92952,-62.5035,317.55,0.67,0.74,2026-02-07,0620,N,VIIRS,n,2.0NRT,285.5,3.53,N
-37.42634,-69.17287,331.89,0.32,0.55,2026-02-07,0622,N,VIIRS,n,2.0NRT,287.12,1.49,N
-37.4315,-69.17366,302.38,0.32,0.55,2026-02-07,0622,N,VIIRS,n,2.0NRT,286.11,0.4,N
-37.52663,-69.09315,310.89,0.33,0.55,2026-02-07,0622,N,VIIRS,n,2.0NRT,285.4,0.55,N
-37.5269,-69.08924,295.94,0.33,0.55,2026-02-07,0622,N,VIIRS,n,2.0NRT,284.09,0.55,N
-37.53183,-69.09368,296.31,0.33,0.55,2026-02-07,0622,N,VIIRS,n,2.0NRT,284.41,0.64,N
-37.71255,-69.14021,319.31,0.33,0.55,2026-02-07,0622,N,VIIRS,n,2.0NRT,286.87,1.06,N
-37.7128,-69.13645,313.98,0.33,0.55,2026-02-07,0622,N,VIIRS,n,2.0NRT,286.22,1.06,N
-37.71305,-69.1327,303.36,0.33,0.55,2026-02-07,0622,N,VIIRS,n,2.0NRT,285.11,0.8,N
-38.49496,-68.32681,319.06,0.37,0.58,2026-02-07,0622,N,VIIRS,n,2.0NRT,288.21,1.13,N
-38.50044,-68.32729,315.54,0.37,0.58,2026-02-07,0622,N,VIIRS,n,2.0NRT,287.83,1.13,N
-38.78122,-62.28422,297.21,0.77,0.77,2026-02-07,0622,N,VIIRS,n,2.0NRT,285.61,0.59,N
-38.6977,-68.7166,299.15,0.35,0.57,2026-02-07,0622,N,VIIRS,n,2.0NRT,285.99,0.84,N
-38.69796,-68.71229,299.39,0.35,0.57,2026-02-07,0622,N,VIIRS,n,2.0NRT,286,0.65,N
-38.74711,-68.83591,322.02,0.35,0.57,2026-02-07,0622,N,VIIRS,n,2.0NRT,286.1,1.94,N
-38.74686,-68.84008,309.04,0.35,0.57,2026-02-07,0622,N,VIIRS,n,2.0NRT,285.6,2.23,N
-42.27396,-71.57757,299.57,0.54,0.51,2026-02-07,0624,N,VIIRS,n,2.0NRT,282.46,1.76,N
-42.53975,-71.67765,301.61,0.54,0.51,2026-02-07,0624,N,VIIRS,n,2.0NRT,280.48,1.3,N
-42.53978,-71.67672,304.98,0.54,0.51,2026-02-07,0624,N,VIIRS,n,2.0NRT,280.7,1.73,N
-42.5712,-71.70789,310.35,0.54,0.51,2026-02-07,0624,N,VIIRS,n,2.0NRT,283.97,2.29,N
-42.62457,-71.50019,306.35,0.55,0.51,2026-02-07,0624,N,VIIRS,n,2.0NRT,282.44,2.93,N
-42.6251,-71.49287,298.25,0.55,0.51,2026-02-07,0624,N,VIIRS,n,2.0NRT,281.6,1.42,N
-42.6293,-71.50195,300.38,0.55,0.51,2026-02-07,0624,N,VIIRS,n,2.0NRT,282.01,1.87,N
-34.85581,-58.6771,347.92,0.41,0.61,2026-02-07,1702,N,VIIRS,n,2.0NRT,304.41,7.81,D
-35.80495,-59.66459,336.83,0.48,0.64,2026-02-07,1702,N,VIIRS,n,2.0NRT,301.93,1.03,D
-35.02975,-58.35587,367,0.4,0.6,2026-02-07,1702,N,VIIRS,h,2.0NRT,307.42,17.33,D
-35.03001,-58.36039,335.19,0.4,0.6,2026-02-07,1702,N,VIIRS,n,2.0NRT,307.27,12.37,D
-35.03051,-58.36945,342.57,0.4,0.6,2026-02-07,1702,N,VIIRS,n,2.0NRT,309.12,10.78,D
-35.02386,-58.35179,367,0.4,0.6,2026-02-07,1702,N,VIIRS,h,2.0NRT,309.24,17.33,D
-35.02461,-58.36537,367,0.4,0.6,2026-02-07,1702,N,VIIRS,h,2.0NRT,314.26,12.37,D
-35.02486,-58.3699,367,0.4,0.6,2026-02-07,1702,N,VIIRS,h,2.0NRT,312.04,10.78,D
-35.02411,-58.35632,350.02,0.4,0.6,2026-02-07,1702,N,VIIRS,n,2.0NRT,312.92,17.33,D
-35.02436,-58.36086,339.57,0.4,0.6,2026-02-07,1702,N,VIIRS,n,2.0NRT,311.14,12.37,D
-35.01847,-58.35677,367,0.4,0.6,2026-02-07,1702,N,VIIRS,h,2.0NRT,308.51,18.37,D
-35.01871,-58.36131,367,0.4,0.6,2026-02-07,1702,N,VIIRS,h,2.0NRT,308.84,8.64,D
-35.01896,-58.36584,355.99,0.4,0.6,2026-02-07,1702,N,VIIRS,n,2.0NRT,306.28,8.64,D
-35.02792,-58.35961,367,0.4,0.6,2026-02-07,1702,N,VIIRS,h,2.0NRT,310.17,18.26,D
-35.02737,-58.35055,338.07,0.4,0.6,2026-02-07,1702,N,VIIRS,n,2.0NRT,304.26,20.3,D
-35.02765,-58.35509,355.95,0.4,0.6,2026-02-07,1702,N,VIIRS,n,2.0NRT,315.95,20.3,D
-35.02848,-58.36863,356.8,0.4,0.6,2026-02-07,1702,N,VIIRS,n,2.0NRT,312.29,10.04,D
-35.02876,-58.37316,355.19,0.4,0.6,2026-02-07,1702,N,VIIRS,n,2.0NRT,308.92,10.04,D
-35.022,-58.3555,367,0.4,0.6,2026-02-07,1702,N,VIIRS,h,2.0NRT,311.64,20.3,D
-35.02256,-58.36456,367,0.4,0.6,2026-02-07,1702,N,VIIRS,h,2.0NRT,312.93,18.26,D
-35.02173,-58.35098,347.37,0.4,0.6,2026-02-07,1702,N,VIIRS,n,2.0NRT,306.67,20.3,D
-35.02228,-58.36004,344.9,0.4,0.6,2026-02-07,1702,N,VIIRS,n,2.0NRT,310.53,18.26,D
-35.02283,-58.36908,355.48,0.4,0.6,2026-02-07,1702,N,VIIRS,n,2.0NRT,310.4,10.04,D
-35.01636,-58.35595,345.98,0.4,0.6,2026-02-07,1702,N,VIIRS,n,2.0NRT,306.49,7.8,D
-35.01664,-58.36048,348.88,0.4,0.6,2026-02-07,1702,N,VIIRS,n,2.0NRT,305.48,4.78,D
-34.94158,-57.87046,338.79,0.37,0.58,2026-02-07,1702,N,VIIRS,n,2.0NRT,304.07,5.58,D
-34.86003,-57.89371,335.7,0.37,0.58,2026-02-07,1702,N,VIIRS,n,2.0NRT,298.99,2.26,D
-34.87258,-58.18269,335.67,0.39,0.59,2026-02-07,1702,N,VIIRS,n,2.0NRT,305.19,2.05,D
-34.71297,-58.81502,335.64,0.42,0.61,2026-02-07,1702,N,VIIRS,n,2.0NRT,301.25,1.75,D
-34.7126,-58.81553,338.32,0.42,0.61,2026-02-07,1702,N,VIIRS,n,2.0NRT,301.87,1.51,D
-33.69233,-59.43758,342.28,0.45,0.63,2026-02-07,1702,N,VIIRS,n,2.0NRT,300.63,4.04,D
-33.69261,-59.44262,333.37,0.45,0.63,2026-02-07,1702,N,VIIRS,n,2.0NRT,302.19,4.04,D
-33.68669,-59.44305,367,0.45,0.63,2026-02-07,1702,N,VIIRS,h,2.0NRT,301.17,11.96,D
-33.62705,-58.90945,358.07,0.42,0.61,2026-02-07,1702,N,VIIRS,n,2.0NRT,302.37,6.6,D
-32.58016,-58.53353,337.47,0.39,0.59,2026-02-07,1702,N,VIIRS,n,2.0NRT,304.34,3.34,D
-32.58044,-58.53777,338.51,0.39,0.59,2026-02-07,1702,N,VIIRS,n,2.0NRT,303.77,3.34,D
-32.46171,-58.24595,335.85,0.37,0.58,2026-02-07,1702,N,VIIRS,n,2.0NRT,304.95,2.41,D
-32.36073,-58.55313,335.22,0.39,0.59,2026-02-07,1702,N,VIIRS,n,2.0NRT,303.72,1.85,D
-32.11678,-59.08915,367,0.41,0.61,2026-02-07,1702,N,VIIRS,h,2.0NRT,314.33,15.53,D
-32.11731,-59.09823,367,0.41,0.61,2026-02-07,1702,N,VIIRS,h,2.0NRT,306.3,8.94,D
-32.11705,-59.0937,347.73,0.41,0.61,2026-02-07,1702,N,VIIRS,n,2.0NRT,306.08,15.53,D
-32.11615,-59.08774,367,0.41,0.61,2026-02-07,1702,N,VIIRS,h,2.0NRT,312.32,17.04,D
-32.11674,-59.09683,367,0.41,0.61,2026-02-07,1702,N,VIIRS,h,2.0NRT,309.26,11.48,D
-32.11645,-59.09228,352.77,0.41,0.61,2026-02-07,1702,N,VIIRS,n,2.0NRT,306.38,17.04,D
-32.11131,-59.10182,338.31,0.41,0.61,2026-02-07,1702,N,VIIRS,n,2.0NRT,306.24,3.3,D
-32.08606,-59.25111,342.94,0.42,0.61,2026-02-07,1702,N,VIIRS,n,2.0NRT,306.31,3.23,D
-30.89882,-59.40586,347.03,0.42,0.61,2026-02-07,1704,N,VIIRS,n,2.0NRT,303.26,6.74,D
-30.89914,-59.40953,348.42,0.42,0.61,2026-02-07,1704,N,VIIRS,n,2.0NRT,304.43,6.89,D
-30.38362,-58.84606,333.27,0.39,0.59,2026-02-07,1704,N,VIIRS,n,2.0NRT,300.38,2.58,D
-30.12438,-58.85664,367,0.38,0.59,2026-02-07,1704,N,VIIRS,h,2.0NRT,305.09,8.14,D
-30.11912,-58.86127,357.59,0.38,0.59,2026-02-07,1704,N,VIIRS,n,2.0NRT,304.96,9.47,D
-30.125,-58.8562,347.98,0.38,0.59,2026-02-07,1704,N,VIIRS,n,2.0NRT,304.6,5.69,D
-30.12531,-58.86032,332,0.38,0.59,2026-02-07,1704,N,VIIRS,n,2.0NRT,299.5,5.69,D
-30.11977,-58.8608,357.68,0.38,0.59,2026-02-07,1704,N,VIIRS,n,2.0NRT,305.14,5.69,D
-30.12009,-58.86494,332.1,0.38,0.59,2026-02-07,1704,N,VIIRS,n,2.0NRT,300.74,3.56,D
-30.07006,-59.53269,332.32,0.42,0.61,2026-02-07,1704,N,VIIRS,n,2.0NRT,299.48,2.94,D
-30.23551,-63.05605,367,0.68,0.74,2026-02-07,1704,N,VIIRS,h,2.0NRT,292.13,17.01,D
-30.07019,-59.53393,331.98,0.42,0.61,2026-02-07,1704,N,VIIRS,n,2.0NRT,299.74,2.33,D
-30.23794,-63.0529,355.05,0.68,0.74,2026-02-07,1704,N,VIIRS,n,2.0NRT,292.8,10.47,D
-29.91846,-62.51459,334.08,0.63,0.72,2026-02-07,1704,N,VIIRS,n,2.0NRT,293.91,3.93,D
-29.41564,-56.8575,341.74,0.57,0.52,2026-02-07,1704,N,VIIRS,n,2.0NRT,301.2,11.42,D
-29.41078,-56.85807,340.72,0.57,0.52,2026-02-07,1704,N,VIIRS,n,2.0NRT,298.29,8.77,D
-29.44217,-57.43964,332.46,0.62,0.54,2026-02-07,1704,N,VIIRS,n,2.0NRT,299.85,5.26,D
-29.6895,-60.83543,334.09,0.5,0.66,2026-02-07,1704,N,VIIRS,n,2.0NRT,296.63,2.5,D
-29.58389,-59.47926,346.01,0.41,0.61,2026-02-07,1704,N,VIIRS,n,2.0NRT,296.81,7.92,D
-29.5896,-60.09879,334.64,0.45,0.63,2026-02-07,1704,N,VIIRS,n,2.0NRT,298.49,7.26,D
-29.59174,-60.09708,341.1,0.45,0.63,2026-02-07,1704,N,VIIRS,n,2.0NRT,298.25,7.92,D
-29.08884,-56.60709,330.81,0.55,0.51,2026-02-07,1704,N,VIIRS,n,2.0NRT,295.94,3.14,D
-29.36431,-60.64146,340.18,0.48,0.65,2026-02-07,1704,N,VIIRS,n,2.0NRT,295,3.59,D
-29.18845,-59.5704,336.84,0.41,0.61,2026-02-07,1704,N,VIIRS,n,2.0NRT,297.13,8.82,D
-29.19241,-59.70857,367,0.42,0.61,2026-02-07,1704,N,VIIRS,h,2.0NRT,296.11,8.34,D
-29.19272,-59.71307,335.28,0.42,0.61,2026-02-07,1704,N,VIIRS,n,2.0NRT,296.61,6.25,D
-29.14597,-59.62299,336.52,0.42,0.61,2026-02-07,1704,N,VIIRS,n,2.0NRT,295.06,3.67,D
-29.1446,-59.62168,340.07,0.42,0.61,2026-02-07,1704,N,VIIRS,n,2.0NRT,295.3,3.25,D
-27.5426,-56.90647,332.38,0.55,0.51,2026-02-07,1704,N,VIIRS,n,2.0NRT,293.92,3.17,D
-27.54365,-56.91786,331.57,0.55,0.51,2026-02-07,1704,N,VIIRS,n,2.0NRT,295.37,7.66,D
-27.53887,-56.91842,350.33,0.55,0.51,2026-02-07,1704,N,VIIRS,n,2.0NRT,295.69,10.13,D
-27.54314,-56.90721,335.6,0.55,0.51,2026-02-07,1704,N,VIIRS,n,2.0NRT,294.42,7.51,D
-27.53949,-56.91913,353.46,0.55,0.51,2026-02-07,1704,N,VIIRS,n,2.0NRT,295.69,9.4,D
-27.05819,-58.84985,345.35,0.36,0.57,2026-02-07,1704,N,VIIRS,n,2.0NRT,296.45,4.39,D
-26.45152,-58.25399,337.3,0.32,0.55,2026-02-07,1704,N,VIIRS,n,2.0NRT,294.79,3.89,D
-26.40267,-58.46992,338.48,0.33,0.55,2026-02-07,1704,N,VIIRS,n,2.0NRT,290.77,4.08,D
-26.33279,-60.96021,333.15,0.47,0.64,2026-02-07,1704,N,VIIRS,n,2.0NRT,296.42,8.9,D
-25.94583,-59.17816,343.02,0.36,0.58,2026-02-07,1704,N,VIIRS,n,2.0NRT,293.99,6.1,D
-30.9718,-59.63774,337.15,0.43,0.62,2026-02-07,1704,N,VIIRS,n,2.0NRT,303.62,3.94,D
-25.82275,-58.03901,331.53,0.62,0.54,2026-02-07,1704,N,VIIRS,l,2.0NRT,303.19,15.27,D
-25.7745,-57.85043,346.57,0.6,0.53,2026-02-07,1704,N,VIIRS,n,2.0NRT,295.77,21.88,D
-25.60658,-58.098,335.24,0.62,0.54,2026-02-07,1704,N,VIIRS,n,2.0NRT,298.8,9.55,D
-25.51187,-57.84071,333.03,0.59,0.53,2026-02-07,1704,N,VIIRS,n,2.0NRT,296.15,3.81,D
-25.50636,-57.83524,344.16,0.59,0.53,2026-02-07,1704,N,VIIRS,n,2.0NRT,299.52,23.35,D
-25.50692,-57.84128,342.41,0.59,0.53,2026-02-07,1704,N,VIIRS,n,2.0NRT,299.01,14.77,D
-25.50972,-57.87156,351.18,0.6,0.53,2026-02-07,1704,N,VIIRS,n,2.0NRT,299.97,8.71,D
-25.50477,-57.87213,340.45,0.6,0.53,2026-02-07,1704,N,VIIRS,n,2.0NRT,301,8.71,D
-25.50533,-57.8782,331.4,0.6,0.53,2026-02-07,1704,N,VIIRS,l,2.0NRT,301.56,7.42,D
-25.4993,-57.92201,335.25,0.6,0.53,2026-02-07,1704,N,VIIRS,n,2.0NRT,298.61,5.51,D
-25.50587,-57.83732,350.81,0.59,0.53,2026-02-07,1704,N,VIIRS,n,2.0NRT,300.41,35.6,D
-25.50948,-57.87358,348.85,0.6,0.53,2026-02-07,1704,N,VIIRS,n,2.0NRT,300.13,10.72,D
-25.50453,-57.87414,338.98,0.6,0.53,2026-02-07,1704,N,VIIRS,n,2.0NRT,302.01,10.95,D
-25.4994,-57.92392,334.96,0.6,0.53,2026-02-07,1704,N,VIIRS,n,2.0NRT,298.57,5.07,D
-24.93098,-58.48141,336.08,0.32,0.55,2026-02-07,1704,N,VIIRS,n,2.0NRT,296.07,2.62,D
-24.93127,-58.48466,337.61,0.32,0.55,2026-02-07,1704,N,VIIRS,n,2.0NRT,295.98,2.62,D
-24.92915,-58.48485,331.81,0.32,0.55,2026-02-07,1704,N,VIIRS,n,2.0NRT,295.39,3.18,D
-24.97782,-59.53572,350.2,0.37,0.58,2026-02-07,1704,N,VIIRS,n,2.0NRT,289.99,8.56,D
-24.97815,-59.53951,334.53,0.37,0.58,2026-02-07,1704,N,VIIRS,n,2.0NRT,285.19,9.27,D
-24.97881,-59.5471,346.18,0.37,0.58,2026-02-07,1704,N,VIIRS,n,2.0NRT,282.64,6.8,D
-24.97169,-59.52868,344.68,0.37,0.58,2026-02-07,1704,N,VIIRS,n,2.0NRT,281.23,11.9,D
-24.97235,-59.53627,335.92,0.37,0.58,2026-02-07,1704,N,VIIRS,n,2.0NRT,284.71,8.21,D
-24.97202,-59.53248,357.33,0.37,0.58,2026-02-07,1704,N,VIIRS,l,2.0NRT,286.04,8.21,D
-48.26586,-69.17684,349.68,0.4,0.37,2026-02-07,1840,N,VIIRS,n,2.0NRT,313.14,7.31,D
-42.68524,-71.33556,341.69,0.4,0.37,2026-02-07,1840,N,VIIRS,n,2.0NRT,307.39,3.97,D
-42.68592,-71.34052,343.23,0.4,0.37,2026-02-07,1840,N,VIIRS,n,2.0NRT,310.59,48.15,D
-42.68999,-71.44713,340.92,0.4,0.37,2026-02-07,1840,N,VIIRS,l,2.0NRT,314.74,11.21,D
-42.68659,-71.44795,338.09,0.4,0.37,2026-02-07,1840,N,VIIRS,l,2.0NRT,311.21,11.21,D
-42.67507,-71.38934,346.29,0.4,0.37,2026-02-07,1842,N,VIIRS,n,2.0NRT,307.3,21.62,D
-42.67233,-71.39503,344.84,0.4,0.37,2026-02-07,1842,N,VIIRS,n,2.0NRT,311.72,29.73,D
-42.66142,-71.41809,348.56,0.4,0.37,2026-02-07,1842,N,VIIRS,n,2.0NRT,305.64,7.64,D
-42.65601,-71.40414,367,0.4,0.37,2026-02-07,1842,N,VIIRS,h,2.0NRT,337.5,53.45,D
-42.65668,-71.40906,345.78,0.4,0.37,2026-02-07,1842,N,VIIRS,n,2.0NRT,309.25,20.76,D
-42.65735,-71.41399,344.48,0.4,0.37,2026-02-07,1842,N,VIIRS,n,2.0NRT,302.57,20.76,D
-42.65261,-71.40501,341.29,0.4,0.37,2026-02-07,1842,N,VIIRS,n,2.0NRT,312.73,53.45,D
-42.65329,-71.40993,347.49,0.4,0.37,2026-02-07,1842,N,VIIRS,n,2.0NRT,312.83,20.76,D
-42.65395,-71.41485,350.37,0.4,0.37,2026-02-07,1842,N,VIIRS,n,2.0NRT,308.72,20.76,D
-42.64519,-71.37633,344.54,0.4,0.37,2026-02-07,1842,N,VIIRS,n,2.0NRT,310.06,6.24,D
-42.62883,-71.41093,367,0.4,0.37,2026-02-07,1842,N,VIIRS,h,2.0NRT,352.61,209.08,D
-42.6295,-71.41591,367,0.4,0.37,2026-02-07,1842,N,VIIRS,h,2.0NRT,336.88,76.97,D
-42.62611,-71.4168,367,0.4,0.37,2026-02-07,1842,N,VIIRS,l,2.0NRT,326.89,76.97,D
-42.62863,-71.4874,351.22,0.4,0.37,2026-02-07,1842,N,VIIRS,n,2.0NRT,309.78,38.68,D
-42.62825,-71.5003,352.37,0.4,0.37,2026-02-07,1842,N,VIIRS,n,2.0NRT,319.95,52.27,D
-42.62487,-71.5013,354.49,0.4,0.37,2026-02-07,1842,N,VIIRS,n,2.0NRT,300.39,15.04,D
-42.57183,-71.7085,337.68,0.4,0.37,2026-02-07,1842,N,VIIRS,n,2.0NRT,299.85,111.38,D
-42.56777,-71.70455,336.23,0.4,0.37,2026-02-07,1842,N,VIIRS,n,2.0NRT,299.65,3.92,D
-42.56843,-71.70946,330.94,0.4,0.37,2026-02-07,1842,N,VIIRS,n,2.0NRT,294.59,3.92,D
-42.55751,-71.70699,345.01,0.4,0.37,2026-02-07,1842,N,VIIRS,n,2.0NRT,305.84,14.4,D
-42.55812,-71.71154,344.83,0.4,0.37,2026-02-07,1842,N,VIIRS,n,2.0NRT,299.26,14.4,D
-42.55408,-71.70774,354.21,0.4,0.37,2026-02-07,1842,N,VIIRS,n,2.0NRT,321.1,35.55,D
-42.5547,-71.71234,340.85,0.4,0.37,2026-02-07,1842,N,VIIRS,n,2.0NRT,307.84,35.55,D
-42.55236,-71.71066,350.02,0.4,0.37,2026-02-07,1842,N,VIIRS,n,2.0NRT,297.63,13.51,D
-42.53955,-71.66819,335.12,0.4,0.37,2026-02-07,1842,N,VIIRS,n,2.0NRT,300.54,2.11,D
-42.53611,-71.66888,330.77,0.4,0.37,2026-02-07,1842,N,VIIRS,n,2.0NRT,296.3,2.11,D
-42.48194,-71.73823,367,0.4,0.37,2026-02-07,1842,N,VIIRS,l,2.0NRT,334.01,68.27,D
-42.47858,-71.73954,345.27,0.4,0.37,2026-02-07,1842,N,VIIRS,l,2.0NRT,316.24,14.15,D
-42.27601,-71.5754,367,0.4,0.37,2026-02-07,1842,N,VIIRS,h,2.0NRT,339.24,49.09,D
-42.27201,-71.57185,346.12,0.4,0.37,2026-02-07,1842,N,VIIRS,n,2.0NRT,308.28,42.28,D
-42.27266,-71.57659,333.92,0.4,0.37,2026-02-07,1842,N,VIIRS,n,2.0NRT,301.59,49.09,D
-40.73706,-63.45661,341.62,0.38,0.44,2026-02-07,1842,N,VIIRS,n,2.0NRT,308.8,4.15,D
-38.53409,-58.71317,350.72,0.37,0.58,2026-02-07,1842,N,VIIRS,n,2.0NRT,300.28,4.77,D
-38.53839,-58.71212,331.87,0.37,0.58,2026-02-07,1842,N,VIIRS,n,2.0NRT,299.98,2.9,D
-38.53318,-58.71435,343.02,0.37,0.58,2026-02-07,1842,N,VIIRS,n,2.0NRT,297.58,2.9,D
-37.71342,-69.14069,348.34,0.4,0.37,2026-02-07,1842,N,VIIRS,n,2.0NRT,317.78,9.65,D
-35.03048,-58.37201,338.7,0.47,0.64,2026-02-07,1842,N,VIIRS,n,2.0NRT,304.16,5.92,D
-35.01898,-58.35376,335.22,0.47,0.64,2026-02-07,1842,N,VIIRS,n,2.0NRT,304.92,6.93,D
-35.02041,-58.3589,334.86,0.47,0.64,2026-02-07,1842,N,VIIRS,l,2.0NRT,306.15,7.76,D
-35.0247,-58.37434,342.09,0.47,0.64,2026-02-07,1842,N,VIIRS,n,2.0NRT,303.13,5.92,D
-37.47919,-69.37578,342.58,0.4,0.37,2026-02-07,1842,N,VIIRS,l,2.0NRT,317.57,3.54,D
-35.01462,-58.36123,333.53,0.47,0.64,2026-02-07,1842,N,VIIRS,n,2.0NRT,303.33,4,D
-37.42992,-69.17031,341.79,0.4,0.37,2026-02-07,1842,N,VIIRS,l,2.0NRT,313.58,3.6,D
-37.41216,-69.17021,340.28,0.4,0.37,2026-02-07,1842,N,VIIRS,l,2.0NRT,314.52,3.09,D
-34.89452,-58.14179,330.02,0.49,0.65,2026-02-07,1842,N,VIIRS,n,2.0NRT,300.52,1.69,D
-34.8933,-58.14006,334.5,0.49,0.65,2026-02-07,1842,N,VIIRS,n,2.0NRT,300.12,6.49,D
-34.90683,-58.63819,336.82,0.46,0.63,2026-02-07,1842,N,VIIRS,n,2.0NRT,303.2,4.05,D
-34.88759,-58.70679,367,0.46,0.63,2026-02-07,1842,N,VIIRS,h,2.0NRT,309.08,20.77,D
-34.88896,-58.71177,337.88,0.46,0.63,2026-02-07,1842,N,VIIRS,n,2.0NRT,305.57,9.97,D
-34.81258,-60.21661,337.69,0.38,0.59,2026-02-07,1842,N,VIIRS,n,2.0NRT,300.45,0.72,D
-33.98111,-59.14122,332.12,0.46,0.63,2026-02-07,1842,N,VIIRS,l,2.0NRT,303.6,5.94,D
-33.98312,-59.13706,341.21,0.46,0.63,2026-02-07,1842,N,VIIRS,n,2.0NRT,305.29,6.85,D
-33.79188,-59.28444,356.8,0.45,0.63,2026-02-07,1842,N,VIIRS,n,2.0NRT,297.51,0.66,D
-29.17963,-59.57585,340.12,0.57,0.69,2026-02-07,1845,N,VIIRS,n,2.0NRT,294.46,4.08,D
-33.64918,-58.95703,331.09,0.48,0.64,2026-02-07,1845,N,VIIRS,l,2.0NRT,301.34,5.85,D
-33.62789,-58.90269,330.82,0.48,0.65,2026-02-07,1845,N,VIIRS,l,2.0NRT,302.94,4.42,D
-33.68716,-59.43932,336.15,0.45,0.63,2026-02-07,1845,N,VIIRS,n,2.0NRT,301,10.4,D
-33.68845,-59.44413,332.74,0.45,0.63,2026-02-07,1845,N,VIIRS,n,2.0NRT,302.26,4.53,D
-33.41731,-58.68459,335.93,0.5,0.66,2026-02-07,1845,N,VIIRS,n,2.0NRT,303.6,5.57,D
-33.41853,-58.68553,342.59,0.5,0.66,2026-02-07,1845,N,VIIRS,n,2.0NRT,302.82,4.3,D
-33.41114,-58.68246,334.03,0.5,0.66,2026-02-07,1845,N,VIIRS,l,2.0NRT,305.26,4.3,D
-33.38968,-60.12769,331.09,0.42,0.61,2026-02-07,1845,N,VIIRS,l,2.0NRT,303.98,3.01,D
-33.37664,-60.14732,339.69,0.42,0.61,2026-02-07,1845,N,VIIRS,n,2.0NRT,307.29,6.15,D
-33.25779,-60.28506,335.91,0.41,0.61,2026-02-07,1845,N,VIIRS,l,2.0NRT,308.06,4.37,D
-33.09957,-60.07647,330.66,0.43,0.62,2026-02-07,1845,N,VIIRS,l,2.0NRT,305.13,3.48,D
-34.155,-64.73509,334.8,0.45,0.47,2026-02-07,1845,N,VIIRS,n,2.0NRT,302.94,7.41,D
-34.14643,-64.73776,345.4,0.45,0.47,2026-02-07,1845,N,VIIRS,n,2.0NRT,308.2,8.57,D
-34.14751,-64.74269,338,0.45,0.47,2026-02-07,1845,N,VIIRS,n,2.0NRT,304.47,3.89,D
-32.58015,-58.5389,332.23,0.53,0.67,2026-02-07,1845,N,VIIRS,l,2.0NRT,303.92,3.7,D
-32.58408,-58.54021,330.57,0.53,0.67,2026-02-07,1845,N,VIIRS,l,2.0NRT,303.32,2,D
-33.02542,-60.6921,337.81,0.4,0.6,2026-02-07,1845,N,VIIRS,n,2.0NRT,304.26,1.81,D
-32.885,-61.07728,350.7,0.38,0.59,2026-02-07,1845,N,VIIRS,n,2.0NRT,302.95,7,D
-32.12103,-59.08558,367,0.51,0.66,2026-02-07,1845,N,VIIRS,h,2.0NRT,304.34,27.55,D
-32.12251,-59.09101,367,0.51,0.66,2026-02-07,1845,N,VIIRS,h,2.0NRT,302.95,12.73,D
-32.1165,-59.09323,367,0.51,0.66,2026-02-07,1845,N,VIIRS,h,2.0NRT,305.64,12.73,D
-32.118,-59.09866,367,0.51,0.66,2026-02-07,1845,N,VIIRS,h,2.0NRT,305.6,12.73,D
-33.57609,-65.34261,337.97,0.43,0.46,2026-02-07,1845,N,VIIRS,n,2.0NRT,302.02,2.15,D
-31.35134,-58.06374,337.39,0.61,0.71,2026-02-07,1845,N,VIIRS,n,2.0NRT,305.82,6.93,D
-31.35318,-58.07017,333.21,0.6,0.71,2026-02-07,1845,N,VIIRS,n,2.0NRT,306.05,6.93,D
-31.34495,-58.06622,367,0.61,0.71,2026-02-07,1845,N,VIIRS,h,2.0NRT,304.08,6.93,D
-31.34679,-58.07266,340.71,0.6,0.71,2026-02-07,1845,N,VIIRS,n,2.0NRT,303.63,6.93,D
-31.34781,-58.06744,367,0.61,0.71,2026-02-07,1845,N,VIIRS,h,2.0NRT,308.49,27.16,D
-30.90302,-59.40799,337.34,0.53,0.67,2026-02-07,1845,N,VIIRS,n,2.0NRT,300.01,4.77,D
-30.22379,-59.03971,330.05,0.57,0.69,2026-02-07,1845,N,VIIRS,n,2.0NRT,299.34,2.95,D
-30.11942,-58.86402,330.65,0.59,0.7,2026-02-07,1845,N,VIIRS,n,2.0NRT,297.79,10.53,D
-30.1205,-58.86114,342.11,0.59,0.7,2026-02-07,1845,N,VIIRS,n,2.0NRT,299.6,10.82,D
-30.44116,-60.27817,336.9,0.48,0.65,2026-02-07,1845,N,VIIRS,n,2.0NRT,304.6,3.47,D
-30.10878,-59.22099,342.4,0.56,0.69,2026-02-07,1845,N,VIIRS,n,2.0NRT,299.6,5.99,D
-30.10795,-59.22091,343.67,0.56,0.69,2026-02-07,1845,N,VIIRS,n,2.0NRT,299.25,5.23,D
-31.72762,-68.19795,342.15,0.51,0.41,2026-02-07,1845,N,VIIRS,n,2.0NRT,311.97,9.33,D
-29.57958,-59.47845,347.75,0.56,0.69,2026-02-07,1845,N,VIIRS,n,2.0NRT,295.32,6.29,D
-29.45356,-59.90258,336.57,0.54,0.68,2026-02-07,1845,N,VIIRS,n,2.0NRT,297.11,3.72,D
-29.91455,-62.5135,334.48,0.37,0.58,2026-02-07,1845,N,VIIRS,n,2.0NRT,296.68,3.6,D
-29.71741,-61.81274,367,0.41,0.61,2026-02-07,1845,N,VIIRS,h,2.0NRT,298.43,6.5,D
-29.71848,-61.81702,331.62,0.41,0.61,2026-02-07,1845,N,VIIRS,n,2.0NRT,298.52,2.85,D
-29.70467,-62.78669,367,0.36,0.58,2026-02-07,1845,N,VIIRS,h,2.0NRT,297.37,14.93,D
-29.70559,-62.79045,337.06,0.36,0.58,2026-02-07,1845,N,VIIRS,n,2.0NRT,295.6,8.02,D
-29.70768,-62.78637,367,0.36,0.58,2026-02-07,1845,N,VIIRS,h,2.0NRT,297.12,9.11,D
-29.70242,-62.78801,367,0.36,0.58,2026-02-07,1845,N,VIIRS,h,2.0NRT,294.85,6.77,D
-27.76915,-60.6972,356.91,0.53,0.67,2026-02-07,1845,N,VIIRS,n,2.0NRT,294.25,29.46,D
-27.76301,-60.69915,330.75,0.53,0.67,2026-02-07,1845,N,VIIRS,n,2.0NRT,291.2,7.04,D
-29.33236,-67.4274,348.21,0.41,0.45,2026-02-07,1845,N,VIIRS,n,2.0NRT,311.12,10.2,D
-29.32742,-67.42429,346.82,0.41,0.45,2026-02-07,1845,N,VIIRS,n,2.0NRT,311.81,14.59,D
-27.7658,-60.69641,367,0.53,0.67,2026-02-07,1845,N,VIIRS,h,2.0NRT,293.86,21.02,D
-27.7672,-60.70187,338.53,0.53,0.67,2026-02-07,1845,N,VIIRS,n,2.0NRT,291.5,21.02,D
-26.72644,-58.42476,350.48,0.75,0.77,2026-02-07,1845,N,VIIRS,n,2.0NRT,291.14,10,D
-26.72557,-58.42852,349.9,0.75,0.77,2026-02-07,1845,N,VIIRS,n,2.0NRT,290.87,9,D
-24.97766,-59.53206,339.26,0.72,0.75,2026-02-07,1847,N,VIIRS,n,2.0NRT,287.82,8.93,D
-24.97572,-59.52483,328.62,0.72,0.75,2026-02-07,1847,N,VIIRS,n,2.0NRT,288.04,8.93,D
-24.97962,-59.53932,348.77,0.72,0.75,2026-02-07,1847,N,VIIRS,n,2.0NRT,288.21,12.03,D
-24.98156,-59.54655,352.29,0.71,0.75,2026-02-07,1847,N,VIIRS,n,2.0NRT,287.37,12.03,D
-24.97572,-59.5426,347.28,0.72,0.75,2026-02-07,1847,N,VIIRS,n,2.0NRT,287.23,21.01,D
-24.97762,-59.54987,345.66,0.72,0.75,2026-02-07,1847,N,VIIRS,n,2.0NRT,286.23,9.81,D
-25.49746,-57.93206,328.75,0.45,0.63,2026-02-08,0421,N,VIIRS,n,2.0NRT,292.41,2.99,N
-25.87104,-60.73496,319.59,0.63,0.72,2026-02-08,0421,N,VIIRS,n,2.0NRT,289.14,2.88,N
-30.32464,-57.71105,339.15,0.34,0.56,2026-02-08,0421,N,VIIRS,n,2.0NRT,292.48,1.99,N
-30.32381,-57.7146,307.1,0.34,0.56,2026-02-08,0421,N,VIIRS,n,2.0NRT,291.01,1.99,N
-30.32502,-57.71065,340.38,0.34,0.56,2026-02-08,0421,N,VIIRS,n,2.0NRT,292.66,2.18,N
-30.32416,-57.71419,310.95,0.34,0.56,2026-02-08,0421,N,VIIRS,n,2.0NRT,291.27,2.18,N
-30.33011,-57.71229,301.67,0.34,0.56,2026-02-08,0421,N,VIIRS,n,2.0NRT,290.48,0.47,N
-30.43242,-60.27578,343.29,0.47,0.64,2026-02-08,0421,N,VIIRS,n,2.0NRT,290.7,6.71,N
-30.43369,-60.27088,314.08,0.47,0.64,2026-02-08,0421,N,VIIRS,n,2.0NRT,288.24,3.6,N
-30.43822,-60.27786,299.69,0.47,0.64,2026-02-08,0421,N,VIIRS,n,2.0NRT,287.91,0.64,N
-30.43372,-60.27651,336.13,0.47,0.64,2026-02-08,0421,N,VIIRS,n,2.0NRT,289.95,4.21,N
-30.43503,-60.27163,332.18,0.47,0.64,2026-02-08,0421,N,VIIRS,n,2.0NRT,288.75,4.21,N
-32.1231,-59.09888,332.32,0.37,0.58,2026-02-08,0423,N,VIIRS,n,2.0NRT,289,3.17,N
-32.12408,-59.09499,302.26,0.37,0.58,2026-02-08,0423,N,VIIRS,n,2.0NRT,288.5,1.28,N
-34.85429,-57.89626,304.54,0.55,0.51,2026-02-08,0423,N,VIIRS,n,2.0NRT,291.56,1.19,N
-34.85892,-57.8979,317.75,0.55,0.51,2026-02-08,0423,N,VIIRS,n,2.0NRT,290.9,1.19,N
-34.73418,-58.46478,302.35,0.59,0.53,2026-02-08,0423,N,VIIRS,n,2.0NRT,291.27,1.48,N
-34.8686,-57.92076,317.23,0.55,0.51,2026-02-08,0423,N,VIIRS,n,2.0NRT,291.32,1.65,N
-34.87708,-58.46047,329.6,0.59,0.53,2026-02-08,0423,N,VIIRS,n,2.0NRT,289.98,3.81,N
-34.87555,-58.46688,317.24,0.59,0.53,2026-02-08,0423,N,VIIRS,n,2.0NRT,290.12,3.81,N
-34.87368,-58.45904,315.81,0.59,0.52,2026-02-08,0423,N,VIIRS,n,2.0NRT,289.55,1.45,N
-34.87688,-58.46714,321.32,0.59,0.53,2026-02-08,0423,N,VIIRS,n,2.0NRT,290.11,3.89,N
-34.87845,-58.46076,308.97,0.59,0.52,2026-02-08,0423,N,VIIRS,n,2.0NRT,288.82,1.67,N
-35.42318,-60.87208,297.94,0.38,0.59,2026-02-08,0423,N,VIIRS,n,2.0NRT,286.82,0.26,N
-35.42848,-60.87418,307.73,0.38,0.59,2026-02-08,0423,N,VIIRS,n,2.0NRT,287.49,0.8,N
-38.78736,-62.28635,309.21,0.37,0.58,2026-02-08,0425,N,VIIRS,n,2.0NRT,292.42,0.94,N
-38.78216,-62.28398,302.81,0.37,0.58,2026-02-08,0425,N,VIIRS,n,2.0NRT,290.93,0.75,N
-38.78241,-62.28571,312.34,0.37,0.58,2026-02-08,0425,N,VIIRS,n,2.0NRT,290.72,0.59,N
-38.78761,-62.28806,303.92,0.37,0.58,2026-02-08,0425,N,VIIRS,n,2.0NRT,291.7,0.59,N
-25.89371,-63.85411,306.85,0.53,0.5,2026-02-08,0559,N,VIIRS,n,2.0NRT,289.81,3.01,N
-25.8984,-63.85471,301.67,0.53,0.5,2026-02-08,0559,N,VIIRS,n,2.0NRT,289.82,1.8,N
-25.90309,-63.8553,306.06,0.53,0.5,2026-02-08,0559,N,VIIRS,n,2.0NRT,289.84,1.8,N
-25.89553,-63.85539,312.71,0.53,0.5,2026-02-08,0559,N,VIIRS,n,2.0NRT,290.05,3.83,N
-25.90492,-63.8566,307,0.53,0.5,2026-02-08,0559,N,VIIRS,n,2.0NRT,289.68,3.09,N
-22.31352,-63.73778,300.69,0.49,0.48,2026-02-08,0559,N,VIIRS,n,2.0NRT,289.78,0.8,N
-22.309,-63.73722,303.05,0.49,0.48,2026-02-08,0559,N,VIIRS,n,2.0NRT,290.11,0.8,N
-25.87354,-60.73365,321.18,0.41,0.61,2026-02-08,0559,N,VIIRS,n,2.0NRT,290.12,2.41,N
-25.8746,-60.73292,324.95,0.41,0.61,2026-02-08,0559,N,VIIRS,n,2.0NRT,289.95,2.54,N
-30.43395,-60.26776,367,0.48,0.65,2026-02-08,0601,N,VIIRS,h,2.0NRT,291.69,10.98,N
-30.44006,-60.26831,330.45,0.48,0.65,2026-02-08,0601,N,VIIRS,n,2.0NRT,287.84,2.01,N
-30.43975,-60.27353,306.16,0.48,0.65,2026-02-08,0601,N,VIIRS,n,2.0NRT,287.26,2.01,N
-31.59443,-68.54919,304.97,0.51,0.41,2026-02-08,0601,N,VIIRS,n,2.0NRT,293.48,0.68,N
-33.25355,-60.28802,305.61,0.51,0.66,2026-02-08,0601,N,VIIRS,n,2.0NRT,291.18,3.69,N
-33.25383,-60.28225,313.19,0.51,0.66,2026-02-08,0601,N,VIIRS,n,2.0NRT,292.19,4.22,N
-33.26008,-60.28298,303.12,0.51,0.66,2026-02-08,0601,N,VIIRS,n,2.0NRT,288.94,1.82,N
-33.36404,-60.16028,305.67,0.52,0.67,2026-02-08,0601,N,VIIRS,n,2.0NRT,289.48,2.88,N
-33.37035,-60.1608,308.45,0.52,0.67,2026-02-08,0601,N,VIIRS,n,2.0NRT,289.58,2.47,N
-33.37722,-60.14963,304.17,0.52,0.67,2026-02-08,0601,N,VIIRS,n,2.0NRT,286.4,1.64,N
-33.3775,-60.14379,300.2,0.52,0.67,2026-02-08,0601,N,VIIRS,n,2.0NRT,287.64,1.64,N
-34.87557,-58.46823,318.64,0.66,0.73,2026-02-08,0601,N,VIIRS,n,2.0NRT,289.12,2.94,N
-33.06537,-68.9744,303.66,0.5,0.41,2026-02-08,0601,N,VIIRS,n,2.0NRT,293.57,1.89,N
-24.97607,-59.51653,340.29,0.48,0.65,2026-02-08,0601,N,VIIRS,n,2.0NRT,290.48,4.17,N
-24.97646,-59.51163,325.3,0.48,0.65,2026-02-08,0601,N,VIIRS,n,2.0NRT,290.26,4.17,N
-24.97531,-59.52631,306.05,0.48,0.64,2026-02-08,0601,N,VIIRS,n,2.0NRT,290.69,3.73,N
-24.98138,-59.52689,320.91,0.48,0.64,2026-02-08,0601,N,VIIRS,n,2.0NRT,290.64,2.31,N
-24.98215,-59.51708,306.8,0.48,0.65,2026-02-08,0601,N,VIIRS,n,2.0NRT,290.16,0.94,N
-24.99118,-59.55746,312.74,0.48,0.64,2026-02-08,0601,N,VIIRS,n,2.0NRT,290.79,1.02,N
-24.99157,-59.55256,304.27,0.48,0.64,2026-02-08,0601,N,VIIRS,n,2.0NRT,290.29,1.02,N
-30.43363,-60.273,353.25,0.48,0.65,2026-02-08,0601,N,VIIRS,n,2.0NRT,291.22,10.98,N
-42.62416,-71.50609,301.24,0.5,0.41,2026-02-08,0603,N,VIIRS,n,2.0NRT,286.26,3.29,N
-37.08428,-69.47865,313.64,0.53,0.42,2026-02-08,0603,N,VIIRS,n,2.0NRT,290.03,1.46,N
-37.08819,-69.47926,310.22,0.53,0.42,2026-02-08,0603,N,VIIRS,n,2.0NRT,289.37,1.46,N
-37.41014,-69.17013,304.66,0.55,0.43,2026-02-08,0603,N,VIIRS,n,2.0NRT,290.29,1.51,N
-37.42602,-69.17311,310.97,0.55,0.43,2026-02-08,0603,N,VIIRS,n,2.0NRT,290.05,1.54,N
-37.42999,-69.17388,308.81,0.55,0.43,2026-02-08,0603,N,VIIRS,n,2.0NRT,290.03,1.54,N
-37.52921,-69.09427,305.8,0.56,0.43,2026-02-08,0603,N,VIIRS,n,2.0NRT,289.61,0.95,N
-37.69098,-68.92073,311.78,0.57,0.43,2026-02-08,0603,N,VIIRS,n,2.0NRT,286,1.47,N
-37.69072,-68.92161,306.58,0.57,0.43,2026-02-08,0603,N,VIIRS,n,2.0NRT,285.98,1.73,N
-37.71304,-69.13988,306.94,0.56,0.43,2026-02-08,0603,N,VIIRS,n,2.0NRT,288.58,1.34,N
-37.71371,-69.13351,305.38,0.56,0.43,2026-02-08,0603,N,VIIRS,n,2.0NRT,288.46,0.75,N
-38.09504,-68.60966,306.32,0.4,0.44,2026-02-08,0603,N,VIIRS,n,2.0NRT,291.38,0.56,N
-38.43655,-68.5582,313.51,0.4,0.44,2026-02-08,0603,N,VIIRS,n,2.0NRT,290,0.6,N
-38.44072,-68.55881,327.16,0.4,0.44,2026-02-08,0603,N,VIIRS,n,2.0NRT,290.11,2.07,N
-42.27218,-71.57489,325.42,0.49,0.4,2026-02-08,0603,N,VIIRS,n,2.0NRT,289.17,3.29,N
-42.27583,-71.57675,317.72,0.49,0.4,2026-02-08,0603,N,VIIRS,n,2.0NRT,288.57,2.73,N
-42.57041,-71.70788,311.17,0.49,0.4,2026-02-08,0603,N,VIIRS,n,2.0NRT,282.37,1.74,N
-42.57409,-71.70932,301.71,0.49,0.4,2026-02-08,0603,N,VIIRS,n,2.0NRT,279.7,1.04,N
-42.59073,-71.56215,301.54,0.5,0.41,2026-02-08,0603,N,VIIRS,n,2.0NRT,283.82,0.87,N
-42.62112,-71.49869,310.82,0.5,0.41,2026-02-08,0603,N,VIIRS,n,2.0NRT,284.62,3.29,N
-42.62183,-71.49236,310.76,0.5,0.41,2026-02-08,0603,N,VIIRS,n,2.0NRT,284.36,3.25,N
-42.62486,-71.49993,343.1,0.5,0.41,2026-02-08,0603,N,VIIRS,n,2.0NRT,291.16,3.29,N
-42.62557,-71.49363,337.68,0.5,0.41,2026-02-08,0603,N,VIIRS,n,2.0NRT,291.67,3.25,N
-42.6263,-71.48712,301.95,0.5,0.41,2026-02-08,0603,N,VIIRS,n,2.0NRT,286.47,3.25,N
-42.6286,-71.50116,301.3,0.5,0.41,2026-02-08,0603,N,VIIRS,n,2.0NRT,286.33,1.89,N
-42.62931,-71.49487,303.49,0.5,0.41,2026-02-08,0603,N,VIIRS,n,2.0NRT,285.6,1.41,N
-42.63007,-71.48821,316.88,0.5,0.41,2026-02-08,0603,N,VIIRS,n,2.0NRT,280.91,1.41,N
-42.63383,-71.48926,300.94,0.5,0.41,2026-02-08,0603,N,VIIRS,n,2.0NRT,282.64,1.41,N
-42.63984,-71.4705,295.07,0.5,0.41,2026-02-08,0603,N,VIIRS,n,2.0NRT,270.99,0.72,N
-42.64363,-71.47137,297.25,0.5,0.41,2026-02-08,0603,N,VIIRS,n,2.0NRT,272.9,0.72,N
-42.65628,-71.40575,296.4,0.5,0.41,2026-02-08,0603,N,VIIRS,n,2.0NRT,282.95,1.38,N
-46.47631,-67.53084,309.14,0.55,0.51,2026-02-08,0605,N,VIIRS,n,2.0NRT,283.53,1.85,N
-36.37777,-56.86018,331.18,0.62,0.71,2026-02-08,1641,N,VIIRS,n,2.0NRT,294.57,3.12,D
-34.8813,-58.46021,367,0.74,0.76,2026-02-08,1643,N,VIIRS,h,2.0NRT,291.67,12.73,D
-34.87405,-58.46035,367,0.74,0.76,2026-02-08,1643,N,VIIRS,h,2.0NRT,299.57,29.43,D
-34.82693,-58.66156,333.28,0.76,0.77,2026-02-08,1643,N,VIIRS,n,2.0NRT,298.74,6.29,D
-33.69994,-59.01063,338.3,0.78,0.78,2026-02-08,1643,N,VIIRS,n,2.0NRT,296.68,3.53,D
-33.64697,-58.95807,331.16,0.77,0.78,2026-02-08,1643,N,VIIRS,n,2.0NRT,299.74,5.47,D
-33.4136,-58.69157,333.81,0.75,0.77,2026-02-08,1643,N,VIIRS,n,2.0NRT,303.33,8.11,D
-32.12629,-59.09804,330.78,0.77,0.78,2026-02-08,1643,N,VIIRS,n,2.0NRT,299.13,2.85,D
-32.12752,-59.09777,332.19,0.77,0.78,2026-02-08,1643,N,VIIRS,n,2.0NRT,298.68,2.79,D
-31.86941,-59.32904,350.08,0.8,0.78,2026-02-08,1643,N,VIIRS,n,2.0NRT,299.06,16.41,D
-31.63717,-58.40716,346.81,0.7,0.75,2026-02-08,1643,N,VIIRS,n,2.0NRT,302.66,8.62,D
-31.06835,-58.51353,334.29,0.71,0.75,2026-02-08,1643,N,VIIRS,n,2.0NRT,298.15,5.39,D
-30.32907,-57.70351,331.15,0.63,0.72,2026-02-08,1643,N,VIIRS,l,2.0NRT,302.11,6.1,D
-30.01305,-57.85724,331.94,0.64,0.72,2026-02-08,1643,N,VIIRS,l,2.0NRT,304.17,4.76,D
-30.01292,-57.85839,334.09,0.64,0.72,2026-02-08,1643,N,VIIRS,n,2.0NRT,304.52,2.73,D
-29.97875,-58.70876,344.88,0.71,0.75,2026-02-08,1643,N,VIIRS,n,2.0NRT,301.56,10.69,D
-29.9825,-58.70895,340.12,0.71,0.75,2026-02-08,1643,N,VIIRS,n,2.0NRT,301.11,5.33,D
-29.16634,-57.37495,332.09,0.59,0.7,2026-02-08,1643,N,VIIRS,n,2.0NRT,303.77,3.02,D
-29.13449,-57.27608,330.74,0.58,0.7,2026-02-08,1643,N,VIIRS,n,2.0NRT,305.32,3.34,D
-34.87564,-58.46121,367,0.74,0.76,2026-02-08,1643,N,VIIRS,h,2.0NRT,300.1,49.88,D
-25.70289,-57.7854,356.75,0.58,0.7,2026-02-08,1645,N,VIIRS,n,2.0NRT,289.6,25.22,D
-25.84757,-58.00241,340.62,0.6,0.71,2026-02-08,1645,N,VIIRS,n,2.0NRT,292.04,6.11,D
-25.84796,-58.00869,334.01,0.6,0.71,2026-02-08,1645,N,VIIRS,n,2.0NRT,288.97,6.11,D
-25.71605,-57.78443,350.69,0.58,0.7,2026-02-08,1645,N,VIIRS,n,2.0NRT,293.58,29.87,D
-25.71643,-57.79049,332.66,0.58,0.7,2026-02-08,1645,N,VIIRS,n,2.0NRT,292.97,29.87,D
-25.70985,-57.79097,367,0.58,0.7,2026-02-08,1645,N,VIIRS,h,2.0NRT,295.94,29.87,D
-25.71024,-57.79704,342.19,0.58,0.7,2026-02-08,1645,N,VIIRS,n,2.0NRT,293.79,52.37,D
-25.70327,-57.79145,367,0.58,0.7,2026-02-08,1645,N,VIIRS,h,2.0NRT,291.03,25.22,D
-25.70366,-57.79751,331.11,0.58,0.7,2026-02-08,1645,N,VIIRS,n,2.0NRT,287.92,14.62,D
-25.52584,-59.85806,331.22,0.78,0.78,2026-02-08,1645,N,VIIRS,n,2.0NRT,291.51,5.3,D
-25.07805,-57.97479,334.15,0.59,0.7,2026-02-08,1645,N,VIIRS,n,2.0NRT,294.8,4.46,D
-25.07844,-57.98087,331.99,0.59,0.7,2026-02-08,1645,N,VIIRS,n,2.0NRT,294.11,4.46,D
-24.99369,-59.56582,335.7,0.74,0.76,2026-02-08,1645,N,VIIRS,n,2.0NRT,289.03,10.99,D
-42.59063,-71.38585,353.33,0.38,0.43,2026-02-08,1821,N,VIIRS,n,2.0NRT,304.6,16.71,D
-42.47511,-71.72474,346.01,0.4,0.44,2026-02-08,1821,N,VIIRS,n,2.0NRT,295.02,29.23,D
-42.47551,-71.7291,337.62,0.4,0.44,2026-02-08,1821,N,VIIRS,n,2.0NRT,292.7,29.23,D
-40.72709,-63.22908,367,0.4,0.37,2026-02-08,1821,N,VIIRS,h,2.0NRT,321.86,17.76,D
-38.56182,-59.37416,335.14,0.4,0.44,2026-02-08,1821,N,VIIRS,n,2.0NRT,305.28,2.06,D
-40.72792,-63.23387,367,0.4,0.37,2026-02-08,1821,N,VIIRS,h,2.0NRT,324.18,43.35,D
-40.72626,-63.2243,350.34,0.4,0.37,2026-02-08,1821,N,VIIRS,n,2.0NRT,318,17.76,D
-40.72287,-63.22531,337.37,0.4,0.37,2026-02-08,1821,N,VIIRS,n,2.0NRT,300.79,5.31,D
-40.7237,-63.2301,340.44,0.4,0.37,2026-02-08,1821,N,VIIRS,n,2.0NRT,304.11,5.31,D
-40.72454,-63.23489,355.08,0.4,0.37,2026-02-08,1821,N,VIIRS,n,2.0NRT,306.02,10.39,D
-38.56487,-59.36824,335,0.4,0.44,2026-02-08,1821,N,VIIRS,n,2.0NRT,304.59,2.42,D
-38.56086,-59.36964,330.1,0.4,0.44,2026-02-08,1821,N,VIIRS,n,2.0NRT,304.17,2.42,D
-33.59503,-60.81236,342.55,0.42,0.45,2026-02-08,1823,N,VIIRS,n,2.0NRT,311.84,10.21,D
-36.56404,-59.69067,346.2,0.42,0.45,2026-02-08,1823,N,VIIRS,n,2.0NRT,315.68,34.97,D
-36.56504,-59.69534,341.69,0.42,0.45,2026-02-08,1823,N,VIIRS,n,2.0NRT,308.05,12.11,D
-34.85718,-57.89163,331.73,0.57,0.52,2026-02-08,1823,N,VIIRS,l,2.0NRT,302.96,4.7,D
-34.8593,-57.89355,334.29,0.57,0.52,2026-02-08,1823,N,VIIRS,n,2.0NRT,302.72,5.38,D
-34.881,-58.45749,367,0.53,0.5,2026-02-08,1823,N,VIIRS,h,2.0NRT,304.79,21.82,D
-34.88235,-58.46322,355.51,0.53,0.5,2026-02-08,1823,N,VIIRS,n,2.0NRT,305.64,19.28,D
-34.87644,-58.45901,356.66,0.53,0.5,2026-02-08,1823,N,VIIRS,n,2.0NRT,310.9,51.78,D
-34.87779,-58.46474,343.03,0.53,0.5,2026-02-08,1823,N,VIIRS,n,2.0NRT,304.15,12.93,D
-34.88361,-58.45758,342.04,0.53,0.5,2026-02-08,1823,N,VIIRS,n,2.0NRT,303.22,19.8,D
-34.88492,-58.46334,348.34,0.53,0.5,2026-02-08,1823,N,VIIRS,n,2.0NRT,301.85,19.8,D
-34.87905,-58.45913,367,0.53,0.5,2026-02-08,1823,N,VIIRS,h,2.0NRT,310.92,19.8,D
-34.88036,-58.46487,348.67,0.53,0.5,2026-02-08,1823,N,VIIRS,n,2.0NRT,304.92,19.8,D
-34.87449,-58.46067,347.9,0.53,0.5,2026-02-08,1823,N,VIIRS,n,2.0NRT,306.36,9.46,D
-33.70514,-59.00761,344.67,0.52,0.5,2026-02-08,1823,N,VIIRS,n,2.0NRT,303.58,5.06,D
-33.67646,-58.92575,343.98,0.53,0.5,2026-02-08,1823,N,VIIRS,n,2.0NRT,300.8,3.77,D
-33.65622,-58.94448,334.48,0.53,0.5,2026-02-08,1823,N,VIIRS,n,2.0NRT,302.52,3.29,D
-33.65126,-58.95453,351.8,0.53,0.5,2026-02-08,1823,N,VIIRS,n,2.0NRT,305.39,8.11,D
-33.65254,-58.96022,337.48,0.53,0.5,2026-02-08,1823,N,VIIRS,n,2.0NRT,304.51,8.11,D
-33.64669,-58.95601,348.44,0.53,0.5,2026-02-08,1823,N,VIIRS,n,2.0NRT,305.78,7.81,D
-33.64798,-58.96169,342.38,0.53,0.5,2026-02-08,1823,N,VIIRS,n,2.0NRT,307.17,7.81,D
-33.68371,-59.43988,340.67,0.5,0.49,2026-02-08,1823,N,VIIRS,n,2.0NRT,304.47,9.58,D
-33.68491,-59.4452,332.87,0.5,0.49,2026-02-08,1823,N,VIIRS,l,2.0NRT,304.91,9.58,D
-33.41653,-58.69123,345.65,0.55,0.51,2026-02-08,1823,N,VIIRS,n,2.0NRT,310.96,24.44,D
-33.41791,-58.69712,349.09,0.55,0.51,2026-02-08,1823,N,VIIRS,n,2.0NRT,309.58,24.44,D
-33.41325,-58.69865,356.75,0.55,0.51,2026-02-08,1823,N,VIIRS,n,2.0NRT,310.06,24.44,D
-33.275,-59.30097,354.61,0.52,0.5,2026-02-08,1823,N,VIIRS,n,2.0NRT,313.94,7.4,D
-33.26799,-59.29137,334.69,0.52,0.5,2026-02-08,1823,N,VIIRS,l,2.0NRT,307.27,6.68,D
-33.26923,-59.29689,341.7,0.52,0.5,2026-02-08,1823,N,VIIRS,n,2.0NRT,311.26,6.68,D
-33.27048,-59.30241,348.48,0.52,0.5,2026-02-08,1823,N,VIIRS,n,2.0NRT,314.1,7.4,D
-33.27172,-59.30793,340.16,0.51,0.5,2026-02-08,1823,N,VIIRS,n,2.0NRT,306.73,7.4,D
-33.26471,-59.29832,351.38,0.52,0.5,2026-02-08,1823,N,VIIRS,n,2.0NRT,310.46,15.67,D
-33.26843,-59.31488,350.4,0.51,0.5,2026-02-08,1823,N,VIIRS,n,2.0NRT,309.14,11.26,D
-33.26967,-59.32038,340.29,0.51,0.5,2026-02-08,1823,N,VIIRS,n,2.0NRT,304.38,11.26,D
-33.2639,-59.3163,356.27,0.51,0.5,2026-02-08,1823,N,VIIRS,n,2.0NRT,307.87,11.26,D
-33.59089,-60.8136,341.5,0.42,0.45,2026-02-08,1823,N,VIIRS,l,2.0NRT,312.13,10.21,D
-33.59377,-60.82727,356.71,0.42,0.45,2026-02-08,1823,N,VIIRS,n,2.0NRT,314.99,13.89,D
-33.25689,-59.30671,339.4,0.52,0.5,2026-02-08,1823,N,VIIRS,l,2.0NRT,311.38,3.73,D
-33.58867,-60.82396,343.6,0.42,0.45,2026-02-08,1823,N,VIIRS,n,2.0NRT,313.23,4.94,D
-33.21412,-59.332,344.24,0.51,0.5,2026-02-08,1823,N,VIIRS,n,2.0NRT,312.83,9.04,D
-33.20959,-59.33342,367,0.51,0.5,2026-02-08,1823,N,VIIRS,h,2.0NRT,312.54,9.04,D
-33.21086,-59.33891,348.11,0.51,0.5,2026-02-08,1823,N,VIIRS,n,2.0NRT,309.5,9.04,D
-33.21068,-59.33025,348.1,0.52,0.5,2026-02-08,1823,N,VIIRS,n,2.0NRT,312.49,14.01,D
-33.2119,-59.33577,353.25,0.51,0.5,2026-02-08,1823,N,VIIRS,n,2.0NRT,313.39,14.01,D
-33.36826,-60.15776,339.7,0.46,0.47,2026-02-08,1823,N,VIIRS,l,2.0NRT,311.61,7.85,D
-33.25769,-60.28262,344.52,0.46,0.47,2026-02-08,1823,N,VIIRS,n,2.0NRT,314.42,5.5,D
-33.23518,-60.22124,331.09,0.46,0.47,2026-02-08,1823,N,VIIRS,n,2.0NRT,303.88,2.49,D
-33.22979,-60.21762,341.63,0.46,0.47,2026-02-08,1823,N,VIIRS,n,2.0NRT,307.05,8.02,D
-33.23086,-60.22256,352.59,0.46,0.47,2026-02-08,1823,N,VIIRS,n,2.0NRT,305.88,9.06,D
-33.23194,-60.2275,341,0.46,0.47,2026-02-08,1823,N,VIIRS,n,2.0NRT,303.94,9.06,D
-33.09395,-60.07647,339.6,0.47,0.48,2026-02-08,1823,N,VIIRS,l,2.0NRT,310.77,5.65,D
-34.1275,-66.62417,330.76,0.39,0.36,2026-02-08,1823,N,VIIRS,l,2.0NRT,305.53,0.91,D
-32.75561,-60.47693,334,0.46,0.47,2026-02-08,1823,N,VIIRS,n,2.0NRT,303.61,4.57,D
-32.75666,-60.4818,346.64,0.46,0.47,2026-02-08,1823,N,VIIRS,n,2.0NRT,305.57,7.4,D
-32.31391,-59.0733,347.5,0.56,0.51,2026-02-08,1823,N,VIIRS,n,2.0NRT,306.85,4.69,D
-31.86401,-59.05062,345.28,0.57,0.52,2026-02-08,1823,N,VIIRS,n,2.0NRT,309.66,7.44,D
-31.87852,-59.33125,330.5,0.55,0.51,2026-02-08,1823,N,VIIRS,l,2.0NRT,302.76,3.33,D
-31.87985,-59.33702,344.05,0.55,0.51,2026-02-08,1823,N,VIIRS,n,2.0NRT,303.02,3.33,D
-31.87384,-59.33265,356.45,0.55,0.51,2026-02-08,1823,N,VIIRS,n,2.0NRT,320.25,36.77,D
-31.87519,-59.33845,356.98,0.55,0.51,2026-02-08,1823,N,VIIRS,n,2.0NRT,311.27,36.77,D
-31.86917,-59.33406,346.98,0.55,0.51,2026-02-08,1823,N,VIIRS,n,2.0NRT,308.03,36.77,D
-31.87922,-59.3339,334.45,0.55,0.51,2026-02-08,1823,N,VIIRS,n,2.0NRT,302.71,2.34,D
-31.87324,-59.32949,343.58,0.55,0.51,2026-02-08,1823,N,VIIRS,n,2.0NRT,311.68,39.41,D
-31.87455,-59.33533,355.27,0.55,0.51,2026-02-08,1823,N,VIIRS,n,2.0NRT,316.98,39.41,D
-31.87586,-59.34113,342.42,0.55,0.51,2026-02-08,1823,N,VIIRS,n,2.0NRT,306.38,16.26,D
-31.86858,-59.33092,345.49,0.55,0.51,2026-02-08,1823,N,VIIRS,n,2.0NRT,307.89,39.41,D
-31.79665,-59.97224,332.88,0.51,0.49,2026-02-08,1823,N,VIIRS,n,2.0NRT,306.41,1.51,D
-31.73127,-60.79113,346.52,0.46,0.47,2026-02-08,1823,N,VIIRS,n,2.0NRT,308.74,7.83,D
-31.73231,-60.796,343.97,0.46,0.47,2026-02-08,1823,N,VIIRS,n,2.0NRT,306.59,3.98,D
-31.72695,-60.7924,344.51,0.46,0.47,2026-02-08,1823,N,VIIRS,n,2.0NRT,302.23,9.68,D
-31.0724,-58.50868,331.77,0.32,0.54,2026-02-08,1823,N,VIIRS,l,2.0NRT,306.64,3.08,D
-31.31018,-60.30005,338.54,0.5,0.49,2026-02-08,1825,N,VIIRS,n,2.0NRT,305.74,4.49,D
-28.21548,-59.59443,332.07,0.32,0.54,2026-02-08,1825,N,VIIRS,n,2.0NRT,298.21,1.35,D
-29.98143,-58.70177,337.12,0.33,0.55,2026-02-08,1825,N,VIIRS,n,2.0NRT,305.22,3.36,D
-28.92923,-61.51477,335.4,0.48,0.48,2026-02-08,1825,N,VIIRS,l,2.0NRT,308.79,8.06,D
-28.50421,-59.28157,341.98,0.33,0.55,2026-02-08,1825,N,VIIRS,n,2.0NRT,302.26,1.85,D
-29.08394,-60.92529,334.44,0.51,0.5,2026-02-08,1825,N,VIIRS,n,2.0NRT,299.29,2.06,D
-28.85011,-59.19402,334.04,0.33,0.55,2026-02-08,1825,N,VIIRS,n,2.0NRT,301.29,2.26,D
-29.65816,-62.76886,333.93,0.4,0.44,2026-02-08,1825,N,VIIRS,n,2.0NRT,298.71,1.9,D
-28.88689,-59.203,330.85,0.32,0.55,2026-02-08,1825,N,VIIRS,n,2.0NRT,303.65,2.11,D
-29.36379,-60.94117,335.2,0.51,0.49,2026-02-08,1825,N,VIIRS,n,2.0NRT,303.46,4.24,D
-29.56421,-61.23802,332.31,0.48,0.48,2026-02-08,1825,N,VIIRS,l,2.0NRT,303.56,4.07,D
-29.83951,-62.50945,336.79,0.41,0.45,2026-02-08,1825,N,VIIRS,l,2.0NRT,308.05,5.23,D
-29.83865,-62.50525,337.29,0.41,0.45,2026-02-08,1825,N,VIIRS,l,2.0NRT,308.47,5.4,D
-30.00566,-62.2965,330.38,0.41,0.45,2026-02-08,1825,N,VIIRS,l,2.0NRT,305.03,1.51,D
-29.16631,-57.37323,339.94,0.41,0.6,2026-02-08,1825,N,VIIRS,n,2.0NRT,308.57,2.44,D
-29.7443,-59.40649,344.67,0.61,0.53,2026-02-08,1825,N,VIIRS,n,2.0NRT,307.03,11.58,D
-29.63468,-58.74976,367,0.33,0.55,2026-02-08,1825,N,VIIRS,h,2.0NRT,307.89,6.23,D
-29.30793,-57.03398,345.55,0.42,0.61,2026-02-08,1825,N,VIIRS,n,2.0NRT,310.51,6.33,D
-31.31952,-65.73729,333.86,0.42,0.38,2026-02-08,1825,N,VIIRS,n,2.0NRT,303.32,0.45,D
-29.97748,-58.7144,348.86,0.33,0.55,2026-02-08,1825,N,VIIRS,n,2.0NRT,302.18,10.95,D
-29.97669,-58.711,367,0.33,0.55,2026-02-08,1825,N,VIIRS,h,2.0NRT,311.88,16.93,D
-29.9759,-58.70759,367,0.33,0.55,2026-02-08,1825,N,VIIRS,h,2.0NRT,305.5,16.93,D
-29.98094,-58.70609,352.13,0.33,0.55,2026-02-08,1825,N,VIIRS,n,2.0NRT,307.82,7.01,D
-29.98015,-58.70266,344.8,0.33,0.55,2026-02-08,1825,N,VIIRS,n,2.0NRT,305.73,5.12,D
-29.98173,-58.70948,367,0.33,0.55,2026-02-08,1825,N,VIIRS,h,2.0NRT,308.52,7.01,D
-31.14428,-64.26823,330.78,0.48,0.4,2026-02-08,1825,N,VIIRS,n,2.0NRT,298.4,2.8,D
-31.15425,-62.7525,338.99,0.56,0.43,2026-02-08,1825,N,VIIRS,n,2.0NRT,303.98,5.16,D
-29.97882,-58.71347,354.36,0.33,0.55,2026-02-08,1825,N,VIIRS,n,2.0NRT,302.8,13.55,D
-29.97638,-58.70326,331.86,0.33,0.55,2026-02-08,1825,N,VIIRS,n,2.0NRT,305.22,5.71,D
-29.978,-58.71007,367,0.33,0.55,2026-02-08,1825,N,VIIRS,h,2.0NRT,316.97,20.9,D
-29.9772,-58.70668,367,0.33,0.55,2026-02-08,1825,N,VIIRS,h,2.0NRT,308.58,20.9,D
-29.98305,-58.70857,338.94,0.33,0.55,2026-02-08,1825,N,VIIRS,n,2.0NRT,305.39,3.13,D
-29.98224,-58.70517,345.99,0.33,0.55,2026-02-08,1825,N,VIIRS,n,2.0NRT,306.26,3.13,D
-27.02704,-58.73666,367,0.38,0.59,2026-02-08,1825,N,VIIRS,h,2.0NRT,299.49,9.62,D
-27.02656,-58.73751,367,0.38,0.59,2026-02-08,1825,N,VIIRS,h,2.0NRT,299.56,10.5,D
-25.92055,-57.8579,330.46,0.45,0.63,2026-02-08,1825,N,VIIRS,n,2.0NRT,294.46,4.47,D
-25.86389,-58.0048,367,0.44,0.63,2026-02-08,1825,N,VIIRS,h,2.0NRT,296.35,68.42,D
-25.86499,-58.00925,367,0.44,0.63,2026-02-08,1825,N,VIIRS,h,2.0NRT,298.65,68.42,D
-25.86719,-58.0182,335.33,0.44,0.63,2026-02-08,1825,N,VIIRS,n,2.0NRT,293.82,108.11,D
-25.86035,-58.01537,367,0.44,0.63,2026-02-08,1825,N,VIIRS,h,2.0NRT,295.73,11.73,D
-25.86145,-58.01985,341.82,0.44,0.63,2026-02-08,1825,N,VIIRS,n,2.0NRT,294.87,11.73,D
-25.85022,-57.99915,343.09,0.45,0.63,2026-02-08,1825,N,VIIRS,n,2.0NRT,293.09,4.58,D
-25.85132,-58.00363,338.18,0.45,0.63,2026-02-08,1825,N,VIIRS,n,2.0NRT,293.86,4.58,D
-25.86539,-58.00531,367,0.45,0.63,2026-02-08,1825,N,VIIRS,h,2.0NRT,297.33,64.92,D
-25.86646,-58.00979,367,0.45,0.63,2026-02-08,1825,N,VIIRS,h,2.0NRT,298.24,64.92,D
-25.8686,-58.01877,331.32,0.44,0.63,2026-02-08,1825,N,VIIRS,n,2.0NRT,294.02,105.38,D
-25.8618,-58.01594,367,0.44,0.63,2026-02-08,1825,N,VIIRS,h,2.0NRT,295.93,11.69,D
-25.86287,-58.02045,351.09,0.44,0.63,2026-02-08,1825,N,VIIRS,n,2.0NRT,294.87,11.69,D
-25.85177,-57.99966,343.9,0.45,0.63,2026-02-08,1825,N,VIIRS,n,2.0NRT,292.67,4.72,D
-25.85285,-58.00415,338.84,0.45,0.63,2026-02-08,1825,N,VIIRS,n,2.0NRT,293.86,4.72,D
-25.85607,-58.01761,332.16,0.44,0.63,2026-02-08,1825,N,VIIRS,n,2.0NRT,293.7,11.69,D
-25.84819,-58.01033,336.23,0.45,0.63,2026-02-08,1825,N,VIIRS,n,2.0NRT,292.23,2.99,D
-26.76954,-62.17724,335.38,0.48,0.48,2026-02-08,1825,N,VIIRS,n,2.0NRT,303.2,12.08,D
-25.71673,-57.77494,339.94,0.46,0.64,2026-02-08,1825,N,VIIRS,n,2.0NRT,295.56,6.63,D
-25.71787,-57.77958,340.36,0.46,0.64,2026-02-08,1825,N,VIIRS,n,2.0NRT,295.43,6.63,D
-25.70975,-57.77196,338.43,0.46,0.64,2026-02-08,1825,N,VIIRS,n,2.0NRT,296.27,7.6,D
-25.69925,-57.77998,367,0.46,0.64,2026-02-08,1825,N,VIIRS,h,2.0NRT,294.91,19.17,D
-25.70039,-57.78461,367,0.46,0.64,2026-02-08,1825,N,VIIRS,h,2.0NRT,292.55,19.17,D
-25.69809,-57.77531,333.3,0.46,0.64,2026-02-08,1825,N,VIIRS,n,2.0NRT,292.11,12.52,D
-25.70154,-57.78925,338.99,0.46,0.64,2026-02-08,1825,N,VIIRS,n,2.0NRT,288.69,6.71,D
-25.71225,-57.77029,335.66,0.46,0.64,2026-02-08,1825,N,VIIRS,n,2.0NRT,295.36,7.34,D
-25.71449,-57.77961,334.99,0.46,0.64,2026-02-08,1825,N,VIIRS,n,2.0NRT,296.06,14.51,D
-25.70172,-57.77835,367,0.46,0.64,2026-02-08,1825,N,VIIRS,h,2.0NRT,294.48,16.28,D
-25.70284,-57.783,367,0.46,0.64,2026-02-08,1825,N,VIIRS,h,2.0NRT,294.88,16.28,D
-25.70396,-57.78765,335.21,0.46,0.64,2026-02-08,1825,N,VIIRS,n,2.0NRT,292.85,8.79,D
-25.6365,-57.79239,331.57,0.46,0.64,2026-02-08,1825,N,VIIRS,n,2.0NRT,294.98,2.73,D
-25.57841,-57.63272,341.38,0.47,0.64,2026-02-08,1825,N,VIIRS,n,2.0NRT,296.27,5.3,D
-25.98591,-59.4011,336.9,0.37,0.58,2026-02-08,1825,N,VIIRS,n,2.0NRT,300.74,5.51,D
-25.57678,-57.63309,347.33,0.48,0.64,2026-02-08,1825,N,VIIRS,n,2.0NRT,296.42,9.44,D
-25.79526,-58.90744,333.32,0.4,0.6,2026-02-08,1825,N,VIIRS,n,2.0NRT,296.07,3.49,D
-26.42733,-62.40925,337.33,0.48,0.48,2026-02-08,1825,N,VIIRS,n,2.0NRT,303.58,6.51,D
-25.56466,-58.75664,340.94,0.41,0.6,2026-02-08,1825,N,VIIRS,n,2.0NRT,296.93,4.68,D
-26.32968,-62.89092,330.2,0.45,0.47,2026-02-08,1825,N,VIIRS,n,2.0NRT,299.99,5.73,D
-25.07956,-57.97762,341.28,0.46,0.64,2026-02-08,1825,N,VIIRS,n,2.0NRT,291.2,1.36,D
-24.87357,-58.8306,335.4,0.42,0.61,2026-02-08,1825,N,VIIRS,n,2.0NRT,295.77,4.16,D
-24.87143,-58.83246,333.32,0.42,0.61,2026-02-08,1825,N,VIIRS,n,2.0NRT,295.52,3.98,D
-24.86673,-58.96579,367,0.41,0.61,2026-02-08,1825,N,VIIRS,h,2.0NRT,299.66,20.06,D
-24.86117,-58.96733,367,0.41,0.61,2026-02-08,1825,N,VIIRS,h,2.0NRT,295.98,5.44,D
-24.86021,-58.96323,330.35,0.41,0.61,2026-02-08,1825,N,VIIRS,n,2.0NRT,295.58,5.44,D
-24.99302,-59.56409,334.54,0.38,0.58,2026-02-08,1825,N,VIIRS,n,2.0NRT,294.78,2.14,D
-26.0376,-65.91129,342.31,0.47,0.4,2026-02-08,1825,N,VIIRS,n,2.0NRT,309.56,4.99,D
-26.03847,-65.91608,347.9,0.47,0.4,2026-02-08,1825,N,VIIRS,n,2.0NRT,309.39,4.95,D
-26.03395,-65.91212,350.7,0.47,0.4,2026-02-08,1825,N,VIIRS,n,2.0NRT,308.42,4.99,D
-26.03482,-65.9169,353.3,0.47,0.4,2026-02-08,1825,N,VIIRS,n,2.0NRT,308.37,4.95,D
-26.03569,-65.92168,354.12,0.47,0.4,2026-02-08,1825,N,VIIRS,n,2.0NRT,308.63,4.95,D
-26.0303,-65.91294,343.17,0.47,0.4,2026-02-08,1825,N,VIIRS,n,2.0NRT,308.84,10.26,D
-26.03117,-65.91771,352.19,0.47,0.4,2026-02-08,1825,N,VIIRS,n,2.0NRT,309.07,4.44,D
-26.03204,-65.92249,356.48,0.47,0.4,2026-02-08,1825,N,VIIRS,n,2.0NRT,309.49,4.44,D
-26.02752,-65.91853,345.67,0.47,0.4,2026-02-08,1825,N,VIIRS,n,2.0NRT,309.75,4.44,D
-26.02839,-65.92331,347.79,0.47,0.4,2026-02-08,1825,N,VIIRS,n,2.0NRT,310.21,4.44,D
-24.84367,-60.6879,336.61,0.32,0.55,2026-02-08,1825,N,VIIRS,n,2.0NRT,294.9,3.98,D
-24.84068,-60.68676,367,0.32,0.55,2026-02-08,1825,N,VIIRS,h,2.0NRT,298.5,9.53,D
-24.84139,-60.68998,367,0.32,0.55,2026-02-08,1825,N,VIIRS,h,2.0NRT,291.09,9.53,D
-24.83565,-60.68808,335.71,0.32,0.55,2026-02-08,1825,N,VIIRS,n,2.0NRT,294.97,6.58,D
-24.83636,-60.6913,342.77,0.32,0.55,2026-02-08,1825,N,VIIRS,n,2.0NRT,291.62,6.58,D
-24.83706,-60.69452,356.97,0.32,0.55,2026-02-08,1825,N,VIIRS,l,2.0NRT,286.13,10.73,D
-24.14962,-66.89828,344.8,0.46,0.39,2026-02-08,1828,N,VIIRS,l,2.0NRT,315.8,12.24,D
-24.1504,-66.90271,350.66,0.46,0.39,2026-02-08,1828,N,VIIRS,n,2.0NRT,315.69,12.94,D
-24.11168,-66.7056,350.34,0.46,0.39,2026-02-08,1828,N,VIIRS,l,2.0NRT,326.69,23.47,D
-24.10807,-66.70637,355.78,0.46,0.39,2026-02-08,1828,N,VIIRS,n,2.0NRT,324.8,12.67,D
-24.10888,-66.71088,357.02,0.46,0.39,2026-02-08,1828,N,VIIRS,l,2.0NRT,324.08,12.67,D
-24.10447,-66.70712,356.24,0.46,0.39,2026-02-08,1828,N,VIIRS,n,2.0NRT,323.86,12.67,D
-24.10527,-66.71162,356.77,0.46,0.39,2026-02-08,1828,N,VIIRS,l,2.0NRT,317.34,12.67,D
-24.10006,-66.70339,355.89,0.46,0.39,2026-02-08,1828,N,VIIRS,n,2.0NRT,322.48,14.66,D
-24.10086,-66.70789,357.63,0.46,0.39,2026-02-08,1828,N,VIIRS,l,2.0NRT,324.69,22.01,D
-24.10166,-66.71238,357.61,0.46,0.39,2026-02-08,1828,N,VIIRS,l,2.0NRT,318.19,22.01,D
-24.09645,-66.70415,356.07,0.46,0.39,2026-02-08,1828,N,VIIRS,n,2.0NRT,321.72,14.66,D
-24.09725,-66.70864,356.98,0.46,0.39,2026-02-08,1828,N,VIIRS,l,2.0NRT,324.34,22.01,D
-24.09365,-66.70939,357.28,0.46,0.39,2026-02-08,1828,N,VIIRS,l,2.0NRT,324.07,69.53,D
-42.68555,-71.53993,348.45,0.65,0.73,2026-02-08,2001,N,VIIRS,n,2.0NRT,292.01,9.22,D
-42.6885,-71.5485,338.49,0.65,0.73,2026-02-08,2001,N,VIIRS,n,2.0NRT,291.53,9.22,D
-42.6503,-71.39442,330.13,0.66,0.73,2026-02-08,2001,N,VIIRS,n,2.0NRT,268.08,17.87,D
-42.68591,-71.54445,367,0.65,0.73,2026-02-08,2001,N,VIIRS,h,2.0NRT,294.41,13.49,D
-42.64217,-71.46079,344.08,0.65,0.73,2026-02-08,2001,N,VIIRS,n,2.0NRT,295.89,11.09,D
-42.62638,-71.48199,339.19,0.65,0.73,2026-02-08,2001,N,VIIRS,n,2.0NRT,283.06,8.32,D
-42.63022,-71.49325,338.7,0.65,0.73,2026-02-08,2001,N,VIIRS,n,2.0NRT,282.89,8.32,D
-42.62301,-71.4946,348.79,0.65,0.73,2026-02-08,2001,N,VIIRS,n,2.0NRT,286.18,8.32,D
-42.57568,-71.40149,367,0.66,0.73,2026-02-08,2001,N,VIIRS,h,2.0NRT,301.29,50.09,D
-42.57829,-71.40907,347.45,0.66,0.73,2026-02-08,2001,N,VIIRS,n,2.0NRT,293.53,50.09,D
-42.57686,-71.40343,367,0.66,0.73,2026-02-08,2001,N,VIIRS,h,2.0NRT,306.14,108.21,D
-42.57932,-71.41072,355.54,0.66,0.73,2026-02-08,2001,N,VIIRS,n,2.0NRT,292.26,44.38,D
-42.57351,-71.70949,344.7,0.64,0.72,2026-02-08,2001,N,VIIRS,n,2.0NRT,295.22,11.24,D
-42.53473,-71.66283,367,0.65,0.73,2026-02-08,2001,N,VIIRS,h,2.0NRT,300.14,49.05,D
-42.53608,-71.66678,351.45,0.65,0.73,2026-02-08,2001,N,VIIRS,n,2.0NRT,295.01,20.47,D
-42.53396,-71.66386,367,0.65,0.73,2026-02-08,2001,N,VIIRS,h,2.0NRT,298.83,20.73,D
-42.53524,-71.66764,348.6,0.65,0.73,2026-02-08,2001,N,VIIRS,n,2.0NRT,293.91,20.73,D
-42.47995,-71.72948,329.34,0.64,0.72,2026-02-08,2001,N,VIIRS,n,2.0NRT,296.21,11.21,D
-42.48327,-71.73927,351.5,0.64,0.72,2026-02-08,2001,N,VIIRS,n,2.0NRT,297.71,11.21,D
-31.87919,-59.33717,311.6,0.69,0.74,2026-02-09,0401,N,VIIRS,n,2.0NRT,290.54,2.63,N
-31.88364,-59.34753,302.13,0.69,0.74,2026-02-09,0401,N,VIIRS,n,2.0NRT,290.3,2.63,N
-31.8822,-59.34706,302.94,0.69,0.74,2026-02-09,0401,N,VIIRS,n,2.0NRT,290.58,3.1,N
-31.88444,-59.33964,301.02,0.69,0.74,2026-02-09,0401,N,VIIRS,n,2.0NRT,290.46,2.02,N
-32.39101,-59.03007,302.18,0.64,0.72,2026-02-09,0401,N,VIIRS,n,2.0NRT,288.69,1.16,N
-32.39302,-59.02325,301.2,0.64,0.72,2026-02-09,0401,N,VIIRS,n,2.0NRT,286.77,1.16,N
-34.87996,-57.92535,311.55,0.49,0.65,2026-02-09,0404,N,VIIRS,n,2.0NRT,290.32,1.9,N
-34.85565,-57.89681,320.74,0.49,0.65,2026-02-09,0404,N,VIIRS,n,2.0NRT,291.36,2,N
-34.88042,-57.92516,314.12,0.49,0.65,2026-02-09,0404,N,VIIRS,n,2.0NRT,290.56,2.83,N
-34.88581,-57.92782,301.47,0.49,0.65,2026-02-09,0404,N,VIIRS,n,2.0NRT,290.26,1.16,N
-25.89784,-63.85295,330.78,0.44,0.39,2026-02-09,0540,N,VIIRS,n,2.0NRT,296.13,3.71,N
-25.90021,-63.86248,341.43,0.44,0.39,2026-02-09,0540,N,VIIRS,n,2.0NRT,296.98,3.64,N
-25.90081,-63.85802,338.26,0.44,0.39,2026-02-09,0540,N,VIIRS,n,2.0NRT,296.74,3.64,N
-25.90439,-63.85862,322.51,0.44,0.39,2026-02-09,0540,N,VIIRS,n,2.0NRT,296.03,3.64,N
-25.90378,-63.86308,315.87,0.44,0.39,2026-02-09,0540,N,VIIRS,n,2.0NRT,295.15,3.64,N
-25.90736,-63.86368,305.63,0.44,0.39,2026-02-09,0540,N,VIIRS,n,2.0NRT,295.04,1.04,N
-25.67899,-57.79764,337.3,0.63,0.54,2026-02-09,0540,N,VIIRS,n,2.0NRT,293.14,3.17,N
-24.84653,-60.69897,307.88,0.41,0.45,2026-02-09,0540,N,VIIRS,n,2.0NRT,294.17,1.92,N
-24.84333,-60.69011,314.44,0.41,0.45,2026-02-09,0540,N,VIIRS,n,2.0NRT,294.65,1.29,N
-24.84284,-60.69425,318.46,0.41,0.45,2026-02-09,0540,N,VIIRS,n,2.0NRT,294.65,1.92,N
-24.84185,-60.70251,307.65,0.41,0.45,2026-02-09,0540,N,VIIRS,n,2.0NRT,294.65,0.99,N
-24.84235,-60.69838,325.66,0.41,0.45,2026-02-09,0540,N,VIIRS,n,2.0NRT,294.9,1.92,N
-24.83915,-60.68952,318.1,0.41,0.45,2026-02-09,0540,N,VIIRS,n,2.0NRT,294.72,1.45,N
-22.26435,-63.46169,311.86,0.43,0.38,2026-02-09,0540,N,VIIRS,n,2.0NRT,294.56,1.51,N
-22.26377,-63.46585,317.88,0.43,0.38,2026-02-09,0540,N,VIIRS,n,2.0NRT,294.73,1.62,N
-22.26318,-63.47002,321.55,0.43,0.38,2026-02-09,0540,N,VIIRS,n,2.0NRT,294.71,1.62,N
-25.67961,-57.79119,311.32,0.63,0.54,2026-02-09,0540,N,VIIRS,n,2.0NRT,291.75,3.17,N
-25.68344,-57.80466,334.24,0.63,0.54,2026-02-09,0540,N,VIIRS,n,2.0NRT,292.47,9.9,N
-25.68407,-57.79823,309.47,0.63,0.54,2026-02-09,0540,N,VIIRS,n,2.0NRT,291.75,3.17,N
-25.6847,-57.79179,313.09,0.63,0.54,2026-02-09,0540,N,VIIRS,n,2.0NRT,291.56,3.17,N
-25.68852,-57.80526,316.37,0.63,0.54,2026-02-09,0540,N,VIIRS,n,2.0NRT,291.83,2.87,N
-25.68915,-57.79883,310.71,0.63,0.54,2026-02-09,0540,N,VIIRS,n,2.0NRT,291.88,1.5,N
-25.69423,-57.79942,303.28,0.63,0.54,2026-02-09,0540,N,VIIRS,n,2.0NRT,291.45,1.5,N
-25.69117,-57.8049,305.99,0.63,0.54,2026-02-09,0540,N,VIIRS,n,2.0NRT,291.38,1.53,N
-25.69176,-57.79845,308.62,0.63,0.54,2026-02-09,0540,N,VIIRS,n,2.0NRT,291.49,1.53,N
-26.22529,-58.23932,310.25,0.6,0.53,2026-02-09,0540,N,VIIRS,n,2.0NRT,291.39,2.19,N
-26.04293,-61.23968,315.55,0.4,0.44,2026-02-09,0540,N,VIIRS,n,2.0NRT,289.84,1.99,N
-26.04704,-61.24028,309.16,0.4,0.44,2026-02-09,0540,N,VIIRS,n,2.0NRT,292.08,1.99,N
-25.89724,-63.85743,338.17,0.44,0.39,2026-02-09,0540,N,VIIRS,n,2.0NRT,296.67,5.52,N
-26.33094,-62.89717,309.22,0.49,0.4,2026-02-09,0542,N,VIIRS,n,2.0NRT,295.19,1.01,N
-28.46678,-65.22881,308.23,0.42,0.37,2026-02-09,0542,N,VIIRS,n,2.0NRT,294.39,0.76,N
-29.02998,-61.3149,306.2,0.43,0.46,2026-02-09,0542,N,VIIRS,n,2.0NRT,292.16,1.72,N
-28.74994,-65.74109,333.88,0.41,0.37,2026-02-09,0542,N,VIIRS,n,2.0NRT,298.12,10.43,N
-32.38904,-59.02341,311.72,0.63,0.54,2026-02-09,0542,N,VIIRS,n,2.0NRT,290.33,2.51,N
-26.32808,-60.95732,307.26,0.41,0.45,2026-02-09,0542,N,VIIRS,n,2.0NRT,293.5,1.43,N
-26.32917,-60.94654,330.36,0.41,0.45,2026-02-09,0542,N,VIIRS,n,2.0NRT,294.23,3.32,N
-26.32903,-60.94886,321.83,0.42,0.45,2026-02-09,0542,N,VIIRS,n,2.0NRT,294.14,3.46,N
-26.3295,-60.94462,320.15,0.42,0.45,2026-02-09,0542,N,VIIRS,n,2.0NRT,293.72,2.42,N
-26.33533,-62.89278,311.01,0.49,0.4,2026-02-09,0542,N,VIIRS,n,2.0NRT,294.75,1.58,N
-26.3347,-62.89778,314.5,0.49,0.4,2026-02-09,0542,N,VIIRS,n,2.0NRT,295.31,1.58,N
-26.33406,-62.90276,313.15,0.49,0.4,2026-02-09,0542,N,VIIRS,n,2.0NRT,295.16,2.39,N
-26.33157,-62.89219,306.72,0.49,0.4,2026-02-09,0542,N,VIIRS,n,2.0NRT,294.82,1.01,N
-28.46651,-65.22636,307.25,0.42,0.37,2026-02-09,0542,N,VIIRS,n,2.0NRT,294.85,0.71,N
-37.42642,-69.17366,327.92,0.39,0.36,2026-02-09,0544,N,VIIRS,n,2.0NRT,290.07,1.12,N
-33.37525,-60.14979,314.93,0.55,0.51,2026-02-09,0544,N,VIIRS,n,2.0NRT,278.88,2.67,N
-33.37578,-60.14365,299.97,0.55,0.51,2026-02-09,0544,N,VIIRS,n,2.0NRT,280.94,1.53,N
-35.06141,-67.66434,309.9,0.4,0.37,2026-02-09,0544,N,VIIRS,n,2.0NRT,290.84,0.7,N
-37.08538,-69.47787,314.3,0.39,0.36,2026-02-09,0544,N,VIIRS,n,2.0NRT,288.82,0.98,N
-37.08872,-69.47867,302.55,0.39,0.36,2026-02-09,0544,N,VIIRS,n,2.0NRT,287.85,0.98,N
-37.34508,-69.20761,301.3,0.39,0.36,2026-02-09,0544,N,VIIRS,n,2.0NRT,289.4,0.32,N
-37.413,-69.17046,317.42,0.39,0.36,2026-02-09,0544,N,VIIRS,n,2.0NRT,290.24,1.46,N
-37.42977,-69.17446,310.01,0.39,0.36,2026-02-09,0544,N,VIIRS,n,2.0NRT,289.08,1.12,N
-37.52978,-69.09035,313.21,0.39,0.36,2026-02-09,0544,N,VIIRS,n,2.0NRT,289.22,0.65,N
-37.84193,-67.73915,313.62,0.42,0.37,2026-02-09,0544,N,VIIRS,n,2.0NRT,291.79,1.7,N
-37.84476,-67.74468,339.42,0.42,0.37,2026-02-09,0544,N,VIIRS,n,2.0NRT,304.17,37.73,N
-37.84824,-67.7454,343.83,0.42,0.37,2026-02-09,0544,N,VIIRS,n,2.0NRT,295.52,37.73,N
-37.85237,-67.74135,332.05,0.42,0.37,2026-02-09,0544,N,VIIRS,n,2.0NRT,293.33,5.43,N
-37.85585,-67.7421,329.63,0.42,0.37,2026-02-09,0544,N,VIIRS,n,2.0NRT,290.04,5.43,N
-37.68979,-68.92255,310.79,0.39,0.36,2026-02-09,0544,N,VIIRS,n,2.0NRT,284.16,1.28,N
-37.69045,-68.91808,318.47,0.39,0.36,2026-02-09,0544,N,VIIRS,n,2.0NRT,284.07,1.28,N
-37.7141,-69.13544,323.49,0.39,0.36,2026-02-09,0544,N,VIIRS,n,2.0NRT,287.98,1.15,N
-37.71344,-69.13988,304.05,0.39,0.36,2026-02-09,0544,N,VIIRS,n,2.0NRT,288.46,1.15,N
-37.89681,-69.27124,302.23,0.39,0.36,2026-02-09,0544,N,VIIRS,n,2.0NRT,290.2,0.55,N
-38.09495,-68.60881,308.81,0.4,0.37,2026-02-09,0544,N,VIIRS,n,2.0NRT,290.11,0.66,N
-38.09835,-68.6096,320.92,0.4,0.37,2026-02-09,0544,N,VIIRS,n,2.0NRT,290.12,1.48,N
-38.28607,-68.75114,308.72,0.4,0.37,2026-02-09,0544,N,VIIRS,n,2.0NRT,289.2,0.5,N
-38.32,-68.77592,303.37,0.4,0.37,2026-02-09,0544,N,VIIRS,n,2.0NRT,289.13,0.57,N
-38.33273,-69.05222,318.04,0.39,0.36,2026-02-09,0544,N,VIIRS,n,2.0NRT,290.36,1.67,N
-38.43858,-68.5598,330.07,0.4,0.37,2026-02-09,0544,N,VIIRS,n,2.0NRT,290.14,2.02,N
-38.42982,-69.00681,298.18,0.39,0.37,2026-02-09,0544,N,VIIRS,n,2.0NRT,288.18,0.39,N
-38.74357,-68.83684,318.99,0.4,0.37,2026-02-09,0544,N,VIIRS,n,2.0NRT,287.68,2.25,N
-38.74697,-68.83764,328.23,0.4,0.37,2026-02-09,0544,N,VIIRS,n,2.0NRT,286.42,2.25,N
-39.00826,-67.68165,310.08,0.43,0.38,2026-02-09,0544,N,VIIRS,n,2.0NRT,289.98,1.43,N
-39.01179,-67.68238,319.83,0.43,0.38,2026-02-09,0544,N,VIIRS,n,2.0NRT,288.61,1.43,N
-39.22789,-65.97058,328.23,0.49,0.4,2026-02-09,0544,N,VIIRS,n,2.0NRT,289.42,3.7,N
-39.22723,-65.97638,306.93,0.49,0.4,2026-02-09,0544,N,VIIRS,n,2.0NRT,288.37,2.85,N
-42.6779,-71.39594,305.96,0.39,0.36,2026-02-09,0546,N,VIIRS,n,2.0NRT,282.64,1.18,N
-42.67718,-71.40067,298.53,0.39,0.36,2026-02-09,0546,N,VIIRS,n,2.0NRT,281.28,1.01,N
-42.6753,-71.39029,316.1,0.39,0.36,2026-02-09,0546,N,VIIRS,n,2.0NRT,283.82,1.18,N
-42.67457,-71.39502,299.74,0.39,0.36,2026-02-09,0546,N,VIIRS,n,2.0NRT,281.64,1.18,N
-42.67311,-71.40448,305,0.39,0.36,2026-02-09,0546,N,VIIRS,n,2.0NRT,280.88,1.01,N
-42.67123,-71.3941,295,0.39,0.36,2026-02-09,0546,N,VIIRS,n,2.0NRT,281.4,0.32,N
-42.66906,-71.40827,297.92,0.39,0.36,2026-02-09,0546,N,VIIRS,n,2.0NRT,279.88,0.44,N
-42.67151,-71.36959,296.96,0.39,0.36,2026-02-09,0546,N,VIIRS,n,2.0NRT,280.44,0.87,N
-42.6689,-71.36397,304.82,0.39,0.36,2026-02-09,0546,N,VIIRS,n,2.0NRT,280.45,0.94,N
-42.66746,-71.37339,296.41,0.39,0.36,2026-02-09,0546,N,VIIRS,n,2.0NRT,279.72,1.15,N
-42.66412,-71.37247,310.09,0.39,0.36,2026-02-09,0546,N,VIIRS,n,2.0NRT,281.42,1.15,N
-42.64487,-71.47524,300.19,0.38,0.36,2026-02-09,0546,N,VIIRS,n,2.0NRT,280.7,1.07,N
-42.64154,-71.4743,302.53,0.38,0.36,2026-02-09,0546,N,VIIRS,n,2.0NRT,280.95,1.07,N
-42.63602,-71.48756,296.13,0.38,0.36,2026-02-09,0546,N,VIIRS,n,2.0NRT,274.9,2.06,N
-42.63343,-71.48187,310.54,0.38,0.36,2026-02-09,0546,N,VIIRS,n,2.0NRT,279.06,1.65,N
-42.6327,-71.4866,327.69,0.38,0.36,2026-02-09,0546,N,VIIRS,n,2.0NRT,280.61,2.06,N
-42.62938,-71.48565,300.37,0.38,0.36,2026-02-09,0546,N,VIIRS,n,2.0NRT,278.71,0.86,N
-42.62865,-71.49038,299.15,0.38,0.36,2026-02-09,0546,N,VIIRS,n,2.0NRT,276.83,0.86,N
-42.62791,-71.49512,303.1,0.38,0.36,2026-02-09,0546,N,VIIRS,n,2.0NRT,275.89,1.07,N
-42.62386,-71.49886,302.05,0.38,0.36,2026-02-09,0546,N,VIIRS,n,2.0NRT,276.96,1.07,N
-42.62313,-71.50356,303.04,0.38,0.36,2026-02-09,0546,N,VIIRS,n,2.0NRT,278.29,1.59,N
-42.61549,-71.41779,302.14,0.39,0.36,2026-02-09,0546,N,VIIRS,n,2.0NRT,280.5,0.84,N
-42.60811,-71.42066,310.48,0.39,0.36,2026-02-09,0546,N,VIIRS,n,2.0NRT,281.13,1.46,N
-42.57887,-71.40749,307.48,0.39,0.36,2026-02-09,0546,N,VIIRS,n,2.0NRT,281.46,3,N
-42.57815,-71.41219,295.21,0.39,0.36,2026-02-09,0546,N,VIIRS,n,2.0NRT,281.72,1.27,N
-42.57554,-71.40656,333.53,0.39,0.36,2026-02-09,0546,N,VIIRS,n,2.0NRT,284.5,3,N
-42.57486,-71.40428,316.22,0.39,0.36,2026-02-09,0546,N,VIIRS,n,2.0NRT,282.34,1.43,N
-42.57413,-71.40897,303.17,0.39,0.36,2026-02-09,0546,N,VIIRS,n,2.0NRT,280.5,1.43,N
-42.57162,-71.48862,341.28,0.33,0.55,2026-02-09,1804,N,VIIRS,n,2.0NRT,308.06,2.5,D
-42.5776,-71.70978,367,0.34,0.56,2026-02-09,1804,N,VIIRS,h,2.0NRT,293.01,22.58,D
-42.57784,-71.71455,351.16,0.34,0.56,2026-02-09,1804,N,VIIRS,n,2.0NRT,298.6,23.1,D
-42.55945,-71.45601,367,0.33,0.55,2026-02-09,1804,N,VIIRS,h,2.0NRT,301.38,21.97,D
-42.55989,-71.46452,367,0.33,0.55,2026-02-09,1804,N,VIIRS,h,2.0NRT,306.23,11.05,D
-42.55967,-71.46024,347.73,0.33,0.55,2026-02-09,1804,N,VIIRS,n,2.0NRT,309.87,21.97,D
-42.57874,-71.71254,367,0.34,0.56,2026-02-09,1804,N,VIIRS,h,2.0NRT,306.73,27.83,D
-42.55899,-71.45511,367,0.33,0.55,2026-02-09,1804,N,VIIRS,h,2.0NRT,294.76,23.61,D
-42.55947,-71.46358,367,0.33,0.55,2026-02-09,1804,N,VIIRS,h,2.0NRT,307.81,18.24,D
-42.55924,-71.45933,347.64,0.33,0.55,2026-02-09,1804,N,VIIRS,n,2.0NRT,310.8,23.61,D
-42.35803,-71.50517,367,0.33,0.55,2026-02-09,1804,N,VIIRS,h,2.0NRT,292.21,8.69,D
-42.35766,-71.50475,367,0.33,0.55,2026-02-09,1804,N,VIIRS,h,2.0NRT,292.59,10.01,D
-39.2475,-62.08061,333.76,0.39,0.36,2026-02-09,1804,N,VIIRS,n,2.0NRT,302.11,6.21,D
-39.24815,-62.08514,335.39,0.39,0.36,2026-02-09,1804,N,VIIRS,n,2.0NRT,303.08,6.21,D
-39.2448,-62.08594,351.09,0.39,0.36,2026-02-09,1804,N,VIIRS,n,2.0NRT,306.3,6.21,D
-39.24546,-62.09048,333.99,0.39,0.36,2026-02-09,1804,N,VIIRS,n,2.0NRT,301.97,3.03,D
-39.2408,-62.08222,341.38,0.39,0.36,2026-02-09,1804,N,VIIRS,n,2.0NRT,308.21,6.17,D
-39.24211,-62.09128,341.86,0.39,0.36,2026-02-09,1804,N,VIIRS,n,2.0NRT,303.54,4.43,D
-39.2381,-62.08755,334.69,0.39,0.36,2026-02-09,1804,N,VIIRS,n,2.0NRT,303.44,6.17,D
-39.23876,-62.09208,347.04,0.39,0.36,2026-02-09,1804,N,VIIRS,n,2.0NRT,301.77,4.43,D
-38.9899,-61.53681,337.13,0.38,0.36,2026-02-09,1804,N,VIIRS,n,2.0NRT,309.01,6.51,D
-38.68612,-62.41181,333.01,0.39,0.36,2026-02-09,1804,N,VIIRS,l,2.0NRT,305.28,2.7,D
-38.39234,-61.14843,367,0.38,0.36,2026-02-09,1804,N,VIIRS,h,2.0NRT,316.21,14.3,D
-38.39303,-61.15285,346.32,0.38,0.36,2026-02-09,1804,N,VIIRS,n,2.0NRT,312.37,4.02,D
-38.38902,-61.14926,337.6,0.38,0.36,2026-02-09,1804,N,VIIRS,n,2.0NRT,309.06,4.91,D
-39.14091,-67.0936,334.94,0.55,0.43,2026-02-09,1804,N,VIIRS,n,2.0NRT,302.45,3.56,D
-38.74525,-68.83851,344,0.44,0.46,2026-02-09,1804,N,VIIRS,n,2.0NRT,313.03,5.61,D
-37.27281,-59.1379,336.49,0.42,0.37,2026-02-09,1804,N,VIIRS,n,2.0NRT,295.89,12.63,D
-38.45822,-68.49397,345.09,0.42,0.45,2026-02-09,1804,N,VIIRS,n,2.0NRT,315.77,6.51,D
-38.45397,-68.49459,345.85,0.42,0.45,2026-02-09,1804,N,VIIRS,n,2.0NRT,313.7,6.56,D
-38.35258,-68.68763,344.45,0.43,0.46,2026-02-09,1804,N,VIIRS,n,2.0NRT,312.76,5.45,D
-38.3503,-68.68555,345.59,0.43,0.46,2026-02-09,1804,N,VIIRS,n,2.0NRT,312.36,3.17,D
-37.32993,-64.59483,340.15,0.42,0.38,2026-02-09,1804,N,VIIRS,l,2.0NRT,313.13,6.86,D
-37.33056,-64.59965,340.8,0.42,0.38,2026-02-09,1804,N,VIIRS,n,2.0NRT,310.66,7.95,D
-37.19481,-63.61243,332.57,0.4,0.37,2026-02-09,1804,N,VIIRS,l,2.0NRT,304.37,5.31,D
-37.32643,-64.59553,339.55,0.42,0.38,2026-02-09,1804,N,VIIRS,n,2.0NRT,309.19,6.86,D
-37.32167,-64.58659,340.61,0.42,0.38,2026-02-09,1804,N,VIIRS,n,2.0NRT,309.4,3.9,D
-37.3223,-64.59142,336.27,0.42,0.38,2026-02-09,1804,N,VIIRS,l,2.0NRT,307.95,2.2,D
-36.57376,-60.68223,333.46,0.39,0.36,2026-02-09,1804,N,VIIRS,l,2.0NRT,306.73,3.66,D
-36.57449,-60.68662,337.03,0.39,0.36,2026-02-09,1804,N,VIIRS,n,2.0NRT,305.51,5.15,D
-36.57347,-60.68116,332.72,0.39,0.36,2026-02-09,1804,N,VIIRS,l,2.0NRT,306.11,5.26,D
-36.57419,-60.68555,342.65,0.39,0.36,2026-02-09,1804,N,VIIRS,n,2.0NRT,306.82,7.17,D
-36.57084,-60.68641,348.01,0.39,0.36,2026-02-09,1804,N,VIIRS,n,2.0NRT,308.45,7.17,D
-36.56821,-60.69165,339.53,0.39,0.36,2026-02-09,1804,N,VIIRS,n,2.0NRT,307.13,6.05,D
-36.56413,-60.6881,351.98,0.39,0.36,2026-02-09,1804,N,VIIRS,n,2.0NRT,305.24,6.05,D
-36.56485,-60.69249,349.85,0.39,0.36,2026-02-09,1804,N,VIIRS,n,2.0NRT,307.76,6.05,D
-36.56557,-60.69688,346.3,0.39,0.36,2026-02-09,1804,N,VIIRS,n,2.0NRT,307.5,4.24,D
-36.56629,-60.70126,333.92,0.39,0.36,2026-02-09,1804,N,VIIRS,n,2.0NRT,303.25,4.24,D
-36.5615,-60.69333,340.57,0.39,0.36,2026-02-09,1804,N,VIIRS,n,2.0NRT,304.69,6.53,D
-36.55959,-60.70296,330.23,0.39,0.36,2026-02-09,1804,N,VIIRS,n,2.0NRT,299.65,6.27,D
-35.98024,-57.89602,340.42,0.47,0.4,2026-02-09,1804,N,VIIRS,n,2.0NRT,306.37,5.52,D
-37.42781,-69.17065,344.05,0.45,0.47,2026-02-09,1804,N,VIIRS,n,2.0NRT,312.53,4.47,D
-35.44007,-59.35109,336.61,0.43,0.38,2026-02-09,1804,N,VIIRS,n,2.0NRT,300.77,1.43,D
-34.93211,-58.34608,340.95,0.47,0.4,2026-02-09,1804,N,VIIRS,n,2.0NRT,307.39,3.3,D
-34.93307,-58.35123,335.44,0.47,0.4,2026-02-09,1804,N,VIIRS,l,2.0NRT,308.88,3.3,D
-34.92944,-58.35225,335.01,0.47,0.4,2026-02-09,1804,N,VIIRS,l,2.0NRT,308.07,3.19,D
-34.89218,-58.4381,342.1,0.47,0.4,2026-02-09,1804,N,VIIRS,n,2.0NRT,311.57,6.44,D
-34.88855,-58.43908,353.65,0.47,0.4,2026-02-09,1804,N,VIIRS,n,2.0NRT,310.59,6.44,D
-34.8859,-58.44518,348.48,0.47,0.4,2026-02-09,1804,N,VIIRS,n,2.0NRT,310.27,9.04,D
-29.18653,-57.31112,333.35,0.44,0.46,2026-02-09,1806,N,VIIRS,l,2.0NRT,306.56,3.28,D
-35.26353,-65.2623,339.22,0.43,0.38,2026-02-09,1806,N,VIIRS,l,2.0NRT,309.78,4.29,D
-35.25711,-65.26841,339.68,0.43,0.38,2026-02-09,1806,N,VIIRS,n,2.0NRT,309.06,4.26,D
-31.28806,-58.04502,347.41,0.55,0.43,2026-02-09,1806,N,VIIRS,n,2.0NRT,311.08,8.62,D
-31.29072,-58.04711,347.28,0.55,0.43,2026-02-09,1806,N,VIIRS,n,2.0NRT,310.92,6.6,D
-30.55122,-58.06313,347.87,0.57,0.43,2026-02-09,1806,N,VIIRS,n,2.0NRT,305.47,8.28,D
-30.57958,-58.88652,331.37,0.52,0.41,2026-02-09,1806,N,VIIRS,l,2.0NRT,302.86,6.23,D
-30.29664,-58.71627,344.03,0.53,0.42,2026-02-09,1806,N,VIIRS,n,2.0NRT,306.84,6.5,D
-30.29278,-58.71726,335.06,0.53,0.42,2026-02-09,1806,N,VIIRS,n,2.0NRT,302.49,6.5,D
-30.18828,-58.65865,332.89,0.54,0.42,2026-02-09,1806,N,VIIRS,n,2.0NRT,302.8,3.49,D
-30.19045,-58.66984,330.53,0.54,0.42,2026-02-09,1806,N,VIIRS,l,2.0NRT,302.19,5.05,D
-29.73666,-57.80239,367,0.4,0.45,2026-02-09,1806,N,VIIRS,h,2.0NRT,307.59,9.86,D
-29.38895,-57.03169,352.88,0.45,0.47,2026-02-09,1806,N,VIIRS,n,2.0NRT,310.99,9.54,D
-29.38466,-57.03286,341.05,0.45,0.47,2026-02-09,1806,N,VIIRS,l,2.0NRT,314.67,7.17,D
-29.32285,-56.87019,337.17,0.46,0.47,2026-02-09,1806,N,VIIRS,l,2.0NRT,307.27,5.94,D
-29.34303,-56.96493,345.23,0.46,0.47,2026-02-09,1806,N,VIIRS,n,2.0NRT,313.61,14.75,D
-29.34403,-56.96964,353.7,0.46,0.47,2026-02-09,1806,N,VIIRS,n,2.0NRT,310.23,15.64,D
-29.31767,-56.88557,334.56,0.46,0.47,2026-02-09,1806,N,VIIRS,l,2.0NRT,307.68,3.52,D
-29.35222,-57.16283,335.6,0.45,0.47,2026-02-09,1806,N,VIIRS,l,2.0NRT,307.85,1.85,D
-29.35316,-57.16742,330.59,0.45,0.47,2026-02-09,1806,N,VIIRS,l,2.0NRT,304.54,1.85,D
-29.34085,-57.1949,332.93,0.44,0.46,2026-02-09,1806,N,VIIRS,l,2.0NRT,305.3,0.88,D
-29.3366,-57.19604,340.55,0.44,0.46,2026-02-09,1806,N,VIIRS,n,2.0NRT,307.28,3.14,D
-29.62665,-58.88885,340.01,0.54,0.42,2026-02-09,1806,N,VIIRS,n,2.0NRT,302.84,4.23,D
-29.04963,-56.57444,345.65,0.49,0.48,2026-02-09,1806,N,VIIRS,n,2.0NRT,311.86,13.94,D
-29.05177,-56.58442,341.82,0.49,0.48,2026-02-09,1806,N,VIIRS,n,2.0NRT,307.92,2.52,D
-29.04735,-56.58562,343.22,0.49,0.48,2026-02-09,1806,N,VIIRS,n,2.0NRT,310.24,2.52,D
-29.28335,-57.70448,348.01,0.42,0.45,2026-02-09,1806,N,VIIRS,n,2.0NRT,309.35,5.82,D
-29.28424,-57.7088,335.11,0.42,0.45,2026-02-09,1806,N,VIIRS,l,2.0NRT,309.39,5.82,D
-29.19574,-57.30441,349.78,0.44,0.46,2026-02-09,1806,N,VIIRS,n,2.0NRT,310.13,12.71,D
-29.19669,-57.30893,348.56,0.44,0.46,2026-02-09,1806,N,VIIRS,n,2.0NRT,307.6,4.77,D
-29.27921,-57.70557,344.63,0.42,0.45,2026-02-09,1806,N,VIIRS,n,2.0NRT,308.73,8.02,D
-29.19245,-57.31006,337.38,0.44,0.46,2026-02-09,1806,N,VIIRS,l,2.0NRT,309.64,4.77,D
-29.18821,-57.31119,339.25,0.44,0.46,2026-02-09,1806,N,VIIRS,n,2.0NRT,308.45,4.3,D
-30.06211,-62.41094,335.11,0.4,0.37,2026-02-09,1806,N,VIIRS,n,2.0NRT,297.85,5.45,D
-30.06822,-62.44798,335.8,0.4,0.37,2026-02-09,1806,N,VIIRS,n,2.0NRT,297.76,3.48,D
-30.06417,-62.44461,342.17,0.4,0.37,2026-02-09,1806,N,VIIRS,n,2.0NRT,299.23,7.7,D
-30.05876,-62.43299,342.64,0.4,0.37,2026-02-09,1806,N,VIIRS,n,2.0NRT,298.87,28.2,D
-30.05404,-62.42549,346.58,0.4,0.37,2026-02-09,1806,N,VIIRS,n,2.0NRT,299.58,11.67,D
-30.04999,-62.4221,333.53,0.4,0.37,2026-02-09,1806,N,VIIRS,n,2.0NRT,297.24,6.1,D
-30.05067,-62.42622,343.68,0.4,0.37,2026-02-09,1806,N,VIIRS,n,2.0NRT,299.18,11.67,D
-30.02836,-62.39693,336.88,0.4,0.37,2026-02-09,1806,N,VIIRS,n,2.0NRT,295.75,2.86,D
-30.02498,-62.39767,334.89,0.4,0.37,2026-02-09,1806,N,VIIRS,n,2.0NRT,297.46,2.86,D
-30.02567,-62.40179,338.55,0.4,0.37,2026-02-09,1806,N,VIIRS,n,2.0NRT,299.47,2.86,D
-30.02229,-62.40252,339.24,0.4,0.37,2026-02-09,1806,N,VIIRS,n,2.0NRT,297.8,7.89,D
-29.08107,-57.48338,344.95,0.43,0.46,2026-02-09,1806,N,VIIRS,n,2.0NRT,307.73,4.59,D
-29.43396,-59.89793,338.63,0.48,0.4,2026-02-09,1806,N,VIIRS,n,2.0NRT,301.56,4.45,D
-29.15986,-59.55423,338.69,0.51,0.41,2026-02-09,1806,N,VIIRS,n,2.0NRT,302.49,8.62,D
-29.15233,-59.55607,349.8,0.51,0.41,2026-02-09,1806,N,VIIRS,n,2.0NRT,298.6,7.31,D
-29.15331,-59.56128,336.9,0.51,0.41,2026-02-09,1806,N,VIIRS,n,2.0NRT,295.59,7.31,D
-29.71783,-62.78731,341.6,0.39,0.36,2026-02-09,1806,N,VIIRS,n,2.0NRT,296.53,8.48,D
-29.15052,-59.56741,332.59,0.51,0.41,2026-02-09,1806,N,VIIRS,n,2.0NRT,292.58,1.74,D
-29.71448,-62.78802,336.05,0.39,0.36,2026-02-09,1806,N,VIIRS,n,2.0NRT,293.75,3.35,D
-28.92454,-59.26916,330.36,0.53,0.42,2026-02-09,1806,N,VIIRS,l,2.0NRT,301.48,2.43,D
-28.09357,-55.97949,348.66,0.55,0.51,2026-02-09,1806,N,VIIRS,n,2.0NRT,303.45,8.13,D
-28.08891,-55.98087,341.67,0.55,0.51,2026-02-09,1806,N,VIIRS,n,2.0NRT,301.46,8.13,D
-28.18747,-56.503,342.62,0.51,0.49,2026-02-09,1806,N,VIIRS,n,2.0NRT,301.83,31.09,D
-28.18859,-56.50821,336.8,0.51,0.49,2026-02-09,1806,N,VIIRS,n,2.0NRT,301.37,8.22,D
-28.18972,-56.51345,336.91,0.51,0.49,2026-02-09,1806,N,VIIRS,n,2.0NRT,300.3,8.22,D
-28.18294,-56.50423,346.1,0.51,0.49,2026-02-09,1806,N,VIIRS,n,2.0NRT,304.59,31.09,D
-28.18406,-56.50945,342.29,0.51,0.49,2026-02-09,1806,N,VIIRS,n,2.0NRT,300.65,8.22,D
-28.99788,-60.65704,338.73,0.46,0.39,2026-02-09,1806,N,VIIRS,n,2.0NRT,300.92,2.27,D
-28.69242,-59.07322,343.35,0.54,0.42,2026-02-09,1806,N,VIIRS,n,2.0NRT,306.38,11.44,D
-28.39293,-57.8793,342.96,0.42,0.46,2026-02-09,1806,N,VIIRS,n,2.0NRT,301.69,4.54,D
-29.02536,-61.27637,337.14,0.43,0.38,2026-02-09,1806,N,VIIRS,n,2.0NRT,306.52,5.12,D
-29.02613,-61.28082,339.54,0.43,0.38,2026-02-09,1806,N,VIIRS,n,2.0NRT,305.63,5.12,D
-29.03157,-61.3119,343.08,0.43,0.38,2026-02-09,1806,N,VIIRS,n,2.0NRT,306.33,6.03,D
-29.02185,-61.27716,349.69,0.43,0.38,2026-02-09,1806,N,VIIRS,n,2.0NRT,307.1,5.12,D
-27.69849,-55.04983,367,0.32,0.54,2026-02-09,1806,N,VIIRS,h,2.0NRT,300.88,5.78,D
-27.70007,-55.04969,356.14,0.32,0.54,2026-02-09,1806,N,VIIRS,n,2.0NRT,301.25,5.95,D
-28.58926,-59.44024,339.89,0.52,0.42,2026-02-09,1806,N,VIIRS,n,2.0NRT,303.62,8.4,D
-28.58646,-59.44653,330.46,0.52,0.42,2026-02-09,1806,N,VIIRS,n,2.0NRT,299.79,3.66,D
-28.4446,-59.02697,344.19,0.55,0.43,2026-02-09,1806,N,VIIRS,n,2.0NRT,300.12,11.81,D
-28.44069,-59.02794,350.16,0.55,0.43,2026-02-09,1806,N,VIIRS,n,2.0NRT,298.25,11.81,D
-28.44198,-59.02428,333.68,0.55,0.43,2026-02-09,1806,N,VIIRS,n,2.0NRT,300.2,12.68,D
-26.99569,-54.42476,349.64,0.36,0.57,2026-02-09,1808,N,VIIRS,n,2.0NRT,303.34,4.64,D
-27.48312,-57.00807,334.93,0.49,0.49,2026-02-09,1808,N,VIIRS,n,2.0NRT,301.87,7.44,D
-27.46012,-56.94515,330.76,0.5,0.49,2026-02-09,1808,N,VIIRS,l,2.0NRT,301.07,3.51,D
-27.48271,-57.01128,341.11,0.49,0.49,2026-02-09,1808,N,VIIRS,n,2.0NRT,301.69,4.18,D
-28.22603,-59.48027,330.27,0.53,0.42,2026-02-09,1808,N,VIIRS,n,2.0NRT,299.73,3.24,D
-27.45275,-57.00329,338.74,0.5,0.49,2026-02-09,1808,N,VIIRS,n,2.0NRT,300.36,22.63,D
-27.71477,-58.69298,331.95,0.39,0.44,2026-02-09,1808,N,VIIRS,n,2.0NRT,301.93,4.57,D
-27.5447,-57.93624,341.78,0.44,0.46,2026-02-09,1808,N,VIIRS,n,2.0NRT,300.49,5.27,D
-27.54559,-57.94066,332.94,0.44,0.46,2026-02-09,1808,N,VIIRS,n,2.0NRT,301.02,5.27,D
-27.54047,-57.93732,330.79,0.44,0.46,2026-02-09,1808,N,VIIRS,l,2.0NRT,301.49,4.05,D
-27.58247,-58.76332,333.21,0.39,0.44,2026-02-09,1808,N,VIIRS,n,2.0NRT,302.35,1.48,D
-27.5492,-58.95706,337.14,0.38,0.43,2026-02-09,1808,N,VIIRS,n,2.0NRT,303.51,4.79,D
-27.5452,-58.95803,342.22,0.38,0.43,2026-02-09,1808,N,VIIRS,n,2.0NRT,301.6,4.79,D
-27.54916,-58.95677,342.09,0.38,0.44,2026-02-09,1808,N,VIIRS,n,2.0NRT,303.81,3.84,D
-27.54517,-58.95775,341.6,0.38,0.44,2026-02-09,1808,N,VIIRS,n,2.0NRT,301.49,3.84,D
-27.49948,-58.89514,351.91,0.39,0.44,2026-02-09,1808,N,VIIRS,n,2.0NRT,300.82,11.92,D
-27.47178,-59.31619,350.97,0.55,0.43,2026-02-09,1808,N,VIIRS,n,2.0NRT,305.86,17.38,D
-27.44148,-59.2231,333.55,0.56,0.43,2026-02-09,1808,N,VIIRS,n,2.0NRT,302.99,6.08,D
-27.55742,-60.84496,340.44,0.47,0.4,2026-02-09,1808,N,VIIRS,n,2.0NRT,308.02,12.01,D
-27.12383,-58.73593,335.37,0.4,0.44,2026-02-09,1808,N,VIIRS,l,2.0NRT,309.68,8.59,D
-27.00041,-58.79173,343.85,0.4,0.44,2026-02-09,1808,N,VIIRS,n,2.0NRT,304.27,7.31,D
-26.92418,-58.63337,345.19,0.41,0.45,2026-02-09,1808,N,VIIRS,n,2.0NRT,304.4,5.79,D
-26.78883,-58.37047,338.74,0.43,0.46,2026-02-09,1808,N,VIIRS,n,2.0NRT,303.82,5.6,D
-26.93253,-59.70502,340.79,0.54,0.42,2026-02-09,1808,N,VIIRS,n,2.0NRT,304,13.24,D
-26.93322,-59.70731,347.91,0.54,0.42,2026-02-09,1808,N,VIIRS,n,2.0NRT,304.22,9.92,D
-26.63375,-58.28946,367,0.43,0.46,2026-02-09,1808,N,VIIRS,h,2.0NRT,300.23,10.15,D
-26.74535,-59.41808,331.45,0.56,0.43,2026-02-09,1808,N,VIIRS,n,2.0NRT,301.66,2.94,D
-26.59345,-58.65688,348.61,0.41,0.45,2026-02-09,1808,N,VIIRS,n,2.0NRT,299.74,9.18,D
-26.45297,-58.24124,343.36,0.44,0.46,2026-02-09,1808,N,VIIRS,n,2.0NRT,302.31,13.43,D
-26.45387,-58.24564,347.41,0.44,0.46,2026-02-09,1808,N,VIIRS,n,2.0NRT,303.04,10.26,D
-26.70161,-59.70176,336.11,0.54,0.42,2026-02-09,1808,N,VIIRS,n,2.0NRT,302.05,4.67,D
-26.41577,-58.4002,349.02,0.43,0.46,2026-02-09,1808,N,VIIRS,n,2.0NRT,303.8,6.49,D
-26.41664,-58.40453,351.77,0.43,0.46,2026-02-09,1808,N,VIIRS,n,2.0NRT,303.84,6.49,D
-26.41243,-58.40556,332.34,0.43,0.46,2026-02-09,1808,N,VIIRS,n,2.0NRT,298.79,6.49,D
-26.57899,-60.19648,332.22,0.52,0.41,2026-02-09,1808,N,VIIRS,l,2.0NRT,302.37,2.06,D
-26.58133,-60.19867,331.4,0.52,0.41,2026-02-09,1808,N,VIIRS,l,2.0NRT,303.49,3.42,D
-26.1656,-58.10613,330.46,0.45,0.47,2026-02-09,1808,N,VIIRS,n,2.0NRT,300.45,3.14,D
-26.62025,-61.36919,351.32,0.46,0.39,2026-02-09,1808,N,VIIRS,n,2.0NRT,316.43,12.67,D
-26.62108,-61.37378,343.44,0.46,0.39,2026-02-09,1808,N,VIIRS,n,2.0NRT,313.06,12.67,D
-26.61666,-61.36999,354.45,0.46,0.39,2026-02-09,1808,N,VIIRS,n,2.0NRT,314.2,12.67,D
-26.19257,-59.1609,336.88,0.4,0.44,2026-02-09,1808,N,VIIRS,l,2.0NRT,309.34,5.55,D
-26.18852,-59.16186,340.92,0.4,0.44,2026-02-09,1808,N,VIIRS,l,2.0NRT,315.25,12.63,D
-26.1893,-59.16581,348.42,0.4,0.44,2026-02-09,1808,N,VIIRS,n,2.0NRT,314.23,7.61,D
-26.18526,-59.16678,335.91,0.4,0.44,2026-02-09,1808,N,VIIRS,l,2.0NRT,310.86,7.61,D
-26.48716,-61.21394,350.65,0.47,0.39,2026-02-09,1808,N,VIIRS,n,2.0NRT,307.97,12.28,D
-26.48185,-61.2054,343.58,0.47,0.39,2026-02-09,1808,N,VIIRS,n,2.0NRT,307.48,7.08,D
-26.48269,-61.21008,347.37,0.47,0.39,2026-02-09,1808,N,VIIRS,n,2.0NRT,307.67,7.08,D
-26.28702,-60.30637,336.28,0.52,0.41,2026-02-09,1808,N,VIIRS,l,2.0NRT,309.3,10.67,D
-25.98413,-59.40196,345.98,0.39,0.44,2026-02-09,1808,N,VIIRS,n,2.0NRT,304.24,14.94,D
-25.78628,-58.41091,342.19,0.44,0.46,2026-02-09,1808,N,VIIRS,n,2.0NRT,305.53,6.36,D
-26.86459,-64.562,337.63,0.38,0.36,2026-02-09,1808,N,VIIRS,n,2.0NRT,301.59,3.49,D
-25.79489,-58.91532,334.65,0.41,0.45,2026-02-09,1808,N,VIIRS,n,2.0NRT,299.76,5.1,D
-25.79997,-59.07716,346.75,0.41,0.45,2026-02-09,1808,N,VIIRS,n,2.0NRT,301.89,6.99,D
-25.79257,-59.08316,348.64,0.41,0.45,2026-02-09,1808,N,VIIRS,n,2.0NRT,304.05,6.16,D
-25.79336,-59.0872,335.6,0.41,0.45,2026-02-09,1808,N,VIIRS,n,2.0NRT,303.27,6.16,D
-25.78847,-59.08413,347.23,0.41,0.45,2026-02-09,1808,N,VIIRS,n,2.0NRT,302.1,3.25,D
-25.64977,-58.51751,351.4,0.44,0.46,2026-02-09,1808,N,VIIRS,n,2.0NRT,306.54,5.11,D
-25.64552,-58.51853,332.39,0.44,0.46,2026-02-09,1808,N,VIIRS,l,2.0NRT,304.16,5.11,D
-25.64641,-58.5229,342.3,0.44,0.46,2026-02-09,1808,N,VIIRS,n,2.0NRT,308.15,5.11,D
-25.5091,-57.87378,337.23,0.48,0.48,2026-02-09,1808,N,VIIRS,l,2.0NRT,307.38,7.27,D
-25.51162,-57.90835,367,0.48,0.48,2026-02-09,1808,N,VIIRS,h,2.0NRT,309.92,13.25,D
-25.50468,-57.87487,338.83,0.48,0.48,2026-02-09,1808,N,VIIRS,l,2.0NRT,309.71,7.27,D
-25.50567,-57.87967,336.77,0.48,0.48,2026-02-09,1808,N,VIIRS,l,2.0NRT,308.76,10.17,D
-25.50721,-57.90943,341.12,0.48,0.48,2026-02-09,1808,N,VIIRS,n,2.0NRT,309.3,5.41,D
-25.49938,-57.91637,342.3,0.48,0.48,2026-02-09,1808,N,VIIRS,n,2.0NRT,311.41,9.08,D
-25.50037,-57.92115,340.41,0.48,0.48,2026-02-09,1808,N,VIIRS,n,2.0NRT,308.67,7.11,D
-26.07284,-60.94685,336.78,0.48,0.4,2026-02-09,1808,N,VIIRS,l,2.0NRT,307.24,6.37,D
-26.04569,-61.24067,340.22,0.47,0.4,2026-02-09,1808,N,VIIRS,n,2.0NRT,309.67,10.25,D
-26.33284,-62.88469,334.7,0.41,0.37,2026-02-09,1808,N,VIIRS,l,2.0NRT,308.04,12.76,D
-26.32942,-62.8854,355.9,0.41,0.37,2026-02-09,1808,N,VIIRS,n,2.0NRT,312.54,12.76,D
-25.30473,-58.27289,352.17,0.46,0.47,2026-02-09,1808,N,VIIRS,n,2.0NRT,303.48,9.41,D
-25.54994,-59.54014,339.06,0.39,0.44,2026-02-09,1808,N,VIIRS,l,2.0NRT,311.72,7.6,D
-25.27656,-58.31327,344.58,0.46,0.47,2026-02-09,1808,N,VIIRS,n,2.0NRT,302.5,6.54,D
-25.27749,-58.31783,342.66,0.46,0.47,2026-02-09,1808,N,VIIRS,n,2.0NRT,302,6.54,D
-25.27224,-58.31432,332.32,0.46,0.47,2026-02-09,1808,N,VIIRS,l,2.0NRT,304.73,5.07,D
-25.27317,-58.31888,344.16,0.46,0.47,2026-02-09,1808,N,VIIRS,n,2.0NRT,304.02,5.07,D
-25.26791,-58.31537,332.84,0.46,0.47,2026-02-09,1808,N,VIIRS,n,2.0NRT,302.41,5.07,D
-25.09518,-57.89232,330.7,0.49,0.49,2026-02-09,1808,N,VIIRS,l,2.0NRT,305.06,3.55,D
-25.09987,-58.24805,331.68,0.47,0.47,2026-02-09,1808,N,VIIRS,l,2.0NRT,303.58,1.53,D
-25.67238,-61.37392,337.45,0.47,0.4,2026-02-09,1808,N,VIIRS,l,2.0NRT,308.69,10.89,D
-25.05439,-58.24932,331.61,0.47,0.48,2026-02-09,1808,N,VIIRS,l,2.0NRT,302.65,10.87,D
-25.90123,-63.85769,336,0.39,0.36,2026-02-09,1808,N,VIIRS,l,2.0NRT,306.21,4.41,D
-25.89724,-63.85442,336.98,0.39,0.36,2026-02-09,1808,N,VIIRS,l,2.0NRT,310.55,4.99,D
-25.14941,-59.70167,337.45,0.39,0.44,2026-02-09,1808,N,VIIRS,n,2.0NRT,307.32,9.88,D
-24.84848,-60.69175,349.36,0.52,0.41,2026-02-09,1808,N,VIIRS,n,2.0NRT,307.78,33.67,D
-24.8437,-60.68746,335.15,0.52,0.41,2026-02-09,1808,N,VIIRS,n,2.0NRT,300.03,5.29,D
-24.84467,-60.6926,350.32,0.52,0.41,2026-02-09,1808,N,VIIRS,n,2.0NRT,306.29,33.67,D
-24.83989,-60.6883,336.16,0.52,0.41,2026-02-09,1808,N,VIIRS,l,2.0NRT,309.34,8.1,D
-24.83227,-60.68998,343.04,0.52,0.41,2026-02-09,1808,N,VIIRS,l,2.0NRT,314.67,41.31,D
-24.82846,-60.69082,349.38,0.52,0.41,2026-02-09,1808,N,VIIRS,n,2.0NRT,310.49,41.31,D
-24.8343,-60.68727,334.3,0.52,0.41,2026-02-09,1808,N,VIIRS,l,2.0NRT,306.75,62.84,D
-24.83143,-60.69326,334.94,0.52,0.41,2026-02-09,1808,N,VIIRS,l,2.0NRT,308.86,13.31,D
-24.82668,-60.68896,340.95,0.52,0.41,2026-02-09,1808,N,VIIRS,n,2.0NRT,305.96,4.5,D
-24.55364,-60.36924,335.11,0.54,0.42,2026-02-09,1808,N,VIIRS,n,2.0NRT,302.93,4.31,D
-24.04263,-61.05966,333.46,0.51,0.41,2026-02-09,1808,N,VIIRS,l,2.0NRT,306.18,5.91,D
-24.04356,-61.06468,334.87,0.51,0.41,2026-02-09,1808,N,VIIRS,l,2.0NRT,305.87,5.91,D
-48.12271,-69.29974,357.14,0.34,0.56,2026-02-09,1942,N,VIIRS,n,2.0NRT,286.36,5.92,D
-48.12327,-69.29802,342.42,0.34,0.56,2026-02-09,1942,N,VIIRS,n,2.0NRT,287.36,4.26,D
-48.1183,-69.30099,347.87,0.34,0.56,2026-02-09,1942,N,VIIRS,n,2.0NRT,283.37,4.26,D
-46.7998,-67.91381,340.11,0.43,0.62,2026-02-09,1942,N,VIIRS,n,2.0NRT,301.18,2.7,D
-42.69053,-71.54654,353.89,0.4,0.6,2026-02-09,1944,N,VIIRS,n,2.0NRT,293.71,8.46,D
-42.686,-71.55198,336.84,0.4,0.6,2026-02-09,1944,N,VIIRS,n,2.0NRT,285.78,4.61,D
-42.68443,-71.5465,356.44,0.4,0.6,2026-02-09,1944,N,VIIRS,l,2.0NRT,287.87,11.11,D
-37.42664,-69.17147,336.29,0.72,0.76,2026-02-09,1944,N,VIIRS,n,2.0NRT,304.25,4.16,D
-37.43169,-69.17306,331.4,0.72,0.76,2026-02-09,1944,N,VIIRS,l,2.0NRT,304.45,3.87,D
-33.25526,-60.28745,330.1,0.47,0.39,2026-02-10,0522,N,VIIRS,n,2.0NRT,294.52,2.41,N
-32.31744,-59.09377,302.6,0.51,0.41,2026-02-10,0522,N,VIIRS,n,2.0NRT,288.98,0.69,N
-32.38902,-59.02051,308.05,0.52,0.41,2026-02-10,0522,N,VIIRS,n,2.0NRT,290.9,1.49,N
-32.39289,-59.02114,328.81,0.52,0.41,2026-02-10,0522,N,VIIRS,n,2.0NRT,289.85,3.84,N
-33.25895,-59.27298,299.31,0.52,0.41,2026-02-10,0522,N,VIIRS,n,2.0NRT,288.44,0.56,N
-33.2559,-60.28234,307.03,0.47,0.39,2026-02-10,0522,N,VIIRS,n,2.0NRT,292.74,2.41,N
-33.25893,-60.28812,303.8,0.47,0.39,2026-02-10,0522,N,VIIRS,n,2.0NRT,290.64,2.41,N
-33.36694,-60.1627,323.23,0.47,0.4,2026-02-10,0522,N,VIIRS,n,2.0NRT,292.96,2.54,N
-33.36821,-60.15241,306.11,0.47,0.4,2026-02-10,0522,N,VIIRS,n,2.0NRT,292.36,2.08,N
-33.37127,-60.15824,305.67,0.47,0.4,2026-02-10,0522,N,VIIRS,n,2.0NRT,292.48,1.42,N
-33.37624,-60.14857,314.41,0.47,0.4,2026-02-10,0522,N,VIIRS,n,2.0NRT,291.93,2.28,N
-33.63532,-58.92007,331.5,0.54,0.42,2026-02-10,0522,N,VIIRS,n,2.0NRT,287.76,4.43,N
-33.97821,-58.86243,333.72,0.55,0.43,2026-02-10,0522,N,VIIRS,n,2.0NRT,288.43,5.15,N
-32.73682,-68.84453,303.2,0.51,0.41,2026-02-10,0522,N,VIIRS,n,2.0NRT,292.8,1.3,N
-34.70061,-58.97089,302.66,0.55,0.43,2026-02-10,0522,N,VIIRS,n,2.0NRT,289.36,1.02,N
-34.85689,-57.89216,336.1,0.42,0.45,2026-02-10,0522,N,VIIRS,n,2.0NRT,293.54,4.24,N
-34.82718,-58.3372,315.92,0.4,0.44,2026-02-10,0522,N,VIIRS,n,2.0NRT,289.18,1.37,N
-33.82189,-69.05036,309.52,0.5,0.41,2026-02-10,0522,N,VIIRS,n,2.0NRT,284.69,1.3,N
-24.7201,-60.37534,322.19,0.4,0.37,2026-02-10,0522,N,VIIRS,n,2.0NRT,270.08,2.47,N
-25.09401,-58.24687,345.14,0.47,0.4,2026-02-10,0522,N,VIIRS,n,2.0NRT,294.99,7.91,N
-25.09465,-58.24214,342.55,0.47,0.4,2026-02-10,0522,N,VIIRS,n,2.0NRT,294.66,3.94,N
-25.09833,-58.24274,314.94,0.47,0.4,2026-02-10,0522,N,VIIRS,n,2.0NRT,293.7,3.94,N
-26.01972,-54.65277,323.68,0.51,0.49,2026-02-10,0522,N,VIIRS,n,2.0NRT,292.41,3.16,N
-25.98241,-59.40245,314.75,0.43,0.38,2026-02-10,0522,N,VIIRS,n,2.0NRT,294.68,2.26,N
-25.98594,-59.40306,327.29,0.43,0.38,2026-02-10,0522,N,VIIRS,n,2.0NRT,294.66,2.26,N
-25.47817,-63.33872,309.3,0.39,0.37,2026-02-10,0522,N,VIIRS,n,2.0NRT,289.87,2.46,N
-26.56098,-58.3186,322.58,0.48,0.4,2026-02-10,0522,N,VIIRS,n,2.0NRT,292.6,2.56,N
-26.49825,-59.3221,313.37,0.44,0.38,2026-02-10,0522,N,VIIRS,n,2.0NRT,292.8,3.52,N
-25.9009,-63.86084,313.17,0.4,0.37,2026-02-10,0522,N,VIIRS,n,2.0NRT,285.01,2.3,N
-25.90159,-63.85681,316.49,0.4,0.37,2026-02-10,0522,N,VIIRS,n,2.0NRT,285.55,2.3,N
-25.90228,-63.85279,305.09,0.4,0.37,2026-02-10,0522,N,VIIRS,n,2.0NRT,284.84,0.44,N
-25.9043,-63.86154,342.3,0.4,0.37,2026-02-10,0522,N,VIIRS,n,2.0NRT,286.38,2.3,N
-25.90499,-63.85752,321.69,0.4,0.37,2026-02-10,0522,N,VIIRS,n,2.0NRT,285.7,2.3,N
-25.9077,-63.86226,309.54,0.4,0.37,2026-02-10,0522,N,VIIRS,n,2.0NRT,284.76,1.74,N
-25.90839,-63.85823,317.91,0.4,0.37,2026-02-10,0522,N,VIIRS,n,2.0NRT,285.99,1.74,N
-25.90908,-63.85421,306.33,0.4,0.37,2026-02-10,0522,N,VIIRS,n,2.0NRT,285.27,0.39,N
-25.9111,-63.86296,322.86,0.4,0.37,2026-02-10,0522,N,VIIRS,n,2.0NRT,285.19,1.74,N
-25.91179,-63.85894,325.91,0.4,0.37,2026-02-10,0522,N,VIIRS,n,2.0NRT,285.84,1.74,N
-25.9145,-63.86367,321.43,0.4,0.37,2026-02-10,0522,N,VIIRS,n,2.0NRT,284.51,1.92,N
-27.68314,-60.32841,307.1,0.42,0.37,2026-02-10,0522,N,VIIRS,n,2.0NRT,291.03,0.73,N
-27.68661,-60.32903,317.85,0.42,0.37,2026-02-10,0522,N,VIIRS,n,2.0NRT,291.01,0.73,N
-27.55872,-66.32539,306.85,0.47,0.4,2026-02-10,0522,N,VIIRS,n,2.0NRT,289.02,1.26,N
-28.77093,-59.64747,305.68,0.45,0.39,2026-02-10,0522,N,VIIRS,n,2.0NRT,291.28,0.59,N
-37.15581,-69.6568,309.98,0.47,0.4,2026-02-10,0525,N,VIIRS,n,2.0NRT,288.62,3.48,N
-37.15218,-69.65569,331.32,0.47,0.4,2026-02-10,0525,N,VIIRS,n,2.0NRT,293.68,3.48,N
-37.15464,-69.65517,318.77,0.47,0.4,2026-02-10,0525,N,VIIRS,n,2.0NRT,289.98,4.14,N
-37.15362,-69.66043,329.67,0.47,0.4,2026-02-10,0525,N,VIIRS,n,2.0NRT,291.2,4.14,N
-37.14998,-69.65932,307.64,0.47,0.4,2026-02-10,0525,N,VIIRS,n,2.0NRT,289.06,4.14,N
-37.14168,-69.66241,305.52,0.47,0.4,2026-02-10,0525,N,VIIRS,n,2.0NRT,289.03,0.71,N
-37.08562,-69.47705,320.91,0.47,0.39,2026-02-10,0525,N,VIIRS,n,2.0NRT,288.75,1.97,N
-37.03958,-60.29763,311.52,0.51,0.41,2026-02-10,0525,N,VIIRS,n,2.0NRT,291.16,1.75,N
-36.99102,-60.27707,300.61,0.51,0.41,2026-02-10,0525,N,VIIRS,n,2.0NRT,290.31,0.77,N
-36.98278,-60.24582,312.26,0.51,0.41,2026-02-10,0525,N,VIIRS,n,2.0NRT,291.07,1.73,N
-36.9817,-60.24493,306.38,0.51,0.41,2026-02-10,0525,N,VIIRS,n,2.0NRT,290.94,0.95,N
-30.4379,-63.84281,307.31,0.39,0.36,2026-02-10,0525,N,VIIRS,n,2.0NRT,289.08,0.91,N
-31.3538,-58.07072,304.01,0.56,0.43,2026-02-10,0525,N,VIIRS,n,2.0NRT,290.75,0.75,N
-31.35399,-58.07104,303.81,0.56,0.43,2026-02-10,0525,N,VIIRS,n,2.0NRT,290.73,0.75,N
-31.21841,-64.03544,310.78,0.39,0.36,2026-02-10,0525,N,VIIRS,n,2.0NRT,289.91,0.97,N
-39.22713,-62.09406,303.78,0.46,0.39,2026-02-10,0525,N,VIIRS,n,2.0NRT,290.31,0.85,N
-39.24401,-62.1085,317.63,0.46,0.39,2026-02-10,0525,N,VIIRS,n,2.0NRT,291.1,1.92,N
-39.22842,-62.09236,302.85,0.46,0.39,2026-02-10,0525,N,VIIRS,n,2.0NRT,290.64,1.14,N
-39.25026,-62.08782,310.18,0.46,0.39,2026-02-10,0525,N,VIIRS,n,2.0NRT,290.65,1.2,N
-38.28702,-68.74963,315.13,0.43,0.38,2026-02-10,0525,N,VIIRS,n,2.0NRT,286.13,1.38,N
-39.21857,-62.10328,325.47,0.46,0.39,2026-02-10,0525,N,VIIRS,n,2.0NRT,291.44,1.39,N
-39.21662,-62.11933,301.93,0.45,0.39,2026-02-10,0525,N,VIIRS,n,2.0NRT,290.07,0.49,N
-39.21792,-62.10863,303.12,0.46,0.39,2026-02-10,0525,N,VIIRS,n,2.0NRT,290.18,1.08,N
-39.2222,-62.10403,310.55,0.46,0.39,2026-02-10,0525,N,VIIRS,n,2.0NRT,290.48,1.39,N
-39.22285,-62.09867,309.87,0.46,0.39,2026-02-10,0525,N,VIIRS,n,2.0NRT,290.85,1.39,N
-39.22344,-62.10231,321.6,0.46,0.39,2026-02-10,0525,N,VIIRS,n,2.0NRT,290.84,1.84,N
-39.21981,-62.10156,307.01,0.46,0.39,2026-02-10,0525,N,VIIRS,n,2.0NRT,290.74,1.76,N
-39.21914,-62.10691,326.13,0.45,0.39,2026-02-10,0525,N,VIIRS,n,2.0NRT,291.2,1.76,N
-39.21349,-62.1222,326.02,0.45,0.39,2026-02-10,0525,N,VIIRS,n,2.0NRT,291.34,2.84,N
-39.20986,-62.12144,301.67,0.45,0.39,2026-02-10,0525,N,VIIRS,n,2.0NRT,290.67,1.83,N
-39.20919,-62.12678,330.19,0.45,0.39,2026-02-10,0525,N,VIIRS,n,2.0NRT,291.92,1.83,N
-38.78235,-62.28273,308.17,0.44,0.39,2026-02-10,0525,N,VIIRS,n,2.0NRT,291.98,1.14,N
-37.69042,-68.92037,300.29,0.44,0.38,2026-02-10,0525,N,VIIRS,n,2.0NRT,283.49,0.57,N
-38.68436,-62.4143,308.36,0.44,0.38,2026-02-10,0525,N,VIIRS,n,2.0NRT,290.3,0.8,N
-37.47962,-69.37561,302.55,0.46,0.39,2026-02-10,0525,N,VIIRS,n,2.0NRT,272.07,0.63,N
-37.52967,-69.09393,317.66,0.45,0.39,2026-02-10,0525,N,VIIRS,n,2.0NRT,287.21,1.8,N
-37.42762,-69.1748,328.07,0.45,0.39,2026-02-10,0525,N,VIIRS,n,2.0NRT,288.62,5.04,N
-37.41336,-69.17067,310.19,0.45,0.39,2026-02-10,0525,N,VIIRS,n,2.0NRT,287.93,0.95,N
-37.40979,-69.16964,309.13,0.45,0.39,2026-02-10,0525,N,VIIRS,n,2.0NRT,287.42,0.95,N
-42.62119,-71.50066,297.73,0.46,0.39,2026-02-10,0527,N,VIIRS,n,2.0NRT,277.58,1.71,N
-42.27172,-71.57453,315.74,0.47,0.39,2026-02-10,0527,N,VIIRS,n,2.0NRT,280.89,2.17,N
-42.36936,-71.52887,317.35,0.46,0.39,2026-02-10,0527,N,VIIRS,n,2.0NRT,275.87,1.21,N
-42.57034,-71.71614,296.24,0.47,0.4,2026-02-10,0527,N,VIIRS,n,2.0NRT,274.81,0.95,N
-42.57153,-71.71023,295.39,0.47,0.4,2026-02-10,0527,N,VIIRS,n,2.0NRT,276.8,0.97,N
-42.57405,-71.71688,337.82,0.47,0.4,2026-02-10,0527,N,VIIRS,n,2.0NRT,279.43,4.03,N
-42.5778,-71.71745,315.58,0.47,0.4,2026-02-10,0527,N,VIIRS,n,2.0NRT,276.09,4.03,N
-42.62009,-71.50621,306.09,0.46,0.39,2026-02-10,0527,N,VIIRS,n,2.0NRT,276.09,2.09,N
-42.62371,-71.50725,325.45,0.46,0.39,2026-02-10,0527,N,VIIRS,n,2.0NRT,275.26,3.02,N
-42.62483,-71.50161,300.74,0.46,0.39,2026-02-10,0527,N,VIIRS,n,2.0NRT,277.34,2.61,N
-42.63168,-71.48639,320.31,0.46,0.39,2026-02-10,0527,N,VIIRS,n,2.0NRT,278.87,3.39,N
-42.62733,-71.50832,319.46,0.46,0.39,2026-02-10,0527,N,VIIRS,n,2.0NRT,275.75,3.02,N
-42.64203,-71.47276,297.66,0.46,0.39,2026-02-10,0527,N,VIIRS,n,2.0NRT,276.19,1.11,N
-42.67271,-71.39466,315,0.45,0.39,2026-02-10,0527,N,VIIRS,n,2.0NRT,274.02,2.38,N
-42.67625,-71.39604,302.57,0.45,0.39,2026-02-10,0527,N,VIIRS,n,2.0NRT,273.53,2.07,N
-39.4113,-62.86282,344.88,0.39,0.44,2026-02-10,1745,N,VIIRS,n,2.0NRT,307.3,4.43,D
-38.77619,-68.0509,337.25,0.36,0.57,2026-02-10,1745,N,VIIRS,l,2.0NRT,309.66,3.46,D
-38.77642,-68.05517,344.78,0.36,0.57,2026-02-10,1745,N,VIIRS,n,2.0NRT,309.72,3.46,D
-36.93114,-57.39114,343.13,0.38,0.36,2026-02-10,1745,N,VIIRS,l,2.0NRT,316.4,5.42,D
-36.77542,-59.90115,346.05,0.42,0.38,2026-02-10,1745,N,VIIRS,n,2.0NRT,316.94,4.67,D
-37.48107,-69.37811,346.04,0.41,0.61,2026-02-10,1745,N,VIIRS,n,2.0NRT,310.86,2.39,D
-37.42912,-69.17385,342.72,0.4,0.6,2026-02-10,1745,N,VIIRS,n,2.0NRT,310.89,3.65,D
-36.64068,-61.60128,335.79,0.48,0.4,2026-02-10,1745,N,VIIRS,n,2.0NRT,305.29,3.66,D
-35.56542,-58.8988,332.79,0.39,0.36,2026-02-10,1745,N,VIIRS,n,2.0NRT,306.72,0.77,D
-35.01155,-57.99519,337.21,0.38,0.36,2026-02-10,1745,N,VIIRS,n,2.0NRT,306.7,3.57,D
-34.94743,-58.02697,336.31,0.38,0.36,2026-02-10,1745,N,VIIRS,l,2.0NRT,309.6,2,D
-34.95457,-58.26551,339.07,0.39,0.36,2026-02-10,1745,N,VIIRS,n,2.0NRT,310.43,1.3,D
-34.8714,-58.64743,344.38,0.39,0.36,2026-02-10,1745,N,VIIRS,n,2.0NRT,312.91,3.41,D
-34.86805,-58.64814,337.24,0.39,0.36,2026-02-10,1745,N,VIIRS,l,2.0NRT,312.05,3.41,D
-34.83477,-58.63326,343.92,0.39,0.36,2026-02-10,1745,N,VIIRS,n,2.0NRT,314.34,5.53,D
-34.83539,-58.63753,339.43,0.39,0.36,2026-02-10,1745,N,VIIRS,l,2.0NRT,314.13,4.17,D
-34.73772,-58.35442,349.42,0.39,0.36,2026-02-10,1745,N,VIIRS,n,2.0NRT,304.43,2.87,D
-34.74047,-58.48959,339.28,0.39,0.36,2026-02-10,1745,N,VIIRS,l,2.0NRT,310.67,2.85,D
-34.71887,-58.69633,338.94,0.39,0.36,2026-02-10,1745,N,VIIRS,l,2.0NRT,312.97,5.16,D
-34.7618,-59.26786,337.55,0.4,0.37,2026-02-10,1745,N,VIIRS,n,2.0NRT,310.9,2.91,D
-34.76241,-59.27222,339.17,0.4,0.37,2026-02-10,1745,N,VIIRS,n,2.0NRT,313.24,3.92,D
-34.75841,-59.26856,367,0.4,0.37,2026-02-10,1745,N,VIIRS,h,2.0NRT,316.45,13.45,D
-34.75779,-59.26421,340.21,0.4,0.37,2026-02-10,1745,N,VIIRS,n,2.0NRT,310.83,13.45,D
-34.75902,-59.27292,347.36,0.4,0.37,2026-02-10,1745,N,VIIRS,n,2.0NRT,316.82,9.76,D
-34.75502,-59.26926,351.4,0.4,0.37,2026-02-10,1745,N,VIIRS,n,2.0NRT,320.07,13.45,D
-34.75563,-59.27362,345.94,0.4,0.37,2026-02-10,1745,N,VIIRS,n,2.0NRT,316.72,9.76,D
-34.75163,-59.26996,367,0.4,0.37,2026-02-10,1745,N,VIIRS,h,2.0NRT,316.26,10.22,D
-34.75225,-59.27432,343.93,0.4,0.37,2026-02-10,1745,N,VIIRS,n,2.0NRT,314.26,4.09,D
-34.63367,-58.54678,336.79,0.39,0.36,2026-02-10,1745,N,VIIRS,l,2.0NRT,309.34,3.04,D
-34.53257,-58.54608,335.43,0.39,0.36,2026-02-10,1745,N,VIIRS,l,2.0NRT,307.23,1.88,D
-34.50077,-58.83252,332.92,0.39,0.36,2026-02-10,1745,N,VIIRS,l,2.0NRT,306.62,1.57,D
-34.49742,-58.83323,337.31,0.39,0.36,2026-02-10,1745,N,VIIRS,n,2.0NRT,307.2,1.57,D
-34.49804,-58.83749,336.23,0.39,0.36,2026-02-10,1745,N,VIIRS,l,2.0NRT,308.15,1.95,D
-35.25473,-65.26047,335.03,0.47,0.48,2026-02-10,1745,N,VIIRS,l,2.0NRT,307.61,4.07,D
-35.2557,-65.27103,334.43,0.47,0.48,2026-02-10,1745,N,VIIRS,l,2.0NRT,306.71,6.82,D
-34.97527,-67.72852,367,0.32,0.54,2026-02-10,1745,N,VIIRS,h,2.0NRT,316.07,20.21,D
-34.97552,-67.73211,367,0.32,0.54,2026-02-10,1745,N,VIIRS,h,2.0NRT,314.28,13.99,D
-34.97015,-67.72904,355.12,0.32,0.54,2026-02-10,1745,N,VIIRS,n,2.0NRT,313.66,5.76,D
-33.97857,-58.85914,339.36,0.39,0.36,2026-02-10,1745,N,VIIRS,n,2.0NRT,309.28,6.16,D
-33.97919,-58.86337,347.35,0.39,0.36,2026-02-10,1745,N,VIIRS,n,2.0NRT,310.64,11.81,D
-33.63897,-58.91869,341.86,0.39,0.36,2026-02-10,1745,N,VIIRS,l,2.0NRT,315.42,5.92,D
-33.63562,-58.91939,355.54,0.39,0.36,2026-02-10,1745,N,VIIRS,n,2.0NRT,317.17,25.8,D
-33.52748,-59.96808,344.24,0.4,0.37,2026-02-10,1745,N,VIIRS,n,2.0NRT,305.57,3.42,D
-33.28508,-59.28739,348.22,0.39,0.36,2026-02-10,1745,N,VIIRS,n,2.0NRT,314.66,32.09,D
-33.28569,-59.2916,348.54,0.39,0.36,2026-02-10,1745,N,VIIRS,n,2.0NRT,318.23,32.09,D
-33.2863,-59.29582,336.74,0.39,0.36,2026-02-10,1745,N,VIIRS,l,2.0NRT,310.93,4.22,D
-33.28172,-59.28807,356.59,0.39,0.36,2026-02-10,1745,N,VIIRS,n,2.0NRT,316.3,32.09,D
-33.28294,-59.29651,340.02,0.39,0.36,2026-02-10,1745,N,VIIRS,l,2.0NRT,314.84,4.22,D
-33.25849,-59.27112,340.07,0.39,0.36,2026-02-10,1745,N,VIIRS,l,2.0NRT,314.98,4.62,D
-33.2591,-59.27533,341.51,0.39,0.36,2026-02-10,1745,N,VIIRS,l,2.0NRT,315.86,4.9,D
-33.25971,-59.27954,346.48,0.39,0.36,2026-02-10,1745,N,VIIRS,n,2.0NRT,315.41,4.9,D
-33.26032,-59.28377,347.08,0.39,0.36,2026-02-10,1745,N,VIIRS,n,2.0NRT,312.43,7.01,D
-33.25513,-59.27181,340.99,0.39,0.36,2026-02-10,1745,N,VIIRS,l,2.0NRT,312.67,4.74,D
-33.25635,-59.28024,354.45,0.39,0.36,2026-02-10,1745,N,VIIRS,n,2.0NRT,312.89,6.4,D
-33.37928,-60.20184,341.48,0.41,0.37,2026-02-10,1745,N,VIIRS,n,2.0NRT,312.43,6,D
-33.04877,-58.53634,367,0.38,0.36,2026-02-10,1745,N,VIIRS,h,2.0NRT,313,5.69,D
-33.04939,-58.54048,349.92,0.38,0.36,2026-02-10,1745,N,VIIRS,n,2.0NRT,312.35,5.69,D
-33.04606,-58.54119,338.05,0.38,0.36,2026-02-10,1745,N,VIIRS,n,2.0NRT,310.44,5.04,D
-33.25828,-60.28307,344.2,0.41,0.37,2026-02-10,1745,N,VIIRS,n,2.0NRT,312.75,6.97,D
-33.00211,-58.54627,338.34,0.38,0.36,2026-02-10,1745,N,VIIRS,l,2.0NRT,310.41,2.81,D
-33.07925,-59.5494,346.73,0.39,0.36,2026-02-10,1745,N,VIIRS,n,2.0NRT,317.17,4.52,D
-32.88644,-60.03333,335.42,0.4,0.37,2026-02-10,1745,N,VIIRS,n,2.0NRT,308.33,1.45,D
-32.88244,-60.0297,345.65,0.4,0.37,2026-02-10,1745,N,VIIRS,n,2.0NRT,311.93,10.32,D
-32.88304,-60.03401,351.64,0.4,0.37,2026-02-10,1745,N,VIIRS,n,2.0NRT,314.05,10.32,D
-31.88408,-59.33024,341.92,0.39,0.36,2026-02-10,1745,N,VIIRS,l,2.0NRT,314.76,3.97,D
-33.03142,-68.75964,334.77,0.35,0.57,2026-02-10,1745,N,VIIRS,l,2.0NRT,307.93,2.46,D
-31.99036,-59.07763,346.43,0.39,0.36,2026-02-10,1745,N,VIIRS,n,2.0NRT,313.33,6.44,D
-32.01768,-59.07624,341.67,0.39,0.36,2026-02-10,1745,N,VIIRS,l,2.0NRT,311.84,3.57,D
-33.12297,-68.50307,342.04,0.34,0.56,2026-02-10,1745,N,VIIRS,n,2.0NRT,309.62,4.09,D
-33.12197,-68.50276,340.09,0.34,0.56,2026-02-10,1745,N,VIIRS,n,2.0NRT,308.84,3.47,D
-32.22703,-59.12347,345.56,0.39,0.36,2026-02-10,1745,N,VIIRS,n,2.0NRT,314.28,6.79,D
-32.22976,-59.11866,341.66,0.39,0.36,2026-02-10,1745,N,VIIRS,l,2.0NRT,314.46,10.64,D
-32.32384,-59.09549,367,0.39,0.36,2026-02-10,1745,N,VIIRS,l,2.0NRT,326.23,103,D
-32.32718,-59.09481,342.61,0.39,0.36,2026-02-10,1745,N,VIIRS,n,2.0NRT,312.23,5.76,D
-32.74154,-61.98463,330.02,0.46,0.39,2026-02-10,1745,N,VIIRS,l,2.0NRT,300.52,0.84,D
-32.79136,-60.37084,338.63,0.41,0.37,2026-02-10,1745,N,VIIRS,n,2.0NRT,305.48,3.84,D
-32.8119,-60.24714,336.75,0.4,0.37,2026-02-10,1745,N,VIIRS,l,2.0NRT,310.39,3.99,D
-32.61237,-58.4901,347.81,0.38,0.36,2026-02-10,1745,N,VIIRS,n,2.0NRT,313.14,6.04,D
-32.61174,-58.48599,342.02,0.38,0.36,2026-02-10,1745,N,VIIRS,n,2.0NRT,311.95,7.65,D
-32.61508,-58.48528,367,0.38,0.36,2026-02-10,1745,N,VIIRS,l,2.0NRT,330.72,32.74,D
-32.6157,-58.48939,354.49,0.38,0.36,2026-02-10,1745,N,VIIRS,n,2.0NRT,327.93,30.24,D
-32.61841,-58.48457,353.62,0.38,0.36,2026-02-10,1745,N,VIIRS,l,2.0NRT,337.33,32.74,D
-32.61778,-58.48045,344.72,0.38,0.36,2026-02-10,1745,N,VIIRS,l,2.0NRT,318.03,32.74,D
-32.62111,-58.47975,343.64,0.38,0.36,2026-02-10,1745,N,VIIRS,l,2.0NRT,317.24,47.42,D
-32.87342,-60.04032,349.38,0.4,0.37,2026-02-10,1745,N,VIIRS,n,2.0NRT,314.94,4.75,D
-32.87742,-60.04396,337.5,0.4,0.37,2026-02-10,1745,N,VIIRS,l,2.0NRT,310.2,4.75,D
-32.87682,-60.03964,344.15,0.4,0.37,2026-02-10,1745,N,VIIRS,l,2.0NRT,317.36,4.75,D
-32.88023,-60.03898,343.34,0.4,0.37,2026-02-10,1745,N,VIIRS,l,2.0NRT,315.06,4.72,D
-32.88364,-60.03831,342.73,0.4,0.37,2026-02-10,1745,N,VIIRS,n,2.0NRT,312.23,4.72,D
-31.70312,-68.58383,347.02,0.33,0.55,2026-02-10,1747,N,VIIRS,n,2.0NRT,314.52,3.33,D
-31.55687,-59.13843,344.97,0.39,0.36,2026-02-10,1747,N,VIIRS,n,2.0NRT,309.53,3.47,D
-31.55748,-59.14251,338.43,0.39,0.36,2026-02-10,1747,N,VIIRS,n,2.0NRT,310.38,4.67,D
-31.55415,-59.14319,354.31,0.39,0.36,2026-02-10,1747,N,VIIRS,n,2.0NRT,311.18,6.59,D
-31.5338,-59.13339,355.78,0.39,0.36,2026-02-10,1747,N,VIIRS,n,2.0NRT,316.16,27.21,D
-31.35598,-58.00406,347.32,0.39,0.36,2026-02-10,1747,N,VIIRS,n,2.0NRT,317.09,10.36,D
-31.53046,-59.13408,349.05,0.39,0.36,2026-02-10,1747,N,VIIRS,n,2.0NRT,308.39,27.21,D
-31.34866,-58.00145,340.77,0.39,0.36,2026-02-10,1747,N,VIIRS,l,2.0NRT,312.96,4.51,D
-31.32121,-58.02424,350.13,0.39,0.36,2026-02-10,1747,N,VIIRS,l,2.0NRT,326.21,20.64,D
-31.31722,-58.02088,348.08,0.39,0.36,2026-02-10,1747,N,VIIRS,n,2.0NRT,316.33,11.04,D
-31.31787,-58.02496,353.62,0.39,0.36,2026-02-10,1747,N,VIIRS,n,2.0NRT,319.67,20.64,D
-31.3349,-59.03109,337.91,0.38,0.36,2026-02-10,1747,N,VIIRS,l,2.0NRT,309.26,2.58,D
-30.88576,-57.96798,342.67,0.39,0.36,2026-02-10,1747,N,VIIRS,n,2.0NRT,315.13,5.5,D
-30.63675,-59.05771,338.43,0.38,0.36,2026-02-10,1747,N,VIIRS,n,2.0NRT,308.68,4.28,D
-30.39764,-58.97665,344.1,0.38,0.36,2026-02-10,1747,N,VIIRS,n,2.0NRT,307.2,3.49,D
-30.0902,-58.93036,340.15,0.38,0.36,2026-02-10,1747,N,VIIRS,n,2.0NRT,305.07,3.32,D
-30.28194,-62.99619,333.5,0.48,0.4,2026-02-10,1747,N,VIIRS,n,2.0NRT,299.79,5.69,D
-30.27824,-62.9968,334.81,0.48,0.4,2026-02-10,1747,N,VIIRS,n,2.0NRT,301.46,5.69,D
-29.31329,-56.98905,331.99,0.42,0.37,2026-02-10,1747,N,VIIRS,n,2.0NRT,300.04,3.03,D
-29.27958,-56.93861,335.33,0.42,0.37,2026-02-10,1747,N,VIIRS,n,2.0NRT,304.19,2.46,D
-29.28078,-57.04955,331.15,0.41,0.37,2026-02-10,1747,N,VIIRS,l,2.0NRT,305.65,2.3,D
-29.26899,-57.0433,353.97,0.41,0.37,2026-02-10,1747,N,VIIRS,n,2.0NRT,305.32,11.69,D
-29.27457,-57.11724,335.52,0.41,0.37,2026-02-10,1747,N,VIIRS,n,2.0NRT,305.32,2.43,D
-29.27988,-57.16892,333.12,0.41,0.37,2026-02-10,1747,N,VIIRS,l,2.0NRT,306.25,2.49,D
-29.27283,-57.18207,334.32,0.41,0.37,2026-02-10,1747,N,VIIRS,l,2.0NRT,306.91,3.48,D
-30.09142,-63.00645,332.63,0.47,0.4,2026-02-10,1747,N,VIIRS,n,2.0NRT,297.79,0.53,D
-29.23297,-57.17767,335.7,0.41,0.37,2026-02-10,1747,N,VIIRS,n,2.0NRT,305.57,4.2,D
-29.22844,-57.21381,336.38,0.41,0.37,2026-02-10,1747,N,VIIRS,n,2.0NRT,305.17,4.89,D
-29.22916,-57.21804,334.79,0.41,0.37,2026-02-10,1747,N,VIIRS,n,2.0NRT,302.48,2.42,D
-29.21943,-57.20262,336.38,0.41,0.37,2026-02-10,1747,N,VIIRS,n,2.0NRT,305.71,1.98,D
-29.30624,-57.71978,347.45,0.4,0.37,2026-02-10,1747,N,VIIRS,n,2.0NRT,302.48,5.14,D
-29.30354,-57.72463,342.37,0.4,0.37,2026-02-10,1747,N,VIIRS,n,2.0NRT,304.85,5.14,D
-29.29814,-57.7343,348.4,0.4,0.37,2026-02-10,1747,N,VIIRS,n,2.0NRT,308.4,23.2,D
-29.22294,-57.30688,350.64,0.41,0.37,2026-02-10,1747,N,VIIRS,n,2.0NRT,290.61,12.31,D
-29.29476,-57.73502,351.28,0.4,0.37,2026-02-10,1747,N,VIIRS,n,2.0NRT,306.92,25,D
-29.201,-57.30295,339.65,0.41,0.37,2026-02-10,1747,N,VIIRS,n,2.0NRT,301.27,5,D
-30.0136,-62.89326,338.09,0.47,0.4,2026-02-10,1747,N,VIIRS,n,2.0NRT,300.19,5.71,D
-29.41404,-58.67097,333.54,0.39,0.36,2026-02-10,1747,N,VIIRS,l,2.0NRT,305.29,3.5,D
-29.41071,-58.67166,338.35,0.39,0.36,2026-02-10,1747,N,VIIRS,n,2.0NRT,303.03,3.5,D
-30.0113,-62.89144,340.61,0.47,0.4,2026-02-10,1747,N,VIIRS,n,2.0NRT,299.87,5.55,D
-29.18949,-57.33104,333.96,0.41,0.37,2026-02-10,1747,N,VIIRS,n,2.0NRT,301.17,3.19,D
-29.40737,-58.67234,334.83,0.39,0.36,2026-02-10,1747,N,VIIRS,n,2.0NRT,302.37,1.9,D
-29.18608,-57.33179,343.65,0.41,0.37,2026-02-10,1747,N,VIIRS,n,2.0NRT,301.8,3.19,D
-29.40403,-58.67303,335.84,0.39,0.36,2026-02-10,1747,N,VIIRS,n,2.0NRT,301.73,1.9,D
-29.05261,-56.56983,342.08,0.43,0.38,2026-02-10,1747,N,VIIRS,n,2.0NRT,307.44,25.23,D
-29.05338,-56.57425,347.53,0.43,0.38,2026-02-10,1747,N,VIIRS,n,2.0NRT,306.42,12.75,D
-29.04988,-56.57505,367,0.43,0.38,2026-02-10,1747,N,VIIRS,h,2.0NRT,309.45,12.75,D
-29.14539,-57.27958,342.67,0.41,0.37,2026-02-10,1747,N,VIIRS,n,2.0NRT,304.76,8.24,D
-29.1461,-57.28379,348.36,0.41,0.37,2026-02-10,1747,N,VIIRS,n,2.0NRT,305.83,8.24,D
-29.14681,-57.28801,334.27,0.41,0.37,2026-02-10,1747,N,VIIRS,n,2.0NRT,302.51,4.82,D
-29.14125,-57.27612,334.58,0.41,0.37,2026-02-10,1747,N,VIIRS,n,2.0NRT,302.8,1.72,D
-29.14339,-57.28876,348.52,0.41,0.37,2026-02-10,1747,N,VIIRS,n,2.0NRT,305.6,4.82,D
-29.13997,-57.28951,334.97,0.41,0.37,2026-02-10,1747,N,VIIRS,l,2.0NRT,306.34,3.03,D
-29.13655,-57.29025,339.69,0.41,0.37,2026-02-10,1747,N,VIIRS,n,2.0NRT,304.41,3.03,D
-29.20363,-57.75415,340.8,0.4,0.37,2026-02-10,1747,N,VIIRS,n,2.0NRT,308.48,6.62,D
-28.97561,-56.66974,341.1,0.43,0.38,2026-02-10,1747,N,VIIRS,n,2.0NRT,304.65,4.79,D
-28.97639,-56.67415,337.25,0.43,0.38,2026-02-10,1747,N,VIIRS,n,2.0NRT,305.47,3.23,D
-28.97539,-56.66868,334.68,0.43,0.38,2026-02-10,1747,N,VIIRS,n,2.0NRT,304.85,3.31,D
-28.97615,-56.6731,346.45,0.43,0.38,2026-02-10,1747,N,VIIRS,n,2.0NRT,305.17,5.61,D
-28.99523,-56.80526,334.06,0.42,0.38,2026-02-10,1747,N,VIIRS,n,2.0NRT,303.89,0.67,D
-28.96491,-56.67103,349.76,0.43,0.38,2026-02-10,1747,N,VIIRS,n,2.0NRT,309.73,38.41,D
-29.10287,-57.52691,330,0.4,0.37,2026-02-10,1747,N,VIIRS,l,2.0NRT,302.45,2.63,D
-28.86712,-56.61055,337.11,0.43,0.38,2026-02-10,1747,N,VIIRS,n,2.0NRT,306.73,3.6,D
-28.86868,-56.61938,338.32,0.43,0.38,2026-02-10,1747,N,VIIRS,n,2.0NRT,307.02,5.15,D
-28.8644,-56.61575,339.33,0.43,0.38,2026-02-10,1747,N,VIIRS,n,2.0NRT,308.82,3.23,D
-28.86518,-56.62017,332.45,0.43,0.38,2026-02-10,1747,N,VIIRS,l,2.0NRT,304.26,3.23,D
-28.86168,-56.62095,336.11,0.43,0.38,2026-02-10,1747,N,VIIRS,l,2.0NRT,306.79,3.23,D
-29.50869,-60.74121,342.5,0.4,0.37,2026-02-10,1747,N,VIIRS,n,2.0NRT,306.39,1.99,D
-29.5088,-60.74072,338.21,0.4,0.37,2026-02-10,1747,N,VIIRS,n,2.0NRT,306.02,2.11,D
-28.82877,-56.5953,351.09,0.43,0.38,2026-02-10,1747,N,VIIRS,n,2.0NRT,307.16,5.35,D
-28.82954,-56.59974,341.06,0.43,0.38,2026-02-10,1747,N,VIIRS,n,2.0NRT,306.35,5.35,D
-28.82603,-56.60052,347.09,0.43,0.38,2026-02-10,1747,N,VIIRS,n,2.0NRT,304.94,5.04,D
-28.8268,-56.60496,340.92,0.43,0.38,2026-02-10,1747,N,VIIRS,n,2.0NRT,304.83,2.63,D
-28.69773,-56.14568,331.39,0.45,0.39,2026-02-10,1747,N,VIIRS,l,2.0NRT,301.53,5.81,D
-29.64399,-62.94909,331.22,0.47,0.39,2026-02-10,1747,N,VIIRS,n,2.0NRT,297.91,1.88,D
-29.2766,-61.5673,356.8,0.41,0.37,2026-02-10,1747,N,VIIRS,n,2.0NRT,304.75,4.89,D
-29.27719,-61.57159,331.45,0.41,0.37,2026-02-10,1747,N,VIIRS,l,2.0NRT,302.98,4.89,D
-29.27778,-61.57588,341.52,0.41,0.37,2026-02-10,1747,N,VIIRS,n,2.0NRT,304.47,6.66,D
-29.27432,-61.57649,330.06,0.41,0.37,2026-02-10,1747,N,VIIRS,l,2.0NRT,303.5,2.74,D
-29.26909,-61.56424,330.71,0.41,0.37,2026-02-10,1747,N,VIIRS,l,2.0NRT,301.17,5.36,D
-29.77633,-69.04978,367,0.34,0.56,2026-02-10,1747,N,VIIRS,h,2.0NRT,308.12,1.19,D
-28.48775,-59.199,332.3,0.38,0.36,2026-02-10,1747,N,VIIRS,n,2.0NRT,297.71,2.78,D
-28.452,-59.08004,334.4,0.39,0.36,2026-02-10,1747,N,VIIRS,n,2.0NRT,296.96,2.97,D
-27.68903,-55.20712,336.08,0.51,0.41,2026-02-10,1747,N,VIIRS,n,2.0NRT,296.95,4.89,D
-28.30704,-59.47383,347.83,0.38,0.36,2026-02-10,1747,N,VIIRS,n,2.0NRT,300.25,9.36,D
-27.37554,-54.33129,332.93,0.57,0.43,2026-02-10,1747,N,VIIRS,n,2.0NRT,296.5,16.85,D
-27.47851,-55.00801,333.65,0.53,0.42,2026-02-10,1747,N,VIIRS,n,2.0NRT,295.21,3.09,D
-28.17447,-58.97668,336.77,0.39,0.36,2026-02-10,1747,N,VIIRS,n,2.0NRT,299.21,3.35,D
-28.2365,-59.43912,336.92,0.38,0.36,2026-02-10,1747,N,VIIRS,n,2.0NRT,299.36,1.7,D
-27.47822,-55.0099,335.08,0.53,0.42,2026-02-10,1747,N,VIIRS,n,2.0NRT,295.21,6.9,D
-27.24473,-54.32563,342.32,0.38,0.43,2026-02-10,1747,N,VIIRS,n,2.0NRT,299.16,3.66,D
-27.59754,-56.66525,335.53,0.44,0.39,2026-02-10,1747,N,VIIRS,n,2.0NRT,299.74,3.47,D
-27.14242,-54.29762,334.02,0.39,0.44,2026-02-10,1747,N,VIIRS,n,2.0NRT,298.38,7.22,D
-27.44167,-55.90686,341.95,0.48,0.4,2026-02-10,1747,N,VIIRS,n,2.0NRT,300.87,4.87,D
-27.11027,-54.34779,337.55,0.38,0.43,2026-02-10,1747,N,VIIRS,n,2.0NRT,295.21,1.65,D
-27.4841,-56.98742,335.33,0.43,0.38,2026-02-10,1747,N,VIIRS,n,2.0NRT,296.9,2.29,D
-27.44978,-56.99947,333.16,0.43,0.38,2026-02-10,1747,N,VIIRS,n,2.0NRT,297.15,2.41,D
-27.54413,-57.93863,331.45,0.4,0.37,2026-02-10,1747,N,VIIRS,n,2.0NRT,297.05,2.05,D
-26.23753,-53.78598,343.58,0.43,0.46,2026-02-10,1747,N,VIIRS,n,2.0NRT,303.26,39.66,D
-26.20802,-53.77017,339.71,0.43,0.46,2026-02-10,1747,N,VIIRS,n,2.0NRT,297.54,3.96,D
-26.00888,-54.32525,341.46,0.4,0.44,2026-02-10,1747,N,VIIRS,n,2.0NRT,300.15,9.05,D
-26.00965,-54.32925,343.33,0.4,0.44,2026-02-10,1747,N,VIIRS,n,2.0NRT,300.96,9.05,D
-26.01631,-54.55921,341.89,0.39,0.44,2026-02-10,1747,N,VIIRS,n,2.0NRT,298.51,13.13,D
-26.01707,-54.56313,341.01,0.39,0.44,2026-02-10,1747,N,VIIRS,n,2.0NRT,297.18,5.6,D
-26.02165,-54.65116,333.39,0.39,0.44,2026-02-10,1747,N,VIIRS,n,2.0NRT,301.71,8.46,D
-25.81581,-54.49535,331.04,0.4,0.44,2026-02-10,1747,N,VIIRS,l,2.0NRT,305.99,8.12,D
-24.57454,-67.28784,344.68,0.46,0.47,2026-02-10,1749,N,VIIRS,n,2.0NRT,318.37,4.91,D
-38.74358,-68.83801,339.83,0.41,0.6,2026-02-10,1925,N,VIIRS,n,2.0NRT,301.73,4.17,D
-37.96279,-67.56895,367,0.49,0.65,2026-02-10,1925,N,VIIRS,h,2.0NRT,314.56,22.62,D
-37.96439,-67.57437,347.67,0.49,0.65,2026-02-10,1925,N,VIIRS,n,2.0NRT,308.28,9.89,D
-37.96339,-67.5699,367,0.49,0.65,2026-02-10,1925,N,VIIRS,h,2.0NRT,315.84,11.93,D
-37.96496,-67.57536,334.75,0.49,0.65,2026-02-10,1925,N,VIIRS,n,2.0NRT,307.77,11.93,D
-37.84708,-67.73835,367,0.49,0.65,2026-02-10,1925,N,VIIRS,h,2.0NRT,308.51,15.33,D
-37.84868,-67.74387,356.39,0.49,0.65,2026-02-10,1925,N,VIIRS,n,2.0NRT,307.46,11.5,D
-37.71364,-69.13258,335.45,0.42,0.61,2026-02-10,1925,N,VIIRS,n,2.0NRT,305.21,1.62,D
-37.71491,-69.13711,330.43,0.42,0.61,2026-02-10,1925,N,VIIRS,l,2.0NRT,304.43,1.04,D
-37.52682,-69.08885,332.68,0.42,0.61,2026-02-10,1925,N,VIIRS,l,2.0NRT,306.57,1.39,D
-37.48123,-69.37134,335.97,0.41,0.61,2026-02-10,1925,N,VIIRS,l,2.0NRT,306.87,1.8,D
-37.41133,-69.16805,332.93,0.42,0.61,2026-02-10,1925,N,VIIRS,l,2.0NRT,307.89,1.46,D
-35.42448,-69.62556,335.64,0.45,0.63,2026-02-10,1925,N,VIIRS,n,2.0NRT,304.47,5.81,D
-35.42128,-69.62668,337.58,0.45,0.63,2026-02-10,1925,N,VIIRS,n,2.0NRT,303.58,6.24,D
-38.43571,-68.55682,331.72,0.43,0.62,2026-02-10,1925,N,VIIRS,l,2.0NRT,305.68,1.82,D
-33.12215,-68.50187,350.14,0.59,0.7,2026-02-10,1927,N,VIIRS,n,2.0NRT,306.25,8.47,D
-22.26027,-63.46917,324.71,0.48,0.48,2026-02-11,0501,N,VIIRS,n,2.0NRT,285.01,3.46,N
-22.26398,-63.4627,299.87,0.48,0.48,2026-02-11,0501,N,VIIRS,n,2.0NRT,282.13,0.82,N
-22.25956,-63.46165,302.19,0.48,0.48,2026-02-11,0501,N,VIIRS,n,2.0NRT,283.52,0.68,N
-22.25859,-63.46631,309.84,0.48,0.48,2026-02-11,0501,N,VIIRS,n,2.0NRT,283.46,0.68,N
-22.25763,-63.47097,308.12,0.48,0.48,2026-02-11,0501,N,VIIRS,n,2.0NRT,287.27,1.25,N
-22.2647,-63.47022,314.79,0.48,0.48,2026-02-11,0501,N,VIIRS,n,2.0NRT,288.66,2.24,N
-22.26213,-63.45983,311.62,0.48,0.48,2026-02-11,0501,N,VIIRS,n,2.0NRT,284.2,1.67,N
-22.25934,-63.47385,306.55,0.48,0.48,2026-02-11,0501,N,VIIRS,n,2.0NRT,288.7,1.87,N
-22.26302,-63.46735,311.47,0.48,0.48,2026-02-11,0501,N,VIIRS,n,2.0NRT,286.11,0.82,N
-22.26052,-63.457,301.71,0.48,0.48,2026-02-11,0501,N,VIIRS,n,2.0NRT,286.4,0.68,N
-22.26206,-63.472,321.05,0.48,0.48,2026-02-11,0501,N,VIIRS,n,2.0NRT,289.25,3.57,N
-28.36373,-61.79944,310.94,0.47,0.4,2026-02-11,0503,N,VIIRS,n,2.0NRT,293.66,1.12,N
-28.36549,-61.79802,328.33,0.47,0.4,2026-02-11,0503,N,VIIRS,n,2.0NRT,294.48,3.57,N
-28.56053,-60.32202,305.23,0.41,0.37,2026-02-11,0503,N,VIIRS,n,2.0NRT,291.57,1.21,N
-30.39963,-58.9833,319.93,0.38,0.36,2026-02-11,0503,N,VIIRS,n,2.0NRT,293.92,1.71,N
-27.51973,-57.06401,312.46,0.39,0.36,2026-02-11,0503,N,VIIRS,n,2.0NRT,294.69,10.85,N
-27.51912,-57.06794,338.59,0.39,0.36,2026-02-11,0503,N,VIIRS,n,2.0NRT,299.38,10.85,N
-27.51698,-57.05942,310.71,0.39,0.36,2026-02-11,0503,N,VIIRS,n,2.0NRT,295.86,1.65,N
-27.51577,-57.06731,333.74,0.39,0.36,2026-02-11,0503,N,VIIRS,n,2.0NRT,295.3,10.85,N
-27.51363,-57.05878,335.88,0.39,0.36,2026-02-11,0503,N,VIIRS,n,2.0NRT,296.37,8.19,N
-25.90903,-63.85562,308.36,0.43,0.46,2026-02-11,0503,N,VIIRS,n,2.0NRT,287.66,1.04,N
-25.90814,-63.85995,303.31,0.43,0.46,2026-02-11,0503,N,VIIRS,n,2.0NRT,287.22,1.04,N
-31.34286,-58.04024,329.14,0.39,0.36,2026-02-11,0503,N,VIIRS,n,2.0NRT,293.98,2.53,N
-30.47315,-68.65072,312.36,0.33,0.55,2026-02-11,0503,N,VIIRS,n,2.0NRT,293.26,3.31,N
-30.46895,-68.6456,310.5,0.33,0.55,2026-02-11,0503,N,VIIRS,n,2.0NRT,293.12,2.5,N
-30.46813,-68.64903,353.53,0.33,0.55,2026-02-11,0503,N,VIIRS,n,2.0NRT,295.14,3.31,N
-30.46393,-68.64394,316.64,0.33,0.55,2026-02-11,0503,N,VIIRS,n,2.0NRT,293.72,1.52,N
-32.05609,-59.08856,300.52,0.38,0.36,2026-02-11,0503,N,VIIRS,n,2.0NRT,290.27,0.37,N
-31.62983,-60.30712,308.68,0.39,0.36,2026-02-11,0503,N,VIIRS,n,2.0NRT,294.38,1.25,N
-31.63053,-60.30294,316.64,0.39,0.36,2026-02-11,0503,N,VIIRS,n,2.0NRT,294.34,0.99,N
-29.04328,-56.63819,326.84,0.4,0.37,2026-02-11,0503,N,VIIRS,n,2.0NRT,294.5,2.47,N
-29.04048,-56.63342,322.07,0.4,0.37,2026-02-11,0503,N,VIIRS,n,2.0NRT,294.15,2.26,N
-29.03988,-56.63754,330.77,0.4,0.37,2026-02-11,0503,N,VIIRS,n,2.0NRT,293.65,2.26,N
-27.64605,-64.26826,303.87,0.43,0.46,2026-02-11,0503,N,VIIRS,n,2.0NRT,293.15,1.02,N
-26.24712,-64.37398,308.15,0.46,0.47,2026-02-11,0503,N,VIIRS,n,2.0NRT,293.04,1.02,N
-27.52247,-57.06859,326.14,0.39,0.36,2026-02-11,0503,N,VIIRS,n,2.0NRT,294.05,4.04,N
-29.46898,-62.90011,306.77,0.51,0.41,2026-02-11,0503,N,VIIRS,n,2.0NRT,294.15,1.03,N
-28.8343,-65.76951,309.68,0.49,0.49,2026-02-11,0503,N,VIIRS,n,2.0NRT,294.22,1.51,N
-28.74963,-65.74147,313.22,0.49,0.49,2026-02-11,0503,N,VIIRS,n,2.0NRT,293.64,1.21,N
-29.89885,-57.69838,310.65,0.39,0.36,2026-02-11,0503,N,VIIRS,n,2.0NRT,294.15,1.23,N
-29.8955,-57.6977,319.15,0.39,0.36,2026-02-11,0503,N,VIIRS,n,2.0NRT,294.12,1.55,N
-28.4666,-65.22766,306.35,0.46,0.47,2026-02-11,0503,N,VIIRS,n,2.0NRT,294.07,0.78,N
-28.36827,-61.79554,305.05,0.47,0.4,2026-02-11,0503,N,VIIRS,n,2.0NRT,293.31,1.12,N
-28.36736,-61.80032,310.57,0.47,0.4,2026-02-11,0503,N,VIIRS,n,2.0NRT,293.97,1.12,N
-28.36463,-61.79467,307.9,0.47,0.4,2026-02-11,0503,N,VIIRS,n,2.0NRT,293.21,1.12,N
-33.25387,-59.27501,308.57,0.38,0.36,2026-02-11,0505,N,VIIRS,n,2.0NRT,292.36,0.97,N
-34.93655,-67.55106,327.51,0.46,0.47,2026-02-11,0505,N,VIIRS,n,2.0NRT,293.28,1.92,N
-34.56488,-66.01059,303.54,0.39,0.44,2026-02-11,0505,N,VIIRS,n,2.0NRT,285.87,0.67,N
-34.56399,-66.01482,305.86,0.39,0.44,2026-02-11,0505,N,VIIRS,n,2.0NRT,285.87,3.99,N
-34.5622,-66.02329,309.24,0.39,0.44,2026-02-11,0505,N,VIIRS,n,2.0NRT,286.3,2.09,N
-34.56309,-66.01906,331.26,0.39,0.44,2026-02-11,0505,N,VIIRS,n,2.0NRT,287.21,3.99,N
-34.5573,-66.02628,301.33,0.39,0.44,2026-02-11,0505,N,VIIRS,n,2.0NRT,286.23,2.09,N
-34.55999,-66.01358,322.34,0.39,0.44,2026-02-11,0505,N,VIIRS,n,2.0NRT,287.57,3.99,N
-34.55909,-66.01781,346.63,0.39,0.44,2026-02-11,0505,N,VIIRS,n,2.0NRT,290.93,3.99,N
-34.5582,-66.02205,327.7,0.39,0.44,2026-02-11,0505,N,VIIRS,n,2.0NRT,289.18,2.09,N
-34.55329,-66.02504,309.8,0.39,0.44,2026-02-11,0505,N,VIIRS,n,2.0NRT,287.64,16.56,N
-34.55509,-66.01656,346.67,0.39,0.44,2026-02-11,0505,N,VIIRS,n,2.0NRT,294.78,10.03,N
-34.55419,-66.02081,343.1,0.39,0.44,2026-02-11,0505,N,VIIRS,n,2.0NRT,290.42,16.56,N
-34.55109,-66.01532,310.25,0.39,0.44,2026-02-11,0505,N,VIIRS,n,2.0NRT,287.19,10.03,N
-34.55019,-66.01956,348.81,0.39,0.44,2026-02-11,0505,N,VIIRS,n,2.0NRT,302.63,16.56,N
-33.36702,-60.15867,310.97,0.39,0.36,2026-02-11,0505,N,VIIRS,n,2.0NRT,295.69,1.29,N
-33.36839,-60.15033,307.03,0.39,0.36,2026-02-11,0505,N,VIIRS,n,2.0NRT,294.55,1.09,N
-33.36968,-60.16362,309.52,0.39,0.36,2026-02-11,0505,N,VIIRS,n,2.0NRT,295.7,1.29,N
-33.37036,-60.15945,314.76,0.39,0.36,2026-02-11,0505,N,VIIRS,n,2.0NRT,296.91,1.29,N
-33.37173,-60.1511,315.04,0.39,0.36,2026-02-11,0505,N,VIIRS,n,2.0NRT,295.7,1.09,N
-33.37576,-60.14771,332.81,0.39,0.36,2026-02-11,0505,N,VIIRS,n,2.0NRT,297.39,4.8,N
-33.95122,-58.77621,311.43,0.39,0.36,2026-02-11,0505,N,VIIRS,n,2.0NRT,292.53,1.3,N
-33.95377,-58.7593,310.12,0.39,0.36,2026-02-11,0505,N,VIIRS,n,2.0NRT,294.5,1.22,N
-33.95457,-58.77693,327.38,0.39,0.36,2026-02-11,0505,N,VIIRS,n,2.0NRT,292.9,1.3,N
-33.95649,-58.76426,316.16,0.39,0.36,2026-02-11,0505,N,VIIRS,n,2.0NRT,292.91,1.52,N
-33.95713,-58.76004,309.09,0.39,0.36,2026-02-11,0505,N,VIIRS,n,2.0NRT,292.85,1.22,N
-33.95921,-58.76921,339.34,0.39,0.36,2026-02-11,0505,N,VIIRS,n,2.0NRT,294.29,1.97,N
-33.95792,-58.77766,305.16,0.39,0.36,2026-02-11,0505,N,VIIRS,n,2.0NRT,291.48,0.81,N
-33.95856,-58.77344,302.95,0.39,0.36,2026-02-11,0505,N,VIIRS,n,2.0NRT,292.32,0.81,N
-33.95984,-58.765,307.3,0.39,0.36,2026-02-11,0505,N,VIIRS,n,2.0NRT,293.09,1.97,N
-33.96255,-58.76995,330.11,0.39,0.36,2026-02-11,0505,N,VIIRS,n,2.0NRT,292.72,1.97,N
-33.9632,-58.76572,312.84,0.39,0.36,2026-02-11,0505,N,VIIRS,n,2.0NRT,293.02,1.97,N
-32.25913,-68.62836,307.84,0.6,0.53,2026-02-11,0505,N,VIIRS,n,2.0NRT,294.33,1.44,N
-34.62329,-58.96918,298.44,0.39,0.36,2026-02-11,0505,N,VIIRS,n,2.0NRT,267.65,0.53,N
-34.75107,-58.31683,317.81,0.4,0.37,2026-02-11,0505,N,VIIRS,n,2.0NRT,288.73,2.1,N
-34.8576,-57.8937,330.74,0.4,0.37,2026-02-11,0505,N,VIIRS,n,2.0NRT,289.83,3.2,N
-34.85902,-57.89604,322.81,0.4,0.37,2026-02-11,0505,N,VIIRS,n,2.0NRT,288.11,1.84,N
-34.85965,-57.89157,307.02,0.4,0.37,2026-02-11,0505,N,VIIRS,n,2.0NRT,288.6,1.19,N
-34.82685,-58.34418,312.06,0.4,0.37,2026-02-11,0505,N,VIIRS,n,2.0NRT,284.96,1.1,N
-32.21452,-62.16644,317.55,0.44,0.38,2026-02-11,0505,N,VIIRS,n,2.0NRT,293.56,12.63,N
-32.21804,-62.16733,342.34,0.44,0.38,2026-02-11,0505,N,VIIRS,n,2.0NRT,299.33,12.63,N
-32.21606,-62.16893,329.35,0.43,0.38,2026-02-11,0505,N,VIIRS,n,2.0NRT,295.03,5.52,N
-32.21692,-62.16432,327.46,0.43,0.38,2026-02-11,0505,N,VIIRS,n,2.0NRT,294.52,3.71,N
-32.21958,-62.16982,328.7,0.43,0.38,2026-02-11,0505,N,VIIRS,n,2.0NRT,294,9.13,N
-32.22043,-62.16521,319.5,0.43,0.38,2026-02-11,0505,N,VIIRS,n,2.0NRT,295.79,9.2,N
-32.89389,-60.0305,303.78,0.39,0.36,2026-02-11,0505,N,VIIRS,n,2.0NRT,292.64,0.58,N
-32.98283,-60.69599,306.26,0.39,0.36,2026-02-11,0505,N,VIIRS,n,2.0NRT,294.92,0.37,N
-32.9862,-60.6968,320.34,0.39,0.36,2026-02-11,0505,N,VIIRS,n,2.0NRT,295.29,0.85,N
-33.25322,-59.27915,309,0.38,0.36,2026-02-11,0505,N,VIIRS,n,2.0NRT,292.1,0.97,N
-33.25452,-59.27086,302.73,0.38,0.36,2026-02-11,0505,N,VIIRS,n,2.0NRT,291.78,0.58,N
-33.25591,-59.28403,309.47,0.38,0.36,2026-02-11,0505,N,VIIRS,n,2.0NRT,292.46,1.72,N
-33.25656,-59.27989,304.47,0.38,0.36,2026-02-11,0505,N,VIIRS,n,2.0NRT,292.41,1.34,N
-33.25459,-60.2859,314.58,0.39,0.36,2026-02-11,0505,N,VIIRS,n,2.0NRT,295.91,2.13,N
-33.25793,-60.28668,330.62,0.39,0.36,2026-02-11,0505,N,VIIRS,n,2.0NRT,296.18,1.91,N
-33.25862,-60.2825,311.64,0.39,0.36,2026-02-11,0505,N,VIIRS,n,2.0NRT,294.99,1.91,N
-33.36103,-60.15294,314.07,0.39,0.36,2026-02-11,0505,N,VIIRS,n,2.0NRT,296.79,1.22,N
-33.36171,-60.14877,309.85,0.39,0.36,2026-02-11,0505,N,VIIRS,n,2.0NRT,295.92,1.22,N
-33.36239,-60.1446,314.6,0.39,0.36,2026-02-11,0505,N,VIIRS,n,2.0NRT,296.64,1.88,N
-33.36634,-60.16284,324.61,0.39,0.36,2026-02-11,0505,N,VIIRS,n,2.0NRT,296.45,1.29,N
-37.08473,-69.47662,312.76,0.52,0.5,2026-02-11,0508,N,VIIRS,n,2.0NRT,286.35,1.42,N
-37.41272,-69.1683,297.64,0.49,0.49,2026-02-11,0508,N,VIIRS,n,2.0NRT,284.71,1.1,N
-37.426,-69.17286,333.51,0.49,0.49,2026-02-11,0508,N,VIIRS,n,2.0NRT,285.24,4.43,N
-37.43044,-69.17432,297.38,0.49,0.49,2026-02-11,0508,N,VIIRS,n,2.0NRT,284.34,0.85,N
-37.76557,-67.6834,306.91,0.41,0.45,2026-02-11,0508,N,VIIRS,n,2.0NRT,285.67,0.84,N
-37.52712,-69.09162,308.73,0.48,0.48,2026-02-11,0508,N,VIIRS,n,2.0NRT,283.43,1.09,N
-37.71374,-69.13911,301.06,0.48,0.48,2026-02-11,0508,N,VIIRS,n,2.0NRT,282.11,1.36,N
-37.71503,-69.13362,314.17,0.48,0.48,2026-02-11,0508,N,VIIRS,n,2.0NRT,282.11,1.36,N
-37.89507,-69.26989,296.81,0.48,0.48,2026-02-11,0508,N,VIIRS,n,2.0NRT,284.48,0.4,N
-38.09391,-68.61108,301.29,0.44,0.46,2026-02-11,0508,N,VIIRS,n,2.0NRT,285.28,1.21,N
-38.43614,-68.56309,304.36,0.43,0.46,2026-02-11,0508,N,VIIRS,n,2.0NRT,284.18,1.44,N
-38.49788,-68.32732,299.84,0.42,0.45,2026-02-11,0508,N,VIIRS,n,2.0NRT,283.94,0.43,N
-38.70453,-68.19212,337.55,0.41,0.45,2026-02-11,0508,N,VIIRS,n,2.0NRT,285.22,5.65,N
-38.73832,-68.84504,303.43,0.44,0.46,2026-02-11,0508,N,VIIRS,n,2.0NRT,280.1,1.09,N
-38.73946,-68.84,304.3,0.44,0.46,2026-02-11,0508,N,VIIRS,n,2.0NRT,280.38,0.91,N
-38.74253,-68.84657,297.45,0.44,0.46,2026-02-11,0508,N,VIIRS,n,2.0NRT,279.61,1.09,N
-38.74367,-68.84151,306.56,0.44,0.46,2026-02-11,0508,N,VIIRS,n,2.0NRT,280.19,0.91,N
-39.41173,-65.71613,307.17,0.47,0.4,2026-02-11,0508,N,VIIRS,n,2.0NRT,284.37,1.1,N
-39.41536,-65.71733,315.76,0.47,0.4,2026-02-11,0508,N,VIIRS,n,2.0NRT,284.35,1.1,N
-38.74143,-68.83972,333.78,0.44,0.46,2026-02-11,0508,N,VIIRS,n,2.0NRT,282.31,3.44,N
-39.41403,-65.71633,319.69,0.47,0.4,2026-02-11,0508,N,VIIRS,n,2.0NRT,285.36,2.13,N
-38.74548,-68.92119,299.1,0.44,0.46,2026-02-11,0508,N,VIIRS,n,2.0NRT,281.8,0.59,N
-38.47761,-69.0341,306.2,0.73,0.76,2026-02-11,0648,N,VIIRS,n,2.0NRT,281.01,1.65,N
-38.74271,-68.83923,319.98,0.75,0.77,2026-02-11,0648,N,VIIRS,n,2.0NRT,278.84,4.1,N
-37.3764,-60.13084,341.29,0.47,0.48,2026-02-11,1726,N,VIIRS,n,2.0NRT,302.02,2.8,D
-38.74403,-68.84022,333.8,0.71,0.75,2026-02-11,1726,N,VIIRS,n,2.0NRT,299.01,5.58,D
-36.72976,-57.06076,334.66,0.49,0.41,2026-02-11,1726,N,VIIRS,n,2.0NRT,302.82,5.88,D
-36.73122,-57.06258,332.75,0.49,0.41,2026-02-11,1726,N,VIIRS,n,2.0NRT,302.2,3.52,D
-36.39363,-56.85529,346.72,0.48,0.4,2026-02-11,1726,N,VIIRS,n,2.0NRT,306.2,8.07,D
-36.36507,-56.73914,332.7,0.48,0.4,2026-02-11,1726,N,VIIRS,l,2.0NRT,304.34,6.23,D
-36.3694,-56.85082,346.02,0.48,0.4,2026-02-11,1726,N,VIIRS,n,2.0NRT,305,4.98,D
-29.03566,-56.63471,348.74,0.41,0.37,2026-02-11,1728,N,VIIRS,n,2.0NRT,302.7,6.09,D
-29.03507,-56.63049,349.24,0.41,0.37,2026-02-11,1728,N,VIIRS,n,2.0NRT,301.82,6.09,D
-29.04027,-56.64252,336.12,0.41,0.37,2026-02-11,1728,N,VIIRS,n,2.0NRT,301.2,5.69,D
-29.03968,-56.63831,343.51,0.41,0.37,2026-02-11,1728,N,VIIRS,n,2.0NRT,308.17,5.69,D
-29.0385,-56.62988,350.74,0.41,0.37,2026-02-11,1728,N,VIIRS,n,2.0NRT,309.34,11.19,D
-29.03791,-56.62566,339.95,0.41,0.37,2026-02-11,1728,N,VIIRS,n,2.0NRT,304.03,7.4,D
-29.0437,-56.64191,344.61,0.41,0.37,2026-02-11,1728,N,VIIRS,n,2.0NRT,303.74,5.69,D
-29.04655,-56.63708,339,0.41,0.37,2026-02-11,1728,N,VIIRS,n,2.0NRT,306.98,4.32,D
-29.23587,-57.33615,331.6,0.43,0.38,2026-02-11,1728,N,VIIRS,n,2.0NRT,300.86,2.68,D
-29.22554,-57.17949,332.54,0.42,0.38,2026-02-11,1728,N,VIIRS,n,2.0NRT,302.07,3.81,D
-29.22495,-57.17509,349.37,0.42,0.38,2026-02-11,1728,N,VIIRS,n,2.0NRT,302.7,10.61,D
-29.23501,-57.22293,337.44,0.43,0.38,2026-02-11,1728,N,VIIRS,n,2.0NRT,302.9,3.18,D
-29.23423,-57.21965,330.59,0.43,0.38,2026-02-11,1728,N,VIIRS,l,2.0NRT,302.78,2.95,D
-29.22384,-57.08663,330.07,0.42,0.38,2026-02-11,1728,N,VIIRS,l,2.0NRT,303.23,1.87,D
-29.30493,-57.68164,345.91,0.44,0.39,2026-02-11,1728,N,VIIRS,n,2.0NRT,305.04,32.81,D
-29.21689,-56.95432,331.5,0.42,0.37,2026-02-11,1728,N,VIIRS,l,2.0NRT,305.33,2.89,D
-29.23895,-57.03933,336.01,0.42,0.38,2026-02-11,1728,N,VIIRS,n,2.0NRT,301.33,4.45,D
-29.23545,-56.98654,341.45,0.42,0.38,2026-02-11,1728,N,VIIRS,n,2.0NRT,300.31,3.42,D
-29.24124,-56.97664,332.76,0.42,0.38,2026-02-11,1728,N,VIIRS,n,2.0NRT,302.29,2.4,D
-29.24471,-56.97603,341.05,0.42,0.38,2026-02-11,1728,N,VIIRS,n,2.0NRT,300.03,4.42,D
-29.2476,-56.97108,345.33,0.42,0.38,2026-02-11,1728,N,VIIRS,n,2.0NRT,300.2,4.42,D
-29.2505,-56.96614,337.72,0.42,0.38,2026-02-11,1728,N,VIIRS,n,2.0NRT,302.95,5.13,D
-29.25339,-56.96119,347.48,0.42,0.38,2026-02-11,1728,N,VIIRS,n,2.0NRT,303.8,5.13,D
-29.25863,-56.97359,333.42,0.42,0.38,2026-02-11,1728,N,VIIRS,n,2.0NRT,301.61,2.32,D
-29.25804,-56.96925,336.59,0.42,0.38,2026-02-11,1728,N,VIIRS,n,2.0NRT,300.44,2.32,D
-29.44746,-57.44566,337.58,0.43,0.38,2026-02-11,1728,N,VIIRS,n,2.0NRT,302.86,3.73,D
-29.451,-57.44505,330.53,0.43,0.38,2026-02-11,1728,N,VIIRS,l,2.0NRT,301.81,1.83,D
-29.87482,-58.41907,333.36,0.48,0.4,2026-02-11,1728,N,VIIRS,l,2.0NRT,304.98,4.5,D
-29.96269,-58.16927,347.95,0.47,0.4,2026-02-11,1728,N,VIIRS,n,2.0NRT,299.34,6.3,D
-30.39445,-58.98237,333.92,0.52,0.41,2026-02-11,1728,N,VIIRS,n,2.0NRT,294.07,4.73,D
-30.3983,-58.98177,332.43,0.52,0.41,2026-02-11,1728,N,VIIRS,n,2.0NRT,294.65,4.73,D
-31.51072,-59.18008,334.45,0.54,0.42,2026-02-11,1728,N,VIIRS,n,2.0NRT,292.97,6.18,D
-31.51009,-59.18528,332.9,0.54,0.42,2026-02-11,1728,N,VIIRS,n,2.0NRT,294.53,5.9,D
-32.0533,-59.77423,333.88,0.39,0.44,2026-02-11,1728,N,VIIRS,n,2.0NRT,296.87,4.12,D
-32.39392,-59.01864,336.65,0.55,0.42,2026-02-11,1728,N,VIIRS,n,2.0NRT,299.77,8.1,D
-33.12674,-66.03819,331.08,0.46,0.63,2026-02-11,1728,N,VIIRS,n,2.0NRT,293.7,0.76,D
-33.28307,-67.99663,341.54,0.59,0.7,2026-02-11,1728,N,VIIRS,n,2.0NRT,291.88,8.12,D
-33.28282,-67.98997,342.27,0.59,0.7,2026-02-11,1728,N,VIIRS,n,2.0NRT,294.94,8.12,D
-33.37393,-65.75236,347.91,0.44,0.63,2026-02-11,1728,N,VIIRS,n,2.0NRT,298.71,7.44,D
-32.825,-59.05558,338.42,0.55,0.43,2026-02-11,1728,N,VIIRS,n,2.0NRT,304.14,14.06,D
-33.10162,-60.40691,332.28,0.44,0.46,2026-02-11,1728,N,VIIRS,n,2.0NRT,294.9,5.29,D
-33.66053,-59.24033,337.27,0.39,0.44,2026-02-11,1728,N,VIIRS,n,2.0NRT,297.36,4.85,D
-34.66618,-58.94154,337.56,0.57,0.43,2026-02-11,1728,N,VIIRS,n,2.0NRT,297.72,6.99,D
-34.81993,-59.18748,340.79,0.39,0.44,2026-02-11,1728,N,VIIRS,n,2.0NRT,304.38,5.21,D
-34.82199,-59.18945,330.37,0.39,0.44,2026-02-11,1728,N,VIIRS,l,2.0NRT,305.12,3.81,D
-34.83605,-58.50251,331.72,0.55,0.42,2026-02-11,1728,N,VIIRS,l,2.0NRT,306.6,3.12,D
-34.84911,-58.43872,337.49,0.54,0.42,2026-02-11,1728,N,VIIRS,l,2.0NRT,309.94,4.33,D
-34.84749,-58.43752,338.62,0.54,0.42,2026-02-11,1728,N,VIIRS,l,2.0NRT,311.68,7.24,D
-34.87273,-58.22675,339.47,0.53,0.42,2026-02-11,1728,N,VIIRS,n,2.0NRT,304.74,55.12,D
-36.11778,-57.34117,356.71,0.5,0.41,2026-02-11,1728,N,VIIRS,n,2.0NRT,310.8,43.12,D
-36.11647,-57.32992,345.26,0.5,0.41,2026-02-11,1728,N,VIIRS,n,2.0NRT,304.34,12.66,D
-36.11581,-57.3243,335.33,0.5,0.41,2026-02-11,1728,N,VIIRS,n,2.0NRT,301.19,12.66,D
-36.12157,-57.34052,344.05,0.5,0.41,2026-02-11,1728,N,VIIRS,n,2.0NRT,305.56,43.12,D
-28.64809,-56.70085,338.31,0.41,0.37,2026-02-11,1728,N,VIIRS,n,2.0NRT,304.09,7.86,D
-28.67233,-56.5467,334.28,0.4,0.37,2026-02-11,1728,N,VIIRS,n,2.0NRT,304.27,2.19,D
-28.67116,-56.53839,330.61,0.4,0.37,2026-02-11,1728,N,VIIRS,l,2.0NRT,305.28,5.12,D
-36.1146,-57.32802,339.75,0.5,0.41,2026-02-11,1728,N,VIIRS,n,2.0NRT,298.89,35.77,D
-36.12026,-57.32927,340.72,0.5,0.41,2026-02-11,1728,N,VIIRS,n,2.0NRT,308.44,12.66,D
-36.11523,-57.33366,343.28,0.5,0.41,2026-02-11,1728,N,VIIRS,n,2.0NRT,298.25,35.77,D
-36.11586,-57.33929,345.84,0.5,0.41,2026-02-11,1728,N,VIIRS,n,2.0NRT,306.11,15.59,D
-36.12091,-57.33489,367,0.5,0.41,2026-02-11,1728,N,VIIRS,h,2.0NRT,312.43,43.12,D
-36.11895,-57.31802,354.85,0.5,0.41,2026-02-11,1728,N,VIIRS,n,2.0NRT,314.83,59.31,D
-36.1196,-57.32365,336.22,0.5,0.41,2026-02-11,1728,N,VIIRS,n,2.0NRT,309.96,12.66,D
-36.13231,-57.31348,336.74,0.5,0.41,2026-02-11,1728,N,VIIRS,n,2.0NRT,304.32,7.34,D
-36.13295,-57.31911,334.22,0.5,0.41,2026-02-11,1728,N,VIIRS,n,2.0NRT,306.44,7.34,D
-36.13358,-57.32475,334.68,0.5,0.41,2026-02-11,1728,N,VIIRS,n,2.0NRT,305.58,8.05,D
-36.12852,-57.31413,338.2,0.5,0.41,2026-02-11,1728,N,VIIRS,n,2.0NRT,306.92,7.34,D
-36.12915,-57.31977,351.47,0.5,0.41,2026-02-11,1728,N,VIIRS,n,2.0NRT,306,7.34,D
-36.12978,-57.3254,341.92,0.5,0.41,2026-02-11,1728,N,VIIRS,n,2.0NRT,306.76,8.05,D
-36.12473,-57.31479,342.09,0.5,0.41,2026-02-11,1728,N,VIIRS,n,2.0NRT,300.33,16.51,D
-36.12536,-57.32042,349.08,0.5,0.41,2026-02-11,1728,N,VIIRS,n,2.0NRT,309.92,16.51,D
-36.12599,-57.32606,334.41,0.5,0.41,2026-02-11,1728,N,VIIRS,n,2.0NRT,304,10.68,D
-36.12094,-57.31544,344.46,0.5,0.41,2026-02-11,1728,N,VIIRS,n,2.0NRT,302.61,16.51,D
-36.12156,-57.32108,354.32,0.5,0.41,2026-02-11,1728,N,VIIRS,n,2.0NRT,311.19,16.51,D
-36.12219,-57.32671,337.93,0.5,0.41,2026-02-11,1728,N,VIIRS,l,2.0NRT,311.5,10.68,D
-36.12282,-57.33234,356.87,0.5,0.41,2026-02-11,1728,N,VIIRS,n,2.0NRT,310.05,10.68,D
-36.11714,-57.3161,345.51,0.5,0.41,2026-02-11,1728,N,VIIRS,n,2.0NRT,309.52,24.72,D
-36.11777,-57.32174,347.3,0.5,0.41,2026-02-11,1728,N,VIIRS,n,2.0NRT,305.9,24.72,D
-36.1184,-57.32736,355.76,0.5,0.41,2026-02-11,1728,N,VIIRS,n,2.0NRT,313.29,35.77,D
-36.11965,-57.33864,350.74,0.5,0.41,2026-02-11,1728,N,VIIRS,n,2.0NRT,310.67,15.59,D
-36.12028,-57.34428,335.14,0.5,0.41,2026-02-11,1728,N,VIIRS,l,2.0NRT,307.61,15.59,D
-28.67516,-56.54193,353.66,0.4,0.37,2026-02-11,1728,N,VIIRS,n,2.0NRT,307.6,8.7,D
-28.67458,-56.53777,334.69,0.4,0.37,2026-02-11,1728,N,VIIRS,n,2.0NRT,304.52,8.7,D
-29.90788,-67.98112,331.61,0.56,0.69,2026-02-11,1728,N,VIIRS,l,2.0NRT,305.94,1.43,D
-29.04999,-57.83274,338.31,0.45,0.39,2026-02-11,1728,N,VIIRS,n,2.0NRT,301.58,8.82,D
-29.05358,-57.83215,337.4,0.45,0.39,2026-02-11,1728,N,VIIRS,n,2.0NRT,301.93,8.82,D
-29.03624,-56.63892,349.73,0.41,0.37,2026-02-11,1728,N,VIIRS,n,2.0NRT,302.61,8.12,D
-27.51752,-57.07003,332.15,0.41,0.37,2026-02-11,1730,N,VIIRS,l,2.0NRT,306.24,4.24,D
-26.21165,-59.44659,334.18,0.49,0.4,2026-02-11,1730,N,VIIRS,n,2.0NRT,300.63,5.15,D
-26.63837,-64.13927,332.95,0.61,0.53,2026-02-11,1730,N,VIIRS,l,2.0NRT,304.35,7.75,D
-26.63895,-64.14554,333.05,0.61,0.53,2026-02-11,1730,N,VIIRS,l,2.0NRT,304.54,7.75,D
-25.79097,-57.82837,342.26,0.42,0.38,2026-02-11,1730,N,VIIRS,n,2.0NRT,303.14,12.36,D
-25.7875,-57.82895,346.57,0.42,0.38,2026-02-11,1730,N,VIIRS,n,2.0NRT,306.7,12.36,D
-25.66376,-58.48817,337.29,0.44,0.38,2026-02-11,1730,N,VIIRS,l,2.0NRT,301.91,5.33,D
-25.66434,-58.49258,342.93,0.44,0.38,2026-02-11,1730,N,VIIRS,l,2.0NRT,303.16,4.82,D
-25.51674,-57.90459,350.12,0.42,0.38,2026-02-11,1730,N,VIIRS,n,2.0NRT,310.53,10.04,D
-25.50577,-57.87643,340.99,0.42,0.38,2026-02-11,1730,N,VIIRS,l,2.0NRT,311.63,8.09,D
-25.41424,-58.32756,350.39,0.43,0.38,2026-02-11,1730,N,VIIRS,n,2.0NRT,310.48,37.45,D
-25.41071,-58.32813,343.1,0.43,0.38,2026-02-11,1730,N,VIIRS,l,2.0NRT,306.08,13.53,D
-25.3119,-57.79062,342.56,0.41,0.37,2026-02-11,1730,N,VIIRS,n,2.0NRT,306.23,7.76,D
-25.31248,-57.79475,339.24,0.41,0.37,2026-02-11,1730,N,VIIRS,n,2.0NRT,306.68,7.89,D
-25.30845,-57.7912,345.43,0.41,0.37,2026-02-11,1730,N,VIIRS,n,2.0NRT,303.92,7.73,D
-25.30903,-57.79534,343.61,0.41,0.37,2026-02-11,1730,N,VIIRS,n,2.0NRT,305.42,8.26,D
-25.3096,-57.79947,341.92,0.41,0.37,2026-02-11,1730,N,VIIRS,l,2.0NRT,307.72,8.26,D
-25.24436,-57.86555,334.3,0.42,0.37,2026-02-11,1730,N,VIIRS,l,2.0NRT,306.06,20.36,D
-25.24493,-57.86971,339.86,0.42,0.37,2026-02-11,1730,N,VIIRS,l,2.0NRT,306.22,20.36,D
-25.2409,-57.86613,340.17,0.42,0.37,2026-02-11,1730,N,VIIRS,l,2.0NRT,304.44,4.61,D
-25.24147,-57.87029,340.81,0.42,0.37,2026-02-11,1730,N,VIIRS,n,2.0NRT,304.85,4.61,D
-25.23743,-57.86671,343.06,0.42,0.37,2026-02-11,1730,N,VIIRS,l,2.0NRT,305.14,4.61,D
-25.23397,-57.86729,333.87,0.42,0.37,2026-02-11,1730,N,VIIRS,l,2.0NRT,306.33,6.34,D
-25.22937,-57.85956,334.02,0.42,0.37,2026-02-11,1730,N,VIIRS,l,2.0NRT,305.7,7.37,D
-25.22994,-57.86371,345.31,0.42,0.37,2026-02-11,1730,N,VIIRS,n,2.0NRT,308.47,7.37,D
-25.2305,-57.86787,337.05,0.42,0.37,2026-02-11,1730,N,VIIRS,l,2.0NRT,305,6.34,D
-25.23107,-57.87203,353.31,0.42,0.37,2026-02-11,1730,N,VIIRS,n,2.0NRT,307.14,6.34,D
-25.23164,-57.87619,335.19,0.42,0.37,2026-02-11,1730,N,VIIRS,l,2.0NRT,303.64,6.05,D
-25.2332,-57.86656,336.33,0.42,0.37,2026-02-11,1730,N,VIIRS,l,2.0NRT,306.05,5.36,D
-25.23378,-57.87071,334.95,0.42,0.37,2026-02-11,1730,N,VIIRS,l,2.0NRT,305.68,5.36,D
-25.23436,-57.87486,338.38,0.42,0.37,2026-02-11,1730,N,VIIRS,n,2.0NRT,303.66,5.27,D
-25.22915,-57.86299,343.99,0.42,0.37,2026-02-11,1730,N,VIIRS,n,2.0NRT,307.93,14,D
-25.22973,-57.86714,339.7,0.42,0.37,2026-02-11,1730,N,VIIRS,l,2.0NRT,306.53,5.36,D
-25.23031,-57.87129,347.69,0.42,0.37,2026-02-11,1730,N,VIIRS,n,2.0NRT,306.49,5.36,D
-25.23089,-57.87544,346.88,0.42,0.37,2026-02-11,1730,N,VIIRS,n,2.0NRT,305.56,5.27,D
-25.22743,-57.87602,337.82,0.42,0.37,2026-02-11,1730,N,VIIRS,l,2.0NRT,305.72,8.16,D
-25.21878,-57.94132,335.7,0.42,0.38,2026-02-11,1730,N,VIIRS,l,2.0NRT,303.4,6.94,D
-25.21936,-57.9455,342.79,0.42,0.38,2026-02-11,1730,N,VIIRS,l,2.0NRT,306.86,4.36,D
-25.07755,-57.97374,349.78,0.42,0.38,2026-02-11,1730,N,VIIRS,l,2.0NRT,310.34,32.85,D
-25.10138,-58.46936,332.98,0.43,0.38,2026-02-11,1730,N,VIIRS,l,2.0NRT,299.82,7.75,D
-25.10389,-58.4733,335.56,0.43,0.38,2026-02-11,1730,N,VIIRS,l,2.0NRT,300.49,10.36,D
-25.05455,-58.24447,333.16,0.43,0.38,2026-02-11,1730,N,VIIRS,l,2.0NRT,307.19,10.41,D
-25.05514,-58.24873,336.07,0.43,0.38,2026-02-11,1730,N,VIIRS,l,2.0NRT,310.64,11.41,D
-25.04988,-58.23654,332.39,0.43,0.38,2026-02-11,1730,N,VIIRS,l,2.0NRT,306.79,4.76,D
-25.05163,-58.24929,336.87,0.43,0.38,2026-02-11,1730,N,VIIRS,l,2.0NRT,311.17,4.24,D
-25.05222,-58.25355,336.42,0.43,0.38,2026-02-11,1730,N,VIIRS,l,2.0NRT,310.71,4.24,D
-25.04813,-58.24987,335.83,0.43,0.38,2026-02-11,1730,N,VIIRS,l,2.0NRT,310.45,4.24,D
-25.04871,-58.25412,337.83,0.43,0.38,2026-02-11,1730,N,VIIRS,l,2.0NRT,310.96,4.24,D
-25.04404,-58.24618,333.19,0.43,0.38,2026-02-11,1730,N,VIIRS,l,2.0NRT,307.44,9.9,D
-25.04462,-58.25043,337.34,0.43,0.38,2026-02-11,1730,N,VIIRS,l,2.0NRT,311.35,7.68,D
-25.0452,-58.25469,336.5,0.43,0.38,2026-02-11,1730,N,VIIRS,l,2.0NRT,311.05,7.68,D
-25.04578,-58.25895,337.58,0.43,0.38,2026-02-11,1730,N,VIIRS,l,2.0NRT,312.22,16,D
-25.08262,-58.55675,339.25,0.44,0.38,2026-02-11,1730,N,VIIRS,l,2.0NRT,304.13,20.15,D
-25.07907,-58.55732,343.87,0.44,0.38,2026-02-11,1730,N,VIIRS,n,2.0NRT,302.84,9.77,D
-25.07965,-58.56169,343.1,0.44,0.38,2026-02-11,1730,N,VIIRS,n,2.0NRT,304.67,7.32,D
-25.07552,-58.5579,336.34,0.44,0.38,2026-02-11,1730,N,VIIRS,n,2.0NRT,302.12,9.77,D
-25.0761,-58.56226,339.74,0.44,0.38,2026-02-11,1730,N,VIIRS,l,2.0NRT,306.63,7.32,D
-25.07197,-58.55846,346.85,0.44,0.38,2026-02-11,1730,N,VIIRS,l,2.0NRT,305.89,15.62,D
-25.07255,-58.56283,348.16,0.44,0.38,2026-02-11,1730,N,VIIRS,l,2.0NRT,303.45,8.49,D
-23.25258,-63.25425,335.98,0.49,0.49,2026-02-11,1730,N,VIIRS,l,2.0NRT,309.72,9.92,D
-28.81998,-59.4044,354.1,0.52,0.41,2026-02-11,1730,N,VIIRS,n,2.0NRT,300.42,12.33,D
-28.6109,-60.78995,342.33,0.41,0.45,2026-02-11,1730,N,VIIRS,n,2.0NRT,295.74,8.91,D
-28.43923,-59.73599,339.47,0.53,0.42,2026-02-11,1730,N,VIIRS,n,2.0NRT,300.61,8.33,D
-27.80419,-56.21315,336.75,0.39,0.36,2026-02-11,1730,N,VIIRS,n,2.0NRT,308.63,1.42,D
-27.80367,-56.2122,337.57,0.39,0.36,2026-02-11,1730,N,VIIRS,l,2.0NRT,308.98,3.19,D
-27.47828,-55.00938,339.26,0.38,0.36,2026-02-11,1730,N,VIIRS,n,2.0NRT,309.62,4.08,D
-27.33398,-54.92911,340.09,0.38,0.36,2026-02-11,1730,N,VIIRS,n,2.0NRT,309.23,25.79,D
-27.17979,-54.18967,341.17,0.39,0.36,2026-02-11,1730,N,VIIRS,n,2.0NRT,314.3,67.78,D
-27.56816,-56.83274,336.62,0.4,0.37,2026-02-11,1730,N,VIIRS,n,2.0NRT,304.14,2.1,D
-27.56858,-56.83187,330.18,0.4,0.37,2026-02-11,1730,N,VIIRS,l,2.0NRT,303.36,2.96,D
-27.56646,-56.89138,339.51,0.41,0.37,2026-02-11,1730,N,VIIRS,n,2.0NRT,305.62,3.57,D
-27.56304,-56.89199,348.27,0.41,0.37,2026-02-11,1730,N,VIIRS,n,2.0NRT,307.07,10.53,D
-27.54008,-56.82845,337.15,0.4,0.37,2026-02-11,1730,N,VIIRS,l,2.0NRT,308.67,5.59,D
-27.54066,-56.83256,334.5,0.4,0.37,2026-02-11,1730,N,VIIRS,l,2.0NRT,308.3,2.72,D
-27.52783,-57.04263,335.61,0.41,0.37,2026-02-11,1730,N,VIIRS,n,2.0NRT,305.98,31.46,D
-27.5284,-57.04679,347.07,0.41,0.37,2026-02-11,1730,N,VIIRS,n,2.0NRT,308.18,18.48,D
-27.52898,-57.05096,333.93,0.41,0.37,2026-02-11,1730,N,VIIRS,n,2.0NRT,301.64,18.48,D
-27.52439,-57.04323,340.38,0.41,0.37,2026-02-11,1730,N,VIIRS,n,2.0NRT,304.5,31.46,D
-27.52496,-57.04739,345.74,0.41,0.37,2026-02-11,1730,N,VIIRS,n,2.0NRT,305.13,18.48,D
-27.52554,-57.05156,349.59,0.41,0.37,2026-02-11,1730,N,VIIRS,n,2.0NRT,306.45,18.48,D
-27.52095,-57.04382,339.31,0.41,0.37,2026-02-11,1730,N,VIIRS,n,2.0NRT,301.21,99.82,D
-27.52153,-57.04799,334.61,0.41,0.37,2026-02-11,1730,N,VIIRS,l,2.0NRT,305.29,7.21,D
-27.5221,-57.05216,338.97,0.41,0.37,2026-02-11,1730,N,VIIRS,n,2.0NRT,305.55,7.21,D
-27.52268,-57.05633,337.64,0.41,0.37,2026-02-11,1730,N,VIIRS,n,2.0NRT,303.06,8.56,D
-27.51809,-57.04859,340.6,0.41,0.37,2026-02-11,1730,N,VIIRS,n,2.0NRT,309.91,7.21,D
-27.51866,-57.05276,333.09,0.41,0.37,2026-02-11,1730,N,VIIRS,l,2.0NRT,307.73,7.21,D
-27.51924,-57.05693,337.68,0.41,0.37,2026-02-11,1730,N,VIIRS,n,2.0NRT,302.45,8.56,D
-27.4837,-56.82576,330.43,0.4,0.37,2026-02-11,1730,N,VIIRS,l,2.0NRT,305.26,2.53,D
-27.51408,-57.04502,331.5,0.41,0.37,2026-02-11,1730,N,VIIRS,l,2.0NRT,304.1,82.82,D
-27.51408,-57.07064,337.7,0.41,0.37,2026-02-11,1730,N,VIIRS,n,2.0NRT,304.46,4.24,D
-27.11915,-54.60883,333.75,0.39,0.36,2026-02-11,1730,N,VIIRS,n,2.0NRT,303.33,2.04,D
-27.09739,-54.64534,339.05,0.39,0.36,2026-02-11,1730,N,VIIRS,n,2.0NRT,306.15,5.41,D
-27.48629,-58.82992,339.12,0.47,0.4,2026-02-11,1730,N,VIIRS,n,2.0NRT,298.37,5,D
-27.08717,-58.69262,339.34,0.46,0.39,2026-02-11,1730,N,VIIRS,n,2.0NRT,301.8,6.52,D
-26.32558,-54.02857,335.13,0.39,0.37,2026-02-11,1730,N,VIIRS,n,2.0NRT,306.59,4.93,D
-26.32623,-54.03251,338.13,0.39,0.37,2026-02-11,1730,N,VIIRS,n,2.0NRT,302.88,3.76,D
-26.28634,-53.83121,330.53,0.4,0.37,2026-02-11,1730,N,VIIRS,l,2.0NRT,302.35,1.99,D
-27.55882,-65.56013,343.47,0.38,0.59,2026-02-11,1730,N,VIIRS,n,2.0NRT,292.92,0.44,D
-26.639,-58.37699,343.31,0.44,0.39,2026-02-11,1730,N,VIIRS,n,2.0NRT,301.56,7.62,D
-26.01894,-54.5611,339.51,0.39,0.36,2026-02-11,1730,N,VIIRS,n,2.0NRT,306.12,3,D
-26.52575,-58.64433,336.26,0.45,0.39,2026-02-11,1730,N,VIIRS,l,2.0NRT,301.77,6.45,D
-26.52634,-58.64893,348.82,0.45,0.39,2026-02-11,1730,N,VIIRS,l,2.0NRT,301.36,6.45,D
-26.52213,-58.64491,339.13,0.45,0.39,2026-02-11,1730,N,VIIRS,l,2.0NRT,304.02,37.22,D
-26.5191,-58.6501,346.25,0.45,0.39,2026-02-11,1730,N,VIIRS,n,2.0NRT,303.99,37.22,D
-26.52533,-58.64703,348.73,0.45,0.39,2026-02-11,1730,N,VIIRS,n,2.0NRT,302.21,35.23,D
-26.52594,-58.65162,351.43,0.45,0.39,2026-02-11,1730,N,VIIRS,n,2.0NRT,302.09,9.55,D
-26.52171,-58.6476,351.6,0.45,0.39,2026-02-11,1730,N,VIIRS,n,2.0NRT,306.35,35.23,D
-26.5181,-58.64819,343.66,0.45,0.39,2026-02-11,1730,N,VIIRS,n,2.0NRT,303.54,17.85,D
-26.51448,-58.64876,341.66,0.45,0.39,2026-02-11,1730,N,VIIRS,n,2.0NRT,302.71,17.85,D
-26.51086,-58.64934,346.04,0.45,0.39,2026-02-11,1730,N,VIIRS,n,2.0NRT,304.29,47.56,D
-26.50725,-58.64991,345.54,0.45,0.39,2026-02-11,1730,N,VIIRS,n,2.0NRT,307.34,47.56,D
-26.50242,-58.6413,344.67,0.45,0.39,2026-02-11,1730,N,VIIRS,n,2.0NRT,303.23,11.47,D
-26.50303,-58.6459,353.51,0.45,0.39,2026-02-11,1730,N,VIIRS,n,2.0NRT,302.77,10.64,D
-26.50363,-58.65049,341.97,0.45,0.39,2026-02-11,1730,N,VIIRS,n,2.0NRT,299.9,10.64,D
-26.49941,-58.64647,333.83,0.45,0.39,2026-02-11,1730,N,VIIRS,n,2.0NRT,300.33,10.64,D
-25.77141,-53.96013,337.51,0.4,0.37,2026-02-11,1730,N,VIIRS,n,2.0NRT,305.06,5.3,D
-26.3432,-58.19803,331.54,0.44,0.38,2026-02-11,1730,N,VIIRS,l,2.0NRT,300.26,3.47,D
-22.26193,-63.4677,340,0.49,0.49,2026-02-11,1732,N,VIIRS,n,2.0NRT,305.12,6.08,D
-22.26646,-63.46714,335.45,0.49,0.49,2026-02-11,1732,N,VIIRS,l,2.0NRT,307.71,6.08,D
-22.26139,-63.46287,344.77,0.49,0.49,2026-02-11,1732,N,VIIRS,n,2.0NRT,304.84,7.03,D
-22.26591,-63.46231,336.57,0.49,0.49,2026-02-11,1732,N,VIIRS,l,2.0NRT,307.19,7.03,D
-38.56681,-63.38938,340.91,0.44,0.63,2026-02-11,1906,N,VIIRS,n,2.0NRT,300.98,3.95,D
-39.24527,-62.06434,367,0.49,0.65,2026-02-11,1906,N,VIIRS,h,2.0NRT,301.88,20.26,D
-38.56824,-63.39438,336.74,0.44,0.63,2026-02-11,1906,N,VIIRS,n,2.0NRT,301.21,3.95,D
-38.56118,-63.39183,337.93,0.44,0.63,2026-02-11,1906,N,VIIRS,n,2.0NRT,301.87,3.04,D
-38.56261,-63.39677,335.97,0.44,0.63,2026-02-11,1906,N,VIIRS,n,2.0NRT,301.07,3.04,D
-35.80811,-65.18383,343.25,0.42,0.61,2026-02-11,1908,N,VIIRS,n,2.0NRT,299.24,7.61,D
-35.82321,-65.1974,344.4,0.42,0.61,2026-02-11,1908,N,VIIRS,n,2.0NRT,300.67,6.49,D
-35.80709,-65.18312,337.99,0.43,0.62,2026-02-11,1908,N,VIIRS,n,2.0NRT,299.26,3.96,D
-35.80836,-65.18781,344.65,0.42,0.61,2026-02-11,1908,N,VIIRS,n,2.0NRT,301.22,3.96,D
-35.94386,-70.06426,367,0.47,0.48,2026-02-11,1908,N,VIIRS,h,2.0NRT,337.97,252.44,D
-35.94522,-70.07027,367,0.47,0.48,2026-02-11,1908,N,VIIRS,h,2.0NRT,338.2,252.44,D
-35.94259,-70.05865,343.58,0.47,0.48,2026-02-11,1908,N,VIIRS,n,2.0NRT,297.88,51.34,D
-35.94637,-70.07532,335.42,0.47,0.48,2026-02-11,1908,N,VIIRS,n,2.0NRT,310.39,79.18,D
-35.94189,-70.07612,367,0.47,0.48,2026-02-11,1908,N,VIIRS,h,2.0NRT,357.9,79.18,D
-35.93572,-70.04894,332.69,0.47,0.48,2026-02-11,1908,N,VIIRS,l,2.0NRT,304.07,4.45,D
-35.93693,-70.05424,335.44,0.47,0.48,2026-02-11,1908,N,VIIRS,n,2.0NRT,304.86,51.34,D
-35.9382,-70.05986,350.75,0.47,0.48,2026-02-11,1908,N,VIIRS,n,2.0NRT,308.69,51.34,D
-35.94306,-70.08128,339.31,0.47,0.48,2026-02-11,1908,N,VIIRS,n,2.0NRT,312.83,79.18,D
-35.93947,-70.06545,367,0.47,0.48,2026-02-11,1908,N,VIIRS,l,2.0NRT,378.02,252.44,D
-35.94073,-70.07099,367,0.47,0.48,2026-02-11,1908,N,VIIRS,l,2.0NRT,378.02,252.44,D
-35.93506,-70.06656,351.96,0.47,0.48,2026-02-11,1908,N,VIIRS,n,2.0NRT,310.42,131.82,D
-35.93744,-70.07706,367,0.47,0.48,2026-02-11,1908,N,VIIRS,l,2.0NRT,368.4,170.24,D
-35.93193,-70.07332,344.14,0.47,0.48,2026-02-11,1908,N,VIIRS,n,2.0NRT,308.17,131.82,D
-35.93316,-70.07871,350.31,0.47,0.48,2026-02-11,1908,N,VIIRS,n,2.0NRT,313.03,170.24,D
-33.37004,-65.75001,335.35,0.46,0.63,2026-02-11,1908,N,VIIRS,n,2.0NRT,298.29,2.76,D
-33.12444,-68.50248,331.37,0.33,0.55,2026-02-11,1908,N,VIIRS,l,2.0NRT,305.49,1.94,D
-36.20735,-60.51145,367,0.71,0.75,2026-02-11,1908,N,VIIRS,h,2.0NRT,297.02,23.76,D
-38.56831,-63.38777,339.86,0.44,0.63,2026-02-11,1908,N,VIIRS,n,2.0NRT,300.47,3.62,D
-38.56972,-63.3928,334.4,0.44,0.63,2026-02-11,1908,N,VIIRS,n,2.0NRT,300.63,3.62,D
-38.56265,-63.39011,335.15,0.44,0.63,2026-02-11,1908,N,VIIRS,n,2.0NRT,302.46,3.93,D
-38.56405,-63.3951,337.7,0.44,0.63,2026-02-11,1908,N,VIIRS,n,2.0NRT,301.71,3.93,D
-37.26051,-59.67967,326.4,0.73,0.76,2026-02-11,1908,N,VIIRS,n,2.0NRT,295.14,5.99,D
-36.21139,-60.50953,367,0.71,0.75,2026-02-11,1908,N,VIIRS,h,2.0NRT,295.84,16.44,D
-36.20468,-60.51269,356.43,0.71,0.75,2026-02-11,1908,N,VIIRS,n,2.0NRT,293.41,13.37,D
-35.81751,-65.19564,351.06,0.42,0.61,2026-02-11,1908,N,VIIRS,n,2.0NRT,299.87,8.86,D
-31.49421,-68.62608,338.49,0.35,0.57,2026-02-11,1910,N,VIIRS,n,2.0NRT,308.09,7.25,D
-31.49594,-68.62453,367,0.35,0.57,2026-02-11,1910,N,VIIRS,h,2.0NRT,310.4,7.08,D
-25.17319,-58.66161,316.54,0.42,0.45,2026-02-12,0444,N,VIIRS,n,2.0NRT,294.57,1.78,N
-27.52752,-57.05532,309.08,0.48,0.4,2026-02-12,0444,N,VIIRS,n,2.0NRT,294.55,0.83,N
-27.52291,-57.05932,325.11,0.48,0.4,2026-02-12,0444,N,VIIRS,n,2.0NRT,294.84,17.5,N
-27.52199,-57.06419,349.88,0.48,0.4,2026-02-12,0444,N,VIIRS,n,2.0NRT,299.46,17.5,N
-27.52107,-57.06908,328.02,0.48,0.4,2026-02-12,0444,N,VIIRS,n,2.0NRT,295.41,15.14,N
-27.51831,-57.06332,322.39,0.48,0.4,2026-02-12,0444,N,VIIRS,n,2.0NRT,296.01,3.22,N
-26.49813,-58.65976,342.77,0.4,0.44,2026-02-12,0444,N,VIIRS,n,2.0NRT,295.08,5.72,N
-25.80718,-61.43903,314,0.6,0.53,2026-02-12,0444,N,VIIRS,n,2.0NRT,292.29,3.05,N
-25.80586,-61.44501,314.95,0.6,0.53,2026-02-12,0444,N,VIIRS,n,2.0NRT,292.44,4.24,N
-25.80101,-61.44368,317.24,0.6,0.53,2026-02-12,0444,N,VIIRS,n,2.0NRT,292.55,3.19,N
-27.07434,-54.43884,307.51,0.4,0.37,2026-02-12,0444,N,VIIRS,n,2.0NRT,294,0.6,N
-27.07096,-54.4381,309.43,0.4,0.37,2026-02-12,0444,N,VIIRS,n,2.0NRT,294.31,0.6,N
-25.2963,-62.00578,311.16,0.33,0.55,2026-02-12,0444,N,VIIRS,n,2.0NRT,291.01,3.99,N
-25.29554,-62.00908,317.77,0.33,0.55,2026-02-12,0444,N,VIIRS,n,2.0NRT,291.72,2.77,N
-25.29479,-62.01239,312.31,0.33,0.55,2026-02-12,0444,N,VIIRS,n,2.0NRT,291.48,2.77,N
-26.46183,-54.51701,310.8,0.4,0.37,2026-02-12,0444,N,VIIRS,n,2.0NRT,293.73,1.89,N
-25.17736,-58.66263,317.58,0.42,0.45,2026-02-12,0444,N,VIIRS,n,2.0NRT,294.35,2.42,N
-25.17652,-58.66684,323.89,0.42,0.45,2026-02-12,0444,N,VIIRS,n,2.0NRT,294.77,3.7,N
-22.2583,-63.46723,320.76,0.47,0.64,2026-02-12,0444,N,VIIRS,n,2.0NRT,291.48,2.56,N
-22.25938,-63.46264,312.96,0.47,0.64,2026-02-12,0444,N,VIIRS,n,2.0NRT,291.51,2.56,N
-22.26045,-63.45806,311.18,0.47,0.64,2026-02-12,0444,N,VIIRS,n,2.0NRT,291.65,2.1,N
-24.65505,-59.07078,311.63,0.46,0.47,2026-02-12,0444,N,VIIRS,n,2.0NRT,293.95,1.76,N
-24.65597,-59.06626,308.51,0.46,0.47,2026-02-12,0444,N,VIIRS,n,2.0NRT,293.46,1.38,N
-25.10079,-57.88119,306.61,0.38,0.43,2026-02-12,0444,N,VIIRS,n,2.0NRT,295.2,1.21,N
-25.20041,-57.81702,332.84,0.57,0.43,2026-02-12,0444,N,VIIRS,n,2.0NRT,295.79,8.33,N
-25.20439,-57.81796,325.77,0.57,0.43,2026-02-12,0444,N,VIIRS,n,2.0NRT,294.99,4.62,N
-25.11611,-58.2631,305.44,0.4,0.44,2026-02-12,0444,N,VIIRS,n,2.0NRT,294.19,0.6,N
-25.12019,-58.26409,307.42,0.4,0.44,2026-02-12,0444,N,VIIRS,n,2.0NRT,294.15,0.6,N
-25.1715,-58.67002,328.78,0.42,0.45,2026-02-12,0444,N,VIIRS,n,2.0NRT,294.72,4.3,N
-29.07882,-56.60488,314.95,0.44,0.38,2026-02-12,0446,N,VIIRS,n,2.0NRT,295.98,2.24,N
-29.07446,-56.60859,333.05,0.44,0.38,2026-02-12,0446,N,VIIRS,n,2.0NRT,297.35,7.62,N
-29.07528,-56.60405,321.78,0.44,0.38,2026-02-12,0446,N,VIIRS,n,2.0NRT,296.26,2.24,N
-29.07718,-56.61398,330.17,0.44,0.38,2026-02-12,0446,N,VIIRS,n,2.0NRT,297.27,7.62,N
-29.078,-56.60943,354.95,0.44,0.38,2026-02-12,0446,N,VIIRS,n,2.0NRT,299.13,7.62,N
-29.08072,-56.61481,311.7,0.44,0.38,2026-02-12,0446,N,VIIRS,n,2.0NRT,296.01,1.76,N
-29.08154,-56.61027,315.79,0.44,0.38,2026-02-12,0446,N,VIIRS,n,2.0NRT,296.05,1.76,N
-28.36498,-61.79779,334.81,0.55,0.51,2026-02-12,0446,N,VIIRS,n,2.0NRT,288.48,6.96,N
-28.8661,-60.04848,331.86,0.43,0.46,2026-02-12,0446,N,VIIRS,n,2.0NRT,295.59,2.89,N
-28.86518,-60.05293,310.51,0.43,0.46,2026-02-12,0446,N,VIIRS,n,2.0NRT,295.08,2.89,N
-28.864,-60.04972,319.07,0.43,0.46,2026-02-12,0446,N,VIIRS,n,2.0NRT,295.74,1.65,N
-28.86495,-60.04529,314.39,0.43,0.46,2026-02-12,0446,N,VIIRS,n,2.0NRT,295.04,1.65,N
-28.86821,-60.05087,317.92,0.43,0.46,2026-02-12,0446,N,VIIRS,n,2.0NRT,295.28,1.65,N
-28.86915,-60.04644,309.3,0.43,0.46,2026-02-12,0446,N,VIIRS,n,2.0NRT,295.13,1.65,N
-29.56983,-62.11084,305.17,0.55,0.51,2026-02-12,0446,N,VIIRS,n,2.0NRT,290.88,1.14,N
-29.5711,-62.1052,304.15,0.55,0.51,2026-02-12,0446,N,VIIRS,n,2.0NRT,290.83,1.14,N
-33.36589,-60.16201,308.75,0.54,0.42,2026-02-12,0446,N,VIIRS,n,2.0NRT,290.68,1.43,N
-33.36978,-60.16313,300.79,0.54,0.42,2026-02-12,0446,N,VIIRS,n,2.0NRT,289.95,1.43,N
-33.96418,-58.7593,322.49,0.46,0.39,2026-02-12,0446,N,VIIRS,n,2.0NRT,288.63,2.24,N
-33.96779,-58.7603,314.39,0.46,0.39,2026-02-12,0446,N,VIIRS,n,2.0NRT,287.96,2.24,N
-33.97044,-58.76631,296.97,0.46,0.39,2026-02-12,0446,N,VIIRS,n,2.0NRT,286.86,0.67,N
-34.85771,-57.89329,335.3,0.42,0.38,2026-02-12,0446,N,VIIRS,n,2.0NRT,291.52,4.45,N
-35.95264,-70.08634,331.08,0.52,0.67,2026-02-12,0448,N,VIIRS,n,2.0NRT,277.78,21.56,N
-36.12024,-57.34367,335.61,0.4,0.37,2026-02-12,0448,N,VIIRS,n,2.0NRT,286.4,2.4,N
-36.12101,-57.33921,297.3,0.4,0.37,2026-02-12,0448,N,VIIRS,n,2.0NRT,283.71,2.4,N
-36.12363,-57.34456,328.31,0.4,0.37,2026-02-12,0448,N,VIIRS,n,2.0NRT,283.65,2.4,N
-36.1244,-57.3401,330.32,0.4,0.37,2026-02-12,0448,N,VIIRS,n,2.0NRT,283.7,2.4,N
-36.12518,-57.33564,316.08,0.4,0.37,2026-02-12,0448,N,VIIRS,n,2.0NRT,282.13,1.46,N
-40.29287,-64.01972,305.77,0.41,0.45,2026-02-12,0448,N,VIIRS,n,2.0NRT,284.53,1.35,N
-38.88879,-67.98081,295.35,0.34,0.56,2026-02-12,0448,N,VIIRS,n,2.0NRT,282.91,0.51,N
-38.88775,-67.98472,303.82,0.34,0.56,2026-02-12,0448,N,VIIRS,n,2.0NRT,283.42,0.51,N
-35.96077,-70.05824,300.49,0.52,0.67,2026-02-12,0448,N,VIIRS,n,2.0NRT,278.75,4.4,N
-35.9507,-70.09304,314.17,0.52,0.67,2026-02-12,0448,N,VIIRS,n,2.0NRT,278.81,21.56,N
-35.95932,-70.06326,339.79,0.52,0.67,2026-02-12,0448,N,VIIRS,n,2.0NRT,280.86,8.96,N
-35.92217,-70.0752,367,0.52,0.67,2026-02-12,0448,N,VIIRS,h,2.0NRT,285.91,23.68,N
-35.94786,-70.07957,298.98,0.52,0.67,2026-02-12,0448,N,VIIRS,n,2.0NRT,280.88,9.4,N
-35.94602,-70.08595,344.29,0.52,0.67,2026-02-12,0448,N,VIIRS,n,2.0NRT,293.73,21.56,N
-35.94456,-70.09097,367,0.52,0.67,2026-02-12,0448,N,VIIRS,h,2.0NRT,293.4,21.56,N
-35.93865,-70.0881,301.95,0.52,0.67,2026-02-12,0448,N,VIIRS,n,2.0NRT,280.75,3.52,N
-35.93155,-70.08933,308.48,0.52,0.67,2026-02-12,0448,N,VIIRS,n,2.0NRT,281.13,3.69,N
-35.92939,-70.07356,299.75,0.52,0.67,2026-02-12,0448,N,VIIRS,n,2.0NRT,281.84,13.59,N
-35.92794,-70.07854,349.86,0.52,0.67,2026-02-12,0448,N,VIIRS,n,2.0NRT,292.1,23.68,N
-35.92672,-70.08273,367,0.52,0.67,2026-02-12,0448,N,VIIRS,h,2.0NRT,295.55,23.68,N
-35.92555,-70.08675,367,0.52,0.67,2026-02-12,0448,N,VIIRS,h,2.0NRT,286.38,39.89,N
-35.92089,-70.07957,297.61,0.52,0.67,2026-02-12,0448,N,VIIRS,n,2.0NRT,279.56,23.68,N
-22.26051,-63.47111,309.96,0.63,0.72,2026-02-12,0624,N,VIIRS,n,2.0NRT,289.91,2.65,N
-22.26102,-63.46465,313.05,0.63,0.72,2026-02-12,0624,N,VIIRS,n,2.0NRT,290.33,3.19,N
-22.26264,-63.46732,313.55,0.63,0.72,2026-02-12,0624,N,VIIRS,n,2.0NRT,289.87,3.84,N
-22.26311,-63.46084,313.17,0.63,0.72,2026-02-12,0624,N,VIIRS,n,2.0NRT,289.79,1.96,N
-32.25571,-68.62789,311.45,0.38,0.59,2026-02-12,0629,N,VIIRS,n,2.0NRT,287.19,0.91,N
-32.26125,-68.62843,302.75,0.38,0.59,2026-02-12,0629,N,VIIRS,n,2.0NRT,286.88,0.91,N
-33.065,-68.97322,300.08,0.37,0.58,2026-02-12,0629,N,VIIRS,n,2.0NRT,288.97,1.65,N
-35.92119,-70.07806,367,0.34,0.56,2026-02-12,0629,N,VIIRS,h,2.0NRT,288.74,7.17,N
-35.92086,-70.08311,299.64,0.34,0.56,2026-02-12,0629,N,VIIRS,n,2.0NRT,280.87,17.28,N
-35.92151,-70.07323,299.36,0.34,0.56,2026-02-12,0629,N,VIIRS,n,2.0NRT,282.2,7.17,N
-35.92583,-70.08823,347.4,0.34,0.56,2026-02-12,0629,N,VIIRS,n,2.0NRT,283.75,17.28,N
-35.93117,-70.08805,311.3,0.34,0.56,2026-02-12,0629,N,VIIRS,n,2.0NRT,283.14,3.78,N
-35.94151,-70.09261,307.42,0.34,0.56,2026-02-12,0629,N,VIIRS,n,2.0NRT,281.88,16.67,N
-35.94481,-70.04349,312.73,0.34,0.56,2026-02-12,0629,N,VIIRS,n,2.0NRT,281.76,2.27,N
-35.94512,-70.03896,311.71,0.34,0.56,2026-02-12,0629,N,VIIRS,n,2.0NRT,282.18,1.81,N
-35.94682,-70.09258,367,0.34,0.56,2026-02-12,0629,N,VIIRS,h,2.0NRT,287.86,16.67,N
-35.94712,-70.08825,350.73,0.34,0.56,2026-02-12,0629,N,VIIRS,n,2.0NRT,306.75,22.18,N
-35.94738,-70.0843,332.47,0.34,0.56,2026-02-12,0629,N,VIIRS,n,2.0NRT,287.81,22.18,N
-35.9501,-70.04419,313.04,0.34,0.56,2026-02-12,0629,N,VIIRS,n,2.0NRT,281.61,2.27,N
-35.95039,-70.04,314.57,0.34,0.56,2026-02-12,0629,N,VIIRS,n,2.0NRT,281.61,1.81,N
-35.95232,-70.08995,356.74,0.34,0.56,2026-02-12,0629,N,VIIRS,n,2.0NRT,281.38,10.51,N
-35.95257,-70.08627,357.1,0.34,0.56,2026-02-12,0629,N,VIIRS,n,2.0NRT,284.55,10.51,N
-35.95977,-70.05894,320.02,0.34,0.56,2026-02-12,0629,N,VIIRS,n,2.0NRT,282.35,1.47,N
-35.96501,-70.06021,335.48,0.34,0.56,2026-02-12,0629,N,VIIRS,n,2.0NRT,280.23,2.73,N
-38.74282,-68.83651,335.02,0.42,0.61,2026-02-12,0629,N,VIIRS,n,2.0NRT,280.18,1.75,N
-38.74474,-68.91742,320.52,0.42,0.61,2026-02-12,0629,N,VIIRS,n,2.0NRT,279.13,1.3,N
-38.74862,-68.83702,297.4,0.42,0.61,2026-02-12,0629,N,VIIRS,n,2.0NRT,277.15,1.75,N
-38.75052,-68.91787,301.89,0.42,0.61,2026-02-12,0629,N,VIIRS,n,2.0NRT,277.83,0.68,N
-35.92621,-70.08263,346.86,0.34,0.56,2026-02-12,0629,N,VIIRS,n,2.0NRT,302.09,17.28,N
-35.93074,-70.09452,353.77,0.34,0.56,2026-02-12,0629,N,VIIRS,n,2.0NRT,284.72,6.76,N
-35.92654,-70.07758,367,0.34,0.56,2026-02-12,0629,N,VIIRS,h,2.0NRT,290.49,7.17,N
-35.92684,-70.07316,337.54,0.34,0.56,2026-02-12,0629,N,VIIRS,n,2.0NRT,285.82,7.17,N
-35.92713,-70.06878,298.82,0.34,0.56,2026-02-12,0629,N,VIIRS,n,2.0NRT,282.84,1.88,N
-38.46352,-59.45518,339.55,0.4,0.6,2026-02-12,1709,N,VIIRS,n,2.0NRT,301.08,24.94,D
-38.53655,-58.71854,342.04,0.37,0.58,2026-02-12,1709,N,VIIRS,n,2.0NRT,300.21,2.94,D
-38.53633,-58.71829,343.16,0.37,0.58,2026-02-12,1709,N,VIIRS,n,2.0NRT,300.63,3.45,D
-38.46964,-59.46432,349.47,0.4,0.6,2026-02-12,1709,N,VIIRS,n,2.0NRT,303.4,4.69,D
-38.46986,-59.46909,351.94,0.4,0.6,2026-02-12,1709,N,VIIRS,n,2.0NRT,303.12,4.69,D
-38.46396,-59.46473,367,0.4,0.6,2026-02-12,1709,N,VIIRS,h,2.0NRT,306.6,12.01,D
-38.46374,-59.45996,353.16,0.4,0.6,2026-02-12,1709,N,VIIRS,n,2.0NRT,312.78,24.94,D
-38.46419,-59.46951,340.26,0.4,0.6,2026-02-12,1709,N,VIIRS,n,2.0NRT,300.83,12.01,D
-38.46703,-59.45786,367,0.4,0.6,2026-02-12,1709,N,VIIRS,h,2.0NRT,305.78,18.68,D
-38.46729,-59.46262,367,0.4,0.6,2026-02-12,1709,N,VIIRS,h,2.0NRT,308.66,17.39,D
-38.46753,-59.4674,367,0.4,0.6,2026-02-12,1709,N,VIIRS,h,2.0NRT,306.77,17.39,D
-38.46778,-59.47219,330.22,0.4,0.6,2026-02-12,1709,N,VIIRS,n,2.0NRT,301.41,5.47,D
-38.46136,-59.45824,367,0.4,0.6,2026-02-12,1709,N,VIIRS,h,2.0NRT,303.26,20.93,D
-38.46161,-59.46301,352.85,0.4,0.6,2026-02-12,1709,N,VIIRS,n,2.0NRT,300.76,11.27,D
-35.43534,-59.54451,335.1,0.38,0.59,2026-02-12,1709,N,VIIRS,n,2.0NRT,300.77,2.92,D
-34.96408,-58.39638,367,0.33,0.55,2026-02-12,1709,N,VIIRS,h,2.0NRT,298.75,6.64,D
-34.84089,-58.66306,333.47,0.34,0.56,2026-02-12,1709,N,VIIRS,n,2.0NRT,302.64,1.16,D
-34.41861,-62.29648,328.2,0.53,0.67,2026-02-12,1709,N,VIIRS,n,2.0NRT,294.97,0.76,D
-33.97489,-59.73994,341.94,0.38,0.59,2026-02-12,1709,N,VIIRS,n,2.0NRT,296.52,5.07,D
-33.96936,-59.74042,367,0.38,0.59,2026-02-12,1709,N,VIIRS,h,2.0NRT,298.43,5.07,D
-33.9691,-59.73615,341.03,0.38,0.59,2026-02-12,1709,N,VIIRS,n,2.0NRT,295.74,10.52,D
-33.97068,-59.7394,367,0.38,0.59,2026-02-12,1709,N,VIIRS,h,2.0NRT,301.49,13.25,D
-26.21452,-59.44804,344.36,0.61,0.53,2026-02-12,1711,N,VIIRS,n,2.0NRT,294.99,4.36,D
-27.72545,-59.00409,339.81,0.59,0.53,2026-02-12,1711,N,VIIRS,n,2.0NRT,300.35,6.96,D
-27.53474,-57.05473,356.79,0.45,0.47,2026-02-12,1711,N,VIIRS,l,2.0NRT,268.96,36.61,D
-27.53085,-57.05999,337.46,0.45,0.47,2026-02-12,1711,N,VIIRS,n,2.0NRT,271.74,7.57,D
-27.53028,-57.05848,334.96,0.45,0.47,2026-02-12,1711,N,VIIRS,n,2.0NRT,272.45,6.78,D
-27.53181,-57.07244,341.36,0.45,0.47,2026-02-12,1711,N,VIIRS,n,2.0NRT,276.94,16.46,D
-27.72389,-58.99981,340.32,0.59,0.53,2026-02-12,1711,N,VIIRS,n,2.0NRT,298.55,4.89,D
-27.72447,-59.00596,330.19,0.59,0.53,2026-02-12,1711,N,VIIRS,n,2.0NRT,299.37,4.89,D
-27.62432,-58.73043,342.04,0.57,0.52,2026-02-12,1711,N,VIIRS,n,2.0NRT,302.21,15.11,D
-27.62486,-58.73635,342.79,0.57,0.52,2026-02-12,1711,N,VIIRS,n,2.0NRT,302.26,15.11,D
-27.63047,-59.39944,334.26,0.63,0.54,2026-02-12,1711,N,VIIRS,n,2.0NRT,300.92,8.64,D
-27.57499,-58.85679,341.12,0.58,0.52,2026-02-12,1711,N,VIIRS,n,2.0NRT,298.37,14.23,D
-27.602,-59.14491,335.23,0.6,0.53,2026-02-12,1711,N,VIIRS,n,2.0NRT,295.7,4.19,D
-27.09671,-58.69316,343.76,0.56,0.51,2026-02-12,1711,N,VIIRS,n,2.0NRT,301.48,14.21,D
-27.09726,-58.69893,342.53,0.56,0.52,2026-02-12,1711,N,VIIRS,n,2.0NRT,300.41,7.81,D
-27.2244,-61.2832,332,0.4,0.6,2026-02-12,1711,N,VIIRS,l,2.0NRT,303.18,2.26,D
-27.22472,-61.28738,333.21,0.4,0.6,2026-02-12,1711,N,VIIRS,n,2.0NRT,302.89,2.26,D
-26.33952,-53.88933,332.54,0.45,0.39,2026-02-12,1711,N,VIIRS,n,2.0NRT,298.7,3.43,D
-26.32213,-54.56716,344.47,0.48,0.4,2026-02-12,1711,N,VIIRS,n,2.0NRT,300.65,8.16,D
-26.84778,-61.84598,340.27,0.43,0.62,2026-02-12,1711,N,VIIRS,n,2.0NRT,299.69,10.33,D
-26.84846,-61.85505,351.28,0.43,0.62,2026-02-12,1711,N,VIIRS,n,2.0NRT,301.54,11.04,D
-26.84262,-61.85554,367,0.43,0.62,2026-02-12,1711,N,VIIRS,h,2.0NRT,305.85,15.82,D
-26.84296,-61.86007,351.89,0.44,0.62,2026-02-12,1711,N,VIIRS,n,2.0NRT,299.05,15.82,D
-26.83679,-61.85604,367,0.43,0.62,2026-02-12,1711,N,VIIRS,h,2.0NRT,300.22,15.82,D
-26.83713,-61.86057,343.61,0.44,0.62,2026-02-12,1711,N,VIIRS,n,2.0NRT,297.79,15.82,D
-26.50084,-58.65749,344.61,0.55,0.51,2026-02-12,1711,N,VIIRS,n,2.0NRT,302.67,9.4,D
-26.50141,-58.66311,339.97,0.55,0.51,2026-02-12,1711,N,VIIRS,n,2.0NRT,301.7,8.63,D
-26.50196,-58.66871,340.78,0.55,0.51,2026-02-12,1711,N,VIIRS,n,2.0NRT,300.87,8.63,D
-26.49608,-58.65807,340.93,0.55,0.51,2026-02-12,1711,N,VIIRS,n,2.0NRT,303.11,9.4,D
-26.49664,-58.66367,346.92,0.55,0.51,2026-02-12,1711,N,VIIRS,n,2.0NRT,303.57,8.63,D
-26.5006,-59.32399,332.02,0.6,0.53,2026-02-12,1711,N,VIIRS,n,2.0NRT,296.52,3.89,D
-25.90025,-54.5045,330.27,0.48,0.4,2026-02-12,1711,N,VIIRS,l,2.0NRT,305.18,11.68,D
-26.46019,-60.31187,367,0.35,0.56,2026-02-12,1711,N,VIIRS,h,2.0NRT,300.64,4.98,D
-26.46189,-60.31234,367,0.35,0.56,2026-02-12,1711,N,VIIRS,h,2.0NRT,300.77,5.84,D
-28.07518,-58.70842,333.52,0.58,0.52,2026-02-12,1711,N,VIIRS,n,2.0NRT,272.1,7.92,D
-26.06555,-58.41266,341.47,0.52,0.5,2026-02-12,1711,N,VIIRS,n,2.0NRT,297.64,4.1,D
-26.15791,-59.75612,335.19,0.64,0.54,2026-02-12,1711,N,VIIRS,n,2.0NRT,294.12,7.43,D
-26.00261,-58.58947,330.08,0.54,0.51,2026-02-12,1711,N,VIIRS,n,2.0NRT,298.32,0.87,D
-26.3327,-62.89793,340.67,0.5,0.66,2026-02-12,1711,N,VIIRS,n,2.0NRT,294.16,5.24,D
-26.32653,-62.89844,342.28,0.5,0.66,2026-02-12,1711,N,VIIRS,n,2.0NRT,294.02,5.24,D
-26.32691,-62.8961,353.83,0.5,0.66,2026-02-12,1711,N,VIIRS,n,2.0NRT,294.28,12.89,D
-25.98217,-58.97421,333.83,0.57,0.52,2026-02-12,1711,N,VIIRS,n,2.0NRT,298.5,7.1,D
-25.98273,-58.97997,331.05,0.57,0.52,2026-02-12,1711,N,VIIRS,n,2.0NRT,300.2,7.41,D
-25.9424,-58.96722,336.01,0.56,0.52,2026-02-12,1711,N,VIIRS,n,2.0NRT,299.63,8.14,D
-25.60085,-57.64279,330.13,0.46,0.47,2026-02-12,1711,N,VIIRS,l,2.0NRT,301.02,8.77,D
-25.59692,-57.64805,348.63,0.47,0.47,2026-02-12,1711,N,VIIRS,n,2.0NRT,302.24,11.62,D
-25.5699,-57.64675,347.59,0.46,0.47,2026-02-12,1711,N,VIIRS,n,2.0NRT,303.78,11.02,D
-25.55572,-57.59634,351.98,0.46,0.47,2026-02-12,1711,N,VIIRS,n,2.0NRT,306.79,18.23,D
-25.5562,-57.60101,336.74,0.46,0.47,2026-02-12,1711,N,VIIRS,n,2.0NRT,300.1,9.22,D
-25.55131,-57.59691,367,0.46,0.47,2026-02-12,1711,N,VIIRS,h,2.0NRT,307.32,18.23,D
-25.55034,-57.58758,346.76,0.46,0.47,2026-02-12,1711,N,VIIRS,n,2.0NRT,304.12,11.11,D
-25.55083,-57.59224,342.58,0.46,0.47,2026-02-12,1711,N,VIIRS,n,2.0NRT,306.58,18.23,D
-25.55179,-57.60158,342.39,0.46,0.47,2026-02-12,1711,N,VIIRS,n,2.0NRT,303.49,9.22,D
-25.57145,-57.64833,367,0.46,0.47,2026-02-12,1711,N,VIIRS,h,2.0NRT,301.11,17.61,D
-25.55691,-57.59801,351.58,0.46,0.47,2026-02-12,1711,N,VIIRS,n,2.0NRT,302.65,25.74,D
-25.55147,-57.58925,348.51,0.46,0.47,2026-02-12,1711,N,VIIRS,n,2.0NRT,304.56,11.6,D
-25.55199,-57.5939,348.51,0.46,0.47,2026-02-12,1711,N,VIIRS,n,2.0NRT,306.32,11.6,D
-25.5525,-57.59856,354.32,0.46,0.47,2026-02-12,1711,N,VIIRS,n,2.0NRT,308.75,25.74,D
-25.54707,-57.58981,347.82,0.46,0.47,2026-02-12,1711,N,VIIRS,n,2.0NRT,307.86,10.57,D
-25.5481,-57.59913,340.6,0.46,0.47,2026-02-12,1711,N,VIIRS,n,2.0NRT,307.1,6.48,D
-25.64529,-58.5042,330.74,0.52,0.5,2026-02-12,1711,N,VIIRS,n,2.0NRT,294.18,1.96,D
-25.54114,-57.57647,334.01,0.46,0.47,2026-02-12,1711,N,VIIRS,n,2.0NRT,301.63,2.33,D
-25.54267,-57.59039,332.19,0.46,0.47,2026-02-12,1711,N,VIIRS,l,2.0NRT,304.99,10.57,D
-25.5437,-57.5997,338.23,0.46,0.47,2026-02-12,1711,N,VIIRS,n,2.0NRT,306.34,6.48,D
-25.54421,-57.60435,342.24,0.46,0.47,2026-02-12,1711,N,VIIRS,n,2.0NRT,301.87,6.48,D
-25.53929,-57.60025,344.39,0.46,0.47,2026-02-12,1711,N,VIIRS,n,2.0NRT,303.91,22,D
-25.53489,-57.60081,356.7,0.46,0.47,2026-02-12,1711,N,VIIRS,n,2.0NRT,301.73,22,D
-25.52998,-57.59673,343.5,0.46,0.47,2026-02-12,1711,N,VIIRS,n,2.0NRT,302.9,10.35,D
-25.53048,-57.60138,342.08,0.46,0.47,2026-02-12,1711,N,VIIRS,n,2.0NRT,300.04,5.99,D
-25.50646,-57.58565,350.88,0.46,0.47,2026-02-12,1711,N,VIIRS,n,2.0NRT,304.24,5.24,D
-25.50696,-57.59029,332.33,0.46,0.47,2026-02-12,1711,N,VIIRS,l,2.0NRT,303.15,5.24,D
-25.50206,-57.58621,347.87,0.46,0.47,2026-02-12,1711,N,VIIRS,n,2.0NRT,305.57,8.71,D
-23.0588,-63.20008,340.96,0.48,0.65,2026-02-12,1711,N,VIIRS,n,2.0NRT,307.02,6.16,D
-23.05919,-63.20494,334.57,0.48,0.65,2026-02-12,1711,N,VIIRS,l,2.0NRT,307.72,5.8,D
-22.26038,-63.45702,330.11,0.49,0.65,2026-02-12,1711,N,VIIRS,l,2.0NRT,304.61,5.97,D
-22.26119,-63.46682,351.29,0.49,0.65,2026-02-12,1711,N,VIIRS,n,2.0NRT,304.75,14.06,D
-22.2616,-63.47172,337.87,0.49,0.65,2026-02-12,1711,N,VIIRS,n,2.0NRT,304.45,9.58,D
-25.42159,-58.32214,348.12,0.51,0.49,2026-02-12,1713,N,VIIRS,n,2.0NRT,313.7,88.6,D
-25.80364,-61.44183,344.89,0.4,0.6,2026-02-12,1713,N,VIIRS,n,2.0NRT,300.35,6.36,D
-25.19745,-57.81045,342.81,0.47,0.48,2026-02-12,1713,N,VIIRS,n,2.0NRT,302.43,6.14,D
-25.19057,-57.83055,343.08,0.47,0.48,2026-02-12,1713,N,VIIRS,n,2.0NRT,302.2,9.65,D
-25.20605,-58.15409,342.5,0.49,0.49,2026-02-12,1713,N,VIIRS,n,2.0NRT,303.08,6.56,D
-25.20656,-58.15908,339.68,0.49,0.49,2026-02-12,1713,N,VIIRS,n,2.0NRT,302.72,6.56,D
-25.18391,-58.65462,332.4,0.53,0.5,2026-02-12,1713,N,VIIRS,l,2.0NRT,302.45,6.8,D
-25.185,-58.66531,336.12,0.53,0.5,2026-02-12,1713,N,VIIRS,n,2.0NRT,304.29,6.62,D
-25.17922,-58.65517,342.21,0.53,0.5,2026-02-12,1713,N,VIIRS,n,2.0NRT,302.38,7.31,D
-25.17977,-58.66052,337.51,0.53,0.5,2026-02-12,1713,N,VIIRS,n,2.0NRT,303.98,7.31,D
-25.17146,-58.67238,330.48,0.53,0.5,2026-02-12,1713,N,VIIRS,l,2.0NRT,303.33,5.06,D
-24.92168,-58.74187,332.24,0.53,0.5,2026-02-12,1713,N,VIIRS,l,2.0NRT,303.87,5.3,D
-25.514,-57.8682,342.09,0.48,0.48,2026-02-12,1713,N,VIIRS,n,2.0NRT,305.22,9.83,D
-25.51356,-57.90757,332.21,0.48,0.48,2026-02-12,1713,N,VIIRS,l,2.0NRT,304.69,8.58,D
-25.50554,-57.87418,334.62,0.48,0.48,2026-02-12,1713,N,VIIRS,l,2.0NRT,306.97,6.86,D
-25.50605,-57.87902,335.95,0.48,0.48,2026-02-12,1713,N,VIIRS,n,2.0NRT,305.51,6.86,D
-25.80927,-61.44127,341.3,0.4,0.6,2026-02-12,1713,N,VIIRS,n,2.0NRT,299.68,6.36,D
-25.81187,-61.44475,337.68,0.4,0.6,2026-02-12,1713,N,VIIRS,n,2.0NRT,297.74,2.7,D
-25.80589,-61.44118,343.58,0.4,0.6,2026-02-12,1713,N,VIIRS,n,2.0NRT,300.76,9.69,D
-25.80624,-61.44528,337.89,0.4,0.6,2026-02-12,1713,N,VIIRS,n,2.0NRT,298.66,4.89,D
-25.39277,-57.64591,346.56,0.46,0.47,2026-02-12,1713,N,VIIRS,n,2.0NRT,301.6,8.65,D
-25.39327,-57.65057,332.74,0.46,0.47,2026-02-12,1713,N,VIIRS,n,2.0NRT,301.36,8.65,D
-25.90432,-63.85271,342.26,0.56,0.69,2026-02-12,1713,N,VIIRS,n,2.0NRT,298.79,7.33,D
-25.90469,-63.85852,331.56,0.56,0.69,2026-02-12,1713,N,VIIRS,n,2.0NRT,301.13,7.33,D
-25.89783,-63.85318,337.18,0.56,0.69,2026-02-12,1713,N,VIIRS,n,2.0NRT,299.96,7.22,D
-25.43545,-58.36749,342.11,0.51,0.49,2026-02-12,1713,N,VIIRS,n,2.0NRT,300.25,5.35,D
-25.80959,-61.44539,336.61,0.4,0.6,2026-02-12,1713,N,VIIRS,n,2.0NRT,297.81,6.32,D
-25.41699,-58.32271,367,0.51,0.49,2026-02-12,1713,N,VIIRS,h,2.0NRT,308.43,10.84,D
-25.41238,-58.32328,338.09,0.51,0.49,2026-02-12,1713,N,VIIRS,n,2.0NRT,304.8,10.84,D
-25.43735,-58.36996,339.44,0.51,0.49,2026-02-12,1713,N,VIIRS,n,2.0NRT,301.68,6.51,D
-25.42262,-58.31954,331.86,0.51,0.49,2026-02-12,1713,N,VIIRS,l,2.0NRT,303.65,29.12,D
-25.42317,-58.32468,343.33,0.51,0.49,2026-02-12,1713,N,VIIRS,n,2.0NRT,314.33,46.71,D
-25.41801,-58.32011,344.64,0.51,0.49,2026-02-12,1713,N,VIIRS,n,2.0NRT,308.12,29.12,D
-25.41856,-58.32524,346.53,0.51,0.49,2026-02-12,1713,N,VIIRS,n,2.0NRT,307.77,46.71,D
-25.9052,-63.85509,334.77,0.56,0.69,2026-02-12,1713,N,VIIRS,n,2.0NRT,299.35,13.39,D
-25.41396,-58.32581,349.02,0.51,0.49,2026-02-12,1713,N,VIIRS,n,2.0NRT,305.36,7.62,D
-25.89871,-63.85556,337.99,0.56,0.69,2026-02-12,1713,N,VIIRS,n,2.0NRT,300.72,9.97,D
-25.38045,-58.27288,331.45,0.5,0.49,2026-02-12,1713,N,VIIRS,n,2.0NRT,300.88,4.2,D
-25.25224,-57.98365,350.17,0.48,0.48,2026-02-12,1713,N,VIIRS,n,2.0NRT,304.03,10.28,D
-25.20685,-57.81406,355.15,0.47,0.48,2026-02-12,1713,N,VIIRS,n,2.0NRT,306.01,10.29,D
-25.20735,-57.81881,351.93,0.47,0.48,2026-02-12,1713,N,VIIRS,n,2.0NRT,304.22,22.78,D
-25.20189,-57.80988,348.44,0.47,0.48,2026-02-12,1713,N,VIIRS,n,2.0NRT,306.49,10.29,D
-25.2024,-57.81463,352.87,0.47,0.48,2026-02-12,1713,N,VIIRS,n,2.0NRT,307.03,10.29,D
-25.20291,-57.81937,357.39,0.47,0.48,2026-02-12,1713,N,VIIRS,n,2.0NRT,306.94,22.78,D
-34.95582,-58.40184,347.16,0.57,0.69,2026-02-12,1847,N,VIIRS,n,2.0NRT,299.65,8.78,D
-35.42594,-60.87556,347.56,0.41,0.61,2026-02-12,1847,N,VIIRS,n,2.0NRT,300.74,4.29,D
-35.42472,-60.87103,342.29,0.41,0.61,2026-02-12,1847,N,VIIRS,n,2.0NRT,298.42,4.29,D
-39.45286,-65.73872,337.87,0.57,0.43,2026-02-12,1847,N,VIIRS,n,2.0NRT,307.06,6.09,D
-36.12642,-57.3397,330.82,0.6,0.7,2026-02-12,1847,N,VIIRS,n,2.0NRT,298.84,4.07,D
-38.74535,-68.83733,343.71,0.44,0.38,2026-02-12,1847,N,VIIRS,n,2.0NRT,314.02,3.58,D
-38.74183,-68.83837,337.9,0.44,0.38,2026-02-12,1847,N,VIIRS,n,2.0NRT,311.92,3.58,D
-36.38732,-61.34862,331.34,0.37,0.58,2026-02-12,1847,N,VIIRS,n,2.0NRT,295.4,0.84,D
-37.42781,-69.17184,339.99,0.45,0.39,2026-02-12,1847,N,VIIRS,l,2.0NRT,314.22,5.33,D
-34.91312,-58.13627,338.3,0.59,0.7,2026-02-12,1847,N,VIIRS,n,2.0NRT,296.87,4.88,D
-34.96023,-58.39304,336.82,0.57,0.69,2026-02-12,1847,N,VIIRS,n,2.0NRT,299.04,8.34,D
-41.13874,-71.27165,335.52,0.38,0.36,2026-02-12,1847,N,VIIRS,n,2.0NRT,292.37,1.53,D
-38.47044,-59.46686,337.7,0.4,0.6,2026-02-12,1847,N,VIIRS,n,2.0NRT,301.21,3.7,D
-38.46376,-59.46466,349.45,0.41,0.6,2026-02-12,1847,N,VIIRS,n,2.0NRT,302.58,9.25,D
-38.46503,-59.46924,332.36,0.4,0.6,2026-02-12,1847,N,VIIRS,n,2.0NRT,300.87,3.7,D
-33.96922,-59.73588,330.26,0.51,0.66,2026-02-12,1849,N,VIIRS,n,2.0NRT,297.21,6.17,D
-35.5527,-63.48468,354.69,0.6,0.53,2026-02-12,1849,N,VIIRS,n,2.0NRT,296.13,15.84,D
-34.24828,-58.91441,330.15,0.56,0.69,2026-02-12,1849,N,VIIRS,n,2.0NRT,295.55,2.65,D
-33.97078,-59.74141,340.96,0.51,0.66,2026-02-12,1849,N,VIIRS,n,2.0NRT,298.26,5.75,D
-35.92965,-70.05463,349.33,0.44,0.38,2026-02-12,1849,N,VIIRS,n,2.0NRT,313.62,10.28,D
-35.93053,-70.05946,349.05,0.43,0.38,2026-02-12,1849,N,VIIRS,n,2.0NRT,315.97,10.28,D
-35.92704,-70.06051,355.01,0.43,0.38,2026-02-12,1849,N,VIIRS,n,2.0NRT,315,27.07,D
-33.37323,-60.14571,338.99,0.51,0.66,2026-02-12,1849,N,VIIRS,n,2.0NRT,295.93,7.67,D
-32.00396,-68.42419,343.02,0.39,0.44,2026-02-12,1849,N,VIIRS,n,2.0NRT,309.33,6.42,D
-32.0048,-68.4283,346.98,0.39,0.44,2026-02-12,1849,N,VIIRS,n,2.0NRT,310.79,6.42,D
-26.83626,-61.83713,367,0.59,0.7,2026-02-12,1851,N,VIIRS,h,2.0NRT,294.55,131.91,D
-26.83783,-61.84308,345.28,0.59,0.7,2026-02-12,1851,N,VIIRS,n,2.0NRT,299.83,131.91,D
-26.84422,-61.84103,356.22,0.59,0.7,2026-02-12,1851,N,VIIRS,n,2.0NRT,296.31,36.21,D
-26.8394,-61.84901,340.7,0.59,0.7,2026-02-12,1851,N,VIIRS,n,2.0NRT,302.15,112.74,D
-26.84097,-61.85495,344.38,0.59,0.7,2026-02-12,1851,N,VIIRS,n,2.0NRT,288.78,112.74,D
-26.32637,-62.89947,367,0.53,0.67,2026-02-12,1851,N,VIIRS,h,2.0NRT,295.34,18.21,D
-26.32817,-62.89597,345.33,0.53,0.67,2026-02-12,1851,N,VIIRS,n,2.0NRT,295.94,16.14,D
-26.32951,-62.90132,346.92,0.53,0.67,2026-02-12,1851,N,VIIRS,n,2.0NRT,294.62,11.07,D
-26.84265,-61.83508,367,0.59,0.7,2026-02-12,1851,N,VIIRS,h,2.0NRT,297.18,36.21,D
-25.90296,-63.84886,338.2,0.47,0.64,2026-02-12,1851,N,VIIRS,n,2.0NRT,299.02,6.77,D
-25.90415,-63.85365,346.16,0.47,0.64,2026-02-12,1851,N,VIIRS,n,2.0NRT,299.59,8.71,D
-25.89708,-63.85059,333.33,0.47,0.64,2026-02-12,1851,N,VIIRS,n,2.0NRT,299,6.77,D
-25.89827,-63.85538,341.71,0.47,0.64,2026-02-12,1851,N,VIIRS,n,2.0NRT,300.91,8.71,D
-25.90175,-63.85305,367,0.47,0.64,2026-02-12,1851,N,VIIRS,h,2.0NRT,300.92,17.98,D
-25.54319,-63.9313,341.95,0.48,0.65,2026-02-12,1851,N,VIIRS,n,2.0NRT,298.19,5.89,D
-24.32162,-63.8702,367,0.51,0.66,2026-02-12,1851,N,VIIRS,h,2.0NRT,304.85,8.11,D
-24.32037,-63.86508,333.59,0.51,0.66,2026-02-12,1851,N,VIIRS,n,2.0NRT,302.87,8.11,D
-22.81562,-64.36654,333.8,0.52,0.67,2026-02-12,1851,N,VIIRS,n,2.0NRT,299.27,3.31,D
-22.25781,-63.46703,335.15,0.6,0.71,2026-02-12,1851,N,VIIRS,n,2.0NRT,302.23,6.97,D
-22.25928,-63.473,341.42,0.6,0.71,2026-02-12,1851,N,VIIRS,n,2.0NRT,302.61,6.97,D
-26.84578,-61.84695,345.05,0.59,0.7,2026-02-12,1851,N,VIIRS,n,2.0NRT,289.11,9.92,D
-25.27933,-58.24534,312.59,0.38,0.59,2026-02-13,0425,N,VIIRS,n,2.0NRT,289.84,1.43,N
-26.48143,-58.44315,301.6,0.37,0.58,2026-02-13,0425,N,VIIRS,n,2.0NRT,282.91,0.5,N
-26.48056,-58.44685,313.02,0.37,0.58,2026-02-13,0425,N,VIIRS,n,2.0NRT,286.43,0.5,N
-26.47667,-54.44318,310.38,0.43,0.46,2026-02-13,0425,N,VIIRS,n,2.0NRT,285.52,1.63,N
-25.57202,-57.6279,320.56,0.34,0.56,2026-02-13,0425,N,VIIRS,n,2.0NRT,290.82,2.13,N
-25.28105,-58.24085,305.41,0.38,0.59,2026-02-13,0425,N,VIIRS,n,2.0NRT,290.16,1.2,N
-25.28016,-58.24464,311.34,0.38,0.59,2026-02-13,0425,N,VIIRS,n,2.0NRT,289.87,1.2,N
-25.27479,-58.24311,310.99,0.38,0.59,2026-02-13,0425,N,VIIRS,n,2.0NRT,290.32,1.2,N
-23.63851,-62.97881,296.68,0.78,0.78,2026-02-13,0425,N,VIIRS,n,2.0NRT,285.78,10.42,N
-23.64561,-62.98113,295.17,0.78,0.78,2026-02-13,0425,N,VIIRS,n,2.0NRT,284.58,4.99,N
-23.63851,-62.98204,296.79,0.78,0.78,2026-02-13,0425,N,VIIRS,n,2.0NRT,285.47,6.84,N
-25.82174,-53.99521,323.94,0.42,0.45,2026-02-13,0425,N,VIIRS,n,2.0NRT,290.99,1.95,N
-25.82091,-53.99935,307.69,0.42,0.45,2026-02-13,0425,N,VIIRS,n,2.0NRT,290.32,1.95,N
-25.10665,-57.87322,304.71,0.36,0.58,2026-02-13,0425,N,VIIRS,n,2.0NRT,291.01,0.56,N
-25.11275,-57.87109,309,0.36,0.58,2026-02-13,0425,N,VIIRS,n,2.0NRT,290.74,0.65,N
-25.27396,-58.24379,307.63,0.38,0.59,2026-02-13,0425,N,VIIRS,n,2.0NRT,290.73,1.03,N
-25.2802,-58.24154,306.42,0.38,0.59,2026-02-13,0425,N,VIIRS,n,2.0NRT,290.06,1.71,N
-33.25677,-60.28096,310.94,0.33,0.55,2026-02-13,0427,N,VIIRS,n,2.0NRT,289.64,2.5,N
-31.35093,-58.07781,326.21,0.55,0.51,2026-02-13,0427,N,VIIRS,n,2.0NRT,290.7,4.15,N
-31.35067,-58.07802,329,0.55,0.51,2026-02-13,0427,N,VIIRS,n,2.0NRT,290.93,4.24,N
-31.38935,-58.12722,305.41,0.55,0.51,2026-02-13,0427,N,VIIRS,n,2.0NRT,290.35,1.08,N
-33.2559,-60.28445,320.05,0.33,0.55,2026-02-13,0427,N,VIIRS,n,2.0NRT,290.06,2.17,N
-33.25504,-60.28793,311.7,0.33,0.55,2026-02-13,0427,N,VIIRS,n,2.0NRT,290.54,2.17,N
-33.36771,-60.16061,330.46,0.32,0.55,2026-02-13,0427,N,VIIRS,n,2.0NRT,292.19,2.78,N
-33.36686,-60.1641,305.78,0.32,0.55,2026-02-13,0427,N,VIIRS,n,2.0NRT,290.29,1.91,N
-33.37604,-60.14848,352.99,0.32,0.55,2026-02-13,0427,N,VIIRS,n,2.0NRT,290.3,2.88,N
-33.37687,-60.14502,306.91,0.32,0.55,2026-02-13,0427,N,VIIRS,n,2.0NRT,288.87,2.88,N
-33.37355,-60.14729,346.88,0.32,0.55,2026-02-13,0427,N,VIIRS,n,2.0NRT,290.51,2.07,N
-33.37011,-60.16111,312.65,0.32,0.55,2026-02-13,0427,N,VIIRS,n,2.0NRT,289.85,1.01,N
-33.37098,-60.15763,301.85,0.32,0.55,2026-02-13,0427,N,VIIRS,n,2.0NRT,289.72,1.01,N
-33.3744,-60.14384,302.42,0.32,0.55,2026-02-13,0427,N,VIIRS,n,2.0NRT,289.67,2.07,N
-33.37852,-60.14903,310.27,0.32,0.55,2026-02-13,0427,N,VIIRS,n,2.0NRT,287.07,2.07,N
-33.91456,-58.90743,333.8,0.54,0.51,2026-02-13,0427,N,VIIRS,n,2.0NRT,288.84,4.55,N
-33.96127,-58.75038,322.54,0.52,0.5,2026-02-13,0427,N,VIIRS,n,2.0NRT,289.91,1.92,N
-33.96582,-58.75192,298.79,0.52,0.5,2026-02-13,0427,N,VIIRS,n,2.0NRT,288.24,1.92,N
-34.85601,-57.8952,334.01,0.45,0.47,2026-02-13,0427,N,VIIRS,n,2.0NRT,292.44,4.15,N
-35.43637,-59.54168,303.97,0.54,0.51,2026-02-13,0427,N,VIIRS,n,2.0NRT,286.11,1.67,N
-35.42194,-60.86819,302.48,0.63,0.54,2026-02-13,0427,N,VIIRS,n,2.0NRT,287.5,2.25,N
-35.42685,-60.87004,312.92,0.63,0.54,2026-02-13,0427,N,VIIRS,n,2.0NRT,287.81,2.25,N
-35.42678,-60.87524,321.55,0.63,0.54,2026-02-13,0427,N,VIIRS,n,2.0NRT,288.74,3.55,N
-37.70983,-69.14259,319.98,0.71,0.75,2026-02-13,0429,N,VIIRS,n,2.0NRT,280.26,3.27,N
-38.45086,-68.49358,309.1,0.63,0.72,2026-02-13,0429,N,VIIRS,n,2.0NRT,282.19,0.88,N
-38.4572,-68.49699,296.12,0.63,0.72,2026-02-13,0429,N,VIIRS,n,2.0NRT,282.37,0.71,N
-38.73995,-68.83681,302.95,0.64,0.72,2026-02-13,0429,N,VIIRS,n,2.0NRT,282.32,1.44,N
-38.74639,-68.84008,314.49,0.64,0.72,2026-02-13,0429,N,VIIRS,n,2.0NRT,281.84,2.33,N
-38.73898,-68.84334,305.94,0.64,0.72,2026-02-13,0429,N,VIIRS,n,2.0NRT,281.78,3.34,N
-38.74137,-68.83598,307.27,0.64,0.72,2026-02-13,0429,N,VIIRS,n,2.0NRT,282.46,1.36,N
-38.74781,-68.83927,296.16,0.64,0.72,2026-02-13,0429,N,VIIRS,n,2.0NRT,281.07,1.36,N
-37.71263,-69.13417,315.82,0.71,0.75,2026-02-13,0429,N,VIIRS,n,2.0NRT,279.98,3.27,N
-37.42764,-69.18105,297.99,0.73,0.76,2026-02-13,0429,N,VIIRS,n,2.0NRT,283.24,1.21,N
-37.43027,-69.17307,303.21,0.73,0.76,2026-02-13,0429,N,VIIRS,n,2.0NRT,282.5,1.21,N
-37.71238,-69.14554,309.67,0.71,0.75,2026-02-13,0429,N,VIIRS,n,2.0NRT,280,4.16,N
-37.71511,-69.13714,317.43,0.71,0.75,2026-02-13,0429,N,VIIRS,n,2.0NRT,280.05,3.1,N
-46.78704,-67.93185,301.98,0.34,0.56,2026-02-13,0431,N,VIIRS,n,2.0NRT,277.75,0.67,N
-50.7898,-70.79118,301.6,0.34,0.56,2026-02-13,0433,N,VIIRS,n,2.0NRT,274.18,0.53,N
-22.19049,-63.64764,315.1,0.62,0.54,2026-02-13,0605,N,VIIRS,n,2.0NRT,292.2,2.59,N
-22.2602,-63.473,325.09,0.63,0.54,2026-02-13,0605,N,VIIRS,n,2.0NRT,292.85,3.76,N
-22.26088,-63.46669,324.72,0.63,0.54,2026-02-13,0605,N,VIIRS,n,2.0NRT,292.56,6.5,N
-22.26528,-63.4736,307.57,0.63,0.54,2026-02-13,0605,N,VIIRS,n,2.0NRT,292.46,3.76,N
-22.25906,-63.46674,308.14,0.63,0.54,2026-02-13,0605,N,VIIRS,n,2.0NRT,292.13,3.19,N
-22.2635,-63.47369,326.14,0.63,0.54,2026-02-13,0605,N,VIIRS,n,2.0NRT,292.67,5.36,N
-22.26414,-63.46737,323.97,0.63,0.54,2026-02-13,0605,N,VIIRS,n,2.0NRT,292.67,5.36,N
-33.37572,-60.15003,312.6,0.63,0.72,2026-02-13,0607,N,VIIRS,n,2.0NRT,286.24,2.42,N
-33.00738,-60.81777,310.27,0.58,0.7,2026-02-13,0607,N,VIIRS,n,2.0NRT,285.1,1.6,N
-33.25301,-60.28651,304.54,0.62,0.72,2026-02-13,0607,N,VIIRS,n,2.0NRT,289.6,1.22,N
-33.25979,-60.28714,304.46,0.62,0.72,2026-02-13,0607,N,VIIRS,n,2.0NRT,287.01,1.22,N
-33.26008,-60.27998,298.95,0.62,0.72,2026-02-13,0607,N,VIIRS,n,2.0NRT,286.79,1.22,N
-33.25381,-60.28444,308.62,0.62,0.72,2026-02-13,0607,N,VIIRS,n,2.0NRT,289.35,3.54,N
-33.2606,-60.28505,300.15,0.62,0.72,2026-02-13,0607,N,VIIRS,n,2.0NRT,287.18,1.31,N
-33.36864,-60.15681,302.61,0.63,0.72,2026-02-13,0607,N,VIIRS,n,2.0NRT,288.08,3.01,N
-33.37597,-60.14279,310.62,0.64,0.72,2026-02-13,0607,N,VIIRS,n,2.0NRT,286.99,2.42,N
-38.74313,-68.83363,333.75,0.47,0.48,2026-02-13,0609,N,VIIRS,n,2.0NRT,284.28,3.62,N
-37.41035,-69.16782,304.16,0.44,0.46,2026-02-13,0609,N,VIIRS,n,2.0NRT,284.63,1.06,N
-37.42762,-69.1708,337.38,0.44,0.46,2026-02-13,0609,N,VIIRS,n,2.0NRT,284.76,5.56,N
-37.52775,-69.08942,315.89,0.44,0.46,2026-02-13,0609,N,VIIRS,n,2.0NRT,284.73,1.25,N
-37.71338,-69.13503,332.64,0.44,0.46,2026-02-13,0609,N,VIIRS,n,2.0NRT,285.34,3.03,N
-37.71291,-69.1401,314.41,0.44,0.46,2026-02-13,0609,N,VIIRS,n,2.0NRT,283.45,1.69,N
-38.09612,-68.60617,305.34,0.48,0.48,2026-02-13,0609,N,VIIRS,n,2.0NRT,284.29,0.86,N
-38.11667,-68.63171,307.57,0.48,0.48,2026-02-13,0609,N,VIIRS,n,2.0NRT,284.59,0.98,N
-38.27484,-68.69829,301.78,0.47,0.48,2026-02-13,0609,N,VIIRS,n,2.0NRT,285.36,0.9,N
-38.27202,-68.69102,304.06,0.47,0.48,2026-02-13,0609,N,VIIRS,n,2.0NRT,285.37,1.51,N
-38.2856,-68.74452,309.57,0.47,0.48,2026-02-13,0609,N,VIIRS,n,2.0NRT,284.44,1.21,N
-38.43534,-68.55307,304.65,0.48,0.48,2026-02-13,0609,N,VIIRS,n,2.0NRT,284.02,0.9,N
-38.43988,-68.55364,302.48,0.48,0.48,2026-02-13,0609,N,VIIRS,n,2.0NRT,283.91,0.9,N
-38.46695,-69.04794,296.13,0.46,0.47,2026-02-13,0609,N,VIIRS,n,2.0NRT,283.05,0.58,N
-38.46742,-69.0425,295.18,0.46,0.47,2026-02-13,0609,N,VIIRS,n,2.0NRT,284.34,0.67,N
-38.6977,-68.71013,295.17,0.48,0.48,2026-02-13,0609,N,VIIRS,n,2.0NRT,282.2,0.54,N
-38.69905,-68.71141,305.52,0.48,0.48,2026-02-13,0609,N,VIIRS,n,2.0NRT,282.2,0.84,N
-46.56003,-68.10353,299.21,0.61,0.53,2026-02-13,0612,N,VIIRS,n,2.0NRT,274.7,1.1,N
-35.06203,-58.16344,348.62,0.58,0.7,2026-02-13,1649,N,VIIRS,n,2.0NRT,304.99,6.83,D
-35.05561,-58.17052,367,0.59,0.7,2026-02-13,1649,N,VIIRS,h,2.0NRT,304.16,9.17,D
-35.05541,-58.16375,344.11,0.58,0.7,2026-02-13,1649,N,VIIRS,n,2.0NRT,303.24,9.17,D
-34.27879,-58.92195,345.29,0.64,0.72,2026-02-13,1649,N,VIIRS,n,2.0NRT,297.54,6.4,D
-35.05766,-58.16092,340.63,0.58,0.7,2026-02-13,1649,N,VIIRS,n,2.0NRT,303.22,12.82,D
-35.05814,-58.17443,334.28,0.59,0.7,2026-02-13,1649,N,VIIRS,n,2.0NRT,300.94,10.14,D
-34.2796,-58.92059,345.71,0.64,0.72,2026-02-13,1649,N,VIIRS,n,2.0NRT,297.97,9.06,D
-35.0579,-58.16768,367,0.58,0.7,2026-02-13,1649,N,VIIRS,h,2.0NRT,307.05,10.14,D
-27.60796,-57.12688,337.69,0.44,0.63,2026-02-13,1652,N,VIIRS,n,2.0NRT,292.25,5.7,D
-27.61772,-57.1293,344.34,0.44,0.63,2026-02-13,1652,N,VIIRS,n,2.0NRT,293.73,6.08,D
-27.61152,-57.12516,346.46,0.44,0.63,2026-02-13,1652,N,VIIRS,n,2.0NRT,293.11,6.96,D
-27.61939,-57.12124,333.27,0.44,0.63,2026-02-13,1652,N,VIIRS,n,2.0NRT,293.27,5.12,D
-27.61973,-57.12589,344.26,0.44,0.63,2026-02-13,1652,N,VIIRS,n,2.0NRT,293.5,4.66,D
-27.62008,-57.13054,335.6,0.44,0.63,2026-02-13,1652,N,VIIRS,n,2.0NRT,292.83,4.66,D
-27.6135,-57.12174,337.07,0.44,0.63,2026-02-13,1652,N,VIIRS,n,2.0NRT,292.09,9.44,D
-27.61384,-57.12638,340.38,0.44,0.63,2026-02-13,1652,N,VIIRS,n,2.0NRT,293.91,5.7,D
-27.65765,-57.10712,367,0.44,0.63,2026-02-13,1652,N,VIIRS,h,2.0NRT,295.7,13.95,D
-27.65733,-57.10248,343.31,0.44,0.63,2026-02-13,1652,N,VIIRS,n,2.0NRT,293.1,16.65,D
-27.65798,-57.11177,355.44,0.44,0.63,2026-02-13,1652,N,VIIRS,n,2.0NRT,294.75,13.95,D
-27.61709,-57.11999,347.58,0.44,0.63,2026-02-13,1652,N,VIIRS,n,2.0NRT,293.27,7.41,D
-25.91348,-53.93158,337.33,0.54,0.51,2026-02-13,1652,N,VIIRS,n,2.0NRT,291.97,7.3,D
-27.6174,-57.12464,351.19,0.44,0.63,2026-02-13,1652,N,VIIRS,n,2.0NRT,294.06,7.41,D
-50.7915,-70.79172,340.17,0.38,0.43,2026-02-13,1825,N,VIIRS,n,2.0NRT,299.06,4.33,D
-48.26001,-69.52248,347.58,0.48,0.4,2026-02-13,1828,N,VIIRS,n,2.0NRT,305.18,6.27,D
-48.26375,-69.52164,330.81,0.48,0.4,2026-02-13,1828,N,VIIRS,n,2.0NRT,303.69,6.27,D
-46.80074,-67.9154,333.17,0.42,0.38,2026-02-13,1828,N,VIIRS,n,2.0NRT,304.76,2.29,D
-48.26328,-69.52071,339.59,0.49,0.4,2026-02-13,1828,N,VIIRS,n,2.0NRT,303.96,5.42,D
-41.15217,-71.29057,338.12,0.47,0.4,2026-02-13,1828,N,VIIRS,n,2.0NRT,298.67,3.14,D
-48.25953,-69.52158,341.13,0.49,0.4,2026-02-13,1828,N,VIIRS,n,2.0NRT,305.48,5.42,D
-34.84737,-58.42648,336.31,0.32,0.55,2026-02-13,1830,N,VIIRS,n,2.0NRT,306.29,2.14,D
-39.45179,-65.74309,343.42,0.4,0.37,2026-02-13,1830,N,VIIRS,n,2.0NRT,312.66,4.67,D
-38.78184,-62.284,331.71,0.51,0.41,2026-02-13,1830,N,VIIRS,l,2.0NRT,302.86,4.57,D
-39.37695,-65.65158,333.65,0.4,0.37,2026-02-13,1830,N,VIIRS,l,2.0NRT,304.82,5.51,D
-37.54688,-58.49421,336.21,0.55,0.51,2026-02-13,1830,N,VIIRS,n,2.0NRT,298.35,7.38,D
-37.50841,-58.48153,343.92,0.55,0.51,2026-02-13,1830,N,VIIRS,n,2.0NRT,304.6,15.94,D
-37.50225,-58.47707,341.05,0.55,0.51,2026-02-13,1830,N,VIIRS,n,2.0NRT,299.85,6.28,D
-37.49761,-58.47879,337.57,0.55,0.51,2026-02-13,1830,N,VIIRS,n,2.0NRT,298.69,6.28,D
-37.5081,-58.47774,340.47,0.55,0.51,2026-02-13,1830,N,VIIRS,n,2.0NRT,301.29,11.97,D
-37.50958,-58.48394,338.29,0.55,0.51,2026-02-13,1830,N,VIIRS,n,2.0NRT,301.71,11.97,D
-37.50346,-58.47948,348.5,0.55,0.51,2026-02-13,1830,N,VIIRS,n,2.0NRT,299.57,6.41,D
-37.49883,-58.48122,336.98,0.55,0.51,2026-02-13,1830,N,VIIRS,n,2.0NRT,299.02,6.41,D
-37.4927,-58.47673,341.05,0.55,0.51,2026-02-13,1830,N,VIIRS,n,2.0NRT,299.82,20.23,D
-37.49418,-58.48296,335.91,0.55,0.51,2026-02-13,1830,N,VIIRS,n,2.0NRT,301.68,13.63,D
-38.74413,-68.8373,340.42,0.39,0.36,2026-02-13,1830,N,VIIRS,n,2.0NRT,311.39,4.47,D
-38.45774,-68.49363,345.16,0.39,0.36,2026-02-13,1830,N,VIIRS,n,2.0NRT,312.94,3.26,D
-38.4565,-68.49255,347.85,0.39,0.36,2026-02-13,1830,N,VIIRS,n,2.0NRT,314.52,6.93,D
-38.44838,-68.53141,338.72,0.39,0.36,2026-02-13,1830,N,VIIRS,n,2.0NRT,311.62,1.79,D
-38.26743,-68.62286,347.76,0.39,0.36,2026-02-13,1830,N,VIIRS,n,2.0NRT,313.16,3.83,D
-37.68349,-67.78908,341.56,0.38,0.36,2026-02-13,1830,N,VIIRS,n,2.0NRT,308.56,4.12,D
-37.52964,-69.08991,337.7,0.39,0.36,2026-02-13,1830,N,VIIRS,n,2.0NRT,310.92,1.86,D
-37.47963,-69.37503,341.71,0.39,0.36,2026-02-13,1830,N,VIIRS,n,2.0NRT,313.21,2.41,D
-37.4295,-69.17025,341.16,0.39,0.36,2026-02-13,1830,N,VIIRS,l,2.0NRT,311.19,3.66,D
-37.41208,-69.16966,338.55,0.39,0.36,2026-02-13,1830,N,VIIRS,l,2.0NRT,311.28,1.25,D
-35.05286,-58.15738,349.01,0.33,0.55,2026-02-13,1830,N,VIIRS,n,2.0NRT,311.21,6.15,D
-35.04696,-58.15562,353.32,0.33,0.55,2026-02-13,1830,N,VIIRS,n,2.0NRT,308.54,4.43,D
-35.04785,-58.15919,339.79,0.33,0.55,2026-02-13,1830,N,VIIRS,l,2.0NRT,312.35,4.43,D
-34.934,-58.27597,367,0.33,0.55,2026-02-13,1830,N,VIIRS,h,2.0NRT,309.84,10.35,D
-34.93489,-58.2795,367,0.33,0.55,2026-02-13,1830,N,VIIRS,h,2.0NRT,312.21,10.35,D
-34.93577,-58.28304,346.33,0.33,0.55,2026-02-13,1830,N,VIIRS,n,2.0NRT,304.18,5.94,D
-34.91566,-58.2244,367,0.33,0.55,2026-02-13,1830,N,VIIRS,h,2.0NRT,310.1,9.33,D
-34.96988,-58.46325,331.59,0.64,0.54,2026-02-13,1830,N,VIIRS,l,2.0NRT,306.54,4.2,D
-34.88577,-58.14903,367,0.33,0.55,2026-02-13,1830,N,VIIRS,h,2.0NRT,299.12,12.47,D
-34.88074,-58.15084,367,0.33,0.55,2026-02-13,1830,N,VIIRS,h,2.0NRT,298.59,20.76,D
-37.08713,-69.47669,340.79,0.39,0.36,2026-02-13,1830,N,VIIRS,n,2.0NRT,314.98,2.87,D
-37.08656,-69.47546,341.13,0.39,0.36,2026-02-13,1830,N,VIIRS,l,2.0NRT,315.26,3.16,D
-34.97191,-58.46359,336.28,0.64,0.54,2026-02-13,1830,N,VIIRS,n,2.0NRT,307.08,3.58,D
-34.88887,-58.14475,337.43,0.33,0.55,2026-02-13,1830,N,VIIRS,n,2.0NRT,299.16,8.13,D
-34.88384,-58.14658,344.7,0.33,0.55,2026-02-13,1830,N,VIIRS,n,2.0NRT,294.8,8.13,D
-34.88473,-58.15021,355.28,0.33,0.55,2026-02-13,1830,N,VIIRS,n,2.0NRT,303.38,8.13,D
-34.86908,-58.17553,335.52,0.33,0.55,2026-02-13,1830,N,VIIRS,n,2.0NRT,292.39,1.79,D
-34.87176,-58.25274,346.15,0.33,0.55,2026-02-13,1830,N,VIIRS,n,2.0NRT,302.01,2.73,D
-34.86987,-58.37682,332.59,0.32,0.55,2026-02-13,1830,N,VIIRS,l,2.0NRT,303.63,1.35,D
-34.84877,-58.42242,343.93,0.32,0.55,2026-02-13,1830,N,VIIRS,n,2.0NRT,304.98,4.58,D
-34.84652,-58.42298,337.63,0.32,0.55,2026-02-13,1830,N,VIIRS,n,2.0NRT,304.24,2.14,D
-34.91274,-58.95974,345.66,0.6,0.53,2026-02-13,1830,N,VIIRS,n,2.0NRT,314.5,77.89,D
-34.91431,-58.96626,296.44,0.6,0.53,2026-02-13,1830,N,VIIRS,l,2.0NRT,307.56,77.89,D
-34.7371,-58.80024,342.91,0.62,0.54,2026-02-13,1830,N,VIIRS,n,2.0NRT,304.59,6.38,D
-34.27979,-58.91365,331.93,0.62,0.54,2026-02-13,1830,N,VIIRS,l,2.0NRT,303.35,6.41,D
-34.27665,-58.917,350.86,0.62,0.54,2026-02-13,1830,N,VIIRS,n,2.0NRT,302.68,9.85,D
-33.76644,-58.61029,367,0.33,0.56,2026-02-13,1830,N,VIIRS,h,2.0NRT,299.77,9.12,D
-33.44239,-59.73633,349.82,0.59,0.53,2026-02-13,1830,N,VIIRS,n,2.0NRT,303.58,13.26,D
-33.29597,-59.69173,331.43,0.6,0.53,2026-02-13,1830,N,VIIRS,n,2.0NRT,301.34,4.66,D
-33.37801,-60.14545,340.96,0.56,0.52,2026-02-13,1830,N,VIIRS,n,2.0NRT,308.39,8.3,D
-33.37886,-60.14584,339.91,0.56,0.52,2026-02-13,1830,N,VIIRS,n,2.0NRT,308.25,11.02,D
-33.22511,-60.21751,335.42,0.56,0.52,2026-02-13,1830,N,VIIRS,n,2.0NRT,303.68,7.05,D
-33.2265,-60.22352,337.18,0.56,0.51,2026-02-13,1830,N,VIIRS,n,2.0NRT,301.59,3.65,D
-33.11519,-60.06598,341.56,0.57,0.52,2026-02-13,1830,N,VIIRS,n,2.0NRT,304.29,8,D
-33.11661,-60.07213,337.78,0.57,0.52,2026-02-13,1830,N,VIIRS,n,2.0NRT,303.59,5.07,D
-33.11187,-60.07368,347.24,0.57,0.52,2026-02-13,1830,N,VIIRS,n,2.0NRT,317.86,62.35,D
-33.10338,-60.40587,331.53,0.55,0.51,2026-02-13,1830,N,VIIRS,n,2.0NRT,304.35,5,D
-33.0196,-60.41008,349.45,0.55,0.51,2026-02-13,1830,N,VIIRS,n,2.0NRT,301.58,5.49,D
-32.78652,-60.74617,336.1,0.54,0.51,2026-02-13,1830,N,VIIRS,n,2.0NRT,302.16,1.54,D
-32.13011,-59.0907,346.93,0.34,0.56,2026-02-13,1832,N,VIIRS,n,2.0NRT,291.5,3.63,D
-32.131,-59.0943,335.43,0.34,0.56,2026-02-13,1832,N,VIIRS,n,2.0NRT,289.4,3.63,D
-32.13056,-59.09036,349.42,0.34,0.56,2026-02-13,1832,N,VIIRS,n,2.0NRT,291.51,4.24,D
-32.13144,-59.09398,340.21,0.34,0.56,2026-02-13,1832,N,VIIRS,n,2.0NRT,288.73,4.24,D
-32.34829,-64.89369,342.63,0.5,0.41,2026-02-13,1832,N,VIIRS,n,2.0NRT,295.71,11.84,D
-32.34456,-64.89474,347.46,0.5,0.41,2026-02-13,1832,N,VIIRS,n,2.0NRT,295.14,13.49,D
-32.34565,-64.90038,330.2,0.5,0.41,2026-02-13,1832,N,VIIRS,n,2.0NRT,295.8,8.96,D
-29.63911,-68.2319,344.16,0.41,0.37,2026-02-13,1832,N,VIIRS,l,2.0NRT,316.52,8.49,D
-28.19147,-69.2622,337.07,0.4,0.37,2026-02-13,1832,N,VIIRS,n,2.0NRT,310.1,0.91,D
-26.03696,-65.91123,336.64,0.57,0.43,2026-02-13,1832,N,VIIRS,n,2.0NRT,301.72,3.02,D
-26.03806,-65.91698,339.65,0.57,0.43,2026-02-13,1832,N,VIIRS,n,2.0NRT,301.53,3.02,D
-26.03301,-65.91219,335.2,0.57,0.43,2026-02-13,1832,N,VIIRS,n,2.0NRT,300.82,3.02,D
-26.0341,-65.91792,341.51,0.57,0.43,2026-02-13,1832,N,VIIRS,n,2.0NRT,300.99,3.02,D
-26.0352,-65.92365,337.71,0.57,0.43,2026-02-13,1832,N,VIIRS,n,2.0NRT,301.39,4.84,D
-26.02905,-65.91315,346.25,0.57,0.43,2026-02-13,1832,N,VIIRS,n,2.0NRT,301.22,6.34,D
-26.03015,-65.91888,350.43,0.57,0.43,2026-02-13,1832,N,VIIRS,n,2.0NRT,301.04,6.34,D
-27.5781,-57.12525,321.69,0.55,0.68,2026-02-14,0408,N,VIIRS,n,2.0NRT,286.01,4.15,N
-27.57959,-57.11963,312.81,0.55,0.68,2026-02-14,0408,N,VIIRS,n,2.0NRT,285.96,2.69,N
-27.58579,-57.12172,308.62,0.55,0.68,2026-02-14,0408,N,VIIRS,n,2.0NRT,286.29,1.61,N
-27.59023,-57.10491,301.66,0.55,0.68,2026-02-14,0408,N,VIIRS,n,2.0NRT,285.95,1.13,N
-27.59643,-57.10701,310.78,0.55,0.68,2026-02-14,0408,N,VIIRS,n,2.0NRT,286.22,1.13,N
-27.60262,-57.10909,313.39,0.55,0.68,2026-02-14,0408,N,VIIRS,n,2.0NRT,285.11,2.29,N
-27.60882,-57.11118,320.19,0.55,0.68,2026-02-14,0408,N,VIIRS,n,2.0NRT,285.95,2.29,N
-27.61501,-57.11327,318.61,0.55,0.68,2026-02-14,0408,N,VIIRS,n,2.0NRT,286.22,1.97,N
-27.6153,-57.13783,298.81,0.55,0.68,2026-02-14,0408,N,VIIRS,n,2.0NRT,282.06,1.74,N
-27.61678,-57.13219,307.2,0.55,0.68,2026-02-14,0408,N,VIIRS,n,2.0NRT,283.55,2.83,N
-27.61973,-57.12097,308.53,0.55,0.68,2026-02-14,0408,N,VIIRS,n,2.0NRT,285.48,1.97,N
-27.62298,-57.1343,312.32,0.55,0.68,2026-02-14,0408,N,VIIRS,n,2.0NRT,281.43,1.87,N
-32.78226,-60.4348,296.93,0.62,0.71,2026-02-14,0410,N,VIIRS,n,2.0NRT,286.69,0.54,N
-32.78868,-60.43747,295.51,0.62,0.71,2026-02-14,0410,N,VIIRS,n,2.0NRT,285.5,0.54,N
-33.25285,-60.28536,308.27,0.59,0.7,2026-02-14,0410,N,VIIRS,n,2.0NRT,288.57,2.89,N
-33.25922,-60.28777,300.15,0.59,0.7,2026-02-14,0410,N,VIIRS,n,2.0NRT,286.81,1.15,N
-33.36441,-60.16164,310.1,0.58,0.7,2026-02-14,0410,N,VIIRS,n,2.0NRT,287.49,1.03,N
-33.37069,-60.16419,297.4,0.58,0.7,2026-02-14,0410,N,VIIRS,n,2.0NRT,286.59,1.03,N
-34.23972,-58.92721,307.88,0.47,0.64,2026-02-14,0410,N,VIIRS,n,2.0NRT,285.59,1.43,N
-34.24115,-58.92209,296.7,0.47,0.64,2026-02-14,0410,N,VIIRS,n,2.0NRT,285.49,0.82,N
-34.51793,-59.12112,316.78,0.48,0.64,2026-02-14,0410,N,VIIRS,n,2.0NRT,286.94,1.18,N
-34.52371,-59.12359,302.31,0.48,0.64,2026-02-14,0410,N,VIIRS,n,2.0NRT,286.15,1.18,N
-34.51872,-59.12148,319.64,0.48,0.64,2026-02-14,0410,N,VIIRS,n,2.0NRT,287,2.13,N
-34.65138,-59.03852,295.58,0.47,0.64,2026-02-14,0410,N,VIIRS,n,2.0NRT,284.45,0.69,N
-34.65714,-59.0409,306.38,0.47,0.64,2026-02-14,0410,N,VIIRS,n,2.0NRT,284.33,0.69,N
-34.65299,-59.04096,299.53,0.47,0.64,2026-02-14,0410,N,VIIRS,n,2.0NRT,284.29,0.55,N
-34.65442,-59.03587,298.25,0.47,0.64,2026-02-14,0410,N,VIIRS,n,2.0NRT,284.23,0.55,N
-27.59136,-57.10268,316.16,0.45,0.63,2026-02-14,0548,N,VIIRS,n,2.0NRT,287.9,2.78,N
-27.59731,-57.10325,331.99,0.45,0.63,2026-02-14,0548,N,VIIRS,n,2.0NRT,287.94,2.78,N
-27.60327,-57.10384,344.68,0.45,0.63,2026-02-14,0548,N,VIIRS,n,2.0NRT,288.33,4.52,N
-27.60292,-57.1086,319.15,0.45,0.63,2026-02-14,0548,N,VIIRS,n,2.0NRT,287.94,4.52,N
-27.60888,-57.10918,351.62,0.45,0.63,2026-02-14,0548,N,VIIRS,n,2.0NRT,288.47,4.52,N
-27.60922,-57.1044,316.73,0.45,0.63,2026-02-14,0548,N,VIIRS,n,2.0NRT,287.58,4.52,N
-27.61483,-57.10975,338.95,0.45,0.63,2026-02-14,0548,N,VIIRS,n,2.0NRT,287.89,4.41,N
-27.61448,-57.11452,313.19,0.45,0.63,2026-02-14,0548,N,VIIRS,n,2.0NRT,287.9,2.6,N
-27.61974,-57.12463,308.47,0.45,0.63,2026-02-14,0548,N,VIIRS,n,2.0NRT,287.7,1.5,N
-27.62008,-57.11986,301.93,0.45,0.63,2026-02-14,0548,N,VIIRS,n,2.0NRT,287.59,2.6,N
-27.62534,-57.12996,307.13,0.45,0.63,2026-02-14,0548,N,VIIRS,n,2.0NRT,287.51,1.14,N
-28.97836,-56.55022,301.63,0.5,0.66,2026-02-14,0548,N,VIIRS,n,2.0NRT,289.84,0.29,N
-28.98459,-56.55076,315.1,0.5,0.66,2026-02-14,0548,N,VIIRS,n,2.0NRT,289.96,1.66,N
-28.98492,-56.54535,312.74,0.51,0.66,2026-02-14,0548,N,VIIRS,n,2.0NRT,289.81,1.66,N
-33.00731,-60.81699,303.66,0.62,0.54,2026-02-14,0550,N,VIIRS,n,2.0NRT,288.06,1.41,N
-33.25388,-60.285,310.08,0.33,0.56,2026-02-14,0550,N,VIIRS,n,2.0NRT,289.13,0.85,N
-33.25911,-60.28565,320.85,0.33,0.56,2026-02-14,0550,N,VIIRS,n,2.0NRT,287.18,0.85,N
-33.25938,-60.28198,299.56,0.33,0.56,2026-02-14,0550,N,VIIRS,n,2.0NRT,286.73,0.85,N
-33.36855,-60.1623,317.86,0.34,0.56,2026-02-14,0550,N,VIIRS,n,2.0NRT,287.87,0.81,N
-33.36882,-60.15853,303.95,0.34,0.56,2026-02-14,0550,N,VIIRS,n,2.0NRT,287.32,0.81,N
-33.3741,-60.15911,299.54,0.34,0.56,2026-02-14,0550,N,VIIRS,n,2.0NRT,286.45,0.81,N
-33.41399,-60.19376,305.46,0.34,0.56,2026-02-14,0550,N,VIIRS,n,2.0NRT,282.71,0.92,N
-33.41272,-60.19179,295.49,0.34,0.56,2026-02-14,0550,N,VIIRS,n,2.0NRT,282.02,0.79,N
-33.41771,-60.19618,301.97,0.34,0.56,2026-02-14,0550,N,VIIRS,n,2.0NRT,282.61,0.7,N
-33.41798,-60.19237,295.9,0.34,0.56,2026-02-14,0550,N,VIIRS,n,2.0NRT,280.93,0.7,N
-33.06667,-68.97463,302.29,0.4,0.37,2026-02-14,0550,N,VIIRS,n,2.0NRT,291.6,1.53,N
-33.31433,-69.11327,302.95,0.39,0.37,2026-02-14,0550,N,VIIRS,n,2.0NRT,286.77,0.74,N
-34.5229,-59.11897,309.47,0.4,0.6,2026-02-14,0550,N,VIIRS,n,2.0NRT,286.85,1.25,N
-35.31501,-65.18455,296.91,0.57,0.43,2026-02-14,0550,N,VIIRS,n,2.0NRT,284.8,1.23,N
-37.08585,-62.66513,297.81,0.54,0.51,2026-02-14,0550,N,VIIRS,n,2.0NRT,286.14,1.08,N
-37.0864,-69.47837,318.73,0.41,0.37,2026-02-14,0550,N,VIIRS,n,2.0NRT,287.16,1.1,N
-37.14003,-69.6625,303.92,0.4,0.37,2026-02-14,0550,N,VIIRS,n,2.0NRT,286.71,0.62,N
-37.14344,-69.66328,327.87,0.4,0.37,2026-02-14,0550,N,VIIRS,n,2.0NRT,287.49,2.09,N
-37.42682,-69.17081,330.39,0.42,0.37,2026-02-14,0550,N,VIIRS,n,2.0NRT,287.9,1.78,N
-37.43028,-69.17158,307.68,0.42,0.37,2026-02-14,0550,N,VIIRS,n,2.0NRT,286.46,1.78,N
-37.52752,-69.09142,315.23,0.42,0.38,2026-02-14,0550,N,VIIRS,n,2.0NRT,286.96,1.42,N
-37.53101,-69.09216,296.98,0.42,0.38,2026-02-14,0550,N,VIIRS,n,2.0NRT,285.53,0.61,N
-37.57942,-69.13185,298.4,0.42,0.38,2026-02-14,0550,N,VIIRS,n,2.0NRT,285.71,0.49,N
-37.71452,-69.14054,304.24,0.42,0.38,2026-02-14,0550,N,VIIRS,n,2.0NRT,286.23,0.75,N
-37.71516,-69.13576,319.06,0.42,0.38,2026-02-14,0550,N,VIIRS,n,2.0NRT,286.38,2.16,N
-38.2866,-68.63652,309.33,0.44,0.38,2026-02-14,0552,N,VIIRS,n,2.0NRT,288.71,1.02,N
-38.4377,-68.56061,335.16,0.44,0.39,2026-02-14,0552,N,VIIRS,n,2.0NRT,288.72,4.05,N
-38.74302,-68.83585,313.98,0.44,0.38,2026-02-14,0552,N,VIIRS,n,2.0NRT,286.28,1.15,N
-38.74657,-68.83662,334.35,0.44,0.38,2026-02-14,0552,N,VIIRS,n,2.0NRT,286.24,3.03,N
-38.74696,-68.91882,307.21,0.43,0.38,2026-02-14,0552,N,VIIRS,n,2.0NRT,287.8,0.64,N
-38.91802,-69.28322,299.06,0.43,0.38,2026-02-14,0552,N,VIIRS,n,2.0NRT,286.44,0.49,N
-38.89605,-70.03465,295.71,0.41,0.37,2026-02-14,0552,N,VIIRS,n,2.0NRT,284.95,0.57,N
-46.51179,-68.93227,333.52,0.46,0.47,2026-02-14,1808,N,VIIRS,n,2.0NRT,305.7,2.24,D
-45.9146,-67.59377,333.56,0.39,0.44,2026-02-14,1808,N,VIIRS,n,2.0NRT,294.05,1.63,D
-33.32123,-59.68691,348.32,0.51,0.41,2026-02-14,1810,N,VIIRS,n,2.0NRT,309.92,11.73,D
-37.99765,-57.64127,339.52,0.52,0.42,2026-02-14,1810,N,VIIRS,n,2.0NRT,298.67,3.17,D
-38.74696,-68.8384,340.08,0.56,0.43,2026-02-14,1810,N,VIIRS,l,2.0NRT,313.26,4.33,D
-38.74654,-68.83846,340.59,0.56,0.43,2026-02-14,1810,N,VIIRS,l,2.0NRT,314.13,5.44,D
-37.3117,-59.18903,344.53,0.46,0.39,2026-02-14,1810,N,VIIRS,n,2.0NRT,285.3,27.41,D
-38.5037,-68.59818,342.6,0.54,0.42,2026-02-14,1810,N,VIIRS,n,2.0NRT,317.04,9.84,D
-36.50148,-57.06573,343.45,0.39,0.44,2026-02-14,1810,N,VIIRS,n,2.0NRT,300.82,6.62,D
-38.4201,-69.64595,344.61,0.4,0.44,2026-02-14,1810,N,VIIRS,n,2.0NRT,316.34,4.7,D
-38.21811,-68.63749,352.61,0.54,0.42,2026-02-14,1810,N,VIIRS,n,2.0NRT,323.75,38.6,D
-37.71239,-69.14169,345.65,0.56,0.43,2026-02-14,1810,N,VIIRS,l,2.0NRT,319.12,7.07,D
-33.53005,-59.55472,334.92,0.51,0.41,2026-02-14,1810,N,VIIRS,l,2.0NRT,306.14,9.35,D
-33.52628,-59.55577,343.9,0.51,0.41,2026-02-14,1810,N,VIIRS,n,2.0NRT,310.81,9.35,D
-33.52735,-59.56126,350.61,0.51,0.41,2026-02-14,1810,N,VIIRS,n,2.0NRT,307.76,12.78,D
-33.3223,-59.69236,342.1,0.51,0.41,2026-02-14,1810,N,VIIRS,n,2.0NRT,307.92,6.05,D
-33.37841,-60.14251,332.85,0.48,0.4,2026-02-14,1810,N,VIIRS,l,2.0NRT,307.07,6.8,D
-33.37941,-60.14771,335.93,0.48,0.4,2026-02-14,1810,N,VIIRS,l,2.0NRT,305.96,3.76,D
-33.37855,-60.14561,337.66,0.49,0.4,2026-02-14,1810,N,VIIRS,n,2.0NRT,308.37,8.21,D
-33.36944,-60.159,345.22,0.48,0.4,2026-02-14,1810,N,VIIRS,n,2.0NRT,307.91,7.28,D
-33.17569,-59.42035,349.16,0.53,0.42,2026-02-14,1810,N,VIIRS,n,2.0NRT,311.24,13.65,D
-33.1768,-59.42598,337.1,0.53,0.42,2026-02-14,1810,N,VIIRS,l,2.0NRT,307.5,4.54,D
-33.16692,-59.41683,338.9,0.53,0.42,2026-02-14,1810,N,VIIRS,n,2.0NRT,307.51,5.16,D
-33.16804,-59.42246,345.68,0.53,0.42,2026-02-14,1810,N,VIIRS,n,2.0NRT,306.86,5.16,D
-33.16916,-59.42809,334.4,0.53,0.42,2026-02-14,1810,N,VIIRS,l,2.0NRT,306.57,3.41,D
-33.28938,-60.12558,335.39,0.49,0.4,2026-02-14,1810,N,VIIRS,n,2.0NRT,304.47,9.96,D
-33.29038,-60.13079,347.49,0.49,0.4,2026-02-14,1810,N,VIIRS,n,2.0NRT,307.33,9.96,D
-33.28568,-60.12656,335.71,0.49,0.4,2026-02-14,1810,N,VIIRS,n,2.0NRT,303.54,9.96,D
-33.28669,-60.13179,345.57,0.49,0.4,2026-02-14,1810,N,VIIRS,n,2.0NRT,304.53,9.96,D
-33.2603,-60.28323,336.17,0.48,0.4,2026-02-14,1810,N,VIIRS,n,2.0NRT,305.78,5.73,D
-33.25662,-60.28418,347.44,0.48,0.4,2026-02-14,1810,N,VIIRS,n,2.0NRT,307.15,8.5,D
-33.11691,-60.06046,337.67,0.49,0.41,2026-02-14,1810,N,VIIRS,n,2.0NRT,304.68,6.76,D
-33.11791,-60.06573,331.16,0.49,0.41,2026-02-14,1810,N,VIIRS,l,2.0NRT,304.87,5.46,D
-33.11892,-60.07101,342.64,0.49,0.4,2026-02-14,1810,N,VIIRS,n,2.0NRT,305.42,5.46,D
-33.09864,-60.08757,333.42,0.49,0.4,2026-02-14,1810,N,VIIRS,l,2.0NRT,304.98,5.12,D
-33.07399,-60.65711,341.21,0.47,0.39,2026-02-14,1810,N,VIIRS,n,2.0NRT,312.5,41.1,D
-33.07037,-60.65805,346.1,0.47,0.39,2026-02-14,1810,N,VIIRS,n,2.0NRT,307.54,24.75,D
-33.01799,-60.40092,336.05,0.48,0.4,2026-02-14,1810,N,VIIRS,n,2.0NRT,302.21,11.56,D
-32.95851,-60.78413,332.42,0.46,0.39,2026-02-14,1810,N,VIIRS,n,2.0NRT,302.06,3.15,D
-32.91221,-60.69482,347.54,0.47,0.4,2026-02-14,1810,N,VIIRS,n,2.0NRT,306.76,30.59,D
-31.37161,-68.4345,342.95,0.45,0.39,2026-02-14,1810,N,VIIRS,l,2.0NRT,316.23,7.29,D
-34.85945,-58.22683,338.42,0.56,0.43,2026-02-14,1813,N,VIIRS,n,2.0NRT,303.41,5.85,D
-30.03192,-62.39391,350.68,0.44,0.38,2026-02-14,1813,N,VIIRS,n,2.0NRT,299.15,14.86,D
-29.67511,-62.41033,338.27,0.44,0.38,2026-02-14,1813,N,VIIRS,n,2.0NRT,298.37,6.97,D
-29.67239,-62.4157,331.92,0.44,0.38,2026-02-14,1813,N,VIIRS,n,2.0NRT,298.08,3.32,D
-29.14817,-60.81805,346.82,0.52,0.42,2026-02-14,1813,N,VIIRS,n,2.0NRT,297.81,7.18,D
-29.1481,-60.82098,336.4,0.52,0.42,2026-02-14,1813,N,VIIRS,n,2.0NRT,295.89,8.39,D
-27.62652,-57.11367,334.13,0.6,0.53,2026-02-14,1813,N,VIIRS,n,2.0NRT,293.42,10.01,D
-27.62925,-57.12577,337.45,0.6,0.53,2026-02-14,1813,N,VIIRS,n,2.0NRT,291.57,10.44,D
-27.62167,-57.11501,341.81,0.6,0.53,2026-02-14,1813,N,VIIRS,n,2.0NRT,291.87,9.6,D
-27.62552,-57.11607,354.42,0.6,0.53,2026-02-14,1813,N,VIIRS,n,2.0NRT,294.12,8.5,D
-27.62817,-57.12819,344.07,0.6,0.53,2026-02-14,1813,N,VIIRS,n,2.0NRT,292.2,9.58,D
-27.62067,-57.11741,338.67,0.6,0.53,2026-02-14,1813,N,VIIRS,n,2.0NRT,290.39,8.5,D
-27.57648,-57.10385,331.6,0.6,0.53,2026-02-14,1813,N,VIIRS,n,2.0NRT,296.23,7.89,D
-27.54675,-57.92327,340.39,0.54,0.51,2026-02-14,1813,N,VIIRS,n,2.0NRT,296.67,9.6,D
-27.52881,-60.67459,338.1,0.57,0.43,2026-02-14,1813,N,VIIRS,n,2.0NRT,298.62,8.57,D
-25.99097,-58.75572,331.14,0.52,0.5,2026-02-14,1813,N,VIIRS,n,2.0NRT,290.18,4.34,D
-25.98641,-58.75688,331.35,0.52,0.5,2026-02-14,1813,N,VIIRS,n,2.0NRT,290.15,4.34,D
-25.68755,-58.41837,332.95,0.55,0.51,2026-02-14,1813,N,VIIRS,n,2.0NRT,287.47,3.15,D
-33.75884,-59.38184,339.14,0.52,0.41,2026-02-14,1813,N,VIIRS,n,2.0NRT,298.73,5.61,D
-33.75776,-59.37626,347.71,0.52,0.41,2026-02-14,1813,N,VIIRS,n,2.0NRT,298.29,5.61,D
-33.77227,-59.3404,337.05,0.52,0.41,2026-02-14,1813,N,VIIRS,n,2.0NRT,299.35,3.22,D
-34.52264,-59.11853,334.8,0.52,0.41,2026-02-14,1813,N,VIIRS,n,2.0NRT,304.64,1.2,D
-34.7141,-58.69631,339.27,0.54,0.42,2026-02-14,1813,N,VIIRS,n,2.0NRT,303.47,2.63,D
-34.71679,-58.68933,343.48,0.54,0.42,2026-02-14,1813,N,VIIRS,n,2.0NRT,305.15,10.47,D
-34.83301,-58.70274,349.76,0.53,0.42,2026-02-14,1813,N,VIIRS,n,2.0NRT,309.9,12.69,D
-35.00438,-58.08889,352.36,0.56,0.43,2026-02-14,1813,N,VIIRS,n,2.0NRT,310.51,37.42,D
-34.79711,-58.50169,333.2,0.54,0.42,2026-02-14,1813,N,VIIRS,n,2.0NRT,302.78,1.69,D
-34.79593,-58.49577,351.9,0.55,0.42,2026-02-14,1813,N,VIIRS,n,2.0NRT,310.13,12.02,D
-34.82915,-58.64216,343.46,0.54,0.42,2026-02-14,1813,N,VIIRS,n,2.0NRT,307.21,5.09,D
-34.82811,-58.64122,341.6,0.54,0.42,2026-02-14,1813,N,VIIRS,n,2.0NRT,306.76,7.33,D
-34.90335,-58.42519,338.97,0.55,0.42,2026-02-14,1813,N,VIIRS,l,2.0NRT,310.28,9.17,D
-34.90216,-58.41921,335.21,0.55,0.42,2026-02-14,1813,N,VIIRS,l,2.0NRT,305.42,3.34,D
-34.97628,-58.81038,336.26,0.52,0.42,2026-02-14,1813,N,VIIRS,n,2.0NRT,305.76,2.05,D
-35.93795,-64.28555,331.55,0.39,0.36,2026-02-14,1813,N,VIIRS,l,2.0NRT,305.54,1.29,D
-34.9029,-58.43013,341.97,0.55,0.42,2026-02-14,1813,N,VIIRS,n,2.0NRT,308.86,4.75,D
-34.90168,-58.42417,340.22,0.55,0.42,2026-02-14,1813,N,VIIRS,n,2.0NRT,310.74,6.21,D
-35.00044,-58.09008,349.12,0.56,0.43,2026-02-14,1813,N,VIIRS,n,2.0NRT,308.42,37.42,D
-34.86058,-58.22512,342.05,0.56,0.43,2026-02-14,1813,N,VIIRS,n,2.0NRT,304.72,5.51,D
-34.85932,-57.89435,342.1,0.39,0.44,2026-02-14,1813,N,VIIRS,n,2.0NRT,299.84,2.14,D
-29.19468,-57.56485,335.06,0.52,0.5,2026-02-14,1813,N,VIIRS,n,2.0NRT,297.23,4.65,D
-29.05719,-57.34576,332.6,0.54,0.51,2026-02-14,1813,N,VIIRS,n,2.0NRT,297.17,4.67,D
-25.86001,-59.01789,331.82,0.53,0.42,2026-02-15,0529,N,VIIRS,n,2.0NRT,292.33,9.46,N
-27.57452,-57.12674,324.38,0.47,0.47,2026-02-15,0529,N,VIIRS,n,2.0NRT,290.01,2.11,N
-27.57677,-57.12883,327.32,0.47,0.48,2026-02-15,0529,N,VIIRS,n,2.0NRT,289.93,3.45,N
-27.57727,-57.12402,311.68,0.47,0.48,2026-02-15,0529,N,VIIRS,n,2.0NRT,289.66,0.86,N
-27.58918,-57.09623,320.41,0.47,0.48,2026-02-15,0529,N,VIIRS,n,2.0NRT,290.22,3.56,N
-27.58968,-57.09138,303.04,0.47,0.48,2026-02-15,0529,N,VIIRS,n,2.0NRT,289.68,3.56,N
-27.59413,-57.09199,340.78,0.47,0.48,2026-02-15,0529,N,VIIRS,n,2.0NRT,290.83,3.56,N
-27.59362,-57.09684,306.27,0.47,0.48,2026-02-15,0529,N,VIIRS,n,2.0NRT,290.01,3.56,N
-27.59858,-57.09259,346.68,0.47,0.48,2026-02-15,0529,N,VIIRS,n,2.0NRT,290.71,8.29,N
-27.60303,-57.0932,347.13,0.47,0.48,2026-02-15,0529,N,VIIRS,n,2.0NRT,290.76,8.29,N
-27.60748,-57.0938,348,0.47,0.48,2026-02-15,0529,N,VIIRS,n,2.0NRT,290.41,7.46,N
-27.61193,-57.09441,340.41,0.47,0.48,2026-02-15,0529,N,VIIRS,n,2.0NRT,290.4,7.46,N
-27.61586,-57.09986,306.27,0.47,0.48,2026-02-15,0529,N,VIIRS,n,2.0NRT,289.96,0.72,N
-27.62031,-57.10047,303.39,0.47,0.48,2026-02-15,0529,N,VIIRS,n,2.0NRT,290.06,0.72,N
-27.62424,-57.10591,329.85,0.47,0.48,2026-02-15,0529,N,VIIRS,n,2.0NRT,290.5,2.17,N
-27.62869,-57.10651,321.59,0.47,0.48,2026-02-15,0529,N,VIIRS,n,2.0NRT,290.25,2.17,N
-27.62817,-57.11136,304.2,0.47,0.48,2026-02-15,0529,N,VIIRS,n,2.0NRT,290.25,2.17,N
-27.63158,-57.12164,350.6,0.47,0.48,2026-02-15,0529,N,VIIRS,n,2.0NRT,293.71,12.89,N
-27.63262,-57.11196,327.79,0.47,0.48,2026-02-15,0529,N,VIIRS,n,2.0NRT,290.44,3.5,N
-27.6321,-57.1168,314.32,0.47,0.48,2026-02-15,0529,N,VIIRS,n,2.0NRT,290.65,12.89,N
-27.63603,-57.12222,351.38,0.47,0.48,2026-02-15,0529,N,VIIRS,n,2.0NRT,291.03,12.89,N
-27.63655,-57.11739,312.38,0.47,0.48,2026-02-15,0529,N,VIIRS,n,2.0NRT,290.15,12.89,N
-25.86012,-59.01678,327.45,0.53,0.42,2026-02-15,0529,N,VIIRS,n,2.0NRT,291.28,3.07,N
-32.91012,-60.69585,331.54,0.52,0.42,2026-02-15,0529,N,VIIRS,n,2.0NRT,289.56,5.88,N
-32.91399,-60.69648,310.09,0.52,0.42,2026-02-15,0529,N,VIIRS,n,2.0NRT,289.07,2.27,N
-33.02052,-60.39319,301.95,0.54,0.42,2026-02-15,0529,N,VIIRS,n,2.0NRT,288.62,1.15,N
-33.36133,-60.14486,303.02,0.56,0.43,2026-02-15,0529,N,VIIRS,n,2.0NRT,290.8,2.61,N
-33.37733,-60.14751,306.82,0.56,0.43,2026-02-15,0529,N,VIIRS,n,2.0NRT,285.68,1.42,N
-32.7382,-68.84705,307.57,0.44,0.38,2026-02-15,0529,N,VIIRS,n,2.0NRT,294.07,1.1,N
-25.85225,-59.01669,322.08,0.53,0.42,2026-02-15,0529,N,VIIRS,n,2.0NRT,291.25,4.16,N
-25.85613,-59.0173,333.21,0.53,0.42,2026-02-15,0529,N,VIIRS,n,2.0NRT,291.19,4.16,N
-28.21498,-55.79048,320.75,0.57,0.52,2026-02-15,0529,N,VIIRS,n,2.0NRT,289.13,4.74,N
-28.21011,-55.78993,338.25,0.57,0.52,2026-02-15,0529,N,VIIRS,n,2.0NRT,289.8,4.74,N
-25.83482,-59.0291,303.59,0.52,0.42,2026-02-15,0529,N,VIIRS,n,2.0NRT,290.88,0.52,N
-25.8387,-59.0297,310.85,0.52,0.42,2026-02-15,0529,N,VIIRS,n,2.0NRT,291.25,1.68,N
-25.83937,-59.0244,311.1,0.52,0.42,2026-02-15,0529,N,VIIRS,n,2.0NRT,291.05,1.28,N
-25.85236,-59.01559,324.17,0.53,0.42,2026-02-15,0529,N,VIIRS,n,2.0NRT,291.08,1.53,N
-25.85624,-59.01619,329.19,0.53,0.42,2026-02-15,0529,N,VIIRS,n,2.0NRT,291.22,3.07,N
-25.85943,-59.02209,329.68,0.52,0.42,2026-02-15,0529,N,VIIRS,n,2.0NRT,292.24,7.84,N
-37.52972,-69.09244,315.96,0.4,0.37,2026-02-15,0531,N,VIIRS,n,2.0NRT,287.96,1.65,N
-34.74468,-58.26672,306.94,0.49,0.48,2026-02-15,0531,N,VIIRS,n,2.0NRT,286.99,2.02,N
-34.57877,-69.85279,303.71,0.46,0.39,2026-02-15,0531,N,VIIRS,n,2.0NRT,278.12,1.44,N
-37.08427,-69.47556,303.58,0.42,0.37,2026-02-15,0531,N,VIIRS,n,2.0NRT,287.07,0.89,N
-37.0877,-69.47655,310,0.42,0.37,2026-02-15,0531,N,VIIRS,n,2.0NRT,287.13,1.22,N
-37.42704,-69.16991,328.04,0.41,0.37,2026-02-15,0531,N,VIIRS,n,2.0NRT,288.96,1.49,N
-37.42622,-69.17448,313.78,0.41,0.37,2026-02-15,0531,N,VIIRS,n,2.0NRT,288.32,3.26,N
-37.43044,-69.17081,301.3,0.41,0.37,2026-02-15,0531,N,VIIRS,n,2.0NRT,287.81,1.49,N
-37.52865,-69.09019,320.73,0.4,0.37,2026-02-15,0531,N,VIIRS,n,2.0NRT,288.75,1.56,N
-37.71201,-69.13387,301.24,0.4,0.37,2026-02-15,0531,N,VIIRS,n,2.0NRT,286.21,0.58,N
-37.7146,-69.13942,314.22,0.4,0.37,2026-02-15,0531,N,VIIRS,n,2.0NRT,286.24,0.73,N
-37.7154,-69.13483,304.31,0.4,0.37,2026-02-15,0531,N,VIIRS,n,2.0NRT,286.36,0.73,N
-38.01206,-68.59641,317.52,0.39,0.36,2026-02-15,0531,N,VIIRS,n,2.0NRT,289.91,1.1,N
-38.26654,-68.62624,301.5,0.39,0.36,2026-02-15,0531,N,VIIRS,n,2.0NRT,288.51,0.5,N
-38.27512,-68.69926,313.76,0.39,0.36,2026-02-15,0531,N,VIIRS,n,2.0NRT,288.47,1.11,N
-38.28757,-68.74971,299.15,0.39,0.36,2026-02-15,0531,N,VIIRS,n,2.0NRT,287.04,0.57,N
-38.43889,-68.56287,306.72,0.39,0.36,2026-02-15,0531,N,VIIRS,n,2.0NRT,289.01,0.78,N
-38.70117,-68.71267,304.47,0.39,0.36,2026-02-15,0531,N,VIIRS,n,2.0NRT,286.21,0.66,N
-38.70786,-68.71454,298.79,0.39,0.36,2026-02-15,0531,N,VIIRS,n,2.0NRT,286.17,0.36,N
-38.74308,-68.83746,330.12,0.39,0.36,2026-02-15,0531,N,VIIRS,n,2.0NRT,288.39,3.27,N
-38.74643,-68.83839,321.68,0.39,0.36,2026-02-15,0531,N,VIIRS,n,2.0NRT,285.02,1.93,N
-39.11083,-66.69748,301.01,0.39,0.36,2026-02-15,0531,N,VIIRS,n,2.0NRT,290.29,0.41,N
-38.93622,-68.35703,299.48,0.39,0.36,2026-02-15,0531,N,VIIRS,n,2.0NRT,287.9,0.56,N
-27.59404,-66.37751,302.21,0.41,0.37,2026-02-15,0531,N,VIIRS,n,2.0NRT,291.74,0.81,N
-27.59478,-66.37331,307.92,0.41,0.37,2026-02-15,0531,N,VIIRS,n,2.0NRT,292.04,0.64,N
-28.99266,-56.5484,331.36,0.52,0.5,2026-02-15,0531,N,VIIRS,n,2.0NRT,290.98,1.78,N
-28.99321,-56.5429,303.07,0.52,0.5,2026-02-15,0531,N,VIIRS,n,2.0NRT,290.38,1.78,N
-28.99463,-56.54944,313.71,0.52,0.5,2026-02-15,0531,N,VIIRS,n,2.0NRT,290.58,1.64,N
-30.04819,-58.58888,304.1,0.41,0.45,2026-02-15,0531,N,VIIRS,n,2.0NRT,290.96,0.51,N
-29.67182,-62.41473,311.82,0.42,0.37,2026-02-15,0531,N,VIIRS,n,2.0NRT,290.89,0.76,N
-46.55814,-68.10574,304.27,0.4,0.37,2026-02-15,0533,N,VIIRS,n,2.0NRT,281.18,0.65,N
-46.78762,-67.93169,295.25,0.4,0.37,2026-02-15,0533,N,VIIRS,n,2.0NRT,281.49,0.35,N
-38.74451,-68.83553,344.69,0.33,0.55,2026-02-15,1751,N,VIIRS,l,2.0NRT,315.95,2.71,D
-38.34464,-68.90184,348.57,0.33,0.55,2026-02-15,1751,N,VIIRS,n,2.0NRT,317.84,7.13,D
-38.01498,-68.59295,345.48,0.62,0.54,2026-02-15,1751,N,VIIRS,n,2.0NRT,318.92,7.43,D
-36.99275,-60.84746,337.34,0.41,0.37,2026-02-15,1751,N,VIIRS,n,2.0NRT,305.97,5.68,D
-37.80106,-69.33807,347.21,0.34,0.56,2026-02-15,1751,N,VIIRS,l,2.0NRT,319.16,5,D
-37.71469,-69.14157,367,0.33,0.55,2026-02-15,1751,N,VIIRS,h,2.0NRT,318.02,4.53,D
-37.71419,-69.13361,352.33,0.33,0.55,2026-02-15,1751,N,VIIRS,n,2.0NRT,317.22,3.81,D
-37.71444,-69.13759,340.62,0.33,0.55,2026-02-15,1751,N,VIIRS,n,2.0NRT,314.98,3.81,D
-37.42835,-69.17343,354.73,0.33,0.55,2026-02-15,1751,N,VIIRS,n,2.0NRT,315.32,5.79,D
-40.74087,-65.01131,332.92,0.43,0.46,2026-02-15,1751,N,VIIRS,n,2.0NRT,302.03,2.57,D
-39.47418,-70.5491,334.57,0.41,0.61,2026-02-15,1751,N,VIIRS,n,2.0NRT,309.43,1.23,D
-40.74002,-65.01421,336.18,0.43,0.46,2026-02-15,1751,N,VIIRS,n,2.0NRT,301.81,2.4,D
-38.92474,-68.2115,345.29,0.61,0.53,2026-02-15,1751,N,VIIRS,n,2.0NRT,313.08,9.39,D
-27.44312,-58.01247,343.37,0.45,0.39,2026-02-15,1753,N,VIIRS,n,2.0NRT,299.32,5.51,D
-27.43953,-58.01326,330.98,0.45,0.39,2026-02-15,1753,N,VIIRS,n,2.0NRT,297.47,5.51,D
-27.44394,-58.01706,341.39,0.45,0.39,2026-02-15,1753,N,VIIRS,n,2.0NRT,298.4,5.93,D
-27.36962,-61.62449,340,0.38,0.36,2026-02-15,1753,N,VIIRS,n,2.0NRT,301.05,3.85,D
-33.46291,-68.00179,330.42,0.52,0.5,2026-02-15,1753,N,VIIRS,n,2.0NRT,299.55,1.58,D
-29.81791,-61.28645,334.88,0.39,0.36,2026-02-15,1753,N,VIIRS,n,2.0NRT,298.62,2.9,D
-28.98608,-56.55135,346.93,0.5,0.41,2026-02-15,1753,N,VIIRS,n,2.0NRT,299.18,7.22,D
-28.98799,-56.5616,344.49,0.5,0.41,2026-02-15,1753,N,VIIRS,n,2.0NRT,298.15,5.63,D
-27.63931,-57.07077,340.94,0.49,0.41,2026-02-15,1753,N,VIIRS,n,2.0NRT,302.95,57.98,D
-27.63558,-57.07164,341.23,0.49,0.41,2026-02-15,1753,N,VIIRS,n,2.0NRT,296.43,50.87,D
-27.63744,-57.08167,338.93,0.49,0.41,2026-02-15,1753,N,VIIRS,n,2.0NRT,298.56,5.41,D
-27.63837,-57.08668,339.07,0.49,0.41,2026-02-15,1753,N,VIIRS,n,2.0NRT,300.52,5.41,D
-27.63371,-57.08253,337.86,0.49,0.41,2026-02-15,1753,N,VIIRS,n,2.0NRT,301.56,5.41,D
-27.63835,-57.10756,337,0.49,0.4,2026-02-15,1753,N,VIIRS,n,2.0NRT,301.09,7.24,D
-27.63463,-57.10843,339.19,0.49,0.4,2026-02-15,1753,N,VIIRS,n,2.0NRT,302.36,10.98,D
-27.61227,-57.07182,339.64,0.5,0.41,2026-02-15,1753,N,VIIRS,n,2.0NRT,295.99,42.13,D
-27.90831,-59.08101,339.98,0.41,0.37,2026-02-15,1753,N,VIIRS,n,2.0NRT,298.72,4.11,D
-25.63855,-57.83833,336.74,0.49,0.4,2026-02-15,1756,N,VIIRS,n,2.0NRT,299.08,3.21,D
-26.58538,-58.35877,331.49,0.45,0.39,2026-02-15,1756,N,VIIRS,l,2.0NRT,304.33,3.62,D
-26.58101,-58.35503,330.89,0.45,0.39,2026-02-15,1756,N,VIIRS,l,2.0NRT,304.11,3.62,D
-26.5818,-58.35955,331.9,0.45,0.39,2026-02-15,1756,N,VIIRS,l,2.0NRT,304.32,3.62,D
-26.5826,-58.36407,332.74,0.45,0.39,2026-02-15,1756,N,VIIRS,l,2.0NRT,304.8,7.68,D
-26.57823,-58.36032,330.5,0.45,0.39,2026-02-15,1756,N,VIIRS,l,2.0NRT,303.87,7.19,D
-26.57903,-58.36485,330.25,0.45,0.39,2026-02-15,1756,N,VIIRS,l,2.0NRT,303.51,4.82,D
-26.57982,-58.36936,331.75,0.45,0.39,2026-02-15,1756,N,VIIRS,l,2.0NRT,304.25,4.82,D
-26.26583,-58.24604,337.64,0.46,0.39,2026-02-15,1756,N,VIIRS,n,2.0NRT,299.35,4.6,D
-26.26557,-58.24413,340.14,0.46,0.39,2026-02-15,1756,N,VIIRS,n,2.0NRT,299.57,3.45,D
-26.1379,-58.22269,335.73,0.46,0.39,2026-02-15,1756,N,VIIRS,n,2.0NRT,296.13,5.43,D
-25.9423,-59.17982,330.52,0.43,0.38,2026-02-15,1756,N,VIIRS,l,2.0NRT,303.65,3.53,D
-25.87333,-59.01187,332.27,0.43,0.38,2026-02-15,1756,N,VIIRS,n,2.0NRT,294.74,36.3,D
-25.86981,-59.01261,338.38,0.43,0.38,2026-02-15,1756,N,VIIRS,n,2.0NRT,305.25,36.3,D
-25.87057,-59.01693,333.5,0.43,0.38,2026-02-15,1756,N,VIIRS,l,2.0NRT,304.3,36.3,D
-25.8663,-59.01336,346.03,0.43,0.38,2026-02-15,1756,N,VIIRS,n,2.0NRT,301.1,15.15,D
-25.86706,-59.01768,349.35,0.43,0.38,2026-02-15,1756,N,VIIRS,n,2.0NRT,300.7,15.15,D
-25.86279,-59.01409,338.03,0.43,0.38,2026-02-15,1756,N,VIIRS,n,2.0NRT,297.9,15.15,D
-25.86355,-59.01841,343.49,0.43,0.38,2026-02-15,1756,N,VIIRS,n,2.0NRT,298.5,15.15,D
-25.86027,-59.01825,336.92,0.43,0.38,2026-02-15,1756,N,VIIRS,n,2.0NRT,298.65,8.53,D
-25.63942,-57.84319,331.34,0.49,0.4,2026-02-15,1756,N,VIIRS,n,2.0NRT,300.76,3.21,D
-25.63572,-57.844,331.11,0.49,0.4,2026-02-15,1756,N,VIIRS,n,2.0NRT,299.31,3.21,D
-25.30889,-57.92503,331.52,0.49,0.4,2026-02-15,1756,N,VIIRS,n,2.0NRT,296.35,1.58,D
-25.30518,-57.92583,332.48,0.49,0.4,2026-02-15,1756,N,VIIRS,n,2.0NRT,296.06,5.17,D
-25.30643,-58.85823,331.49,0.44,0.39,2026-02-15,1756,N,VIIRS,n,2.0NRT,286.24,2.72,D
-25.906,-63.85297,334.6,0.41,0.37,2026-02-15,1756,N,VIIRS,n,2.0NRT,299.9,3.16,D
-24.60816,-61.26286,336.82,0.39,0.36,2026-02-15,1756,N,VIIRS,n,2.0NRT,300.37,3.23,D
-38.26812,-68.62126,354.73,0.51,0.66,2026-02-15,1932,N,VIIRS,n,2.0NRT,314.65,3.51,D
-38.01464,-68.5958,340.19,0.52,0.67,2026-02-15,1932,N,VIIRS,l,2.0NRT,313.94,1.95,D
-38.01089,-68.59557,353.93,0.52,0.67,2026-02-15,1932,N,VIIRS,n,2.0NRT,314.61,5,D
-38.42055,-70.91816,341.44,0.39,0.59,2026-02-15,1932,N,VIIRS,n,2.0NRT,300.23,16.9,D
-38.42135,-70.92112,345.31,0.39,0.59,2026-02-15,1932,N,VIIRS,n,2.0NRT,302.71,14.75,D
-38.74281,-68.83473,354.08,0.48,0.65,2026-02-15,1932,N,VIIRS,n,2.0NRT,312.61,5.56,D
-38.41517,-70.92028,367,0.39,0.59,2026-02-15,1932,N,VIIRS,h,2.0NRT,297.01,16.9,D
-38.41604,-70.92346,350.88,0.39,0.59,2026-02-15,1932,N,VIIRS,n,2.0NRT,301.21,14.75,D
-37.7138,-69.13531,338.84,0.5,0.66,2026-02-15,1932,N,VIIRS,l,2.0NRT,311.73,2.85,D
-37.42822,-69.17288,344.24,0.51,0.66,2026-02-15,1932,N,VIIRS,n,2.0NRT,312.26,2.64,D
-38.63557,-68.42471,355.74,0.51,0.66,2026-02-15,1932,N,VIIRS,n,2.0NRT,312.9,7.23,D
-38.63399,-68.42709,350.58,0.51,0.66,2026-02-15,1932,N,VIIRS,n,2.0NRT,312.56,6.72,D
-38.49982,-68.59721,344.2,0.5,0.66,2026-02-15,1932,N,VIIRS,n,2.0NRT,312.16,2.63,D
-38.26439,-68.62412,352.62,0.51,0.66,2026-02-15,1932,N,VIIRS,n,2.0NRT,314.02,4.57,D
-22.31024,-63.74002,316.33,0.4,0.44,2026-02-16,0508,N,VIIRS,n,2.0NRT,289.05,1.36,N
-27.43641,-60.83686,305.8,0.4,0.37,2026-02-16,0510,N,VIIRS,n,2.0NRT,293.39,3.45,N
-25.20048,-57.93847,315.7,0.39,0.36,2026-02-16,0510,N,VIIRS,n,2.0NRT,291.75,1.86,N
-27.03477,-60.28352,295.96,0.39,0.36,2026-02-16,0510,N,VIIRS,n,2.0NRT,282.73,0.93,N
-27.43573,-60.84089,308.87,0.4,0.37,2026-02-16,0510,N,VIIRS,n,2.0NRT,293.66,3.2,N
-33.37599,-60.14891,318.33,0.39,0.36,2026-02-16,0512,N,VIIRS,n,2.0NRT,290.03,6.02,N
-33.25744,-60.28497,332.56,0.39,0.36,2026-02-16,0512,N,VIIRS,n,2.0NRT,291.68,2.55,N
-33.25807,-60.28079,328.34,0.39,0.36,2026-02-16,0512,N,VIIRS,n,2.0NRT,291.17,2.55,N
-33.36258,-60.14603,319.63,0.39,0.36,2026-02-16,0512,N,VIIRS,n,2.0NRT,292.41,2.29,N
-33.36739,-60.16006,340,0.39,0.36,2026-02-16,0512,N,VIIRS,n,2.0NRT,292.65,3.87,N
-33.37074,-60.16078,316.01,0.39,0.36,2026-02-16,0512,N,VIIRS,n,2.0NRT,291.5,1.19,N
-33.37137,-60.15658,305.27,0.39,0.36,2026-02-16,0512,N,VIIRS,n,2.0NRT,291.08,1.19,N
-33.37663,-60.14471,321.1,0.39,0.36,2026-02-16,0512,N,VIIRS,n,2.0NRT,292.72,6.15,N
-32.73768,-68.8469,304.83,0.49,0.49,2026-02-16,0512,N,VIIRS,n,2.0NRT,291.44,1.51,N
-34.85851,-57.89611,327.12,0.45,0.39,2026-02-16,0512,N,VIIRS,n,2.0NRT,291.37,2.07,N
-34.85915,-57.89112,306.22,0.45,0.39,2026-02-16,0512,N,VIIRS,n,2.0NRT,290.69,2.07,N
-33.06254,-68.97574,301.9,0.49,0.49,2026-02-16,0512,N,VIIRS,n,2.0NRT,290.94,1.6,N
-36.98118,-60.24402,308.51,0.4,0.37,2026-02-16,0512,N,VIIRS,n,2.0NRT,291.33,0.68,N
-36.98459,-60.24477,306.11,0.4,0.37,2026-02-16,0512,N,VIIRS,n,2.0NRT,289.46,0.79,N
-37.03959,-60.29666,309.92,0.4,0.37,2026-02-16,0512,N,VIIRS,n,2.0NRT,290.83,1.81,N
-37.08583,-69.478,323.67,0.43,0.46,2026-02-16,0514,N,VIIRS,n,2.0NRT,290.22,1.74,N
-37.42751,-69.17194,340.37,0.41,0.45,2026-02-16,0514,N,VIIRS,n,2.0NRT,290.79,3.85,N
-37.52829,-69.09431,305.45,0.4,0.45,2026-02-16,0514,N,VIIRS,n,2.0NRT,289.24,0.97,N
-37.52927,-69.08981,309.25,0.4,0.45,2026-02-16,0514,N,VIIRS,n,2.0NRT,289.4,0.97,N
-37.71383,-69.13494,323.71,0.4,0.44,2026-02-16,0514,N,VIIRS,n,2.0NRT,289.65,1.77,N
-37.71281,-69.13955,318.33,0.4,0.44,2026-02-16,0514,N,VIIRS,n,2.0NRT,289.55,2.09,N
-38.01344,-68.59414,302.07,0.56,0.43,2026-02-16,0514,N,VIIRS,n,2.0NRT,291.22,0.54,N
-38.27514,-68.69872,312.71,0.56,0.43,2026-02-16,0514,N,VIIRS,n,2.0NRT,289.85,1.82,N
-38.28531,-68.74977,311.14,0.57,0.43,2026-02-16,0514,N,VIIRS,n,2.0NRT,289.39,1.33,N
-38.49718,-68.32593,308.41,0.54,0.42,2026-02-16,0514,N,VIIRS,n,2.0NRT,288.32,1.32,N
-38.52937,-69.09456,321.39,0.39,0.44,2026-02-16,0514,N,VIIRS,n,2.0NRT,289.02,1.5,N
-38.53334,-69.09599,319.61,0.39,0.44,2026-02-16,0514,N,VIIRS,n,2.0NRT,287.39,1.48,N
-38.69864,-68.70096,326.74,0.55,0.43,2026-02-16,0514,N,VIIRS,n,2.0NRT,288.72,2,N
-38.74486,-68.83806,329.65,0.56,0.43,2026-02-16,0514,N,VIIRS,n,2.0NRT,289.26,3.56,N
-38.74209,-68.83841,313.83,0.56,0.43,2026-02-16,0514,N,VIIRS,n,2.0NRT,287.39,1.64,N
-38.74601,-68.83974,309.2,0.56,0.43,2026-02-16,0514,N,VIIRS,n,2.0NRT,286.4,1.64,N
-38.98246,-67.98953,295.28,0.51,0.41,2026-02-16,0514,N,VIIRS,n,2.0NRT,284.31,0.53,N
-37.41013,-69.17119,319.48,0.41,0.45,2026-02-16,0514,N,VIIRS,n,2.0NRT,290.53,1.16,N
-39.49051,-65.53436,367,0.4,0.6,2026-02-16,1732,N,VIIRS,h,2.0NRT,310.3,44.96,D
-39.4601,-65.73072,338.7,0.4,0.6,2026-02-16,1732,N,VIIRS,n,2.0NRT,308.07,6.43,D
-38.49942,-60.97631,353.05,0.44,0.46,2026-02-16,1732,N,VIIRS,n,2.0NRT,304.32,5.48,D
-38.74372,-68.83786,348.67,0.58,0.7,2026-02-16,1732,N,VIIRS,n,2.0NRT,314.98,3.16,D
-38.70107,-68.70408,349.61,0.57,0.69,2026-02-16,1732,N,VIIRS,n,2.0NRT,314.93,3.64,D
-38.69712,-68.70525,349.81,0.57,0.69,2026-02-16,1732,N,VIIRS,n,2.0NRT,314.86,5.17,D
-39.48488,-65.5348,367,0.4,0.6,2026-02-16,1732,N,VIIRS,h,2.0NRT,301.92,18.55,D
-34.67019,-59.47815,332.02,0.51,0.41,2026-02-16,1734,N,VIIRS,n,2.0NRT,304.43,3.08,D
-33.33543,-66.32202,343.69,0.39,0.59,2026-02-16,1734,N,VIIRS,n,2.0NRT,303.25,3.36,D
-37.71301,-69.13956,345.8,0.6,0.71,2026-02-16,1734,N,VIIRS,n,2.0NRT,315.44,5.1,D
-25.27589,-58.15698,333.48,0.39,0.36,2026-02-16,1736,N,VIIRS,l,2.0NRT,304.32,2.97,D
-25.80882,-59.08844,332.63,0.41,0.37,2026-02-16,1736,N,VIIRS,l,2.0NRT,307.45,6.8,D
-28.57283,-56.66516,337.51,0.38,0.36,2026-02-16,1736,N,VIIRS,n,2.0NRT,298.45,3.13,D
-28.46663,-59.19005,348.02,0.43,0.38,2026-02-16,1736,N,VIIRS,n,2.0NRT,299.18,10.18,D
-27.70902,-57.13864,335.3,0.39,0.36,2026-02-16,1736,N,VIIRS,n,2.0NRT,297.79,3.31,D
-27.70961,-57.14257,339.76,0.39,0.36,2026-02-16,1736,N,VIIRS,n,2.0NRT,298.92,3.31,D
-27.70293,-57.14383,331.79,0.39,0.36,2026-02-16,1736,N,VIIRS,n,2.0NRT,297.73,1.66,D
-27.70017,-57.14838,336.97,0.39,0.36,2026-02-16,1736,N,VIIRS,n,2.0NRT,299.01,2.34,D
-27.58852,-57.07964,335.08,0.39,0.36,2026-02-16,1736,N,VIIRS,n,2.0NRT,299.84,27.63,D
-27.58577,-57.08419,346.15,0.39,0.36,2026-02-16,1736,N,VIIRS,n,2.0NRT,304.96,27.63,D
-27.58478,-57.10051,340.63,0.39,0.36,2026-02-16,1736,N,VIIRS,n,2.0NRT,298.01,13.18,D
-27.50861,-57.92854,339.36,0.39,0.37,2026-02-16,1736,N,VIIRS,n,2.0NRT,301.21,4.85,D
-28.42502,-66.43713,347.8,0.35,0.57,2026-02-16,1736,N,VIIRS,n,2.0NRT,305.47,4.08,D
-27.40866,-58.47488,349.04,0.4,0.37,2026-02-16,1736,N,VIIRS,n,2.0NRT,305.22,17.65,D
-27.40524,-58.47548,367,0.4,0.37,2026-02-16,1736,N,VIIRS,h,2.0NRT,304.7,10.62,D
-27.34626,-58.82941,333.81,0.41,0.37,2026-02-16,1736,N,VIIRS,n,2.0NRT,298.92,3.39,D
-27.34281,-58.83,339.85,0.41,0.37,2026-02-16,1736,N,VIIRS,n,2.0NRT,299,3.39,D
-27.02487,-58.61442,331.04,0.41,0.37,2026-02-16,1736,N,VIIRS,n,2.0NRT,298.79,2.61,D
-26.88681,-61.02587,334.61,0.5,0.41,2026-02-16,1736,N,VIIRS,l,2.0NRT,305.84,7.55,D
-26.64434,-60.33125,335.5,0.46,0.39,2026-02-16,1736,N,VIIRS,n,2.0NRT,300.54,1.82,D
-26.46351,-60.31077,335.57,0.46,0.39,2026-02-16,1736,N,VIIRS,n,2.0NRT,301.66,4.01,D
-26.45988,-60.31135,346.44,0.46,0.39,2026-02-16,1736,N,VIIRS,n,2.0NRT,303.78,16.92,D
-26.40721,-60.01695,348.88,0.45,0.39,2026-02-16,1736,N,VIIRS,n,2.0NRT,299.92,7.82,D
-26.04446,-57.96279,336.55,0.39,0.36,2026-02-16,1736,N,VIIRS,n,2.0NRT,303.44,10.14,D
-26.03203,-57.92487,340.11,0.39,0.36,2026-02-16,1736,N,VIIRS,n,2.0NRT,304.23,6.48,D
-26.02925,-57.92939,336.1,0.39,0.36,2026-02-16,1736,N,VIIRS,n,2.0NRT,303.24,6.48,D
-25.89561,-57.873,333.85,0.39,0.36,2026-02-16,1736,N,VIIRS,n,2.0NRT,300.02,3.75,D
-25.79368,-57.84278,336.36,0.39,0.36,2026-02-16,1736,N,VIIRS,n,2.0NRT,296.65,6.16,D
-25.78086,-57.84908,342.48,0.39,0.36,2026-02-16,1736,N,VIIRS,n,2.0NRT,303.28,28.27,D
-25.94318,-59.18032,330.52,0.41,0.37,2026-02-16,1736,N,VIIRS,l,2.0NRT,305.15,6.31,D
-25.74332,-57.81572,333.49,0.39,0.36,2026-02-16,1736,N,VIIRS,n,2.0NRT,302.59,4.45,D
-25.88511,-58.96661,334.65,0.41,0.37,2026-02-16,1736,N,VIIRS,n,2.0NRT,301.06,3.37,D
-25.88568,-58.9707,330.1,0.41,0.37,2026-02-16,1736,N,VIIRS,l,2.0NRT,302.07,8.93,D
-25.88168,-58.96719,335,0.41,0.37,2026-02-16,1736,N,VIIRS,n,2.0NRT,301.82,3.37,D
-25.81053,-59.07553,334.01,0.41,0.37,2026-02-16,1736,N,VIIRS,l,2.0NRT,308.92,9.78,D
-25.81168,-59.08375,336.12,0.41,0.37,2026-02-16,1736,N,VIIRS,l,2.0NRT,310.89,10.09,D
-25.66254,-58.16198,338.13,0.39,0.36,2026-02-16,1736,N,VIIRS,l,2.0NRT,313.07,10.07,D
-25.68734,-58.50123,333.85,0.4,0.37,2026-02-16,1736,N,VIIRS,n,2.0NRT,301.74,26.38,D
-25.68791,-58.50521,345.11,0.4,0.37,2026-02-16,1736,N,VIIRS,n,2.0NRT,311.12,26.38,D
-25.54922,-57.58123,339.97,0.39,0.36,2026-02-16,1736,N,VIIRS,n,2.0NRT,304.12,8.59,D
-25.68395,-58.50183,344.76,0.4,0.37,2026-02-16,1736,N,VIIRS,n,2.0NRT,307.52,20.02,D
-25.68452,-58.5058,342.33,0.4,0.37,2026-02-16,1736,N,VIIRS,n,2.0NRT,309.14,20.02,D
-25.54588,-57.58185,346.32,0.39,0.36,2026-02-16,1736,N,VIIRS,n,2.0NRT,305.27,8.59,D
-25.68056,-58.50241,341.66,0.4,0.37,2026-02-16,1736,N,VIIRS,n,2.0NRT,304.66,20.02,D
-25.68113,-58.50639,349.74,0.4,0.37,2026-02-16,1736,N,VIIRS,n,2.0NRT,306.42,20.02,D
-25.54255,-57.58245,345.99,0.39,0.36,2026-02-16,1736,N,VIIRS,n,2.0NRT,303.07,13.18,D
-25.54773,-57.61711,349.33,0.39,0.36,2026-02-16,1736,N,VIIRS,n,2.0NRT,308.13,15.94,D
-25.67436,-58.50756,347.14,0.4,0.37,2026-02-16,1736,N,VIIRS,n,2.0NRT,304.8,8.51,D
-25.67041,-58.50418,340.04,0.4,0.37,2026-02-16,1736,N,VIIRS,n,2.0NRT,304.19,3.07,D
-25.6806,-58.57581,348.16,0.4,0.37,2026-02-16,1736,N,VIIRS,n,2.0NRT,303.73,7.13,D
-25.66645,-58.5008,337.34,0.4,0.37,2026-02-16,1736,N,VIIRS,n,2.0NRT,303.23,4.08,D
-25.66702,-58.50477,333.64,0.4,0.37,2026-02-16,1736,N,VIIRS,n,2.0NRT,301.49,3.07,D
-25.66307,-58.50139,335.93,0.4,0.37,2026-02-16,1736,N,VIIRS,n,2.0NRT,301.98,4.33,D
-25.67269,-58.56902,337.42,0.4,0.37,2026-02-16,1736,N,VIIRS,n,2.0NRT,302.54,4.42,D
-25.48728,-58.03251,349.46,0.39,0.36,2026-02-16,1736,N,VIIRS,n,2.0NRT,307.44,5.54,D
-25.48393,-58.0331,343.95,0.39,0.36,2026-02-16,1736,N,VIIRS,n,2.0NRT,308.22,5.54,D
-25.6515,-59.21527,334.25,0.41,0.37,2026-02-16,1736,N,VIIRS,l,2.0NRT,308.38,5.67,D
-25.65207,-59.21941,336.39,0.41,0.37,2026-02-16,1736,N,VIIRS,n,2.0NRT,309.91,7.3,D
-25.39363,-57.6408,334.79,0.39,0.36,2026-02-16,1736,N,VIIRS,n,2.0NRT,301.67,3.55,D
-25.57994,-59.14252,337.63,0.41,0.37,2026-02-16,1736,N,VIIRS,n,2.0NRT,303.27,6.17,D
-25.32646,-58.03246,341.02,0.39,0.36,2026-02-16,1736,N,VIIRS,n,2.0NRT,306.36,4.54,D
-25.2982,-57.93424,339.12,0.39,0.36,2026-02-16,1736,N,VIIRS,n,2.0NRT,303.03,2.97,D
-25.29543,-57.93869,333.79,0.39,0.36,2026-02-16,1736,N,VIIRS,l,2.0NRT,304.94,2.97,D
-25.10522,-58.23072,334.75,0.39,0.36,2026-02-16,1736,N,VIIRS,l,2.0NRT,308.69,2.65,D
-25.10186,-58.23132,333.6,0.39,0.36,2026-02-16,1736,N,VIIRS,l,2.0NRT,303.77,2.65,D
-25.1002,-58.24357,336.32,0.39,0.36,2026-02-16,1736,N,VIIRS,l,2.0NRT,310.99,3.41,D
-24.82412,-58.79286,332.12,0.4,0.37,2026-02-16,1736,N,VIIRS,l,2.0NRT,306.98,3.04,D
-24.8213,-58.79741,335.33,0.4,0.37,2026-02-16,1736,N,VIIRS,l,2.0NRT,306.66,3.04,D
-24.61049,-61.26266,341.03,0.48,0.4,2026-02-16,1736,N,VIIRS,n,2.0NRT,302.42,5.03,D
-23.19424,-64.21673,331.98,0.45,0.47,2026-02-16,1738,N,VIIRS,l,2.0NRT,303.8,9.59,D
-23.2613,-63.25652,332.99,0.4,0.44,2026-02-16,1738,N,VIIRS,l,2.0NRT,307.02,4.37,D
-23.26082,-63.25262,340.92,0.4,0.44,2026-02-16,1738,N,VIIRS,n,2.0NRT,308.13,7.46,D
-23.33765,-63.17211,345.5,0.39,0.44,2026-02-16,1738,N,VIIRS,n,2.0NRT,306.75,6,D
-23.26007,-63.25405,336.58,0.4,0.44,2026-02-16,1738,N,VIIRS,l,2.0NRT,307.68,8.32,D
-23.26416,-63.25348,333.79,0.4,0.44,2026-02-16,1738,N,VIIRS,l,2.0NRT,304.09,2.28,D
-39.4865,-65.53662,367,0.39,0.59,2026-02-16,1914,N,VIIRS,h,2.0NRT,304.1,4.49,D
-39.49307,-65.53873,352.75,0.39,0.59,2026-02-16,1914,N,VIIRS,n,2.0NRT,304.01,48.04,D
-39.49183,-65.53421,367,0.39,0.59,2026-02-16,1914,N,VIIRS,h,2.0NRT,343.11,48.04,D
-39.49058,-65.52968,367,0.39,0.59,2026-02-16,1914,N,VIIRS,h,2.0NRT,301.73,102.4,D
-39.49715,-65.53177,332.16,0.39,0.59,2026-02-16,1914,N,VIIRS,n,2.0NRT,304.59,48.04,D
-39.4955,-65.53104,367,0.39,0.59,2026-02-16,1914,N,VIIRS,h,2.0NRT,306.48,6.95,D
-38.41824,-70.92297,341.23,0.45,0.47,2026-02-16,1914,N,VIIRS,n,2.0NRT,302.07,55.33,D
-38.41337,-70.91898,367,0.45,0.47,2026-02-16,1914,N,VIIRS,h,2.0NRT,298.38,73.61,D
-38.41855,-70.9216,349.7,0.45,0.47,2026-02-16,1914,N,VIIRS,n,2.0NRT,307.8,20.16,D
-38.4167,-70.91347,343.9,0.45,0.47,2026-02-16,1914,N,VIIRS,n,2.0NRT,313.53,73.61,D
-38.41765,-70.91763,367,0.45,0.47,2026-02-16,1914,N,VIIRS,h,2.0NRT,357.02,73.61,D
-38.74321,-68.83541,347.31,0.56,0.52,2026-02-16,1914,N,VIIRS,n,2.0NRT,314.05,7.96,D
-38.41644,-70.9149,367,0.45,0.47,2026-02-16,1914,N,VIIRS,l,2.0NRT,336.7,131.42,D
-38.41733,-70.9189,367,0.45,0.47,2026-02-16,1914,N,VIIRS,h,2.0NRT,339.93,55.33,D
-32.90368,-68.32716,334.56,0.41,0.61,2026-02-16,1917,N,VIIRS,n,2.0NRT,297.83,6.15,D
-32.12016,-68.59846,338.38,0.42,0.61,2026-02-16,1917,N,VIIRS,n,2.0NRT,305.3,4.19,D
-32.90212,-68.32974,351.15,0.41,0.61,2026-02-16,1917,N,VIIRS,n,2.0NRT,300.96,9.58,D
