latitude,longitude,brightness,scan,track,acq_date,acq_time,satellite,instrument,confidence,version,bright_t31,frp,daynight
-22.31024,-63.74002,316.33,0.4,0.44,2026-02-16,0508,N,VIIRS,n,2.0NRT,289.05,1.36,N
-27.03477,-60.28352,295.96,0.39,0.36,2026-02-16,0510,N,VIIRS,n,2.0NRT,282.73,0.93,N
-27.43573,-60.84089,308.87,0.4,0.37,2026-02-16,0510,N,VIIRS,n,2.0NRT,293.66,3.2,N
-25.20048,-57.93847,315.7,0.39,0.36,2026-02-16,0510,N,VIIRS,n,2.0NRT,291.75,1.86,N
-27.43641,-60.83686,305.8,0.4,0.37,2026-02-16,0510,N,VIIRS,n,2.0NRT,293.39,3.45,N
-34.85851,-57.89611,327.12,0.45,0.39,2026-02-16,0512,N,VIIRS,n,2.0NRT,291.37,2.07,N
-33.25807,-60.28079,328.34,0.39,0.36,2026-02-16,0512,N,VIIRS,n,2.0NRT,291.17,2.55,N
-33.36258,-60.14603,319.63,0.39,0.36,2026-02-16,0512,N,VIIRS,n,2.0NRT,292.41,2.29,N
-33.25744,-60.28497,332.56,0.39,0.36,2026-02-16,0512,N,VIIRS,n,2.0NRT,291.68,2.55,N
-33.36739,-60.16006,340,0.39,0.36,2026-02-16,0512,N,VIIRS,n,2.0NRT,292.65,3.87,N
-33.37074,-60.16078,316.01,0.39,0.36,2026-02-16,0512,N,VIIRS,n,2.0NRT,291.5,1.19,N
-33.37137,-60.15658,305.27,0.39,0.36,2026-02-16,0512,N,VIIRS,n,2.0NRT,291.08,1.19,N
-33.37663,-60.14471,321.1,0.39,0.36,2026-02-16,0512,N,VIIRS,n,2.0NRT,292.72,6.15,N
-33.37599,-60.14891,318.33,0.39,0.36,2026-02-16,0512,N,VIIRS,n,2.0NRT,290.03,6.02,N
-32.73768,-68.8469,304.83,0.49,0.49,2026-02-16,0512,N,VIIRS,n,2.0NRT,291.44,1.51,N
-34.85915,-57.89112,306.22,0.45,0.39,2026-02-16,0512,N,VIIRS,n,2.0NRT,290.69,2.07,N
-33.06254,-68.97574,301.9,0.49,0.49,2026-02-16,0512,N,VIIRS,n,2.0NRT,290.94,1.6,N
-36.98118,-60.24402,308.51,0.4,0.37,2026-02-16,0512,N,VIIRS,n,2.0NRT,291.33,0.68,N
-36.98459,-60.24477,306.11,0.4,0.37,2026-02-16,0512,N,VIIRS,n,2.0NRT,289.46,0.79,N
-37.03959,-60.29666,309.92,0.4,0.37,2026-02-16,0512,N,VIIRS,n,2.0NRT,290.83,1.81,N
-38.74601,-68.83974,309.2,0.56,0.43,2026-02-16,0514,N,VIIRS,n,2.0NRT,286.4,1.64,N
-38.52937,-69.09456,321.39,0.39,0.44,2026-02-16,0514,N,VIIRS,n,2.0NRT,289.02,1.5,N
-38.98246,-67.98953,295.28,0.51,0.41,2026-02-16,0514,N,VIIRS,n,2.0NRT,284.31,0.53,N
-38.49718,-68.32593,308.41,0.54,0.42,2026-02-16,0514,N,VIIRS,n,2.0NRT,288.32,1.32,N
-38.28531,-68.74977,311.14,0.57,0.43,2026-02-16,0514,N,VIIRS,n,2.0NRT,289.39,1.33,N
-37.41013,-69.17119,319.48,0.41,0.45,2026-02-16,0514,N,VIIRS,n,2.0NRT,290.53,1.16,N
-38.27514,-68.69872,312.71,0.56,0.43,2026-02-16,0514,N,VIIRS,n,2.0NRT,289.85,1.82,N
-37.71281,-69.13955,318.33,0.4,0.44,2026-02-16,0514,N,VIIRS,n,2.0NRT,289.55,2.09,N
-37.42751,-69.17194,340.37,0.41,0.45,2026-02-16,0514,N,VIIRS,n,2.0NRT,290.79,3.85,N
-37.52829,-69.09431,305.45,0.4,0.45,2026-02-16,0514,N,VIIRS,n,2.0NRT,289.24,0.97,N
-37.52927,-69.08981,309.25,0.4,0.45,2026-02-16,0514,N,VIIRS,n,2.0NRT,289.4,0.97,N
-37.71383,-69.13494,323.71,0.4,0.44,2026-02-16,0514,N,VIIRS,n,2.0NRT,289.65,1.77,N
-38.01344,-68.59414,302.07,0.56,0.43,2026-02-16,0514,N,VIIRS,n,2.0NRT,291.22,0.54,N
-37.08583,-69.478,323.67,0.43,0.46,2026-02-16,0514,N,VIIRS,n,2.0NRT,290.22,1.74,N
-38.53334,-69.09599,319.61,0.39,0.44,2026-02-16,0514,N,VIIRS,n,2.0NRT,287.39,1.48,N
-38.69864,-68.70096,326.74,0.55,0.43,2026-02-16,0514,N,VIIRS,n,2.0NRT,288.72,2,N
-38.74486,-68.83806,329.65,0.56,0.43,2026-02-16,0514,N,VIIRS,n,2.0NRT,289.26,3.56,N
-38.74209,-68.83841,313.83,0.56,0.43,2026-02-16,0514,N,VIIRS,n,2.0NRT,287.39,1.64,N
-38.69712,-68.70525,349.81,0.57,0.69,2026-02-16,1732,N,VIIRS,n,2.0NRT,314.86,5.17,D
-38.49942,-60.97631,353.05,0.44,0.46,2026-02-16,1732,N,VIIRS,n,2.0NRT,304.32,5.48,D
-38.74372,-68.83786,348.67,0.58,0.7,2026-02-16,1732,N,VIIRS,n,2.0NRT,314.98,3.16,D
-38.70107,-68.70408,349.61,0.57,0.69,2026-02-16,1732,N,VIIRS,n,2.0NRT,314.93,3.64,D
-39.49051,-65.53436,367,0.4,0.6,2026-02-16,1732,N,VIIRS,h,2.0NRT,310.3,44.96,D
-39.48488,-65.5348,367,0.4,0.6,2026-02-16,1732,N,VIIRS,h,2.0NRT,301.92,18.55,D
-39.4601,-65.73072,338.7,0.4,0.6,2026-02-16,1732,N,VIIRS,n,2.0NRT,308.07,6.43,D
-33.33543,-66.32202,343.69,0.39,0.59,2026-02-16,1734,N,VIIRS,n,2.0NRT,303.25,3.36,D
-34.67019,-59.47815,332.02,0.51,0.41,2026-02-16,1734,N,VIIRS,n,2.0NRT,304.43,3.08,D
-37.71301,-69.13956,345.8,0.6,0.71,2026-02-16,1734,N,VIIRS,n,2.0NRT,315.44,5.1,D
-25.6806,-58.57581,348.16,0.4,0.37,2026-02-16,1736,N,VIIRS,n,2.0NRT,303.73,7.13,D
-25.66645,-58.5008,337.34,0.4,0.37,2026-02-16,1736,N,VIIRS,n,2.0NRT,303.23,4.08,D
-25.66702,-58.50477,333.64,0.4,0.37,2026-02-16,1736,N,VIIRS,n,2.0NRT,301.49,3.07,D
-25.66307,-58.50139,335.93,0.4,0.37,2026-02-16,1736,N,VIIRS,n,2.0NRT,301.98,4.33,D
-25.67269,-58.56902,337.42,0.4,0.37,2026-02-16,1736,N,VIIRS,n,2.0NRT,302.54,4.42,D
-25.48728,-58.03251,349.46,0.39,0.36,2026-02-16,1736,N,VIIRS,n,2.0NRT,307.44,5.54,D
-25.48393,-58.0331,343.95,0.39,0.36,2026-02-16,1736,N,VIIRS,n,2.0NRT,308.22,5.54,D
-25.6515,-59.21527,334.25,0.41,0.37,2026-02-16,1736,N,VIIRS,l,2.0NRT,308.38,5.67,D
-25.65207,-59.21941,336.39,0.41,0.37,2026-02-16,1736,N,VIIRS,n,2.0NRT,309.91,7.3,D
-25.39363,-57.6408,334.79,0.39,0.36,2026-02-16,1736,N,VIIRS,n,2.0NRT,301.67,3.55,D
-25.57994,-59.14252,337.63,0.41,0.37,2026-02-16,1736,N,VIIRS,n,2.0NRT,303.27,6.17,D
-25.32646,-58.03246,341.02,0.39,0.36,2026-02-16,1736,N,VIIRS,n,2.0NRT,306.36,4.54,D
-25.2982,-57.93424,339.12,0.39,0.36,2026-02-16,1736,N,VIIRS,n,2.0NRT,303.03,2.97,D
-25.29543,-57.93869,333.79,0.39,0.36,2026-02-16,1736,N,VIIRS,l,2.0NRT,304.94,2.97,D
-25.27589,-58.15698,333.48,0.39,0.36,2026-02-16,1736,N,VIIRS,l,2.0NRT,304.32,2.97,D
-25.10522,-58.23072,334.75,0.39,0.36,2026-02-16,1736,N,VIIRS,l,2.0NRT,308.69,2.65,D
-25.10186,-58.23132,333.6,0.39,0.36,2026-02-16,1736,N,VIIRS,l,2.0NRT,303.77,2.65,D
-25.1002,-58.24357,336.32,0.39,0.36,2026-02-16,1736,N,VIIRS,l,2.0NRT,310.99,3.41,D
-24.82412,-58.79286,332.12,0.4,0.37,2026-02-16,1736,N,VIIRS,l,2.0NRT,306.98,3.04,D
-24.8213,-58.79741,335.33,0.4,0.37,2026-02-16,1736,N,VIIRS,l,2.0NRT,306.66,3.04,D
-24.61049,-61.26266,341.03,0.48,0.4,2026-02-16,1736,N,VIIRS,n,2.0NRT,302.42,5.03,D
-25.80882,-59.08844,332.63,0.41,0.37,2026-02-16,1736,N,VIIRS,l,2.0NRT,307.45,6.8,D
-28.57283,-56.66516,337.51,0.38,0.36,2026-02-16,1736,N,VIIRS,n,2.0NRT,298.45,3.13,D
-28.46663,-59.19005,348.02,0.43,0.38,2026-02-16,1736,N,VIIRS,n,2.0NRT,299.18,10.18,D
-27.70902,-57.13864,335.3,0.39,0.36,2026-02-16,1736,N,VIIRS,n,2.0NRT,297.79,3.31,D
-27.70961,-57.14257,339.76,0.39,0.36,2026-02-16,1736,N,VIIRS,n,2.0NRT,298.92,3.31,D
-27.70293,-57.14383,331.79,0.39,0.36,2026-02-16,1736,N,VIIRS,n,2.0NRT,297.73,1.66,D
-27.70017,-57.14838,336.97,0.39,0.36,2026-02-16,1736,N,VIIRS,n,2.0NRT,299.01,2.34,D
-27.58852,-57.07964,335.08,0.39,0.36,2026-02-16,1736,N,VIIRS,n,2.0NRT,299.84,27.63,D
-27.58577,-57.08419,346.15,0.39,0.36,2026-02-16,1736,N,VIIRS,n,2.0NRT,304.96,27.63,D
-27.58478,-57.10051,340.63,0.39,0.36,2026-02-16,1736,N,VIIRS,n,2.0NRT,298.01,13.18,D
-27.50861,-57.92854,339.36,0.39,0.37,2026-02-16,1736,N,VIIRS,n,2.0NRT,301.21,4.85,D
-28.42502,-66.43713,347.8,0.35,0.57,2026-02-16,1736,N,VIIRS,n,2.0NRT,305.47,4.08,D
-27.40866,-58.47488,349.04,0.4,0.37,2026-02-16,1736,N,VIIRS,n,2.0NRT,305.22,17.65,D
-27.40524,-58.47548,367,0.4,0.37,2026-02-16,1736,N,VIIRS,h,2.0NRT,304.7,10.62,D
-27.34626,-58.82941,333.81,0.41,0.37,2026-02-16,1736,N,VIIRS,n,2.0NRT,298.92,3.39,D
-27.34281,-58.83,339.85,0.41,0.37,2026-02-16,1736,N,VIIRS,n,2.0NRT,299,3.39,D
-27.02487,-58.61442,331.04,0.41,0.37,2026-02-16,1736,N,VIIRS,n,2.0NRT,298.79,2.61,D
-26.88681,-61.02587,334.61,0.5,0.41,2026-02-16,1736,N,VIIRS,l,2.0NRT,305.84,7.55,D
-26.64434,-60.33125,335.5,0.46,0.39,2026-02-16,1736,N,VIIRS,n,2.0NRT,300.54,1.82,D
-26.46351,-60.31077,335.57,0.46,0.39,2026-02-16,1736,N,VIIRS,n,2.0NRT,301.66,4.01,D
-26.45988,-60.31135,346.44,0.46,0.39,2026-02-16,1736,N,VIIRS,n,2.0NRT,303.78,16.92,D
-26.40721,-60.01695,348.88,0.45,0.39,2026-02-16,1736,N,VIIRS,n,2.0NRT,299.92,7.82,D
-26.04446,-57.96279,336.55,0.39,0.36,2026-02-16,1736,N,VIIRS,n,2.0NRT,303.44,10.14,D
-26.03203,-57.92487,340.11,0.39,0.36,2026-02-16,1736,N,VIIRS,n,2.0NRT,304.23,6.48,D
-26.02925,-57.92939,336.1,0.39,0.36,2026-02-16,1736,N,VIIRS,n,2.0NRT,303.24,6.48,D
-25.89561,-57.873,333.85,0.39,0.36,2026-02-16,1736,N,VIIRS,n,2.0NRT,300.02,3.75,D
-25.79368,-57.84278,336.36,0.39,0.36,2026-02-16,1736,N,VIIRS,n,2.0NRT,296.65,6.16,D
-25.78086,-57.84908,342.48,0.39,0.36,2026-02-16,1736,N,VIIRS,n,2.0NRT,303.28,28.27,D
-25.94318,-59.18032,330.52,0.41,0.37,2026-02-16,1736,N,VIIRS,l,2.0NRT,305.15,6.31,D
-25.74332,-57.81572,333.49,0.39,0.36,2026-02-16,1736,N,VIIRS,n,2.0NRT,302.59,4.45,D
-25.88511,-58.96661,334.65,0.41,0.37,2026-02-16,1736,N,VIIRS,n,2.0NRT,301.06,3.37,D
-25.88568,-58.9707,330.1,0.41,0.37,2026-02-16,1736,N,VIIRS,l,2.0NRT,302.07,8.93,D
-25.88168,-58.96719,335,0.41,0.37,2026-02-16,1736,N,VIIRS,n,2.0NRT,301.82,3.37,D
-25.81053,-59.07553,334.01,0.41,0.37,2026-02-16,1736,N,VIIRS,l,2.0NRT,308.92,9.78,D
-25.81168,-59.08375,336.12,0.41,0.37,2026-02-16,1736,N,VIIRS,l,2.0NRT,310.89,10.09,D
-25.66254,-58.16198,338.13,0.39,0.36,2026-02-16,1736,N,VIIRS,l,2.0NRT,313.07,10.07,D
-25.68734,-58.50123,333.85,0.4,0.37,2026-02-16,1736,N,VIIRS,n,2.0NRT,301.74,26.38,D
-25.68791,-58.50521,345.11,0.4,0.37,2026-02-16,1736,N,VIIRS,n,2.0NRT,311.12,26.38,D
-25.54922,-57.58123,339.97,0.39,0.36,2026-02-16,1736,N,VIIRS,n,2.0NRT,304.12,8.59,D
-25.68395,-58.50183,344.76,0.4,0.37,2026-02-16,1736,N,VIIRS,n,2.0NRT,307.52,20.02,D
-25.68452,-58.5058,342.33,0.4,0.37,2026-02-16,1736,N,VIIRS,n,2.0NRT,309.14,20.02,D
-25.54588,-57.58185,346.32,0.39,0.36,2026-02-16,1736,N,VIIRS,n,2.0NRT,305.27,8.59,D
-25.68056,-58.50241,341.66,0.4,0.37,2026-02-16,1736,N,VIIRS,n,2.0NRT,304.66,20.02,D
-25.68113,-58.50639,349.74,0.4,0.37,2026-02-16,1736,N,VIIRS,n,2.0NRT,306.42,20.02,D
-25.54255,-57.58245,345.99,0.39,0.36,2026-02-16,1736,N,VIIRS,n,2.0NRT,303.07,13.18,D
-25.54773,-57.61711,349.33,0.39,0.36,2026-02-16,1736,N,VIIRS,n,2.0NRT,308.13,15.94,D
-25.67436,-58.50756,347.14,0.4,0.37,2026-02-16,1736,N,VIIRS,n,2.0NRT,304.8,8.51,D
-25.67041,-58.50418,340.04,0.4,0.37,2026-02-16,1736,N,VIIRS,n,2.0NRT,304.19,3.07,D
-23.26082,-63.25262,340.92,0.4,0.44,2026-02-16,1738,N,VIIRS,n,2.0NRT,308.13,7.46,D
-23.26416,-63.25348,333.79,0.4,0.44,2026-02-16,1738,N,VIIRS,l,2.0NRT,304.09,2.28,D
-23.33765,-63.17211,345.5,0.39,0.44,2026-02-16,1738,N,VIIRS,n,2.0NRT,306.75,6,D
-23.26007,-63.25405,336.58,0.4,0.44,2026-02-16,1738,N,VIIRS,l,2.0NRT,307.68,8.32,D
-23.19424,-64.21673,331.98,0.45,0.47,2026-02-16,1738,N,VIIRS,l,2.0NRT,303.8,9.59,D
-23.2613,-63.25652,332.99,0.4,0.44,2026-02-16,1738,N,VIIRS,l,2.0NRT,307.02,4.37,D
-38.74321,-68.83541,347.31,0.56,0.52,2026-02-16,1914,N,VIIRS,n,2.0NRT,314.05,7.96,D
-38.41765,-70.91763,367,0.45,0.47,2026-02-16,1914,N,VIIRS,h,2.0NRT,357.02,73.61,D
-38.4167,-70.91347,343.9,0.45,0.47,2026-02-16,1914,N,VIIRS,n,2.0NRT,313.53,73.61,D
-38.41855,-70.9216,349.7,0.45,0.47,2026-02-16,1914,N,VIIRS,n,2.0NRT,307.8,20.16,D
-38.41337,-70.91898,367,0.45,0.47,2026-02-16,1914,N,VIIRS,h,2.0NRT,298.38,73.61,D
-38.41733,-70.9189,367,0.45,0.47,2026-02-16,1914,N,VIIRS,h,2.0NRT,339.93,55.33,D
-38.41824,-70.92297,341.23,0.45,0.47,2026-02-16,1914,N,VIIRS,n,2.0NRT,302.07,55.33,D
-38.41644,-70.9149,367,0.45,0.47,2026-02-16,1914,N,VIIRS,l,2.0NRT,336.7,131.42,D
-39.4955,-65.53104,367,0.39,0.59,2026-02-16,1914,N,VIIRS,h,2.0NRT,306.48,6.95,D
-39.49715,-65.53177,332.16,0.39,0.59,2026-02-16,1914,N,VIIRS,n,2.0NRT,304.59,48.04,D
-39.49058,-65.52968,367,0.39,0.59,2026-02-16,1914,N,VIIRS,h,2.0NRT,301.73,102.4,D
-39.49183,-65.53421,367,0.39,0.59,2026-02-16,1914,N,VIIRS,h,2.0NRT,343.11,48.04,D
-39.49307,-65.53873,352.75,0.39,0.59,2026-02-16,1914,N,VIIRS,n,2.0NRT,304.01,48.04,D
-39.4865,-65.53662,367,0.39,0.59,2026-02-16,1914,N,VIIRS,h,2.0NRT,304.1,4.49,D
-32.12016,-68.59846,338.38,0.42,0.61,2026-02-16,1917,N,VIIRS,n,2.0NRT,305.3,4.19,D
-32.90212,-68.32974,351.15,0.41,0.61,2026-02-16,1917,N,VIIRS,n,2.0NRT,300.96,9.58,D
-32.90368,-68.32716,334.56,0.41,0.61,2026-02-16,1917,N,VIIRS,n,2.0NRT,297.83,6.15,D
-26.13579,-61.03747,336.49,0.45,0.47,2026-02-17,0450,N,VIIRS,n,2.0NRT,296.62,3.64,N
-23.83258,-64.19956,332.86,0.39,0.59,2026-02-17,0450,N,VIIRS,n,2.0NRT,290.2,2.63,N
-23.83801,-64.20099,341.34,0.39,0.59,2026-02-17,0450,N,VIIRS,n,2.0NRT,290.32,3.9,N
-25.12017,-58.23243,312.26,0.5,0.41,2026-02-17,0450,N,VIIRS,n,2.0NRT,296.06,2.34,N
-25.51649,-57.77171,311.2,0.47,0.4,2026-02-17,0450,N,VIIRS,n,2.0NRT,295.75,1.93,N
-25.52013,-57.77252,310.29,0.47,0.4,2026-02-17,0450,N,VIIRS,n,2.0NRT,295.68,1.91,N
-26.2148,-54.09175,311.18,0.38,0.36,2026-02-17,0450,N,VIIRS,n,2.0NRT,291.58,0.75,N
-25.69722,-58.49101,332.85,0.5,0.41,2026-02-17,0450,N,VIIRS,n,2.0NRT,295.99,2.92,N
-25.70098,-58.49187,307.22,0.5,0.41,2026-02-17,0450,N,VIIRS,n,2.0NRT,295.28,2.92,N
-26.13525,-61.04016,329.07,0.45,0.47,2026-02-17,0450,N,VIIRS,n,2.0NRT,296.32,4.16,N
-26.13617,-61.03564,338.33,0.45,0.47,2026-02-17,0450,N,VIIRS,n,2.0NRT,296.36,4.16,N
-26.13954,-61.04128,339.02,0.45,0.47,2026-02-17,0450,N,VIIRS,n,2.0NRT,296.49,4.16,N
-26.14046,-61.03675,338.97,0.45,0.47,2026-02-17,0450,N,VIIRS,n,2.0NRT,296.4,4.16,N
-26.13484,-61.04199,325.86,0.45,0.47,2026-02-17,0450,N,VIIRS,n,2.0NRT,295.81,3.24,N
-26.13674,-61.03297,329.9,0.45,0.47,2026-02-17,0450,N,VIIRS,n,2.0NRT,296.13,3.64,N
-26.13913,-61.04309,325.78,0.45,0.47,2026-02-17,0450,N,VIIRS,n,2.0NRT,295.74,3.24,N
-26.14008,-61.03857,335.3,0.45,0.47,2026-02-17,0450,N,VIIRS,n,2.0NRT,296.19,3.64,N
-26.14103,-61.03407,321.42,0.45,0.47,2026-02-17,0450,N,VIIRS,n,2.0NRT,295.63,3.64,N
-38.22678,-68.5321,299.22,0.63,0.54,2026-02-17,0453,N,VIIRS,n,2.0NRT,285.99,1.12,N
-26.68003,-61.65422,309.69,0.48,0.48,2026-02-17,0453,N,VIIRS,n,2.0NRT,293.95,2.45,N
-26.68443,-61.65537,325.52,0.48,0.48,2026-02-17,0453,N,VIIRS,n,2.0NRT,294.1,2.45,N
-27.05369,-61.3526,346.74,0.45,0.47,2026-02-17,0453,N,VIIRS,n,2.0NRT,294.37,14.46,N
-27.05462,-61.34804,305.76,0.45,0.47,2026-02-17,0453,N,VIIRS,n,2.0NRT,293.59,14.46,N
-27.05798,-61.35373,356.76,0.45,0.47,2026-02-17,0453,N,VIIRS,n,2.0NRT,297.15,14.46,N
-27.05891,-61.34917,344,0.45,0.47,2026-02-17,0453,N,VIIRS,n,2.0NRT,295.03,14.46,N
-27.05401,-61.35487,338.63,0.45,0.47,2026-02-17,0453,N,VIIRS,n,2.0NRT,294.24,10.16,N
-27.05497,-61.35031,348.78,0.45,0.47,2026-02-17,0453,N,VIIRS,n,2.0NRT,295.37,15.75,N
-27.0583,-61.35599,339.49,0.45,0.47,2026-02-17,0453,N,VIIRS,n,2.0NRT,293.88,10.16,N
-27.05927,-61.35144,356.16,0.45,0.47,2026-02-17,0453,N,VIIRS,n,2.0NRT,295.87,15.75,N
-27.06023,-61.3469,324.47,0.45,0.47,2026-02-17,0453,N,VIIRS,n,2.0NRT,293.98,15.75,N
-27.5863,-58.83507,307.93,0.49,0.4,2026-02-17,0453,N,VIIRS,n,2.0NRT,287.61,1.16,N
-27.4367,-60.83846,310.2,0.42,0.45,2026-02-17,0453,N,VIIRS,n,2.0NRT,293.17,1.26,N
-30.4236,-57.85202,312.99,0.42,0.38,2026-02-17,0453,N,VIIRS,n,2.0NRT,290.34,1.28,N
-30.71099,-58.05486,318.25,0.42,0.38,2026-02-17,0453,N,VIIRS,n,2.0NRT,291.06,1.37,N
-30.96618,-59.19134,304.85,0.46,0.39,2026-02-17,0453,N,VIIRS,n,2.0NRT,289.79,1.28,N
-32.39149,-59.0219,309.18,0.43,0.38,2026-02-17,0453,N,VIIRS,n,2.0NRT,290.07,1.08,N
-33.25448,-60.28487,315.81,0.47,0.4,2026-02-17,0453,N,VIIRS,n,2.0NRT,292.41,2.38,N
-33.25544,-60.27982,309.34,0.47,0.4,2026-02-17,0453,N,VIIRS,n,2.0NRT,292.54,1.31,N
-33.25813,-60.28582,315.94,0.47,0.4,2026-02-17,0453,N,VIIRS,n,2.0NRT,291.19,2.38,N
-33.25909,-60.28076,315.38,0.47,0.4,2026-02-17,0453,N,VIIRS,n,2.0NRT,290.46,1.31,N
-33.36743,-60.16363,328.07,0.47,0.39,2026-02-17,0453,N,VIIRS,n,2.0NRT,292.83,3.24,N
-33.36839,-60.15863,313.31,0.46,0.39,2026-02-17,0453,N,VIIRS,n,2.0NRT,291.93,1.88,N
-33.37846,-60.1456,301.8,0.46,0.39,2026-02-17,0453,N,VIIRS,n,2.0NRT,290.94,1.21,N
-38.01407,-68.59855,317.3,0.32,0.55,2026-02-17,0453,N,VIIRS,n,2.0NRT,289.15,1.07,N
-38.22866,-68.52476,296.15,0.63,0.54,2026-02-17,0453,N,VIIRS,n,2.0NRT,280.59,0.37,N
-38.28952,-68.72025,328.88,0.32,0.55,2026-02-17,0453,N,VIIRS,n,2.0NRT,282.75,0.85,N
-38.29049,-68.7165,297.32,0.32,0.55,2026-02-17,0453,N,VIIRS,n,2.0NRT,282.39,0.85,N
-38.2945,-68.72209,306.5,0.32,0.55,2026-02-17,0453,N,VIIRS,n,2.0NRT,280.13,0.85,N
-38.30729,-68.7999,297.92,0.32,0.55,2026-02-17,0453,N,VIIRS,n,2.0NRT,287.35,0.8,N
-38.69847,-68.70313,324.57,0.63,0.54,2026-02-17,0453,N,VIIRS,n,2.0NRT,282.03,2.94,N
-38.69695,-68.7011,325.96,0.63,0.54,2026-02-17,0453,N,VIIRS,n,2.0NRT,282.35,4.25,N
-37.2485,-56.99791,302.74,0.38,0.36,2026-02-17,0453,N,VIIRS,n,2.0NRT,289.77,0.44,N
-36.98186,-60.24542,308.13,0.42,0.38,2026-02-17,0453,N,VIIRS,n,2.0NRT,292.84,1.19,N
-36.99052,-60.27805,303.93,0.43,0.38,2026-02-17,0453,N,VIIRS,n,2.0NRT,292.16,1.04,N
-37.03736,-60.29823,305.48,0.43,0.38,2026-02-17,0453,N,VIIRS,n,2.0NRT,292.52,1.31,N
-37.08171,-69.47796,301.13,0.38,0.59,2026-02-17,0453,N,VIIRS,n,2.0NRT,287.67,0.68,N
-37.08694,-69.48026,302.84,0.38,0.59,2026-02-17,0453,N,VIIRS,n,2.0NRT,286.63,0.63,N
-37.08799,-69.47633,296.71,0.38,0.58,2026-02-17,0453,N,VIIRS,n,2.0NRT,285.86,0.59,N
-37.42603,-69.17189,334.47,0.36,0.57,2026-02-17,0453,N,VIIRS,n,2.0NRT,288.55,2.55,N
-37.425,-69.17584,309.47,0.36,0.57,2026-02-17,0453,N,VIIRS,n,2.0NRT,287.8,2.98,N
-37.52958,-69.09225,320.78,0.35,0.57,2026-02-17,0453,N,VIIRS,n,2.0NRT,287.44,1.07,N
-37.52857,-69.09612,298.99,0.35,0.57,2026-02-17,0453,N,VIIRS,n,2.0NRT,285.77,1.07,N
-37.71141,-69.1408,323.59,0.35,0.57,2026-02-17,0453,N,VIIRS,n,2.0NRT,287.62,1.63,N
-37.71248,-69.13678,334.78,0.35,0.57,2026-02-17,0453,N,VIIRS,n,2.0NRT,288.4,2.26,N
-37.71035,-69.14482,297,0.35,0.57,2026-02-17,0453,N,VIIRS,n,2.0NRT,286.65,1.63,N
-38.00916,-68.59645,309.68,0.32,0.55,2026-02-17,0453,N,VIIRS,n,2.0NRT,288.46,1.07,N
-34.85715,-57.89143,304.1,0.39,0.36,2026-02-17,0455,N,VIIRS,n,2.0NRT,292.99,1.71,N
-34.85643,-57.89572,328.74,0.39,0.36,2026-02-17,0455,N,VIIRS,n,2.0NRT,292.85,1.71,N
-34.75323,-58.316,307.81,0.4,0.37,2026-02-17,0455,N,VIIRS,n,2.0NRT,290.96,0.51,N
-34.85978,-57.89655,300.56,0.39,0.36,2026-02-17,0455,N,VIIRS,n,2.0NRT,290.34,0.73,N
-37.71999,-69.18916,310.91,0.48,0.65,2026-02-17,0633,N,VIIRS,n,2.0NRT,285.32,1.79,N
-37.42801,-69.17505,329.88,0.48,0.65,2026-02-17,0633,N,VIIRS,n,2.0NRT,288.54,3.12,N
-34.93644,-61.79411,330.37,0.41,0.61,2026-02-17,1713,N,VIIRS,n,2.0NRT,291.51,1.87,D
-34.5803,-58.61693,339.82,0.54,0.51,2026-02-17,1713,N,VIIRS,n,2.0NRT,302.71,2.61,D
-33.36735,-60.16012,332.69,0.32,0.55,2026-02-17,1715,N,VIIRS,n,2.0NRT,298.92,4.15,D
-33.99224,-59.04855,333.8,0.57,0.52,2026-02-17,1715,N,VIIRS,n,2.0NRT,295.75,6.17,D
-33.99277,-59.05484,336.15,0.57,0.52,2026-02-17,1715,N,VIIRS,n,2.0NRT,295.75,4.15,D
-33.98791,-59.05539,330.67,0.57,0.52,2026-02-17,1715,N,VIIRS,n,2.0NRT,295.59,4.15,D
-33.67497,-58.93113,336.17,0.55,0.51,2026-02-17,1715,N,VIIRS,n,2.0NRT,296.49,3.1,D
-33.7169,-59.69233,335.53,0.61,0.54,2026-02-17,1715,N,VIIRS,n,2.0NRT,297.16,3.54,D
-33.36167,-60.15358,334.91,0.32,0.55,2026-02-17,1715,N,VIIRS,n,2.0NRT,299.29,4.02,D
-33.36194,-60.15713,330.98,0.32,0.55,2026-02-17,1715,N,VIIRS,n,2.0NRT,298.53,3.04,D
-33.17251,-58.50906,338.29,0.52,0.5,2026-02-17,1715,N,VIIRS,n,2.0NRT,300.6,4.65,D
-32.94971,-58.66809,335.99,0.52,0.5,2026-02-17,1715,N,VIIRS,n,2.0NRT,297.77,3.5,D
-32.94457,-65.69637,335.22,0.66,0.73,2026-02-17,1715,N,VIIRS,n,2.0NRT,293.45,0.9,D
-30.05622,-57.80927,339.47,0.43,0.46,2026-02-17,1715,N,VIIRS,n,2.0NRT,294.7,5.59,D
-29.56981,-57.95431,335.01,0.44,0.46,2026-02-17,1715,N,VIIRS,n,2.0NRT,296.08,2.66,D
-29.42833,-62.97725,367,0.43,0.62,2026-02-17,1715,N,VIIRS,h,2.0NRT,296.35,20.2,D
-29.42802,-62.97264,353.78,0.43,0.62,2026-02-17,1715,N,VIIRS,n,2.0NRT,294.32,20.2,D
-29.42864,-62.98187,350.81,0.43,0.62,2026-02-17,1715,N,VIIRS,n,2.0NRT,296.26,35.67,D
-29.4225,-62.97775,355.18,0.43,0.62,2026-02-17,1715,N,VIIRS,n,2.0NRT,293.82,20.2,D
-29.27704,-61.5685,367,0.35,0.57,2026-02-17,1715,N,VIIRS,h,2.0NRT,297.16,9.88,D
-29.27225,-61.57656,367,0.36,0.57,2026-02-17,1715,N,VIIRS,h,2.0NRT,298.4,20.65,D
-29.27169,-61.56904,341.07,0.35,0.57,2026-02-17,1715,N,VIIRS,n,2.0NRT,296.12,3.81,D
-29.27253,-61.58033,337.77,0.36,0.57,2026-02-17,1715,N,VIIRS,n,2.0NRT,295.66,7.35,D
-29.27419,-61.56976,367,0.35,0.57,2026-02-17,1715,N,VIIRS,h,2.0NRT,297.28,13,D
-29.27481,-61.57726,367,0.35,0.57,2026-02-17,1715,N,VIIRS,h,2.0NRT,298.1,24.27,D
-29.27511,-61.58101,353.54,0.36,0.57,2026-02-17,1715,N,VIIRS,n,2.0NRT,296.07,10.21,D
-29.19954,-61.05261,367,0.33,0.55,2026-02-17,1715,N,VIIRS,h,2.0NRT,296.52,10.28,D
-29.19896,-61.04565,352.11,0.33,0.55,2026-02-17,1715,N,VIIRS,n,2.0NRT,295.55,7.98,D
-29.19925,-61.04913,334.17,0.33,0.55,2026-02-17,1715,N,VIIRS,n,2.0NRT,295.19,10.28,D
-28.7585,-56.81997,331.84,0.56,0.43,2026-02-17,1715,N,VIIRS,n,2.0NRT,293.38,0.45,D
-28.30203,-60.40076,333.98,0.59,0.53,2026-02-17,1715,N,VIIRS,n,2.0NRT,298.79,4.39,D
-28.31718,-61.54787,367,0.35,0.56,2026-02-17,1715,N,VIIRS,h,2.0NRT,300.18,7.05,D
-28.31903,-61.54796,367,0.35,0.56,2026-02-17,1715,N,VIIRS,h,2.0NRT,300.57,6.14,D
-27.58715,-58.83381,341.14,0.47,0.47,2026-02-17,1715,N,VIIRS,n,2.0NRT,301.79,11,D
-27.58272,-58.83437,344.47,0.47,0.47,2026-02-17,1715,N,VIIRS,n,2.0NRT,305.12,11,D
-27.57435,-58.84031,334.73,0.47,0.47,2026-02-17,1715,N,VIIRS,n,2.0NRT,301.18,6.22,D
-27.5389,-58.84488,342.87,0.47,0.47,2026-02-17,1715,N,VIIRS,n,2.0NRT,305.12,7.47,D
-27.53959,-58.84217,334.77,0.47,0.47,2026-02-17,1715,N,VIIRS,n,2.0NRT,302.14,2.98,D
-27.52273,-58.98171,330.21,0.47,0.48,2026-02-17,1715,N,VIIRS,l,2.0NRT,300.28,3.62,D
-27.51826,-58.98227,341.9,0.47,0.48,2026-02-17,1715,N,VIIRS,n,2.0NRT,301.74,3.62,D
-26.84921,-54.39031,346.15,0.42,0.38,2026-02-17,1715,N,VIIRS,n,2.0NRT,306.41,12.24,D
-26.84979,-54.39458,333.45,0.42,0.38,2026-02-17,1715,N,VIIRS,n,2.0NRT,305.84,6.89,D
-27.37201,-59.07764,334.52,0.48,0.48,2026-02-17,1715,N,VIIRS,n,2.0NRT,302.13,4.21,D
-27.2207,-58.76456,330.71,0.46,0.47,2026-02-17,1715,N,VIIRS,n,2.0NRT,297.37,2.97,D
-27.21993,-59.27163,334.76,0.49,0.49,2026-02-17,1715,N,VIIRS,n,2.0NRT,304.55,4,D
-27.12896,-58.8241,330.32,0.46,0.47,2026-02-17,1715,N,VIIRS,n,2.0NRT,298.85,5.87,D
-27.33673,-61.02761,334.82,0.63,0.54,2026-02-17,1715,N,VIIRS,l,2.0NRT,305.41,8.48,D
-27.33816,-61.02805,333.46,0.63,0.54,2026-02-17,1715,N,VIIRS,l,2.0NRT,306.34,4.25,D
-26.44962,-54.59689,343.4,0.42,0.38,2026-02-17,1715,N,VIIRS,n,2.0NRT,303.88,5.01,D
-26.39182,-54.40753,347.82,0.42,0.37,2026-02-17,1715,N,VIIRS,n,2.0NRT,303.12,17.54,D
-26.38836,-54.40812,344.42,0.42,0.37,2026-02-17,1715,N,VIIRS,n,2.0NRT,301.34,17.54,D
-27.05802,-61.35357,367,0.33,0.55,2026-02-17,1717,N,VIIRS,h,2.0NRT,308.9,6.65,D
-27.05773,-61.35019,333.21,0.33,0.55,2026-02-17,1717,N,VIIRS,n,2.0NRT,304.12,7.75,D
-27.05831,-61.35693,332.89,0.33,0.55,2026-02-17,1717,N,VIIRS,n,2.0NRT,302.68,6.65,D
-26.78666,-59.19446,333.43,0.48,0.48,2026-02-17,1717,N,VIIRS,n,2.0NRT,302.88,4.78,D
-26.10466,-54.23609,341.81,0.41,0.37,2026-02-17,1717,N,VIIRS,n,2.0NRT,301.78,4.58,D
-26.70887,-61.47441,367,0.33,0.55,2026-02-17,1717,N,VIIRS,h,2.0NRT,309.11,7.02,D
-26.70917,-61.47779,345.67,0.33,0.55,2026-02-17,1717,N,VIIRS,n,2.0NRT,305.56,7.02,D
-26.704,-61.47832,367,0.33,0.55,2026-02-17,1717,N,VIIRS,h,2.0NRT,308.9,12.45,D
-26.7043,-61.48169,367,0.33,0.55,2026-02-17,1717,N,VIIRS,h,2.0NRT,309.83,19.35,D
-26.7037,-61.47495,334.22,0.33,0.55,2026-02-17,1717,N,VIIRS,n,2.0NRT,305.19,12.45,D
-26.7046,-61.48507,339.32,0.33,0.55,2026-02-17,1717,N,VIIRS,n,2.0NRT,304.14,19.35,D
-26.69913,-61.48223,356,0.33,0.55,2026-02-17,1717,N,VIIRS,n,2.0NRT,304.58,19.35,D
-26.69943,-61.4856,354.33,0.33,0.55,2026-02-17,1717,N,VIIRS,n,2.0NRT,310.53,19.35,D
-26.69973,-61.48898,355.95,0.33,0.55,2026-02-17,1717,N,VIIRS,n,2.0NRT,310.56,21.11,D
-26.60031,-60.57404,337.1,0.58,0.52,2026-02-17,1717,N,VIIRS,n,2.0NRT,305.37,3.89,D
-26.46446,-60.30981,338.16,0.55,0.51,2026-02-17,1717,N,VIIRS,n,2.0NRT,307.14,5.41,D
-26.52068,-60.95879,348.46,0.61,0.53,2026-02-17,1717,N,VIIRS,n,2.0NRT,308.16,7.79,D
-26.51568,-60.95934,343.36,0.61,0.53,2026-02-17,1717,N,VIIRS,n,2.0NRT,308.51,7.79,D
-26.21526,-59.07694,342.97,0.46,0.47,2026-02-17,1717,N,VIIRS,n,2.0NRT,305.15,2.69,D
-26.23672,-59.37226,330.61,0.48,0.48,2026-02-17,1717,N,VIIRS,l,2.0NRT,304.16,2.96,D
-26.07795,-58.00376,335.97,0.4,0.44,2026-02-17,1717,N,VIIRS,n,2.0NRT,275.8,3.07,D
-26.07841,-58.00784,339.67,0.4,0.44,2026-02-17,1717,N,VIIRS,n,2.0NRT,282.04,3.07,D
-26.07427,-58.0084,334.99,0.4,0.44,2026-02-17,1717,N,VIIRS,n,2.0NRT,277.1,3.07,D
-26.06736,-58.02177,352.32,0.4,0.44,2026-02-17,1717,N,VIIRS,n,2.0NRT,278.97,8.25,D
-26.06781,-58.02583,349.65,0.4,0.44,2026-02-17,1717,N,VIIRS,n,2.0NRT,272.26,8.25,D
-26.06587,-58.02157,349.5,0.4,0.44,2026-02-17,1717,N,VIIRS,n,2.0NRT,280.31,14.68,D
-26.06681,-58.0297,343.62,0.4,0.44,2026-02-17,1717,N,VIIRS,n,2.0NRT,272.2,9.3,D
-26.2679,-54.1347,332.93,0.41,0.37,2026-02-17,1717,N,VIIRS,n,2.0NRT,300.49,0.2,D
-26.06634,-58.02563,356.96,0.4,0.44,2026-02-17,1717,N,VIIRS,l,2.0NRT,276.06,14.68,D
-26.06174,-58.02214,335.71,0.4,0.44,2026-02-17,1717,N,VIIRS,n,2.0NRT,274.52,14.68,D
-26.06268,-58.03027,345.66,0.4,0.44,2026-02-17,1717,N,VIIRS,n,2.0NRT,271.01,9.3,D
-26.06221,-58.0262,356.34,0.4,0.44,2026-02-17,1717,N,VIIRS,l,2.0NRT,271.79,14.68,D
-26.1507,-59.66029,333.71,0.5,0.49,2026-02-17,1717,N,VIIRS,l,2.0NRT,306.28,3.44,D
-26.15107,-59.66277,331.94,0.5,0.49,2026-02-17,1717,N,VIIRS,l,2.0NRT,305.71,5.87,D
-26.02636,-58.84476,341.72,0.45,0.47,2026-02-17,1717,N,VIIRS,n,2.0NRT,306.31,3.29,D
-26.02201,-58.84533,336.12,0.45,0.47,2026-02-17,1717,N,VIIRS,n,2.0NRT,305.75,3.29,D
-26.00729,-58.75125,345.74,0.44,0.46,2026-02-17,1717,N,VIIRS,n,2.0NRT,305.28,10.17,D
-26.00778,-58.75572,333.09,0.44,0.46,2026-02-17,1717,N,VIIRS,n,2.0NRT,304.41,4.14,D
-26.00297,-58.75181,333.04,0.44,0.46,2026-02-17,1717,N,VIIRS,l,2.0NRT,305.09,10.17,D
-26.00347,-58.75629,342.26,0.44,0.46,2026-02-17,1717,N,VIIRS,n,2.0NRT,306.4,4.14,D
-25.99483,-58.75744,339.96,0.44,0.46,2026-02-17,1717,N,VIIRS,n,2.0NRT,306.04,4.06,D
-25.90808,-58.24309,334.13,0.41,0.45,2026-02-17,1717,N,VIIRS,n,2.0NRT,273.89,3.45,D
-25.97376,-58.93032,367,0.45,0.47,2026-02-17,1717,N,VIIRS,h,2.0NRT,307.68,8.45,D
-25.96939,-58.9309,341.87,0.45,0.47,2026-02-17,1717,N,VIIRS,n,2.0NRT,305.2,8.45,D
-25.97266,-59.20229,343.58,0.47,0.48,2026-02-17,1717,N,VIIRS,n,2.0NRT,305.57,7.13,D
-25.98503,-59.40123,332.23,0.48,0.48,2026-02-17,1717,N,VIIRS,l,2.0NRT,305.63,4.69,D
-26.14039,-61.03712,342.48,0.61,0.53,2026-02-17,1717,N,VIIRS,n,2.0NRT,310.07,8.63,D
-26.1354,-61.03767,338.32,0.61,0.53,2026-02-17,1717,N,VIIRS,n,2.0NRT,308.15,10.5,D
-25.88925,-58.96661,346.57,0.45,0.47,2026-02-17,1717,N,VIIRS,n,2.0NRT,309.07,11.05,D
-25.88974,-58.97122,338.98,0.45,0.47,2026-02-17,1717,N,VIIRS,n,2.0NRT,304.08,5.14,D
-25.75253,-58.45404,340.57,0.42,0.45,2026-02-17,1717,N,VIIRS,n,2.0NRT,285.59,62.02,D
-25.75301,-58.4583,346.59,0.42,0.45,2026-02-17,1717,N,VIIRS,n,2.0NRT,278.96,8.49,D
-25.74831,-58.4546,354.4,0.42,0.45,2026-02-17,1717,N,VIIRS,n,2.0NRT,282.25,62.02,D
-25.74879,-58.45886,356.37,0.42,0.45,2026-02-17,1717,N,VIIRS,n,2.0NRT,281.77,8.49,D
-25.74926,-58.46313,339.99,0.42,0.45,2026-02-17,1717,N,VIIRS,n,2.0NRT,279.42,8.49,D
-25.74409,-58.45518,352.66,0.42,0.45,2026-02-17,1717,N,VIIRS,n,2.0NRT,281.46,12.16,D
-25.74456,-58.45943,337.87,0.42,0.45,2026-02-17,1717,N,VIIRS,n,2.0NRT,280.93,11.75,D
-25.74504,-58.46369,343.95,0.42,0.45,2026-02-17,1717,N,VIIRS,n,2.0NRT,280.21,11.75,D
-25.73986,-58.45574,358.1,0.42,0.45,2026-02-17,1717,N,VIIRS,l,2.0NRT,278.07,12.16,D
-25.70614,-58.23043,330.1,0.41,0.45,2026-02-17,1717,N,VIIRS,n,2.0NRT,298.87,1.8,D
-25.72343,-58.46229,348.42,0.42,0.45,2026-02-17,1717,N,VIIRS,n,2.0NRT,283.3,7.27,D
-25.72531,-58.47935,347.19,0.42,0.45,2026-02-17,1717,N,VIIRS,n,2.0NRT,283.1,5.63,D
-25.71921,-58.46286,344.36,0.42,0.45,2026-02-17,1717,N,VIIRS,n,2.0NRT,286.08,7.02,D
-25.71968,-58.46712,338.14,0.42,0.45,2026-02-17,1717,N,VIIRS,n,2.0NRT,290.07,7.02,D
-25.72108,-58.47992,339.16,0.42,0.45,2026-02-17,1717,N,VIIRS,n,2.0NRT,286.4,7.34,D
-25.71498,-58.46343,339.25,0.42,0.45,2026-02-17,1717,N,VIIRS,n,2.0NRT,284.41,7.02,D
-25.71545,-58.4677,347.53,0.42,0.45,2026-02-17,1717,N,VIIRS,n,2.0NRT,288.78,7.02,D
-25.71826,-58.49333,345.34,0.42,0.45,2026-02-17,1717,N,VIIRS,n,2.0NRT,287.85,12.41,D
-25.71122,-58.46827,357,0.42,0.45,2026-02-17,1717,N,VIIRS,n,2.0NRT,284.94,18.59,D
-25.71403,-58.49389,347.59,0.42,0.45,2026-02-17,1717,N,VIIRS,n,2.0NRT,290.52,12.98,D
-25.70746,-58.47311,344.53,0.42,0.45,2026-02-17,1717,N,VIIRS,n,2.0NRT,284.41,9.84,D
-25.70324,-58.47368,357.4,0.42,0.45,2026-02-17,1717,N,VIIRS,n,2.0NRT,287.82,12.28,D
-25.7037,-58.47795,333.08,0.42,0.45,2026-02-17,1717,N,VIIRS,n,2.0NRT,290.4,12.28,D
-25.69993,-58.48278,346.4,0.42,0.45,2026-02-17,1717,N,VIIRS,n,2.0NRT,294,11.38,D
-25.66051,-58.16166,337.56,0.4,0.45,2026-02-17,1717,N,VIIRS,l,2.0NRT,310.77,5.02,D
-25.6957,-58.48335,349.14,0.42,0.45,2026-02-17,1717,N,VIIRS,n,2.0NRT,292.37,6.5,D
-25.69617,-58.48763,347.63,0.42,0.45,2026-02-17,1717,N,VIIRS,n,2.0NRT,295.7,6.5,D
-25.65636,-58.16222,331.56,0.4,0.45,2026-02-17,1717,N,VIIRS,l,2.0NRT,305.57,5.02,D
-25.69194,-58.4882,340.43,0.42,0.45,2026-02-17,1717,N,VIIRS,n,2.0NRT,294.86,6.5,D
-25.6924,-58.49248,333.86,0.42,0.45,2026-02-17,1717,N,VIIRS,n,2.0NRT,294.18,7.54,D
-25.70241,-58.49473,339.24,0.42,0.45,2026-02-17,1717,N,VIIRS,n,2.0NRT,293.27,8.41,D
-25.6972,-58.48676,344.38,0.42,0.45,2026-02-17,1717,N,VIIRS,n,2.0NRT,295.5,19.4,D
-25.69297,-58.48733,345.09,0.42,0.45,2026-02-17,1717,N,VIIRS,n,2.0NRT,294.38,8.03,D
-25.69346,-58.4916,343.48,0.42,0.45,2026-02-17,1717,N,VIIRS,n,2.0NRT,294.89,6.52,D
-25.54085,-57.6103,348.06,0.56,0.43,2026-02-17,1717,N,VIIRS,n,2.0NRT,305.63,19.94,D
-25.61661,-58.77552,343.56,0.44,0.46,2026-02-17,1717,N,VIIRS,n,2.0NRT,303.95,3.9,D
-25.61476,-58.77544,345.72,0.44,0.46,2026-02-17,1717,N,VIIRS,n,2.0NRT,305.11,6.32,D
-25.48262,-57.77944,344.2,0.38,0.43,2026-02-17,1717,N,VIIRS,n,2.0NRT,301.62,5.5,D
-25.55625,-58.44968,339.99,0.42,0.45,2026-02-17,1717,N,VIIRS,n,2.0NRT,306.13,6.01,D
-25.73308,-60.08363,341.42,0.53,0.5,2026-02-17,1717,N,VIIRS,n,2.0NRT,304.86,5.13,D
-25.55156,-58.44604,330.2,0.42,0.45,2026-02-17,1717,N,VIIRS,l,2.0NRT,304.78,5.21,D
-25.5779,-58.75786,345.52,0.44,0.46,2026-02-17,1717,N,VIIRS,n,2.0NRT,306.24,15.04,D
-25.48706,-58.02987,331.33,0.4,0.44,2026-02-17,1717,N,VIIRS,n,2.0NRT,301.08,2.09,D
-25.5655,-58.76398,341.93,0.44,0.46,2026-02-17,1717,N,VIIRS,n,2.0NRT,306.57,4.01,D
-25.56823,-59.03275,338.43,0.45,0.47,2026-02-17,1717,N,VIIRS,n,2.0NRT,304.63,3.31,D
-25.78526,-61.28617,352.06,0.63,0.54,2026-02-17,1717,N,VIIRS,n,2.0NRT,307.21,14.13,D
-25.7802,-61.28674,345.76,0.63,0.54,2026-02-17,1717,N,VIIRS,n,2.0NRT,307.77,12.06,D
-25.77515,-61.28729,343.16,0.63,0.54,2026-02-17,1717,N,VIIRS,n,2.0NRT,307.61,12.06,D
-25.40933,-57.78467,339.29,0.57,0.43,2026-02-17,1717,N,VIIRS,n,2.0NRT,300.62,3.72,D
-25.78207,-61.28757,343.45,0.63,0.54,2026-02-17,1717,N,VIIRS,n,2.0NRT,308.5,33.21,D
-25.7764,-61.28175,342.57,0.62,0.54,2026-02-17,1717,N,VIIRS,n,2.0NRT,308.43,15.45,D
-25.77702,-61.28811,339.26,0.63,0.54,2026-02-17,1717,N,VIIRS,n,2.0NRT,306.6,15.45,D
-25.42482,-58.3433,341.28,0.41,0.45,2026-02-17,1717,N,VIIRS,n,2.0NRT,306.52,5.82,D
-25.76165,-61.61764,334.61,0.33,0.55,2026-02-17,1717,N,VIIRS,l,2.0NRT,308.46,2.71,D
-25.42112,-58.34801,346.21,0.41,0.45,2026-02-17,1717,N,VIIRS,n,2.0NRT,304.92,4.68,D
-25.45288,-58.78643,334.34,0.44,0.46,2026-02-17,1717,N,VIIRS,n,2.0NRT,303.1,2.42,D
-25.4162,-58.64955,353.27,0.43,0.46,2026-02-17,1717,N,VIIRS,n,2.0NRT,303.43,6.62,D
-25.41146,-58.68538,338.21,0.43,0.46,2026-02-17,1717,N,VIIRS,n,2.0NRT,303.05,3.24,D
-25.33156,-58.20837,335.33,0.4,0.44,2026-02-17,1717,N,VIIRS,n,2.0NRT,303.09,3.03,D
-25.28496,-57.84882,351.53,0.38,0.44,2026-02-17,1717,N,VIIRS,n,2.0NRT,302.87,11.86,D
-25.32743,-58.20893,341.51,0.4,0.44,2026-02-17,1717,N,VIIRS,n,2.0NRT,306.58,3.03,D
-25.3279,-58.21299,339.38,0.4,0.44,2026-02-17,1717,N,VIIRS,n,2.0NRT,305.91,3.03,D
-25.28367,-57.8726,341.56,0.39,0.44,2026-02-17,1717,N,VIIRS,n,2.0NRT,302.58,3.93,D
-25.29197,-57.94265,335.01,0.39,0.44,2026-02-17,1717,N,VIIRS,n,2.0NRT,303.88,2.36,D
-25.32897,-58.25834,356.38,0.41,0.45,2026-02-17,1717,N,VIIRS,n,2.0NRT,309.05,16.77,D
-25.32434,-58.25482,343.21,0.41,0.45,2026-02-17,1717,N,VIIRS,n,2.0NRT,307.08,8.69,D
-25.32482,-58.2589,352.19,0.41,0.45,2026-02-17,1717,N,VIIRS,n,2.0NRT,312.89,16.77,D
-25.32529,-58.263,337.26,0.41,0.45,2026-02-17,1717,N,VIIRS,n,2.0NRT,307.67,16.77,D
-25.32067,-58.25946,348.5,0.41,0.45,2026-02-17,1717,N,VIIRS,n,2.0NRT,309.5,8.25,D
-25.32114,-58.26355,339.18,0.41,0.45,2026-02-17,1717,N,VIIRS,n,2.0NRT,307.57,8.25,D
-25.31652,-58.26003,346.02,0.41,0.45,2026-02-17,1717,N,VIIRS,n,2.0NRT,306.49,8.25,D
-25.25938,-57.91152,332.11,0.39,0.44,2026-02-17,1717,N,VIIRS,l,2.0NRT,304.02,2.3,D
-25.25532,-57.91209,340.43,0.39,0.44,2026-02-17,1717,N,VIIRS,n,2.0NRT,306,5.4,D
-25.25081,-57.98023,342.81,0.39,0.44,2026-02-17,1717,N,VIIRS,n,2.0NRT,304.83,3.66,D
-25.59121,-61.366,353.21,0.63,0.54,2026-02-17,1717,N,VIIRS,n,2.0NRT,311.59,45.17,D
-25.15319,-58.39437,335.66,0.41,0.45,2026-02-17,1717,N,VIIRS,l,2.0NRT,306.03,4.57,D
-25.11582,-58.22824,332.46,0.4,0.44,2026-02-17,1717,N,VIIRS,l,2.0NRT,304.14,3.25,D
-25.11629,-58.23228,341.61,0.4,0.44,2026-02-17,1717,N,VIIRS,n,2.0NRT,306.49,3.25,D
-25.14537,-58.74642,336.85,0.43,0.46,2026-02-17,1717,N,VIIRS,n,2.0NRT,305.65,4.19,D
-25.26864,-60.1144,332.29,0.52,0.5,2026-02-17,1717,N,VIIRS,l,2.0NRT,303.01,3.06,D
-25.26398,-60.11497,341.17,0.52,0.5,2026-02-17,1717,N,VIIRS,n,2.0NRT,302.72,5.35,D
-25.07235,-58.92843,342.09,0.44,0.46,2026-02-17,1717,N,VIIRS,n,2.0NRT,304.44,7.41,D
-25.06422,-58.93399,340.2,0.44,0.46,2026-02-17,1717,N,VIIRS,n,2.0NRT,304.4,7.4,D
-25.06471,-58.93842,332.18,0.44,0.46,2026-02-17,1717,N,VIIRS,l,2.0NRT,303.31,3.09,D
-25.06521,-58.94287,331.24,0.44,0.46,2026-02-17,1717,N,VIIRS,l,2.0NRT,303.12,3.09,D
-24.93928,-58.88982,334.65,0.44,0.46,2026-02-17,1717,N,VIIRS,n,2.0NRT,304.59,3.66,D
-24.92031,-59.07717,330.2,0.45,0.47,2026-02-17,1717,N,VIIRS,l,2.0NRT,302.79,2.02,D
-25.10303,-61.69098,333.9,0.33,0.55,2026-02-17,1717,N,VIIRS,l,2.0NRT,304.96,1.88,D
-24.59027,-61.26685,345.03,0.6,0.53,2026-02-17,1717,N,VIIRS,n,2.0NRT,306.21,19.29,D
-24.58911,-61.26227,334.57,0.6,0.53,2026-02-17,1717,N,VIIRS,n,2.0NRT,304.14,10.39,D
-24.58972,-61.26836,341.28,0.6,0.53,2026-02-17,1717,N,VIIRS,n,2.0NRT,305.52,10.25,D
-24.21212,-60.68393,352.96,0.55,0.51,2026-02-17,1717,N,VIIRS,n,2.0NRT,312.09,18.06,D
-24.2127,-60.68945,344.92,0.55,0.51,2026-02-17,1717,N,VIIRS,n,2.0NRT,309.58,10.86,D
-24.1421,-61.48544,333.37,0.62,0.54,2026-02-17,1717,N,VIIRS,l,2.0NRT,305.12,4.44,D
-23.26342,-63.26854,341,0.39,0.59,2026-02-17,1717,N,VIIRS,n,2.0NRT,309.25,3.4,D
-22.26532,-63.4596,336.44,0.39,0.59,2026-02-17,1717,N,VIIRS,n,2.0NRT,305.34,4.68,D
-22.26077,-63.46089,330.47,0.39,0.59,2026-02-17,1717,N,VIIRS,l,2.0NRT,303.4,3.92,D
-46.51404,-68.92439,330.94,0.4,0.37,2026-02-17,1851,N,VIIRS,l,2.0NRT,301.4,2.64,D
-35.13241,-67.19263,352.83,0.47,0.48,2026-02-17,1855,N,VIIRS,n,2.0NRT,315.01,36.64,D
-35.12692,-67.1889,343.6,0.47,0.48,2026-02-17,1855,N,VIIRS,n,2.0NRT,311.47,17.3,D
-35.12807,-67.19406,348.94,0.47,0.48,2026-02-17,1855,N,VIIRS,n,2.0NRT,312.6,17.41,D
-32.04794,-65.16661,336.44,0.36,0.57,2026-02-17,1855,N,VIIRS,n,2.0NRT,301.52,2.01,D
-32.04884,-65.1703,338.18,0.36,0.57,2026-02-17,1855,N,VIIRS,n,2.0NRT,302.15,2.01,D
-29.19287,-61.04432,346.62,0.7,0.75,2026-02-17,1855,N,VIIRS,n,2.0NRT,293.15,7.8,D
-29.19498,-61.05159,330.16,0.7,0.75,2026-02-17,1855,N,VIIRS,n,2.0NRT,292.85,7.8,D
-29.19607,-61.04701,355.02,0.7,0.75,2026-02-17,1855,N,VIIRS,n,2.0NRT,293.03,16.81,D
-29.27695,-61.56745,367,0.65,0.73,2026-02-17,1855,N,VIIRS,h,2.0NRT,295.34,10.89,D
-29.27887,-61.57425,334.28,0.65,0.73,2026-02-17,1855,N,VIIRS,n,2.0NRT,294.7,10.89,D
-29.27225,-61.57657,332.38,0.65,0.73,2026-02-17,1855,N,VIIRS,n,2.0NRT,295.02,5.25,D
-29.27561,-61.56659,354.29,0.65,0.73,2026-02-17,1855,N,VIIRS,n,2.0NRT,295.27,21.03,D
-29.27749,-61.57343,350.27,0.65,0.73,2026-02-17,1855,N,VIIRS,n,2.0NRT,295.11,8.49,D
-29.27088,-61.57578,332.5,0.65,0.73,2026-02-17,1855,N,VIIRS,n,2.0NRT,295,8.49,D
-29.4255,-62.97623,367,0.54,0.68,2026-02-17,1855,N,VIIRS,h,2.0NRT,298.12,18.01,D
-29.42702,-62.98182,342.38,0.54,0.68,2026-02-17,1855,N,VIIRS,n,2.0NRT,296.2,18.01,D
-29.42858,-62.9721,330.03,0.54,0.68,2026-02-17,1855,N,VIIRS,n,2.0NRT,295.04,3.9,D
-29.43006,-62.97773,339.22,0.54,0.68,2026-02-17,1855,N,VIIRS,n,2.0NRT,295.98,3.9,D
-29.42241,-62.97421,367,0.54,0.68,2026-02-17,1855,N,VIIRS,h,2.0NRT,295.8,17.1,D
-29.4239,-62.97984,356.06,0.54,0.68,2026-02-17,1855,N,VIIRS,n,2.0NRT,296.57,17.1,D
-30.62618,-69.89368,339.8,0.42,0.45,2026-02-17,1855,N,VIIRS,n,2.0NRT,307.97,1.81,D
-30.62538,-69.89297,339.29,0.42,0.45,2026-02-17,1855,N,VIIRS,n,2.0NRT,307.77,2.36,D
-27.05738,-61.35409,334.57,0.76,0.77,2026-02-17,1857,N,VIIRS,n,2.0NRT,297.3,9.66,D
-26.70083,-61.476,336.19,0.76,0.77,2026-02-17,1857,N,VIIRS,n,2.0NRT,299.24,9.45,D
-26.69603,-61.48619,339.74,0.76,0.77,2026-02-17,1857,N,VIIRS,n,2.0NRT,299.56,9.45,D
-26.70085,-61.47996,348.44,0.76,0.77,2026-02-17,1857,N,VIIRS,n,2.0NRT,299.35,15.42,D
-25.6702,-61.37502,322.45,0.46,0.64,2026-02-18,0431,N,VIIRS,n,2.0NRT,296.19,3.03,N
-25.39837,-57.81384,307.48,0.57,0.52,2026-02-18,0431,N,VIIRS,n,2.0NRT,296.35,0.97,N
-25.40314,-57.81511,307.64,0.57,0.52,2026-02-18,0431,N,VIIRS,n,2.0NRT,296.48,2.03,N
-26.20469,-54.38237,310.06,0.53,0.42,2026-02-18,0431,N,VIIRS,n,2.0NRT,293.6,1.78,N
-26.20571,-54.37703,306.69,0.53,0.42,2026-02-18,0431,N,VIIRS,n,2.0NRT,293.42,1,N
-26.20583,-54.37861,315.9,0.53,0.42,2026-02-18,0431,N,VIIRS,n,2.0NRT,293.61,2.54,N
-25.69349,-58.46623,312.89,0.62,0.54,2026-02-18,0431,N,VIIRS,n,2.0NRT,295.84,1.3,N
-25.69841,-58.46761,315.4,0.62,0.54,2026-02-18,0431,N,VIIRS,n,2.0NRT,296.04,2.37,N
-25.69737,-58.4688,320.53,0.62,0.54,2026-02-18,0431,N,VIIRS,n,2.0NRT,295.95,3.74,N
-25.72891,-58.44473,315.97,0.62,0.54,2026-02-18,0431,N,VIIRS,n,2.0NRT,295.27,2.13,N
-25.73521,-58.43993,313.6,0.62,0.54,2026-02-18,0431,N,VIIRS,n,2.0NRT,295.61,2.13,N
-25.86543,-57.87468,308.6,0.57,0.52,2026-02-18,0431,N,VIIRS,n,2.0NRT,295.44,1.38,N
-25.73815,-58.47348,340.65,0.62,0.54,2026-02-18,0431,N,VIIRS,n,2.0NRT,296.14,7.44,N
-25.87018,-57.87596,317.35,0.57,0.52,2026-02-18,0431,N,VIIRS,n,2.0NRT,294.92,1.38,N
-25.74308,-58.47481,346.73,0.62,0.54,2026-02-18,0431,N,VIIRS,n,2.0NRT,296.66,7.58,N
-25.75269,-58.43167,338.05,0.61,0.54,2026-02-18,0431,N,VIIRS,n,2.0NRT,296.28,9.22,N
-25.75406,-58.42553,319.31,0.61,0.54,2026-02-18,0431,N,VIIRS,n,2.0NRT,295.74,3.25,N
-25.75896,-58.42689,328,0.61,0.54,2026-02-18,0431,N,VIIRS,n,2.0NRT,295.56,3.25,N
-25.748,-58.47616,314.26,0.62,0.54,2026-02-18,0431,N,VIIRS,n,2.0NRT,294.61,7.58,N
-25.75292,-58.47755,333.13,0.62,0.54,2026-02-18,0431,N,VIIRS,n,2.0NRT,294.78,5.35,N
-25.76523,-58.42212,315.33,0.61,0.54,2026-02-18,0431,N,VIIRS,n,2.0NRT,295.41,3.04,N
-25.75784,-58.4789,329.16,0.62,0.54,2026-02-18,0431,N,VIIRS,n,2.0NRT,293.37,5.35,N
-25.76276,-58.48029,339.59,0.62,0.54,2026-02-18,0431,N,VIIRS,n,2.0NRT,294.1,5.65,N
-25.76413,-58.4741,306.97,0.62,0.54,2026-02-18,0431,N,VIIRS,n,2.0NRT,292.36,5.65,N
-25.76768,-58.48165,338.75,0.62,0.54,2026-02-18,0431,N,VIIRS,n,2.0NRT,294.81,5.65,N
-25.76905,-58.47547,315.3,0.62,0.54,2026-02-18,0431,N,VIIRS,n,2.0NRT,293.99,5.65,N
-25.77397,-58.47682,327.55,0.62,0.54,2026-02-18,0431,N,VIIRS,n,2.0NRT,294.87,5.25,N
-25.78485,-58.42752,322.56,0.61,0.54,2026-02-18,0431,N,VIIRS,n,2.0NRT,295.88,3.71,N
-25.77261,-58.48301,317.05,0.62,0.54,2026-02-18,0431,N,VIIRS,n,2.0NRT,295.33,5.25,N
-25.77806,-58.45831,309.75,0.62,0.54,2026-02-18,0431,N,VIIRS,n,2.0NRT,295.07,1.12,N
-25.78214,-58.43983,309.42,0.61,0.54,2026-02-18,0431,N,VIIRS,n,2.0NRT,295.48,1.93,N
-25.77889,-58.47819,331.87,0.62,0.54,2026-02-18,0431,N,VIIRS,n,2.0NRT,296.44,5.25,N
-25.78298,-58.45967,309.36,0.62,0.54,2026-02-18,0431,N,VIIRS,n,2.0NRT,294.96,1.12,N
-25.78381,-58.47956,333.75,0.62,0.54,2026-02-18,0431,N,VIIRS,n,2.0NRT,296.53,7.14,N
-25.78873,-58.48093,339.53,0.62,0.54,2026-02-18,0431,N,VIIRS,n,2.0NRT,296.75,7.14,N
-25.79009,-58.47475,317.66,0.62,0.54,2026-02-18,0431,N,VIIRS,n,2.0NRT,295.74,4.16,N
-25.79416,-58.45623,311.01,0.62,0.54,2026-02-18,0431,N,VIIRS,n,2.0NRT,295.55,3.2,N
-25.79365,-58.48228,331.29,0.62,0.54,2026-02-18,0431,N,VIIRS,n,2.0NRT,296.9,6.45,N
-25.79501,-58.47611,315.3,0.62,0.54,2026-02-18,0431,N,VIIRS,n,2.0NRT,295.84,3.62,N
-25.77868,-58.47915,341.52,0.62,0.54,2026-02-18,0431,N,VIIRS,n,2.0NRT,296.77,4.06,N
-25.7836,-58.4805,329.81,0.62,0.54,2026-02-18,0431,N,VIIRS,n,2.0NRT,296.34,4.06,N
-25.785,-58.47434,308.56,0.62,0.54,2026-02-18,0431,N,VIIRS,n,2.0NRT,295.83,4.06,N
-25.78852,-58.48186,333.45,0.62,0.54,2026-02-18,0431,N,VIIRS,n,2.0NRT,296.38,5.2,N
-25.78992,-58.4757,330.2,0.62,0.54,2026-02-18,0431,N,VIIRS,n,2.0NRT,296.12,5.2,N
-25.79484,-58.47703,332.31,0.62,0.54,2026-02-18,0431,N,VIIRS,n,2.0NRT,296.09,5.2,N
-25.79344,-58.48321,319.89,0.62,0.54,2026-02-18,0431,N,VIIRS,n,2.0NRT,296.49,5.2,N
-26.0632,-58.03933,309.92,0.57,0.52,2026-02-18,0431,N,VIIRS,n,2.0NRT,295.18,1.92,N
-27.47304,-55.76578,309,0.4,0.44,2026-02-18,0431,N,VIIRS,n,2.0NRT,292.84,1.09,N
-27.60876,-55.15509,318.8,0.55,0.43,2026-02-18,0431,N,VIIRS,n,2.0NRT,293.05,2.63,N
-26.48393,-61.15756,309.45,0.43,0.62,2026-02-18,0431,N,VIIRS,n,2.0NRT,295.13,1.87,N
-28.66448,-61.5498,309.34,0.4,0.6,2026-02-18,0431,N,VIIRS,n,2.0NRT,293.54,1.78,N
-28.6655,-61.54565,314.25,0.4,0.6,2026-02-18,0431,N,VIIRS,n,2.0NRT,293.54,1.54,N
-33.25506,-60.28914,319.65,0.54,0.51,2026-02-18,0433,N,VIIRS,n,2.0NRT,292.69,2.61,N
-34.85804,-57.89143,308.24,0.57,0.43,2026-02-18,0433,N,VIIRS,n,2.0NRT,291.87,1.79,N
-34.85675,-57.89761,314.9,0.57,0.43,2026-02-18,0433,N,VIIRS,n,2.0NRT,291.57,2.3,N
-34.52139,-59.12048,301.71,0.44,0.46,2026-02-18,0433,N,VIIRS,n,2.0NRT,291.48,0.97,N
-33.37007,-60.16146,311.58,0.53,0.5,2026-02-18,0433,N,VIIRS,n,2.0NRT,292.92,2.15,N
-33.36549,-60.15997,316.44,0.53,0.5,2026-02-18,0433,N,VIIRS,n,2.0NRT,293.06,2.15,N
-30.05471,-57.81412,306.27,0.46,0.47,2026-02-18,0433,N,VIIRS,n,2.0NRT,292.47,0.79,N
-38.74686,-68.83908,304.01,0.54,0.68,2026-02-18,0436,N,VIIRS,n,2.0NRT,282.13,1.26,N
-37.42595,-69.17588,325.53,0.61,0.71,2026-02-18,0436,N,VIIRS,n,2.0NRT,287.88,3.94,N
-37.4226,-69.17235,301.68,0.61,0.71,2026-02-18,0436,N,VIIRS,n,2.0NRT,287.37,1.67,N
-37.42908,-69.17496,325.4,0.61,0.71,2026-02-18,0436,N,VIIRS,n,2.0NRT,287.52,1.67,N
-38.36502,-68.68166,326.93,0.55,0.68,2026-02-18,0436,N,VIIRS,n,2.0NRT,286.72,2.67,N
-38.69661,-68.70302,325.33,0.54,0.68,2026-02-18,0436,N,VIIRS,n,2.0NRT,284.76,2.22,N
-38.69909,-68.71769,305.07,0.54,0.68,2026-02-18,0436,N,VIIRS,n,2.0NRT,283.87,2.95,N
-38.69749,-68.70608,326.24,0.54,0.68,2026-02-18,0436,N,VIIRS,n,2.0NRT,284.86,3.09,N
-38.73892,-68.84235,298.81,0.54,0.68,2026-02-18,0436,N,VIIRS,n,2.0NRT,282.57,1.26,N
-38.74081,-68.83615,307.26,0.54,0.68,2026-02-18,0436,N,VIIRS,n,2.0NRT,283.46,1.26,N
-22.26317,-63.4671,315.32,0.4,0.6,2026-02-18,0612,N,VIIRS,n,2.0NRT,295.86,2.63,N
-22.26356,-63.4631,321.83,0.4,0.6,2026-02-18,0612,N,VIIRS,n,2.0NRT,296.03,2.3,N
-29.37767,-66.7823,304.85,0.6,0.53,2026-02-18,0614,N,VIIRS,n,2.0NRT,292.35,1.57,N
-31.9817,-61.05175,306.18,0.68,0.74,2026-02-18,0614,N,VIIRS,n,2.0NRT,288.81,1.2,N
-31.98873,-61.05212,309.66,0.68,0.74,2026-02-18,0614,N,VIIRS,n,2.0NRT,288.48,1.96,N
-33.25275,-60.28653,301.24,0.76,0.77,2026-02-18,0614,N,VIIRS,n,2.0NRT,289.67,2.08,N
-33.26032,-60.27825,303.45,0.76,0.77,2026-02-18,0614,N,VIIRS,n,2.0NRT,289.19,3.23,N
-33.26009,-60.28712,322.03,0.76,0.77,2026-02-18,0614,N,VIIRS,n,2.0NRT,288.97,4.71,N
-29.37756,-66.78255,304.15,0.6,0.53,2026-02-18,0614,N,VIIRS,n,2.0NRT,292.38,1.23,N
-38.68361,-62.39492,303.72,0.63,0.72,2026-02-18,0616,N,VIIRS,n,2.0NRT,287.28,1.47,N
-38.69743,-68.70317,326.04,0.58,0.52,2026-02-18,0616,N,VIIRS,n,2.0NRT,285.29,3.04,N
-38.70234,-68.70377,296.68,0.58,0.52,2026-02-18,0616,N,VIIRS,n,2.0NRT,283.41,0.66,N
-38.6982,-68.7021,325.26,0.58,0.52,2026-02-18,0616,N,VIIRS,n,2.0NRT,285.3,3.88,N
-38.74314,-68.83462,321.78,0.57,0.52,2026-02-18,0616,N,VIIRS,n,2.0NRT,283.98,3.64,N
-38.74802,-68.83527,299.95,0.57,0.52,2026-02-18,0616,N,VIIRS,n,2.0NRT,282.97,1.23,N
-37.08722,-69.47694,302.88,0.51,0.49,2026-02-18,0616,N,VIIRS,n,2.0NRT,287.08,0.99,N
-37.42808,-69.17663,301.96,0.53,0.5,2026-02-18,0616,N,VIIRS,n,2.0NRT,286.02,2.3,N
-37.42858,-69.17033,318.3,0.53,0.5,2026-02-18,0616,N,VIIRS,n,2.0NRT,286.08,1.83,N
-37.53078,-69.09077,309.68,0.54,0.51,2026-02-18,0616,N,VIIRS,n,2.0NRT,286.04,1.46,N
-37.71372,-69.14091,302.62,0.54,0.51,2026-02-18,0616,N,VIIRS,n,2.0NRT,285.07,1.58,N
-37.71423,-69.13477,316.84,0.54,0.51,2026-02-18,0616,N,VIIRS,n,2.0NRT,285.18,1.96,N
-38.27651,-68.69835,301.32,0.57,0.52,2026-02-18,0616,N,VIIRS,n,2.0NRT,285.99,1.11,N
-33.89385,-58.61559,342.2,0.5,0.66,2026-02-18,1656,N,VIIRS,n,2.0NRT,296.51,5.4,D
-35.17987,-58.2574,334.45,0.49,0.65,2026-02-18,1656,N,VIIRS,n,2.0NRT,298.45,1.89,D
-36.28326,-57.38754,367,0.44,0.63,2026-02-18,1656,N,VIIRS,h,2.0NRT,299.61,12.63,D
-33.6754,-58.93747,331.23,0.52,0.67,2026-02-18,1656,N,VIIRS,n,2.0NRT,295.8,3.69,D
-33.67912,-58.9336,347.07,0.52,0.67,2026-02-18,1656,N,VIIRS,n,2.0NRT,296.58,5.9,D
-32.56105,-61.82404,345.27,0.74,0.76,2026-02-18,1656,N,VIIRS,n,2.0NRT,289.42,0.98,D
-33.67515,-58.93162,333.03,0.52,0.67,2026-02-18,1656,N,VIIRS,n,2.0NRT,296.76,3.69,D
-33.88992,-58.6185,346.71,0.5,0.66,2026-02-18,1656,N,VIIRS,n,2.0NRT,296.59,11.52,D
-33.88766,-58.61599,333.08,0.5,0.66,2026-02-18,1656,N,VIIRS,n,2.0NRT,296.3,5.4,D
-33.89411,-58.62117,346.48,0.5,0.66,2026-02-18,1656,N,VIIRS,n,2.0NRT,295.5,5.4,D
-26.0787,-58.00434,355.38,0.39,0.59,2026-02-18,1658,N,VIIRS,n,2.0NRT,306.41,18.15,D
-26.07314,-58.00485,367,0.39,0.59,2026-02-18,1658,N,VIIRS,h,2.0NRT,303.18,7.19,D
-26.06503,-58.04205,367,0.39,0.59,2026-02-18,1658,N,VIIRS,h,2.0NRT,302.76,5.19,D
-26.0647,-58.03803,333.64,0.39,0.59,2026-02-18,1658,N,VIIRS,n,2.0NRT,302.81,5.19,D
-26.05879,-58.03456,344.79,0.39,0.59,2026-02-18,1658,N,VIIRS,n,2.0NRT,303.24,12.24,D
-26.05912,-58.03857,337.76,0.39,0.59,2026-02-18,1658,N,VIIRS,n,2.0NRT,301.76,5.19,D
-26.07938,-58.42805,367,0.41,0.61,2026-02-18,1658,N,VIIRS,h,2.0NRT,302.2,10.12,D
-26.07972,-58.4323,335.02,0.41,0.61,2026-02-18,1658,N,VIIRS,n,2.0NRT,302.44,10.12,D
-26.01986,-57.96988,367,0.39,0.59,2026-02-18,1658,N,VIIRS,h,2.0NRT,302.03,11.18,D
-26.02051,-57.97784,367,0.39,0.59,2026-02-18,1658,N,VIIRS,h,2.0NRT,301.8,13.5,D
-26.02018,-57.97385,342.49,0.39,0.59,2026-02-18,1658,N,VIIRS,n,2.0NRT,299.35,11.18,D
-26.02471,-58.02965,331.96,0.39,0.59,2026-02-18,1658,N,VIIRS,l,2.0NRT,303.37,2.44,D
-26.04037,-58.83317,335.73,0.44,0.62,2026-02-18,1658,N,VIIRS,n,2.0NRT,302.44,5.31,D
-26.04107,-58.83141,336.94,0.44,0.62,2026-02-18,1658,N,VIIRS,n,2.0NRT,301.22,4.29,D
-26.03559,-58.83644,343.44,0.44,0.62,2026-02-18,1658,N,VIIRS,n,2.0NRT,304.5,11.75,D
-26.05725,-60.05857,353.41,0.52,0.67,2026-02-18,1658,N,VIIRS,n,2.0NRT,300.77,9.78,D
-26.05761,-60.06395,333.21,0.52,0.67,2026-02-18,1658,N,VIIRS,n,2.0NRT,299.85,4.95,D
-25.8905,-57.94997,330.76,0.38,0.59,2026-02-18,1658,N,VIIRS,l,2.0NRT,303.26,7.4,D
-26.05494,-60.05746,351,0.52,0.67,2026-02-18,1658,N,VIIRS,n,2.0NRT,300.64,11.24,D
-25.84428,-57.84528,343.45,0.38,0.59,2026-02-18,1658,N,VIIRS,n,2.0NRT,298.18,4.93,D
-25.78897,-58.44557,335.99,0.41,0.61,2026-02-18,1658,N,VIIRS,n,2.0NRT,298.67,7.47,D
-25.78258,-58.43764,338.18,0.41,0.61,2026-02-18,1658,N,VIIRS,n,2.0NRT,297.69,7.85,D
-25.78293,-58.44188,337.57,0.41,0.61,2026-02-18,1658,N,VIIRS,n,2.0NRT,293.95,4.88,D
-25.8296,-59.02799,333,0.45,0.63,2026-02-18,1658,N,VIIRS,n,2.0NRT,300.92,5.74,D
-25.82996,-59.0326,343.68,0.45,0.63,2026-02-18,1658,N,VIIRS,n,2.0NRT,299.35,1.79,D
-25.77496,-58.48528,367,0.41,0.61,2026-02-18,1658,N,VIIRS,h,2.0NRT,293.19,10.86,D
-25.76925,-58.48581,367,0.41,0.61,2026-02-18,1658,N,VIIRS,h,2.0NRT,295.39,10.86,D
-25.76312,-58.40974,348.83,0.41,0.61,2026-02-18,1658,N,VIIRS,n,2.0NRT,300.56,7.82,D
-25.76346,-58.41395,356.22,0.41,0.61,2026-02-18,1658,N,VIIRS,n,2.0NRT,301.68,7.82,D
-25.75778,-58.4145,367,0.41,0.61,2026-02-18,1658,N,VIIRS,h,2.0NRT,300.6,15.68,D
-25.75812,-58.41871,367,0.41,0.61,2026-02-18,1658,N,VIIRS,h,2.0NRT,302.18,7.26,D
-25.7632,-58.48211,367,0.41,0.61,2026-02-18,1658,N,VIIRS,h,2.0NRT,299.9,21.9,D
-25.76354,-58.48635,367,0.41,0.61,2026-02-18,1658,N,VIIRS,h,2.0NRT,294.59,23.31,D
-25.7575,-58.48264,367,0.41,0.61,2026-02-18,1658,N,VIIRS,h,2.0NRT,298.86,21.9,D
-25.75243,-58.41923,331.76,0.41,0.61,2026-02-18,1658,N,VIIRS,n,2.0NRT,299.57,7.26,D
-25.74709,-58.42399,367,0.41,0.61,2026-02-18,1658,N,VIIRS,h,2.0NRT,300.89,6.3,D
-25.75179,-58.48315,367,0.41,0.61,2026-02-18,1658,N,VIIRS,h,2.0NRT,299.91,12.02,D
-25.74675,-58.41978,347.64,0.41,0.61,2026-02-18,1658,N,VIIRS,n,2.0NRT,298.81,6.3,D
-25.7424,-58.43717,367,0.41,0.61,2026-02-18,1658,N,VIIRS,h,2.0NRT,304.21,42.45,D
-25.7414,-58.42453,344.25,0.41,0.61,2026-02-18,1658,N,VIIRS,n,2.0NRT,300.55,6.3,D
-25.74274,-58.44139,351.5,0.41,0.61,2026-02-18,1658,N,VIIRS,n,2.0NRT,300.5,42.45,D
-25.68364,-57.78388,332.26,0.37,0.58,2026-02-18,1658,N,VIIRS,l,2.0NRT,304.21,12.53,D
-25.73605,-58.42928,342.22,0.41,0.61,2026-02-18,1658,N,VIIRS,n,2.0NRT,300.84,7.73,D
-25.73069,-58.43403,367,0.41,0.61,2026-02-18,1658,N,VIIRS,h,2.0NRT,301.16,7.73,D
-25.73036,-58.42982,355.89,0.41,0.61,2026-02-18,1658,N,VIIRS,n,2.0NRT,300.28,7.73,D
-25.72533,-58.43879,367,0.41,0.61,2026-02-18,1658,N,VIIRS,h,2.0NRT,296.17,5.64,D
-25.725,-58.43458,353.93,0.41,0.61,2026-02-18,1658,N,VIIRS,n,2.0NRT,297.58,8.16,D
-25.72566,-58.44301,352.94,0.41,0.61,2026-02-18,1658,N,VIIRS,n,2.0NRT,297.05,5.64,D
-25.72361,-58.43712,334.95,0.41,0.61,2026-02-18,1658,N,VIIRS,n,2.0NRT,291.03,2.89,D
-25.72396,-58.44132,352.26,0.41,0.61,2026-02-18,1658,N,VIIRS,n,2.0NRT,291.52,2.89,D
-25.72432,-58.44553,336.5,0.41,0.61,2026-02-18,1658,N,VIIRS,n,2.0NRT,293.16,2.05,D
-25.70972,-58.47664,333.78,0.41,0.61,2026-02-18,1658,N,VIIRS,n,2.0NRT,302.6,8.42,D
-25.71008,-58.48087,333.01,0.41,0.61,2026-02-18,1658,N,VIIRS,l,2.0NRT,303.98,11.31,D
-25.70402,-58.47718,334.59,0.41,0.61,2026-02-18,1658,N,VIIRS,n,2.0NRT,303.79,12.22,D
-25.70437,-58.48142,334.97,0.41,0.61,2026-02-18,1658,N,VIIRS,n,2.0NRT,304.89,7.24,D
-25.70473,-58.48565,333.85,0.41,0.61,2026-02-18,1658,N,VIIRS,l,2.0NRT,304.41,7.24,D
-25.78759,-59.85936,367,0.5,0.66,2026-02-18,1658,N,VIIRS,h,2.0NRT,305,19.86,D
-25.61194,-57.66042,335.15,0.37,0.58,2026-02-18,1658,N,VIIRS,n,2.0NRT,297.93,6.46,D
-25.61227,-57.66417,331.07,0.37,0.58,2026-02-18,1658,N,VIIRS,n,2.0NRT,298.91,5.05,D
-25.6916,-59.05606,338.33,0.45,0.63,2026-02-18,1658,N,VIIRS,n,2.0NRT,303.63,5.04,D
-25.6857,-59.05659,353.93,0.45,0.63,2026-02-18,1658,N,VIIRS,n,2.0NRT,303.09,5.04,D
-25.73809,-59.77521,330.01,0.5,0.66,2026-02-18,1658,N,VIIRS,l,2.0NRT,302.19,3.48,D
-25.55878,-57.61318,352.99,0.36,0.58,2026-02-18,1658,N,VIIRS,n,2.0NRT,301.46,14.5,D
-25.5591,-57.61689,350.3,0.36,0.58,2026-02-18,1658,N,VIIRS,n,2.0NRT,300.47,9,D
-25.72648,-59.78651,340.86,0.5,0.66,2026-02-18,1658,N,VIIRS,n,2.0NRT,302.08,7.57,D
-25.72684,-59.79164,332.92,0.5,0.66,2026-02-18,1658,N,VIIRS,n,2.0NRT,301.01,4.61,D
-25.5537,-57.61744,345.62,0.36,0.58,2026-02-18,1658,N,VIIRS,n,2.0NRT,299.63,4.97,D
-25.52903,-57.58266,367,0.36,0.57,2026-02-18,1658,N,VIIRS,h,2.0NRT,301.03,5.14,D
-25.54363,-57.5927,331.58,0.36,0.58,2026-02-18,1658,N,VIIRS,l,2.0NRT,306.08,7.5,D
-25.54397,-57.5964,331.24,0.36,0.58,2026-02-18,1658,N,VIIRS,l,2.0NRT,305.73,2.65,D
-25.5443,-57.60008,330.13,0.36,0.58,2026-02-18,1658,N,VIIRS,l,2.0NRT,305.08,2.65,D
-25.72707,-59.78933,336.2,0.5,0.66,2026-02-18,1658,N,VIIRS,n,2.0NRT,301.41,6.46,D
-25.53858,-57.59692,331.82,0.36,0.58,2026-02-18,1658,N,VIIRS,l,2.0NRT,305.47,2.65,D
-25.53891,-57.60061,331.37,0.36,0.58,2026-02-18,1658,N,VIIRS,l,2.0NRT,305.56,2.65,D
-25.53925,-57.60431,331.32,0.36,0.58,2026-02-18,1658,N,VIIRS,l,2.0NRT,305.06,6.17,D
-25.53352,-57.60116,330.7,0.36,0.58,2026-02-18,1658,N,VIIRS,l,2.0NRT,304.65,3.76,D
-25.53385,-57.60485,330.57,0.36,0.58,2026-02-18,1658,N,VIIRS,l,2.0NRT,304.02,3.32,D
-25.52647,-57.5833,367,0.36,0.57,2026-02-18,1658,N,VIIRS,h,2.0NRT,300.09,4.5,D
-25.5084,-57.87764,342.9,0.38,0.58,2026-02-18,1658,N,VIIRS,n,2.0NRT,301.02,8.91,D
-25.5007,-57.91735,334.42,0.38,0.59,2026-02-18,1658,N,VIIRS,n,2.0NRT,299.47,6.77,D
-25.50233,-57.93676,331.19,0.38,0.59,2026-02-18,1658,N,VIIRS,n,2.0NRT,298.62,3.57,D
-25.50266,-57.94065,332.14,0.38,0.59,2026-02-18,1658,N,VIIRS,n,2.0NRT,299.24,3.57,D
-25.50301,-58.80484,348.01,0.43,0.62,2026-02-18,1658,N,VIIRS,n,2.0NRT,301.43,3.26,D
-25.40253,-58.72017,330.4,0.42,0.61,2026-02-18,1658,N,VIIRS,n,2.0NRT,292.84,6.24,D
-25.32309,-57.91688,353.15,0.38,0.59,2026-02-18,1658,N,VIIRS,n,2.0NRT,298.52,17.16,D
-25.32343,-57.92073,353.97,0.38,0.59,2026-02-18,1658,N,VIIRS,n,2.0NRT,301.29,17.16,D
-25.3241,-57.92843,333.87,0.38,0.59,2026-02-18,1658,N,VIIRS,n,2.0NRT,297.58,15.17,D
-25.31279,-57.92564,339.51,0.38,0.59,2026-02-18,1658,N,VIIRS,n,2.0NRT,298.76,9.02,D
-25.27577,-58.28812,340.49,0.4,0.6,2026-02-18,1658,N,VIIRS,n,2.0NRT,299.74,45.06,D
-25.2761,-58.29219,351.88,0.4,0.6,2026-02-18,1658,N,VIIRS,n,2.0NRT,304.48,45.06,D
-25.26952,-58.28056,352.46,0.4,0.6,2026-02-18,1658,N,VIIRS,n,2.0NRT,299.79,8.09,D
-25.26984,-58.28461,344.89,0.4,0.6,2026-02-18,1658,N,VIIRS,n,2.0NRT,300.66,8.09,D
-25.27048,-58.29273,337.16,0.4,0.6,2026-02-18,1658,N,VIIRS,n,2.0NRT,298.19,7.19,D
-25.27081,-58.29679,338.39,0.4,0.6,2026-02-18,1658,N,VIIRS,n,2.0NRT,297.62,6.77,D
-25.26455,-58.28922,343.62,0.4,0.6,2026-02-18,1658,N,VIIRS,n,2.0NRT,299.51,7.19,D
-25.27887,-58.29205,367,0.4,0.6,2026-02-18,1658,N,VIIRS,h,2.0NRT,303.4,29.93,D
-25.27852,-58.28798,330.9,0.4,0.6,2026-02-18,1658,N,VIIRS,n,2.0NRT,300.64,29.93,D
-25.27326,-58.29256,367,0.4,0.6,2026-02-18,1658,N,VIIRS,h,2.0NRT,300.35,29.93,D
-25.27221,-58.28041,348.87,0.4,0.6,2026-02-18,1658,N,VIIRS,n,2.0NRT,299.67,6.17,D
-25.27256,-58.28446,341.22,0.4,0.6,2026-02-18,1658,N,VIIRS,n,2.0NRT,300.02,6.17,D
-25.27361,-58.29663,339.97,0.4,0.6,2026-02-18,1658,N,VIIRS,n,2.0NRT,298.24,22.48,D
-25.26695,-58.28498,340.49,0.4,0.6,2026-02-18,1658,N,VIIRS,n,2.0NRT,299.87,5.94,D
-25.2673,-58.28904,334.84,0.4,0.6,2026-02-18,1658,N,VIIRS,n,2.0NRT,299.57,8.51,D
-25.268,-58.29715,334.1,0.4,0.6,2026-02-18,1658,N,VIIRS,n,2.0NRT,297.57,3,D
-25.36853,-60.28568,350.75,0.53,0.67,2026-02-18,1658,N,VIIRS,n,2.0NRT,302.13,7.43,D
-25.05269,-58.23893,330.55,0.39,0.59,2026-02-18,1658,N,VIIRS,l,2.0NRT,302.31,13.47,D
-25.02442,-58.64832,341.89,0.42,0.61,2026-02-18,1658,N,VIIRS,n,2.0NRT,301.64,9.82,D
-25.02476,-58.65256,337.41,0.42,0.61,2026-02-18,1658,N,VIIRS,n,2.0NRT,301.28,7.11,D
-24.23091,-61.28232,331.65,0.6,0.7,2026-02-18,1658,N,VIIRS,n,2.0NRT,301.44,3.15,D
-25.53319,-57.59747,330.64,0.36,0.58,2026-02-18,1658,N,VIIRS,l,2.0NRT,305.09,3.76,D
-29.45393,-60.99348,367,0.63,0.72,2026-02-18,1658,N,VIIRS,h,2.0NRT,296.08,11.8,D
-29.16129,-57.32705,367,0.38,0.59,2026-02-18,1658,N,VIIRS,h,2.0NRT,293.53,11.55,D
-29.17482,-60.79969,330.04,0.61,0.71,2026-02-18,1658,N,VIIRS,n,2.0NRT,295.97,5.48,D
-28.68362,-57.80545,339.56,0.4,0.6,2026-02-18,1658,N,VIIRS,n,2.0NRT,293.6,3.08,D
-28.07317,-60.84094,331.71,0.6,0.71,2026-02-18,1658,N,VIIRS,n,2.0NRT,298.89,5.97,D
-28.08337,-60.8485,331.21,0.6,0.71,2026-02-18,1658,N,VIIRS,n,2.0NRT,299.54,3.49,D
-28.07632,-60.84248,331.11,0.6,0.71,2026-02-18,1658,N,VIIRS,n,2.0NRT,298.85,5.52,D
-27.86486,-60.94788,336.61,0.61,0.71,2026-02-18,1658,N,VIIRS,n,2.0NRT,298.58,0.6,D
-27.51777,-57.05144,330.84,0.35,0.57,2026-02-18,1658,N,VIIRS,l,2.0NRT,301.2,7.53,D
-27.60879,-58.38712,330.13,0.43,0.62,2026-02-18,1658,N,VIIRS,n,2.0NRT,298.46,1.59,D
-27.60911,-58.39157,330.11,0.43,0.62,2026-02-18,1658,N,VIIRS,n,2.0NRT,298.57,1.59,D
-27.60933,-58.39127,338.02,0.43,0.62,2026-02-18,1658,N,VIIRS,n,2.0NRT,298.9,4.13,D
-27.43123,-57.4869,337.66,0.37,0.58,2026-02-18,1658,N,VIIRS,n,2.0NRT,292.95,5.93,D
-27.43093,-57.48301,356.9,0.37,0.58,2026-02-18,1658,N,VIIRS,l,2.0NRT,289.84,5.93,D
-27.43015,-57.48387,367,0.37,0.58,2026-02-18,1658,N,VIIRS,h,2.0NRT,291.86,13.06,D
-27.26568,-58.30646,367,0.42,0.61,2026-02-18,1658,N,VIIRS,h,2.0NRT,299.51,10.18,D
-27.26431,-58.30568,367,0.42,0.61,2026-02-18,1658,N,VIIRS,h,2.0NRT,300.45,13.46,D
-27.33599,-60.9432,331.92,0.6,0.71,2026-02-18,1658,N,VIIRS,n,2.0NRT,300.28,1.84,D
-27.21251,-60.41688,335.98,0.56,0.69,2026-02-18,1658,N,VIIRS,n,2.0NRT,299.59,4.54,D
-27.21205,-60.41656,344.19,0.56,0.69,2026-02-18,1658,N,VIIRS,n,2.0NRT,300.25,6.55,D
-26.5072,-53.95547,345.16,0.45,0.47,2026-02-18,1658,N,VIIRS,n,2.0NRT,299.8,5.41,D
-26.66636,-58.39414,333.92,0.42,0.61,2026-02-18,1658,N,VIIRS,n,2.0NRT,298.34,8.68,D
-26.65999,-58.38604,367,0.42,0.61,2026-02-18,1658,N,VIIRS,h,2.0NRT,298.15,13.8,D
-26.66523,-58.39806,333.27,0.42,0.61,2026-02-18,1658,N,VIIRS,n,2.0NRT,297.51,2.86,D
-26.65845,-58.38562,367,0.42,0.61,2026-02-18,1658,N,VIIRS,h,2.0NRT,292.23,12.71,D
-26.6272,-58.73075,367,0.44,0.62,2026-02-18,1658,N,VIIRS,h,2.0NRT,303.36,6.8,D
-26.59685,-58.33506,336.26,0.41,0.61,2026-02-18,1658,N,VIIRS,n,2.0NRT,303.27,6.71,D
-26.59752,-58.34359,338.77,0.41,0.61,2026-02-18,1658,N,VIIRS,n,2.0NRT,302.31,3.91,D
-26.62755,-58.73528,348.45,0.44,0.62,2026-02-18,1658,N,VIIRS,n,2.0NRT,303.24,6.8,D
-26.59115,-58.33558,338.02,0.41,0.61,2026-02-18,1658,N,VIIRS,n,2.0NRT,305.94,6.07,D
-26.59148,-58.33985,349.58,0.41,0.61,2026-02-18,1658,N,VIIRS,n,2.0NRT,303.19,6.07,D
-26.59181,-58.34412,330.61,0.41,0.61,2026-02-18,1658,N,VIIRS,l,2.0NRT,302.61,6.09,D
-26.60967,-58.73234,340.31,0.44,0.62,2026-02-18,1658,N,VIIRS,n,2.0NRT,304.55,2.89,D
-26.4764,-58.35175,336.65,0.41,0.61,2026-02-18,1658,N,VIIRS,n,2.0NRT,301.67,2.7,D
-26.47673,-58.35602,335.83,0.41,0.61,2026-02-18,1658,N,VIIRS,n,2.0NRT,303.19,2.7,D
-26.45824,-60.30906,332.11,0.54,0.68,2026-02-18,1658,N,VIIRS,l,2.0NRT,304.23,6.54,D
-26.45859,-60.31474,335.89,0.54,0.68,2026-02-18,1658,N,VIIRS,n,2.0NRT,303.12,5.28,D
-26.46379,-60.31233,344.17,0.54,0.68,2026-02-18,1658,N,VIIRS,n,2.0NRT,303.55,7.27,D
-26.18689,-59.17409,367,0.46,0.64,2026-02-18,1658,N,VIIRS,h,2.0NRT,307.67,12.46,D
-26.18723,-59.17885,367,0.46,0.64,2026-02-18,1658,N,VIIRS,h,2.0NRT,307.84,12.46,D
-26.09697,-58.04541,367,0.39,0.59,2026-02-18,1658,N,VIIRS,h,2.0NRT,302.13,8.28,D
-26.09729,-58.04944,351.25,0.39,0.59,2026-02-18,1658,N,VIIRS,n,2.0NRT,301.42,8.28,D
-26.09916,-58.04689,367,0.39,0.59,2026-02-18,1658,N,VIIRS,h,2.0NRT,301.93,8.26,D
-26.21168,-59.44611,331.91,0.48,0.65,2026-02-18,1658,N,VIIRS,l,2.0NRT,304.23,4.25,D
-26.09358,-58.04742,367,0.39,0.59,2026-02-18,1658,N,VIIRS,h,2.0NRT,301.67,8.26,D
-26.1849,-59.17482,367,0.46,0.64,2026-02-18,1658,N,VIIRS,h,2.0NRT,307.06,23.93,D
-26.18527,-59.17959,347.27,0.46,0.64,2026-02-18,1658,N,VIIRS,n,2.0NRT,306.9,14.39,D
-26.07837,-58.00033,346.73,0.39,0.59,2026-02-18,1658,N,VIIRS,n,2.0NRT,302.47,16.8,D
-36.2879,-57.39239,367,0.4,0.6,2026-02-18,1836,N,VIIRS,h,2.0NRT,299.2,9.82,D
-36.28668,-57.38791,332.64,0.41,0.6,2026-02-18,1836,N,VIIRS,n,2.0NRT,299.57,18.95,D
-36.28246,-57.39458,367,0.4,0.6,2026-02-18,1836,N,VIIRS,h,2.0NRT,299.41,9.82,D
-36.28487,-57.39265,356.67,0.41,0.6,2026-02-18,1836,N,VIIRS,n,2.0NRT,300.04,5.67,D
-36.27944,-57.39487,339.58,0.41,0.6,2026-02-18,1836,N,VIIRS,n,2.0NRT,297.36,5.67,D
-36.7981,-59.85369,344.03,0.59,0.53,2026-02-18,1836,N,VIIRS,n,2.0NRT,303.89,9.8,D
-38.49725,-68.32322,337.5,0.39,0.36,2026-02-18,1836,N,VIIRS,l,2.0NRT,311.63,1.25,D
-36.79729,-59.85632,348.43,0.59,0.53,2026-02-18,1836,N,VIIRS,n,2.0NRT,304.05,9.43,D
-38.4383,-68.56099,334.09,0.39,0.36,2026-02-18,1836,N,VIIRS,l,2.0NRT,309.07,0.47,D
-35.83213,-58.38741,334.73,0.37,0.58,2026-02-18,1836,N,VIIRS,n,2.0NRT,302.88,3.15,D
-37.4283,-69.17226,346.25,0.38,0.36,2026-02-18,1836,N,VIIRS,n,2.0NRT,313.06,4.58,D
-34.08028,-58.69975,335.54,0.39,0.6,2026-02-18,1836,N,VIIRS,n,2.0NRT,300.71,3.15,D
-34.08139,-58.70398,347.61,0.39,0.59,2026-02-18,1836,N,VIIRS,n,2.0NRT,302.71,3.15,D
-34.07488,-58.70173,337.13,0.39,0.6,2026-02-18,1836,N,VIIRS,n,2.0NRT,302.07,3.15,D
-34.07666,-58.70184,350.2,0.39,0.6,2026-02-18,1836,N,VIIRS,n,2.0NRT,303.34,4.42,D
-34.07775,-58.70609,334.35,0.39,0.6,2026-02-18,1836,N,VIIRS,n,2.0NRT,301.32,4.42,D
-33.88945,-58.6133,331.28,0.4,0.6,2026-02-18,1836,N,VIIRS,n,2.0NRT,298.33,6.97,D
-33.89057,-58.61765,349.26,0.4,0.6,2026-02-18,1836,N,VIIRS,n,2.0NRT,300.24,7.83,D
-33.8917,-58.62197,347.75,0.4,0.6,2026-02-18,1836,N,VIIRS,n,2.0NRT,298.08,7.83,D
-33.67479,-58.93432,335.37,0.39,0.59,2026-02-18,1836,N,VIIRS,n,2.0NRT,297.16,4.55,D
-33.67511,-58.93005,332.93,0.39,0.59,2026-02-18,1836,N,VIIRS,n,2.0NRT,297.37,3.65,D
-33.67617,-58.93424,345.45,0.39,0.59,2026-02-18,1836,N,VIIRS,n,2.0NRT,297.47,3.65,D
-25.8235,-58.4556,333.59,0.64,0.72,2026-02-18,1838,N,VIIRS,n,2.0NRT,295.21,15.12,D
-35.12731,-67.21207,334.82,0.43,0.38,2026-02-18,1838,N,VIIRS,n,2.0NRT,300.01,5.49,D
-35.12381,-67.21299,343.78,0.43,0.38,2026-02-18,1838,N,VIIRS,n,2.0NRT,300.91,5.49,D
-35.12467,-67.21774,336.9,0.43,0.38,2026-02-18,1838,N,VIIRS,n,2.0NRT,299.82,4.58,D
-35.12116,-67.21867,347.42,0.43,0.38,2026-02-18,1838,N,VIIRS,n,2.0NRT,300.02,6.29,D
-35.11767,-67.2196,349.11,0.43,0.38,2026-02-18,1838,N,VIIRS,n,2.0NRT,302.41,6.29,D
-35.11852,-67.22435,333.42,0.43,0.38,2026-02-18,1838,N,VIIRS,n,2.0NRT,298.42,6.29,D
-35.11417,-67.22054,344.23,0.43,0.38,2026-02-18,1838,N,VIIRS,n,2.0NRT,298.48,40.96,D
-35.11502,-67.22527,343.77,0.43,0.38,2026-02-18,1838,N,VIIRS,n,2.0NRT,308.97,40.96,D
-33.31428,-59.68005,337.12,0.36,0.58,2026-02-18,1838,N,VIIRS,n,2.0NRT,297.47,3.43,D
-33.3163,-59.67538,333.83,0.36,0.58,2026-02-18,1838,N,VIIRS,n,2.0NRT,296.89,3.43,D
-33.3101,-59.67332,330.75,0.36,0.58,2026-02-18,1838,N,VIIRS,n,2.0NRT,296.62,3.12,D
-33.31204,-59.68111,333.5,0.36,0.58,2026-02-18,1838,N,VIIRS,n,2.0NRT,295.98,3.43,D
-33.37699,-60.14678,367,0.34,0.56,2026-02-18,1838,N,VIIRS,h,2.0NRT,299.89,10.24,D
-33.37608,-60.14312,334.61,0.34,0.56,2026-02-18,1838,N,VIIRS,n,2.0NRT,299.21,11.41,D
-33.083,-59.55047,342.61,0.37,0.58,2026-02-18,1838,N,VIIRS,n,2.0NRT,291.15,5.99,D
-33.25629,-60.28268,341.11,0.34,0.56,2026-02-18,1838,N,VIIRS,n,2.0NRT,298.27,5.42,D
-33.25601,-60.28388,337.13,0.34,0.56,2026-02-18,1838,N,VIIRS,n,2.0NRT,298.35,5.52,D
-32.89842,-60.08875,333.3,0.35,0.57,2026-02-18,1838,N,VIIRS,n,2.0NRT,297.18,2.37,D
-30.16214,-59.1329,340.14,0.46,0.64,2026-02-18,1838,N,VIIRS,n,2.0NRT,294.28,7.7,D
-30.16338,-59.13773,335.95,0.46,0.64,2026-02-18,1838,N,VIIRS,n,2.0NRT,294.1,5.56,D
-29.15675,-57.32904,367,0.61,0.71,2026-02-18,1838,N,VIIRS,h,2.0NRT,291.44,22.25,D
-29.15856,-57.32637,367,0.61,0.71,2026-02-18,1838,N,VIIRS,h,2.0NRT,291.45,24.3,D
-29.1603,-57.33276,331.15,0.61,0.71,2026-02-18,1838,N,VIIRS,n,2.0NRT,290.72,10.45,D
-31.52785,-68.29841,338.38,0.44,0.38,2026-02-18,1838,N,VIIRS,l,2.0NRT,312.93,5.2,D
-29.59966,-59.75746,354.04,0.44,0.62,2026-02-18,1838,N,VIIRS,n,2.0NRT,295.88,0.59,D
-29.98689,-62.61264,335.63,0.59,0.53,2026-02-18,1838,N,VIIRS,n,2.0NRT,299.48,7.13,D
-29.98206,-62.61407,352.54,0.59,0.53,2026-02-18,1838,N,VIIRS,n,2.0NRT,299.41,13.98,D
-29.454,-60.72796,338.22,0.39,0.59,2026-02-18,1838,N,VIIRS,n,2.0NRT,298.3,2.2,D
-29.45499,-60.732,330.49,0.39,0.59,2026-02-18,1838,N,VIIRS,n,2.0NRT,298.77,2.2,D
-28.68729,-57.80791,330.8,0.59,0.7,2026-02-18,1838,N,VIIRS,n,2.0NRT,294.73,6.53,D
-29.45621,-60.99616,367,0.38,0.59,2026-02-18,1838,N,VIIRS,h,2.0NRT,301.27,10.11,D
-29.46187,-60.99596,335.53,0.38,0.59,2026-02-18,1838,N,VIIRS,n,2.0NRT,300.26,3.45,D
-29.4556,-60.99372,334.28,0.38,0.59,2026-02-18,1838,N,VIIRS,n,2.0NRT,300.48,3.45,D
-29.45654,-60.99762,356.63,0.38,0.59,2026-02-18,1838,N,VIIRS,n,2.0NRT,300.9,3.45,D
-29.17492,-60.80103,333.86,0.39,0.6,2026-02-18,1838,N,VIIRS,n,2.0NRT,300.89,5.1,D
-29.29541,-61.37391,334.71,0.36,0.58,2026-02-18,1838,N,VIIRS,n,2.0NRT,302.92,5.22,D
-29.51732,-62.73446,340.06,0.6,0.53,2026-02-18,1838,N,VIIRS,n,2.0NRT,300.41,5.49,D
-28.22379,-59.5663,332.78,0.49,0.65,2026-02-18,1838,N,VIIRS,n,2.0NRT,298.92,2.3,D
-28.03074,-59.21825,340.94,0.51,0.66,2026-02-18,1838,N,VIIRS,n,2.0NRT,298.15,5.46,D
-28.03437,-59.21836,340.5,0.51,0.66,2026-02-18,1838,N,VIIRS,n,2.0NRT,297.94,5.02,D
-27.62061,-58.3893,367,0.58,0.7,2026-02-18,1838,N,VIIRS,h,2.0NRT,295.83,13.75,D
-27.61424,-58.39139,340.93,0.58,0.7,2026-02-18,1838,N,VIIRS,n,2.0NRT,296.42,6.91,D
-27.61524,-58.39142,347.13,0.58,0.7,2026-02-18,1838,N,VIIRS,n,2.0NRT,296.67,6.79,D
-27.7295,-58.91094,330.68,0.54,0.68,2026-02-18,1838,N,VIIRS,n,2.0NRT,297.28,5.8,D
-27.62876,-58.83407,367,0.55,0.68,2026-02-18,1838,N,VIIRS,h,2.0NRT,298.78,10.35,D
-28.07672,-60.83963,330.04,0.41,0.61,2026-02-18,1838,N,VIIRS,l,2.0NRT,301.31,5.1,D
-26.97586,-58.9521,335.03,0.56,0.69,2026-02-18,1838,N,VIIRS,n,2.0NRT,300.32,3.88,D
-26.97661,-58.956,333.77,0.56,0.69,2026-02-18,1838,N,VIIRS,n,2.0NRT,300.98,3.23,D
-27.45202,-61.36881,345.7,0.4,0.6,2026-02-18,1838,N,VIIRS,n,2.0NRT,303.65,4.05,D
-26.63718,-58.73552,347.37,0.59,0.7,2026-02-18,1838,N,VIIRS,n,2.0NRT,299.33,6.49,D
-26.63079,-58.73755,333.34,0.59,0.7,2026-02-18,1838,N,VIIRS,n,2.0NRT,298.04,6.49,D
-26.48079,-58.35789,338.8,0.62,0.72,2026-02-18,1838,N,VIIRS,n,2.0NRT,301.39,9.4,D
-26.48403,-58.35873,340.51,0.62,0.72,2026-02-18,1838,N,VIIRS,n,2.0NRT,300.28,11.41,D
-26.08008,-57.99848,336.36,0.67,0.73,2026-02-18,1838,N,VIIRS,n,2.0NRT,300.31,4.55,D
-26.34317,-58.98713,343.79,0.58,0.7,2026-02-18,1838,N,VIIRS,n,2.0NRT,299.67,3.18,D
-26.07338,-58.00065,330.18,0.67,0.73,2026-02-18,1838,N,VIIRS,n,2.0NRT,299.34,4.55,D
-26.06055,-58.03394,339.51,0.66,0.73,2026-02-18,1838,N,VIIRS,n,2.0NRT,299.27,5.11,D
-26.06238,-58.04069,330.9,0.66,0.73,2026-02-18,1838,N,VIIRS,n,2.0NRT,298.5,5.11,D
-26.08081,-58.00123,331.08,0.67,0.73,2026-02-18,1838,N,VIIRS,n,2.0NRT,299.91,8.45,D
-26.06116,-58.03691,333,0.66,0.73,2026-02-18,1838,N,VIIRS,n,2.0NRT,298.78,16.76,D
-26.01932,-57.96178,341.9,0.67,0.74,2026-02-18,1838,N,VIIRS,n,2.0NRT,294.07,11.98,D
-26.18691,-59.17289,367,0.57,0.69,2026-02-18,1838,N,VIIRS,h,2.0NRT,305.76,15.53,D
-26.23207,-59.37352,341.53,0.55,0.68,2026-02-18,1838,N,VIIRS,n,2.0NRT,304.78,10.85,D
-26.23352,-59.37913,336.96,0.55,0.68,2026-02-18,1838,N,VIIRS,n,2.0NRT,305.1,8.57,D
-26.03466,-58.8299,341.01,0.6,0.71,2026-02-18,1838,N,VIIRS,n,2.0NRT,301.34,7,D
-26.0372,-58.83187,337.36,0.6,0.71,2026-02-18,1838,N,VIIRS,n,2.0NRT,302.81,4.21,D
-25.82537,-58.45763,331.03,0.64,0.72,2026-02-18,1838,N,VIIRS,n,2.0NRT,295.48,8.65,D
-25.70943,-57.88598,330.27,0.69,0.74,2026-02-18,1838,N,VIIRS,n,2.0NRT,291.78,5.54,D
-25.8203,-58.47059,345.63,0.64,0.72,2026-02-18,1838,N,VIIRS,n,2.0NRT,297.65,15.09,D
-25.58272,-57.66268,332.63,0.72,0.75,2026-02-18,1838,N,VIIRS,n,2.0NRT,292.81,8.14,D
-25.75517,-58.41375,367,0.64,0.72,2026-02-18,1838,N,VIIRS,h,2.0NRT,296.27,28.23,D
-25.91438,-59.04337,339.02,0.59,0.7,2026-02-18,1838,N,VIIRS,n,2.0NRT,298.38,5.33,D
-25.74431,-58.48037,367,0.64,0.72,2026-02-18,1838,N,VIIRS,h,2.0NRT,297.23,21.63,D
-25.72379,-58.43051,352.18,0.64,0.72,2026-02-18,1838,N,VIIRS,n,2.0NRT,295.32,17.37,D
-25.72553,-58.43703,356.46,0.64,0.72,2026-02-18,1838,N,VIIRS,n,2.0NRT,298.45,10.47,D
-25.72728,-58.44352,331.65,0.64,0.72,2026-02-18,1838,N,VIIRS,n,2.0NRT,299.01,10.47,D
-25.73249,-58.46296,340.12,0.64,0.72,2026-02-18,1838,N,VIIRS,n,2.0NRT,300.03,17.32,D
-25.73595,-58.47586,349.15,0.64,0.72,2026-02-18,1838,N,VIIRS,n,2.0NRT,298.04,21.63,D
-25.73769,-58.48235,349.53,0.64,0.72,2026-02-18,1838,N,VIIRS,n,2.0NRT,297.73,21.63,D
-25.75539,-58.41758,367,0.64,0.72,2026-02-18,1838,N,VIIRS,h,2.0NRT,296.23,16.93,D
-25.75369,-58.41105,333.42,0.64,0.72,2026-02-18,1838,N,VIIRS,n,2.0NRT,294.77,16.93,D
-25.91736,-59.04681,335.38,0.59,0.7,2026-02-18,1838,N,VIIRS,n,2.0NRT,298.55,4.2,D
-25.73062,-58.43243,337,0.64,0.72,2026-02-18,1838,N,VIIRS,n,2.0NRT,295.31,8.31,D
-25.73911,-58.46492,332.28,0.64,0.72,2026-02-18,1838,N,VIIRS,n,2.0NRT,298.59,10.46,D
-25.74251,-58.47791,354.41,0.64,0.72,2026-02-18,1838,N,VIIRS,n,2.0NRT,297.35,40.16,D
-25.7442,-58.48441,352.72,0.64,0.72,2026-02-18,1838,N,VIIRS,n,2.0NRT,296.37,38.47,D
-25.724,-58.43451,367,0.64,0.72,2026-02-18,1838,N,VIIRS,h,2.0NRT,297.68,12.51,D
-25.72571,-58.44102,346.4,0.64,0.72,2026-02-18,1838,N,VIIRS,n,2.0NRT,298.82,12.51,D
-25.7325,-58.46697,335.99,0.64,0.72,2026-02-18,1838,N,VIIRS,n,2.0NRT,299.32,17.57,D
-25.7342,-58.47345,330.93,0.64,0.72,2026-02-18,1838,N,VIIRS,n,2.0NRT,296.81,9.52,D
-25.73589,-58.47993,354.86,0.64,0.72,2026-02-18,1838,N,VIIRS,n,2.0NRT,298.16,9.52,D
-25.82977,-59.02873,343.15,0.59,0.7,2026-02-18,1838,N,VIIRS,n,2.0NRT,302.72,18.6,D
-25.83132,-59.03471,355.31,0.59,0.7,2026-02-18,1838,N,VIIRS,n,2.0NRT,302.41,16.01,D
-26.05286,-60.05341,330.25,0.51,0.66,2026-02-18,1838,N,VIIRS,n,2.0NRT,301.11,5.19,D
-26.05417,-60.05857,342.23,0.51,0.66,2026-02-18,1838,N,VIIRS,n,2.0NRT,300.98,5.19,D
-26.05074,-60.07067,333.75,0.51,0.66,2026-02-18,1838,N,VIIRS,n,2.0NRT,301.43,3.25,D
-26.05556,-60.05513,348.23,0.51,0.66,2026-02-18,1838,N,VIIRS,n,2.0NRT,302.09,8.89,D
-26.05684,-60.06031,337.5,0.51,0.66,2026-02-18,1838,N,VIIRS,n,2.0NRT,300.9,9.07,D
-26.05334,-60.07245,332,0.51,0.66,2026-02-18,1838,N,VIIRS,n,2.0NRT,301.15,3.02,D
-25.37647,-57.8105,331.6,0.71,0.75,2026-02-18,1838,N,VIIRS,n,2.0NRT,291.13,9.56,D
-25.68665,-59.05491,347.37,0.59,0.7,2026-02-18,1838,N,VIIRS,n,2.0NRT,299.79,12.74,D
-25.89674,-59.8665,354.61,0.53,0.67,2026-02-18,1838,N,VIIRS,n,2.0NRT,301.19,7.92,D
-25.37077,-57.80614,337.42,0.71,0.75,2026-02-18,1838,N,VIIRS,n,2.0NRT,290.47,10.07,D
-25.90037,-59.86878,337.66,0.53,0.67,2026-02-18,1838,N,VIIRS,n,2.0NRT,299.57,4.36,D
-25.6875,-59.05096,340.42,0.59,0.7,2026-02-18,1838,N,VIIRS,n,2.0NRT,299.89,10.6,D
-25.89423,-59.87061,338.95,0.53,0.67,2026-02-18,1838,N,VIIRS,n,2.0NRT,299.84,4.36,D
-25.63984,-59.00055,351.9,0.6,0.71,2026-02-18,1838,N,VIIRS,n,2.0NRT,301.93,14.13,D
-25.41901,-58.34748,331.89,0.66,0.73,2026-02-18,1838,N,VIIRS,n,2.0NRT,298.83,5.03,D
-25.7852,-59.85753,345.7,0.53,0.67,2026-02-18,1838,N,VIIRS,n,2.0NRT,303.24,4.68,D
-25.78656,-59.86287,330.55,0.53,0.67,2026-02-18,1838,N,VIIRS,l,2.0NRT,303.84,4.68,D
-25.35228,-58.28817,331.85,0.67,0.73,2026-02-18,1838,N,VIIRS,n,2.0NRT,298.44,4.47,D
-25.73844,-59.77886,348.19,0.54,0.68,2026-02-18,1838,N,VIIRS,n,2.0NRT,299.93,6.96,D
-25.42016,-58.3512,335.34,0.66,0.73,2026-02-18,1838,N,VIIRS,n,2.0NRT,299.25,6.87,D
-25.78862,-59.85568,336.96,0.53,0.67,2026-02-18,1838,N,VIIRS,n,2.0NRT,303.12,10.03,D
-25.73623,-59.77869,347.15,0.54,0.68,2026-02-18,1838,N,VIIRS,n,2.0NRT,301.27,8.88,D
-25.72522,-59.78783,331.94,0.54,0.68,2026-02-18,1838,N,VIIRS,n,2.0NRT,301.27,5.95,D
-25.27094,-58.28106,333.29,0.67,0.74,2026-02-18,1838,N,VIIRS,n,2.0NRT,296.78,5.4,D
-25.27457,-58.29459,336.95,0.67,0.74,2026-02-18,1838,N,VIIRS,n,2.0NRT,296.52,12.91,D
-25.26421,-58.28316,331.83,0.67,0.74,2026-02-18,1838,N,VIIRS,n,2.0NRT,296.29,5.4,D
-25.27413,-58.23783,330.75,0.68,0.74,2026-02-18,1838,N,VIIRS,n,2.0NRT,295.47,5.02,D
-25.39893,-58.71975,330.61,0.63,0.72,2026-02-18,1838,N,VIIRS,n,2.0NRT,296.29,7.16,D
-25.73437,-60.5714,331.62,0.48,0.65,2026-02-18,1840,N,VIIRS,n,2.0NRT,300.64,2.65,D
-22.26486,-63.46471,341.84,0.39,0.59,2026-02-18,1840,N,VIIRS,n,2.0NRT,310.5,6.73,D
-22.57409,-63.71687,348.16,0.37,0.58,2026-02-18,1840,N,VIIRS,n,2.0NRT,313.13,3.57,D
-22.84352,-63.77548,367,0.36,0.57,2026-02-18,1840,N,VIIRS,h,2.0NRT,316,7.55,D
-24.47553,-61.20839,350.83,0.47,0.64,2026-02-18,1840,N,VIIRS,n,2.0NRT,305.59,24.93,D
-24.47665,-61.21312,367,0.47,0.64,2026-02-18,1840,N,VIIRS,h,2.0NRT,307.22,11.77,D
-24.48253,-61.21145,352.73,0.47,0.64,2026-02-18,1840,N,VIIRS,n,2.0NRT,307.05,11.77,D
-25.26462,-58.28511,333.39,0.67,0.74,2026-02-18,1840,N,VIIRS,n,2.0NRT,296.81,8.71,D
-24.47911,-61.21317,356.25,0.47,0.64,2026-02-18,1840,N,VIIRS,n,2.0NRT,306.79,17.5,D
-24.47796,-61.20846,367,0.47,0.64,2026-02-18,1840,N,VIIRS,h,2.0NRT,309.79,30.42,D
-25.90316,-63.85394,338.74,0.61,0.54,2026-02-18,1840,N,VIIRS,l,2.0NRT,312.63,11.12,D
-25.90943,-63.85878,346.11,0.61,0.54,2026-02-18,1840,N,VIIRS,n,2.0NRT,312.43,10.46,D
-25.36654,-60.28317,333.61,0.51,0.66,2026-02-18,1840,N,VIIRS,n,2.0NRT,303.94,4.09,D
-25.02493,-58.6472,331.82,0.65,0.73,2026-02-18,1840,N,VIIRS,n,2.0NRT,298.74,5.92,D
-25.74759,-58.4281,334.99,0.58,0.7,2026-02-19,0414,N,VIIRS,n,2.0NRT,294.66,5,N
-25.73503,-58.42623,319.08,0.58,0.7,2026-02-19,0414,N,VIIRS,n,2.0NRT,294.56,2.63,N
-25.73655,-58.42034,316.63,0.58,0.7,2026-02-19,0414,N,VIIRS,n,2.0NRT,293.96,2.63,N
-25.74928,-58.42446,332.92,0.58,0.7,2026-02-19,0414,N,VIIRS,n,2.0NRT,294.47,4.94,N
-25.73244,-58.48977,311.05,0.59,0.7,2026-02-19,0414,N,VIIRS,n,2.0NRT,294.11,1.58,N
-25.74776,-58.43038,313.92,0.58,0.7,2026-02-19,0414,N,VIIRS,n,2.0NRT,294.45,4.94,N
-25.73884,-58.4918,315.24,0.59,0.7,2026-02-19,0414,N,VIIRS,n,2.0NRT,294.81,2.95,N
-25.74914,-58.4222,312.56,0.58,0.7,2026-02-19,0414,N,VIIRS,n,2.0NRT,293.97,5,N
-25.57125,-59.46727,336.39,0.68,0.74,2026-02-19,0414,N,VIIRS,n,2.0NRT,294.64,6.23,N
-26.07471,-58.03346,337.25,0.55,0.68,2026-02-19,0414,N,VIIRS,n,2.0NRT,294.31,3.19,N
-26.07612,-58.02794,311.3,0.54,0.68,2026-02-19,0414,N,VIIRS,n,2.0NRT,293.6,3.19,N
-25.65755,-59.74543,319.69,0.7,0.75,2026-02-19,0414,N,VIIRS,n,2.0NRT,295.68,5.41,N
-26.07148,-58.02869,328.49,0.54,0.68,2026-02-19,0414,N,VIIRS,n,2.0NRT,293.83,3.96,N
-26.07004,-58.0342,315.46,0.54,0.68,2026-02-19,0414,N,VIIRS,n,2.0NRT,293.83,4.21,N
-26.00822,-59.27904,308.28,0.64,0.72,2026-02-19,0414,N,VIIRS,n,2.0NRT,295.8,2.96,N
-26.66144,-58.38262,313.11,0.55,0.68,2026-02-19,0414,N,VIIRS,n,2.0NRT,294.49,2.39,N
-27.61004,-55.15662,325.49,0.34,0.56,2026-02-19,0414,N,VIIRS,n,2.0NRT,292.25,2.96,N
-27.61085,-55.15316,318.2,0.34,0.56,2026-02-19,0414,N,VIIRS,n,2.0NRT,291.91,1.69,N
-25.29109,-58.24786,306.43,0.58,0.7,2026-02-19,0414,N,VIIRS,n,2.0NRT,289,1.72,N
-25.29257,-58.24197,307.67,0.58,0.7,2026-02-19,0414,N,VIIRS,n,2.0NRT,289.42,1.72,N
-21.99939,-63.38956,343.36,0.4,0.45,2026-02-19,0552,N,VIIRS,n,2.0NRT,299.74,23.73,N
-21.99989,-63.38559,347.91,0.4,0.45,2026-02-19,0552,N,VIIRS,n,2.0NRT,297.26,15.53,N
-22.26464,-63.4633,325.36,0.4,0.44,2026-02-19,0552,N,VIIRS,n,2.0NRT,293.9,2.18,N
-28.66611,-61.55049,311.62,0.62,0.54,2026-02-19,0554,N,VIIRS,n,2.0NRT,288.84,2.53,N
-23.83678,-64.19801,332.77,0.57,0.43,2026-02-19,0554,N,VIIRS,n,2.0NRT,293.38,6.35,N
-26.66764,-58.38196,304.22,0.46,0.64,2026-02-19,0554,N,VIIRS,n,2.0NRT,285.76,0.68,N
-29.37207,-63.03812,309.87,0.52,0.5,2026-02-19,0554,N,VIIRS,n,2.0NRT,294.89,1.3,N
-26.19568,-59.75901,303.34,0.38,0.59,2026-02-19,0554,N,VIIRS,n,2.0NRT,290.69,0.72,N
-26.18984,-59.76232,303.23,0.38,0.59,2026-02-19,0554,N,VIIRS,n,2.0NRT,291.17,1.16,N
-26.15071,-59.76593,308.82,0.38,0.59,2026-02-19,0554,N,VIIRS,n,2.0NRT,291.91,0.81,N
-26.15038,-59.76981,308.8,0.38,0.59,2026-02-19,0554,N,VIIRS,n,2.0NRT,292.24,0.81,N
-26.00978,-59.27523,305.8,0.4,0.6,2026-02-19,0554,N,VIIRS,n,2.0NRT,291.93,1.2,N
-26.66163,-58.38138,310.19,0.46,0.64,2026-02-19,0554,N,VIIRS,n,2.0NRT,284.06,0.68,N
-26.00944,-59.27939,308.81,0.4,0.6,2026-02-19,0554,N,VIIRS,n,2.0NRT,292.75,1.2,N
-25.65878,-59.74694,320.26,0.37,0.58,2026-02-19,0554,N,VIIRS,n,2.0NRT,291.84,2.01,N
-25.74058,-58.41786,308.78,0.45,0.63,2026-02-19,0554,N,VIIRS,n,2.0NRT,292.8,1.45,N
-25.74021,-58.42254,309.65,0.45,0.63,2026-02-19,0554,N,VIIRS,n,2.0NRT,293,2.09,N
-25.73443,-58.49679,307,0.45,0.63,2026-02-19,0554,N,VIIRS,n,2.0NRT,293.41,4.25,N
-25.73479,-58.49217,328.96,0.45,0.63,2026-02-19,0554,N,VIIRS,n,2.0NRT,294.04,4.51,N
-25.73428,-58.42194,323.9,0.45,0.63,2026-02-19,0554,N,VIIRS,n,2.0NRT,293.4,2.79,N
-25.57291,-59.46564,317.98,0.39,0.59,2026-02-19,0554,N,VIIRS,n,2.0NRT,292.02,1.64,N
-35.11427,-67.21994,298.48,0.54,0.42,2026-02-19,0557,N,VIIRS,n,2.0NRT,287.97,0.38,N
-35.1182,-67.2206,298.14,0.54,0.42,2026-02-19,0557,N,VIIRS,n,2.0NRT,287.7,0.55,N
-35.11683,-67.2326,299.41,0.54,0.42,2026-02-19,0557,N,VIIRS,n,2.0NRT,288.42,0.58,N
-38.26569,-68.62675,297.52,0.5,0.41,2026-02-19,0559,N,VIIRS,n,2.0NRT,284.75,0.75,N
-37.08746,-69.47556,316.22,0.45,0.39,2026-02-19,0559,N,VIIRS,n,2.0NRT,286.24,1.76,N
-37.71225,-69.13837,297.73,0.47,0.4,2026-02-19,0559,N,VIIRS,n,2.0NRT,284.49,1.05,N
-37.71289,-69.13297,309.13,0.47,0.4,2026-02-19,0559,N,VIIRS,n,2.0NRT,284.96,0.98,N
-37.72121,-69.18979,312.46,0.47,0.4,2026-02-19,0559,N,VIIRS,n,2.0NRT,283.07,1.13,N
-38.09477,-68.60581,296.39,0.5,0.41,2026-02-19,0559,N,VIIRS,n,2.0NRT,285.83,0.48,N
-38.09857,-68.60658,296.45,0.5,0.41,2026-02-19,0559,N,VIIRS,n,2.0NRT,285.64,0.48,N
-38.15834,-68.69441,343.73,0.5,0.41,2026-02-19,0559,N,VIIRS,n,2.0NRT,285.2,6.73,N
-38.27279,-68.69923,302.03,0.5,0.41,2026-02-19,0559,N,VIIRS,n,2.0NRT,285.67,0.68,N
-38.27657,-68.70001,295.42,0.5,0.41,2026-02-19,0559,N,VIIRS,n,2.0NRT,284.23,0.62,N
-38.27451,-68.70001,306.96,0.5,0.41,2026-02-19,0559,N,VIIRS,n,2.0NRT,285.53,1.02,N
-38.41639,-68.77036,301.57,0.5,0.41,2026-02-19,0559,N,VIIRS,n,2.0NRT,287.04,0.52,N
-38.49827,-68.32424,296.22,0.52,0.42,2026-02-19,0559,N,VIIRS,n,2.0NRT,285.06,0.55,N
-38.70052,-68.70022,327.77,0.51,0.41,2026-02-19,0559,N,VIIRS,n,2.0NRT,286.86,1.56,N
-38.74481,-68.83656,331.03,0.5,0.41,2026-02-19,0559,N,VIIRS,n,2.0NRT,287.66,4.7,N
-38.74697,-68.9183,301.76,0.5,0.41,2026-02-19,0559,N,VIIRS,n,2.0NRT,286.01,0.6,N
-26.32343,-54.49511,335.36,0.47,0.64,2026-02-19,1639,N,VIIRS,n,2.0NRT,296.46,3.47,D
-26.12275,-58.18104,331.09,0.78,0.78,2026-02-19,1639,N,VIIRS,n,2.0NRT,285.01,5.1,D
-26.08646,-58.03663,346.16,0.76,0.77,2026-02-19,1639,N,VIIRS,n,2.0NRT,287.25,23.5,D
-26.12252,-58.18044,330.29,0.78,0.78,2026-02-19,1639,N,VIIRS,n,2.0NRT,285.41,8.3,D
-26.08541,-58.0361,353.6,0.76,0.77,2026-02-19,1639,N,VIIRS,n,2.0NRT,287.58,9.43,D
-26.07811,-58.03648,330.42,0.76,0.77,2026-02-19,1639,N,VIIRS,n,2.0NRT,287.82,9.43,D
-26.00847,-57.96024,333.38,0.75,0.77,2026-02-19,1639,N,VIIRS,n,2.0NRT,286.11,12.5,D
-25.84887,-57.98631,343.34,0.75,0.77,2026-02-19,1639,N,VIIRS,n,2.0NRT,285.91,15.14,D
-25.8485,-57.97838,357.53,0.75,0.77,2026-02-19,1639,N,VIIRS,l,2.0NRT,286.93,15.14,D
-25.85421,-57.9787,353.05,0.75,0.77,2026-02-19,1639,N,VIIRS,n,2.0NRT,285.75,15.52,D
-25.85463,-57.98662,331.36,0.75,0.77,2026-02-19,1639,N,VIIRS,n,2.0NRT,286.1,12.95,D
-25.84694,-57.97908,345.15,0.75,0.77,2026-02-19,1639,N,VIIRS,n,2.0NRT,287.02,15.83,D
-25.84736,-57.987,334.99,0.75,0.77,2026-02-19,1639,N,VIIRS,n,2.0NRT,286.04,9.7,D
-25.80214,-57.81728,335.9,0.73,0.76,2026-02-19,1639,N,VIIRS,n,2.0NRT,288.32,5.45,D
-25.54504,-57.66872,339.13,0.72,0.75,2026-02-19,1639,N,VIIRS,n,2.0NRT,286.52,11.37,D
-25.55227,-57.95243,367,0.75,0.77,2026-02-19,1639,N,VIIRS,h,2.0NRT,290.69,20.8,D
-25.54974,-57.66898,338.9,0.72,0.75,2026-02-19,1639,N,VIIRS,n,2.0NRT,287.4,8.56,D
-25.55146,-57.95274,355.89,0.75,0.77,2026-02-19,1639,N,VIIRS,n,2.0NRT,290.42,19.04,D
-25.51571,-57.57407,331.21,0.71,0.75,2026-02-19,1639,N,VIIRS,n,2.0NRT,286.75,1.9,D
-25.46888,-57.62891,330.87,0.71,0.75,2026-02-19,1639,N,VIIRS,n,2.0NRT,287.07,9.64,D
-25.4542,-58.34489,353.52,0.79,0.78,2026-02-19,1639,N,VIIRS,n,2.0NRT,290.59,12.85,D
-25.44681,-58.34532,352.37,0.79,0.78,2026-02-19,1639,N,VIIRS,n,2.0NRT,289.06,12.85,D
-25.47227,-57.62964,332.26,0.71,0.75,2026-02-19,1639,N,VIIRS,n,2.0NRT,287.17,6.97,D
-25.45453,-58.34485,345.79,0.79,0.78,2026-02-19,1639,N,VIIRS,n,2.0NRT,290.31,12.33,D
-25.44715,-58.34525,349.91,0.79,0.78,2026-02-19,1639,N,VIIRS,n,2.0NRT,287.85,12.33,D
-25.44147,-58.37868,347.71,0.79,0.78,2026-02-19,1639,N,VIIRS,n,2.0NRT,290.7,17.59,D
-25.43408,-58.37907,367,0.79,0.78,2026-02-19,1639,N,VIIRS,h,2.0NRT,291.58,17.59,D
-25.4345,-58.38734,367,0.79,0.78,2026-02-19,1639,N,VIIRS,h,2.0NRT,291.38,17.59,D
-25.42668,-58.37948,342.47,0.79,0.78,2026-02-19,1639,N,VIIRS,n,2.0NRT,287.85,7.15,D
-25.4271,-58.38773,338.78,0.79,0.78,2026-02-19,1639,N,VIIRS,n,2.0NRT,291.28,7.15,D
-25.41148,-58.37201,337.06,0.79,0.78,2026-02-19,1639,N,VIIRS,n,2.0NRT,291.4,13.68,D
-25.41189,-58.38026,343,0.79,0.78,2026-02-19,1639,N,VIIRS,n,2.0NRT,290.79,10.24,D
-25.34501,-57.92631,347.12,0.74,0.76,2026-02-19,1639,N,VIIRS,n,2.0NRT,288.66,22.59,D
-25.3454,-57.93403,347.89,0.74,0.76,2026-02-19,1639,N,VIIRS,n,2.0NRT,287.84,16.51,D
-25.41312,-58.37635,367,0.79,0.78,2026-02-19,1639,N,VIIRS,h,2.0NRT,291.3,21.49,D
-25.35717,-57.90671,332.07,0.74,0.76,2026-02-19,1639,N,VIIRS,n,2.0NRT,288.68,11.69,D
-25.35084,-57.92257,334.72,0.74,0.76,2026-02-19,1639,N,VIIRS,n,2.0NRT,288.48,7.25,D
-25.35128,-57.93029,330.09,0.74,0.76,2026-02-19,1639,N,VIIRS,n,2.0NRT,287.44,7.25,D
-25.34363,-57.923,336.36,0.74,0.76,2026-02-19,1639,N,VIIRS,n,2.0NRT,288.89,10.63,D
-25.34407,-57.93076,340.46,0.74,0.76,2026-02-19,1639,N,VIIRS,n,2.0NRT,288.48,10.63,D
-25.13356,-58.26133,339.63,0.77,0.78,2026-02-19,1639,N,VIIRS,n,2.0NRT,292.67,15.62,D
-25.13394,-58.26193,332.12,0.77,0.77,2026-02-19,1639,N,VIIRS,n,2.0NRT,292.5,16.06,D
-25.13438,-58.27003,335.92,0.77,0.78,2026-02-19,1639,N,VIIRS,n,2.0NRT,291.03,6.77,D
-43.30764,-65.66942,336.19,0.42,0.37,2026-02-19,1817,N,VIIRS,l,2.0NRT,309.88,3.69,D
-40.73479,-63.31366,346.46,0.38,0.36,2026-02-19,1817,N,VIIRS,n,2.0NRT,313.38,17.81,D
-38.34774,-58.16494,335.65,0.57,0.43,2026-02-19,1817,N,VIIRS,n,2.0NRT,302.77,5.44,D
-38.34784,-58.16315,347.76,0.38,0.43,2026-02-19,1817,N,VIIRS,n,2.0NRT,302.17,4.76,D
-38.76594,-62.29477,334.67,0.4,0.37,2026-02-19,1817,N,VIIRS,n,2.0NRT,305.95,1.86,D
-38.96376,-68.03555,338.51,0.45,0.39,2026-02-19,1817,N,VIIRS,l,2.0NRT,309.37,3.3,D
-33.92216,-69.14722,340.63,0.44,0.38,2026-02-19,1817,N,VIIRS,l,2.0NRT,314.66,2.34,D
-34.12152,-67.48419,338.78,0.4,0.37,2026-02-19,1817,N,VIIRS,l,2.0NRT,312.51,0.62,D
-35.1169,-67.21667,336.47,0.4,0.37,2026-02-19,1817,N,VIIRS,l,2.0NRT,310.35,4.36,D
-25.13012,-58.25779,339.01,0.36,0.57,2026-02-19,1819,N,VIIRS,n,2.0NRT,296.98,6.43,D
-38.41966,-70.92062,332.28,0.39,0.44,2026-02-19,1819,N,VIIRS,n,2.0NRT,306.5,3.22,D
-38.41556,-70.92112,340.94,0.39,0.44,2026-02-19,1819,N,VIIRS,n,2.0NRT,301.46,8.04,D
-38.4161,-70.92657,339.84,0.39,0.44,2026-02-19,1819,N,VIIRS,n,2.0NRT,302.05,5.63,D
-35.92415,-58.35058,339.9,0.42,0.45,2026-02-19,1819,N,VIIRS,n,2.0NRT,297.45,1.58,D
-34.86522,-58.34822,335.65,0.44,0.46,2026-02-19,1819,N,VIIRS,n,2.0NRT,293.43,4.34,D
-30.20337,-61.02584,340.27,0.39,0.44,2026-02-19,1819,N,VIIRS,n,2.0NRT,293.95,2.76,D
-29.28162,-59.53927,342.07,0.49,0.49,2026-02-19,1819,N,VIIRS,n,2.0NRT,290.96,8.9,D
-29.22681,-61.79756,332.84,0.56,0.43,2026-02-19,1819,N,VIIRS,n,2.0NRT,299.77,1.94,D
-29.22287,-61.79855,330.02,0.56,0.43,2026-02-19,1819,N,VIIRS,n,2.0NRT,299.14,3.07,D
-27.29823,-58.75114,353.99,0.6,0.53,2026-02-19,1819,N,VIIRS,n,2.0NRT,299.23,36.29,D
-27.29337,-58.75249,335.88,0.6,0.53,2026-02-19,1819,N,VIIRS,n,2.0NRT,296.13,36.29,D
-27.29688,-58.74776,343.11,0.6,0.53,2026-02-19,1819,N,VIIRS,n,2.0NRT,297.45,38.12,D
-27.29822,-58.75389,332.64,0.6,0.53,2026-02-19,1819,N,VIIRS,n,2.0NRT,296.19,20.09,D
-27.60171,-60.73226,339.46,0.46,0.47,2026-02-19,1819,N,VIIRS,n,2.0NRT,306.43,4,D
-27.60268,-60.73687,335.74,0.45,0.47,2026-02-19,1819,N,VIIRS,n,2.0NRT,304.76,2.04,D
-27.133,-58.85037,331.98,0.6,0.53,2026-02-19,1819,N,VIIRS,n,2.0NRT,301.38,7.95,D
-27.4191,-61.01719,354.68,0.44,0.46,2026-02-19,1819,N,VIIRS,n,2.0NRT,306.69,11.26,D
-27.37529,-61.00003,344.68,0.44,0.46,2026-02-19,1819,N,VIIRS,n,2.0NRT,303.8,4.59,D
-27.37622,-61.00452,341.8,0.44,0.46,2026-02-19,1819,N,VIIRS,n,2.0NRT,305.21,4.59,D
-27.37103,-61.00112,338.35,0.44,0.46,2026-02-19,1819,N,VIIRS,n,2.0NRT,301.18,4.59,D
-27.37196,-61.0056,341.51,0.44,0.46,2026-02-19,1819,N,VIIRS,n,2.0NRT,302.05,4.59,D
-27.29428,-61.22639,335.14,0.43,0.46,2026-02-19,1819,N,VIIRS,n,2.0NRT,303.76,5.09,D
-26.66693,-58.3789,332.87,0.33,0.55,2026-02-19,1819,N,VIIRS,n,2.0NRT,295.3,3.98,D
-27.10713,-60.41711,341.14,0.49,0.48,2026-02-19,1819,N,VIIRS,n,2.0NRT,302.07,6.06,D
-27.1027,-60.41825,367,0.49,0.48,2026-02-19,1819,N,VIIRS,h,2.0NRT,302.05,6.06,D
-27.10165,-60.41334,330.5,0.49,0.48,2026-02-19,1819,N,VIIRS,n,2.0NRT,300.36,6.2,D
-27.10374,-60.42315,337.4,0.48,0.48,2026-02-19,1819,N,VIIRS,n,2.0NRT,301.12,6.06,D
-27.09722,-60.41449,347.19,0.49,0.48,2026-02-19,1819,N,VIIRS,n,2.0NRT,301.79,10.96,D
-27.09827,-60.4194,333.19,0.49,0.48,2026-02-19,1819,N,VIIRS,n,2.0NRT,300.53,3.44,D
-27.10448,-60.41614,344.95,0.49,0.48,2026-02-19,1819,N,VIIRS,n,2.0NRT,302.31,8.58,D
-27.10549,-60.42107,349.09,0.49,0.48,2026-02-19,1819,N,VIIRS,n,2.0NRT,301.92,8.58,D
-27.09903,-60.41236,335.19,0.49,0.48,2026-02-19,1819,N,VIIRS,n,2.0NRT,301.01,7.86,D
-27.10005,-60.41729,355.21,0.49,0.48,2026-02-19,1819,N,VIIRS,n,2.0NRT,302.11,5.88,D
-27.09562,-60.41845,332.12,0.49,0.48,2026-02-19,1819,N,VIIRS,n,2.0NRT,300.38,5.88,D
-26.55473,-58.66518,333.4,0.63,0.54,2026-02-19,1819,N,VIIRS,n,2.0NRT,298.83,4.42,D
-26.45112,-58.46579,347.66,0.33,0.55,2026-02-19,1819,N,VIIRS,n,2.0NRT,297.41,6.58,D
-26.94804,-60.7418,335.65,0.47,0.48,2026-02-19,1819,N,VIIRS,n,2.0NRT,305.04,4.13,D
-26.4483,-58.46517,367,0.33,0.55,2026-02-19,1819,N,VIIRS,h,2.0NRT,300.28,28.02,D
-26.44903,-58.46846,357.37,0.33,0.55,2026-02-19,1819,N,VIIRS,n,2.0NRT,300.62,20.57,D
-26.44326,-58.46656,367,0.33,0.55,2026-02-19,1819,N,VIIRS,h,2.0NRT,301,10.56,D
-26.44545,-58.47641,337.02,0.33,0.55,2026-02-19,1819,N,VIIRS,n,2.0NRT,294,2.79,D
-26.43822,-58.46794,367,0.33,0.55,2026-02-19,1819,N,VIIRS,h,2.0NRT,294.56,10.56,D
-26.43749,-58.46466,351.15,0.33,0.55,2026-02-19,1819,N,VIIRS,n,2.0NRT,295.78,10.56,D
-26.41022,-58.48605,367,0.33,0.55,2026-02-19,1819,N,VIIRS,h,2.0NRT,298.63,9.01,D
-26.5561,-59.21151,341.1,0.59,0.53,2026-02-19,1819,N,VIIRS,n,2.0NRT,298.18,11.92,D
-26.39863,-58.7164,335.59,0.63,0.54,2026-02-19,1819,N,VIIRS,n,2.0NRT,298.7,24.61,D
-26.39222,-58.71141,344.26,0.63,0.54,2026-02-19,1819,N,VIIRS,n,2.0NRT,297.13,52.28,D
-26.39366,-58.71774,338.64,0.63,0.54,2026-02-19,1819,N,VIIRS,n,2.0NRT,305.61,33.3,D
-26.3951,-58.72408,333.62,0.63,0.54,2026-02-19,1819,N,VIIRS,n,2.0NRT,299.09,33.3,D
-26.38725,-58.71274,344.58,0.63,0.54,2026-02-19,1819,N,VIIRS,n,2.0NRT,299.68,52.28,D
-26.38869,-58.71908,353.35,0.63,0.54,2026-02-19,1819,N,VIIRS,n,2.0NRT,299.59,33.3,D
-26.39014,-58.72541,336.97,0.63,0.54,2026-02-19,1819,N,VIIRS,n,2.0NRT,300.3,33.3,D
-26.39434,-58.71347,346.43,0.63,0.54,2026-02-19,1819,N,VIIRS,n,2.0NRT,305.07,197.02,D
-26.38937,-58.71482,354,0.63,0.54,2026-02-19,1819,N,VIIRS,n,2.0NRT,301.65,44.56,D
-26.39077,-58.72118,347.91,0.63,0.54,2026-02-19,1819,N,VIIRS,n,2.0NRT,301.4,44.56,D
-26.39217,-58.72752,337.38,0.63,0.54,2026-02-19,1819,N,VIIRS,n,2.0NRT,299.02,8.91,D
-26.38861,-58.73522,342.58,0.63,0.54,2026-02-19,1819,N,VIIRS,n,2.0NRT,299.21,8.91,D
-26.39001,-58.74157,347.24,0.63,0.54,2026-02-19,1819,N,VIIRS,n,2.0NRT,300.38,13.7,D
-26.38083,-58.72387,339.82,0.63,0.54,2026-02-19,1819,N,VIIRS,n,2.0NRT,300.81,14.65,D
-26.38364,-58.73657,334.26,0.63,0.54,2026-02-19,1819,N,VIIRS,n,2.0NRT,298.59,14.87,D
-26.38504,-58.7429,345.17,0.63,0.54,2026-02-19,1819,N,VIIRS,n,2.0NRT,298.33,9.91,D
-26.37586,-58.72522,346.04,0.63,0.54,2026-02-19,1819,N,VIIRS,n,2.0NRT,301.18,14.65,D
-26.38008,-58.74424,344.44,0.63,0.54,2026-02-19,1819,N,VIIRS,n,2.0NRT,299.95,9.91,D
-26.3709,-58.72656,354.43,0.63,0.54,2026-02-19,1819,N,VIIRS,n,2.0NRT,299.41,47.1,D
-26.37371,-58.73924,335.97,0.63,0.54,2026-02-19,1819,N,VIIRS,n,2.0NRT,303.3,8.78,D
-26.36875,-58.7406,335.9,0.63,0.54,2026-02-19,1819,N,VIIRS,n,2.0NRT,302.67,8.78,D
-26.35385,-58.74462,346.02,0.63,0.54,2026-02-19,1819,N,VIIRS,n,2.0NRT,299.19,19.09,D
-26.37082,-58.9861,337.01,0.61,0.53,2026-02-19,1819,N,VIIRS,n,2.0NRT,302.73,10.35,D
-26.08813,-58.02895,332.71,0.35,0.57,2026-02-19,1819,N,VIIRS,n,2.0NRT,295.32,10.62,D
-26.08973,-58.03595,350.42,0.35,0.57,2026-02-19,1819,N,VIIRS,n,2.0NRT,297.56,5.26,D
-26.08291,-58.03036,367,0.35,0.57,2026-02-19,1819,N,VIIRS,h,2.0NRT,297.41,5.39,D
-26.08372,-58.03386,347.8,0.35,0.57,2026-02-19,1819,N,VIIRS,n,2.0NRT,298.41,5.39,D
-26.08452,-58.03737,342.06,0.35,0.57,2026-02-19,1819,N,VIIRS,n,2.0NRT,297.73,2.8,D
-26.07609,-58.02472,347.52,0.35,0.57,2026-02-19,1819,N,VIIRS,n,2.0NRT,297.18,5.6,D
-26.0769,-58.02825,333.93,0.35,0.57,2026-02-19,1819,N,VIIRS,n,2.0NRT,297.03,5.6,D
-26.07771,-58.03177,346.66,0.35,0.57,2026-02-19,1819,N,VIIRS,n,2.0NRT,298.35,5.39,D
-26.07851,-58.03529,330.7,0.35,0.57,2026-02-19,1819,N,VIIRS,n,2.0NRT,298.99,5.39,D
-26.07932,-58.03881,334.29,0.35,0.57,2026-02-19,1819,N,VIIRS,n,2.0NRT,297.76,2.8,D
-26.07169,-58.02967,367,0.35,0.57,2026-02-19,1819,N,VIIRS,h,2.0NRT,298.61,6.86,D
-26.05122,-57.94072,348.22,0.36,0.57,2026-02-19,1819,N,VIIRS,n,2.0NRT,299.09,4.2,D
-26.07088,-58.02615,335.75,0.35,0.57,2026-02-19,1819,N,VIIRS,n,2.0NRT,299.19,6.86,D
-26.0725,-58.0332,342.42,0.35,0.57,2026-02-19,1819,N,VIIRS,n,2.0NRT,296.97,4.24,D
-26.07331,-58.03672,338.15,0.35,0.57,2026-02-19,1819,N,VIIRS,n,2.0NRT,296.92,4.24,D
-26.04516,-57.93859,332.78,0.36,0.57,2026-02-19,1819,N,VIIRS,n,2.0NRT,297.21,5.66,D
-26.04598,-57.94218,333.08,0.36,0.57,2026-02-19,1819,N,VIIRS,n,2.0NRT,297.86,4.2,D
-26.0468,-57.94574,348.98,0.36,0.57,2026-02-19,1819,N,VIIRS,n,2.0NRT,296.02,4.2,D
-26.03909,-57.93646,367,0.36,0.57,2026-02-19,1819,N,VIIRS,h,2.0NRT,297.02,5.74,D
-26.03826,-57.93287,331.12,0.36,0.57,2026-02-19,1819,N,VIIRS,n,2.0NRT,295.7,7.45,D
-26.03992,-57.94004,339.02,0.36,0.57,2026-02-19,1819,N,VIIRS,n,2.0NRT,295.91,5.74,D
-26.01251,-57.89408,367,0.36,0.57,2026-02-19,1819,N,VIIRS,h,2.0NRT,299.2,12.07,D
-26.2501,-58.93367,339.19,0.62,0.54,2026-02-19,1819,N,VIIRS,n,2.0NRT,296.48,4.91,D
-26.25425,-58.9522,338.21,0.62,0.54,2026-02-19,1819,N,VIIRS,n,2.0NRT,300.5,6.18,D
-26.24517,-58.93498,341.66,0.62,0.54,2026-02-19,1819,N,VIIRS,n,2.0NRT,300.55,7.79,D
-26.24656,-58.94116,339.66,0.62,0.54,2026-02-19,1819,N,VIIRS,n,2.0NRT,302.33,7.79,D
-26.24933,-58.95351,344.03,0.62,0.54,2026-02-19,1819,N,VIIRS,n,2.0NRT,302.52,10.92,D
-26.0154,-57.9544,332.8,0.36,0.57,2026-02-19,1819,N,VIIRS,n,2.0NRT,298.91,3.66,D
-26.24164,-58.94249,345.62,0.62,0.54,2026-02-19,1819,N,VIIRS,n,2.0NRT,301,7.79,D
-26.24442,-58.95481,333.69,0.62,0.54,2026-02-19,1819,N,VIIRS,n,2.0NRT,302.72,10.92,D
-26.22968,-58.95879,346.83,0.62,0.54,2026-02-19,1819,N,VIIRS,n,2.0NRT,299.91,15.47,D
-26.24595,-58.93539,343.97,0.62,0.54,2026-02-19,1819,N,VIIRS,n,2.0NRT,300.51,11.6,D
-26.2473,-58.94159,337.56,0.62,0.54,2026-02-19,1819,N,VIIRS,n,2.0NRT,302.03,12.18,D
-26.24999,-58.95397,344.62,0.62,0.54,2026-02-19,1819,N,VIIRS,n,2.0NRT,301.49,13.34,D
-26.0099,-57.89421,349.18,0.36,0.57,2026-02-19,1819,N,VIIRS,n,2.0NRT,296.92,6.72,D
-26.24239,-58.94293,348,0.62,0.54,2026-02-19,1819,N,VIIRS,n,2.0NRT,301.94,17.97,D
-26.24508,-58.95529,335.67,0.62,0.54,2026-02-19,1819,N,VIIRS,n,2.0NRT,302.34,10.89,D
-26.22898,-58.95311,334.63,0.62,0.54,2026-02-19,1819,N,VIIRS,n,2.0NRT,297.93,9.5,D
-26.23034,-58.9593,345.76,0.62,0.54,2026-02-19,1819,N,VIIRS,n,2.0NRT,299.49,10.57,D
-26.00359,-57.96481,335.29,0.36,0.57,2026-02-19,1819,N,VIIRS,n,2.0NRT,299.64,6.3,D
-26.0044,-57.96839,341.7,0.36,0.57,2026-02-19,1819,N,VIIRS,n,2.0NRT,299.4,4.14,D
-26.07883,-58.44345,347.63,0.33,0.55,2026-02-19,1819,N,VIIRS,n,2.0NRT,298.63,4.14,D
-26.10528,-58.67996,334.93,0.32,0.55,2026-02-19,1819,N,VIIRS,n,2.0NRT,296.75,4.12,D
-25.92591,-57.99006,367,0.36,0.57,2026-02-19,1819,N,VIIRS,h,2.0NRT,300.33,14.8,D
-25.92673,-57.99363,355.6,0.36,0.57,2026-02-19,1819,N,VIIRS,n,2.0NRT,299.3,14.8,D
-25.92262,-57.99167,367,0.36,0.57,2026-02-19,1819,N,VIIRS,h,2.0NRT,298.45,8.23,D
-25.92343,-57.99525,351.1,0.36,0.57,2026-02-19,1819,N,VIIRS,n,2.0NRT,296.64,8.23,D
-26.06398,-58.69933,340.65,0.32,0.55,2026-02-19,1819,N,VIIRS,n,2.0NRT,300.3,3.64,D
-26.05968,-58.7039,333.74,0.32,0.55,2026-02-19,1819,N,VIIRS,n,2.0NRT,301.03,2.98,D
-25.84797,-57.98172,338.72,0.36,0.57,2026-02-19,1819,N,VIIRS,n,2.0NRT,297.57,4.17,D
-26.31814,-60.33043,331.33,0.51,0.49,2026-02-19,1819,N,VIIRS,n,2.0NRT,295.81,3.62,D
-26.10657,-59.40709,332.82,0.58,0.52,2026-02-19,1819,N,VIIRS,n,2.0NRT,301.46,4.04,D
-26.10497,-59.41028,331.02,0.58,0.52,2026-02-19,1819,N,VIIRS,n,2.0NRT,300.55,4.66,D
-25.83391,-58.4454,367,0.34,0.56,2026-02-19,1819,N,VIIRS,h,2.0NRT,298.73,4.41,D
-25.83468,-58.44876,330.81,0.34,0.56,2026-02-19,1819,N,VIIRS,n,2.0NRT,296.01,4.41,D
-25.82726,-58.43997,339.39,0.34,0.56,2026-02-19,1819,N,VIIRS,n,2.0NRT,299.02,5.37,D
-25.82802,-58.44334,353.32,0.34,0.56,2026-02-19,1819,N,VIIRS,n,2.0NRT,299.47,5.37,D
-25.82879,-58.44671,334.28,0.34,0.56,2026-02-19,1819,N,VIIRS,n,2.0NRT,299.37,3.28,D
-25.82956,-58.4501,344.73,0.34,0.56,2026-02-19,1819,N,VIIRS,n,2.0NRT,296.95,3.28,D
-26.01492,-59.27805,332.64,0.6,0.53,2026-02-19,1819,N,VIIRS,n,2.0NRT,299.33,7.59,D
-25.82214,-58.44135,354.73,0.34,0.56,2026-02-19,1819,N,VIIRS,n,2.0NRT,298.85,5.37,D
-25.82368,-58.4481,331.16,0.34,0.56,2026-02-19,1819,N,VIIRS,n,2.0NRT,299.18,3.28,D
-25.82445,-58.45147,336.04,0.34,0.56,2026-02-19,1819,N,VIIRS,n,2.0NRT,299.68,3.28,D
-25.81857,-58.44947,330.85,0.34,0.56,2026-02-19,1819,N,VIIRS,n,2.0NRT,297.19,2.18,D
-26.33294,-60.95814,347.52,0.47,0.48,2026-02-19,1819,N,VIIRS,n,2.0NRT,309.06,12.76,D
-25.97216,-59.20338,335.48,0.6,0.53,2026-02-19,1819,N,VIIRS,n,2.0NRT,301.57,4.98,D
-26.33405,-60.957,347.74,0.47,0.48,2026-02-19,1819,N,VIIRS,n,2.0NRT,306.93,10.51,D
-25.75987,-58.40672,335.61,0.34,0.56,2026-02-19,1819,N,VIIRS,n,2.0NRT,296.17,1.95,D
-25.58467,-57.66069,367,0.38,0.59,2026-02-19,1819,N,VIIRS,h,2.0NRT,298.82,14.36,D
-25.58554,-57.66449,330.68,0.38,0.59,2026-02-19,1819,N,VIIRS,n,2.0NRT,298.25,5.82,D
-25.75398,-58.40472,345.49,0.34,0.56,2026-02-19,1819,N,VIIRS,n,2.0NRT,297.07,32.53,D
-25.75474,-58.4081,351.84,0.34,0.56,2026-02-19,1819,N,VIIRS,n,2.0NRT,308.5,32.53,D
-25.7555,-58.41148,344.68,0.34,0.56,2026-02-19,1819,N,VIIRS,n,2.0NRT,299.85,14.65,D
-25.74961,-58.40948,343.64,0.34,0.56,2026-02-19,1819,N,VIIRS,n,2.0NRT,297.48,32.53,D
-25.75037,-58.41286,349.53,0.34,0.56,2026-02-19,1819,N,VIIRS,n,2.0NRT,297.85,14.65,D
-25.75045,-58.50954,346.35,0.34,0.56,2026-02-19,1819,N,VIIRS,n,2.0NRT,299.71,5.74,D
-25.74459,-58.50756,340.9,0.34,0.56,2026-02-19,1819,N,VIIRS,n,2.0NRT,302.71,4.98,D
-25.74535,-58.51091,354.22,0.34,0.56,2026-02-19,1819,N,VIIRS,n,2.0NRT,300.76,4.98,D
-25.73416,-58.48541,367,0.34,0.56,2026-02-19,1819,N,VIIRS,h,2.0NRT,301.66,8.1,D
-25.73797,-58.50222,349.86,0.34,0.56,2026-02-19,1819,N,VIIRS,n,2.0NRT,302.44,6.81,D
-25.73873,-58.50557,349.46,0.34,0.56,2026-02-19,1819,N,VIIRS,n,2.0NRT,301.38,6.81,D
-25.73949,-58.50891,354.91,0.34,0.56,2026-02-19,1819,N,VIIRS,n,2.0NRT,301.02,4.98,D
-25.73058,-58.4935,367,0.34,0.56,2026-02-19,1819,N,VIIRS,h,2.0NRT,302.31,6.25,D
-25.7321,-58.50022,367,0.34,0.56,2026-02-19,1819,N,VIIRS,h,2.0NRT,301.73,6.2,D
-25.72982,-58.49013,344.86,0.34,0.56,2026-02-19,1819,N,VIIRS,n,2.0NRT,300.09,6.25,D
-25.73134,-58.49687,349.74,0.34,0.56,2026-02-19,1819,N,VIIRS,n,2.0NRT,302.15,6.2,D
-25.8644,-59.20625,330.86,0.61,0.53,2026-02-19,1819,N,VIIRS,l,2.0NRT,301.23,5.32,D
-25.48208,-57.61646,340.8,0.38,0.59,2026-02-19,1819,N,VIIRS,n,2.0NRT,295.16,5.27,D
-25.55826,-57.94997,334.69,0.37,0.58,2026-02-19,1819,N,VIIRS,n,2.0NRT,298.67,1.91,D
-25.55214,-57.94777,367,0.37,0.58,2026-02-19,1819,N,VIIRS,h,2.0NRT,301.62,29.98,D
-25.47581,-57.61413,339.73,0.38,0.59,2026-02-19,1819,N,VIIRS,n,2.0NRT,296.79,5.51,D
-25.47669,-57.61795,344.75,0.38,0.59,2026-02-19,1819,N,VIIRS,n,2.0NRT,296.36,5.51,D
-25.47757,-57.6218,336.38,0.38,0.59,2026-02-19,1819,N,VIIRS,n,2.0NRT,293.97,7.5,D
-25.55297,-57.95142,351.28,0.37,0.58,2026-02-19,1819,N,VIIRS,n,2.0NRT,301.56,11.21,D
-25.55463,-57.95872,339.18,0.36,0.58,2026-02-19,1819,N,VIIRS,n,2.0NRT,300.3,3.36,D
-25.54769,-57.95288,339.4,0.37,0.58,2026-02-19,1819,N,VIIRS,n,2.0NRT,299.61,11.21,D
-25.54935,-57.96017,342.15,0.36,0.58,2026-02-19,1819,N,VIIRS,n,2.0NRT,300.7,3.36,D
-25.765,-58.94666,332.37,0.63,0.54,2026-02-19,1819,N,VIIRS,n,2.0NRT,298.18,4.06,D
-25.56459,-58.22229,347.73,0.35,0.57,2026-02-19,1819,N,VIIRS,n,2.0NRT,297.16,4.61,D
-25.58848,-58.32696,330.37,0.35,0.56,2026-02-19,1819,N,VIIRS,n,2.0NRT,299.14,1.55,D
-25.56537,-58.36979,330.19,0.34,0.56,2026-02-19,1819,N,VIIRS,l,2.0NRT,300.24,1.66,D
-26.29791,-61.82818,341.08,0.42,0.45,2026-02-19,1819,N,VIIRS,n,2.0NRT,310.53,6.6,D
-25.56532,-58.36942,334.38,0.34,0.56,2026-02-19,1819,N,VIIRS,n,2.0NRT,300.5,1.46,D
-25.45455,-58.34054,367,0.35,0.57,2026-02-19,1819,N,VIIRS,h,2.0NRT,302.04,13.56,D
-25.44936,-58.34192,367,0.35,0.57,2026-02-19,1819,N,VIIRS,h,2.0NRT,300.87,13.56,D
-25.35155,-57.91959,335.87,0.37,0.58,2026-02-19,1819,N,VIIRS,n,2.0NRT,298.52,2.55,D
-25.35241,-57.92329,335.62,0.37,0.58,2026-02-19,1819,N,VIIRS,n,2.0NRT,298.43,2.55,D
-25.45016,-58.34538,356.52,0.35,0.57,2026-02-19,1819,N,VIIRS,n,2.0NRT,300.83,13.56,D
-25.45732,-58.37655,343.64,0.35,0.56,2026-02-19,1819,N,VIIRS,n,2.0NRT,301.66,3.44,D
-25.7892,-59.86008,347.5,0.56,0.51,2026-02-19,1819,N,VIIRS,n,2.0NRT,305.27,11.17,D
-25.44976,-58.36758,367,0.35,0.56,2026-02-19,1819,N,VIIRS,h,2.0NRT,306.18,15.83,D
-25.45056,-58.37103,367,0.35,0.56,2026-02-19,1819,N,VIIRS,h,2.0NRT,305.9,10.42,D
-25.45135,-58.37448,367,0.35,0.56,2026-02-19,1819,N,VIIRS,h,2.0NRT,303.63,10.42,D
-25.34622,-57.92105,338.8,0.37,0.58,2026-02-19,1819,N,VIIRS,n,2.0NRT,298.76,4.13,D
-25.34709,-57.92474,343.82,0.37,0.58,2026-02-19,1819,N,VIIRS,n,2.0NRT,300.58,4.13,D
-25.34795,-57.92842,348.26,0.37,0.58,2026-02-19,1819,N,VIIRS,n,2.0NRT,300.59,3.96,D
-25.34881,-57.93211,332.14,0.37,0.58,2026-02-19,1819,N,VIIRS,n,2.0NRT,299.37,3.96,D
-25.78329,-59.85574,340.25,0.56,0.51,2026-02-19,1819,N,VIIRS,n,2.0NRT,301.99,6.15,D
-25.44935,-58.38966,367,0.35,0.56,2026-02-19,1819,N,VIIRS,h,2.0NRT,301.92,4.5,D
-25.34176,-57.92617,334.55,0.37,0.58,2026-02-19,1819,N,VIIRS,n,2.0NRT,298.5,4.13,D
-25.34263,-57.92986,336.67,0.37,0.58,2026-02-19,1819,N,VIIRS,n,2.0NRT,299.52,3.96,D
-25.34349,-57.93354,338.53,0.37,0.58,2026-02-19,1819,N,VIIRS,n,2.0NRT,301.19,3.96,D
-25.34435,-57.93722,356.2,0.37,0.58,2026-02-19,1819,N,VIIRS,n,2.0NRT,299.75,7.57,D
-25.44458,-58.36895,351.61,0.35,0.56,2026-02-19,1819,N,VIIRS,n,2.0NRT,302.98,15.83,D
-25.44538,-58.37241,335.78,0.35,0.56,2026-02-19,1819,N,VIIRS,n,2.0NRT,302.47,10.42,D
-25.44856,-58.3862,331.33,0.35,0.56,2026-02-19,1819,N,VIIRS,n,2.0NRT,301.06,4.5,D
-25.65244,-59.21606,330.09,0.61,0.54,2026-02-19,1819,N,VIIRS,l,2.0NRT,304.13,6.44,D
-25.78899,-59.85752,330.39,0.56,0.51,2026-02-19,1819,N,VIIRS,l,2.0NRT,304.28,5.35,D
-25.79016,-59.8631,343,0.56,0.51,2026-02-19,1819,N,VIIRS,n,2.0NRT,304.76,5.35,D
-25.45517,-58.33882,355.35,0.35,0.57,2026-02-19,1819,N,VIIRS,n,2.0NRT,298.4,14.21,D
-25.45595,-58.34229,348.56,0.35,0.57,2026-02-19,1819,N,VIIRS,n,2.0NRT,298.6,13.95,D
-25.78311,-59.8532,339.89,0.56,0.51,2026-02-19,1819,N,VIIRS,n,2.0NRT,301.46,5.2,D
-25.44999,-58.34022,367,0.35,0.57,2026-02-19,1819,N,VIIRS,h,2.0NRT,298.44,14.21,D
-25.3558,-57.92017,335.51,0.37,0.58,2026-02-19,1819,N,VIIRS,n,2.0NRT,297.93,1.54,D
-25.45076,-58.34369,350.01,0.35,0.57,2026-02-19,1819,N,VIIRS,n,2.0NRT,302.62,13.95,D
-25.451,-58.3694,367,0.35,0.56,2026-02-19,1819,N,VIIRS,h,2.0NRT,306.19,9.88,D
-25.45177,-58.37286,367,0.35,0.56,2026-02-19,1819,N,VIIRS,h,2.0NRT,303.13,10.01,D
-25.35049,-57.92163,337.25,0.37,0.58,2026-02-19,1819,N,VIIRS,n,2.0NRT,299.41,4.73,D
-25.45023,-58.36594,348.26,0.35,0.56,2026-02-19,1819,N,VIIRS,n,2.0NRT,301.4,9.88,D
-25.45254,-58.3763,337.81,0.35,0.56,2026-02-19,1819,N,VIIRS,n,2.0NRT,302.65,10.01,D
-25.346,-57.92678,367,0.37,0.58,2026-02-19,1819,N,VIIRS,h,2.0NRT,300.06,4.73,D
-25.44968,-58.38808,367,0.35,0.56,2026-02-19,1819,N,VIIRS,h,2.0NRT,302.08,6.03,D
-25.34517,-57.92309,347.96,0.37,0.58,2026-02-19,1819,N,VIIRS,n,2.0NRT,299.61,4.73,D
-25.34684,-57.93047,333.56,0.37,0.58,2026-02-19,1819,N,VIIRS,n,2.0NRT,299.9,4.9,D
-25.34768,-57.93419,354.25,0.37,0.58,2026-02-19,1819,N,VIIRS,n,2.0NRT,300.2,4.9,D
-25.44505,-58.36733,352.14,0.35,0.56,2026-02-19,1819,N,VIIRS,n,2.0NRT,301.65,9.88,D
-25.44582,-58.37078,357.32,0.35,0.56,2026-02-19,1819,N,VIIRS,n,2.0NRT,303.06,9.88,D
-25.34236,-57.93564,348.78,0.37,0.58,2026-02-19,1819,N,VIIRS,n,2.0NRT,301.25,6.09,D
-25.44297,-58.38257,345.42,0.35,0.56,2026-02-19,1819,N,VIIRS,n,2.0NRT,302.66,4.89,D
-25.44451,-58.38947,354.45,0.35,0.56,2026-02-19,1819,N,VIIRS,n,2.0NRT,301.35,5.14,D
-25.44529,-58.39293,339.61,0.35,0.56,2026-02-19,1819,N,VIIRS,n,2.0NRT,301.07,5.14,D
-25.4347,-58.37013,352.02,0.35,0.56,2026-02-19,1819,N,VIIRS,n,2.0NRT,302.39,4.11,D
-25.43548,-58.37359,335.69,0.35,0.56,2026-02-19,1819,N,VIIRS,n,2.0NRT,299.57,4.11,D
-25.43858,-58.38743,340.54,0.35,0.56,2026-02-19,1819,N,VIIRS,n,2.0NRT,301.08,4.89,D
-25.43341,-58.38883,367,0.35,0.56,2026-02-19,1819,N,VIIRS,h,2.0NRT,303.33,6.36,D
-25.4303,-58.375,330.71,0.35,0.56,2026-02-19,1819,N,VIIRS,l,2.0NRT,302.2,3.15,D
-25.90048,-60.55359,336.42,0.5,0.49,2026-02-19,1819,N,VIIRS,n,2.0NRT,299.24,3.7,D
-25.41734,-58.34171,334.19,0.35,0.57,2026-02-19,1819,N,VIIRS,n,2.0NRT,301.7,3.88,D
-25.41812,-58.34518,333.42,0.35,0.57,2026-02-19,1819,N,VIIRS,n,2.0NRT,302.32,4.64,D
-25.4228,-58.36602,356.03,0.35,0.57,2026-02-19,1819,N,VIIRS,n,2.0NRT,300.73,8.59,D
-25.42435,-58.37293,331.82,0.35,0.56,2026-02-19,1819,N,VIIRS,l,2.0NRT,302.37,3.15,D
-25.42513,-58.37639,337.87,0.35,0.56,2026-02-19,1819,N,VIIRS,n,2.0NRT,302.64,3.15,D
-25.42591,-58.37984,345.51,0.35,0.56,2026-02-19,1819,N,VIIRS,n,2.0NRT,301.76,4.91,D
-25.42668,-58.38331,330.38,0.35,0.56,2026-02-19,1819,N,VIIRS,l,2.0NRT,301.51,4.91,D
-25.42746,-58.38678,347.06,0.35,0.56,2026-02-19,1819,N,VIIRS,n,2.0NRT,302.69,6.36,D
-25.42824,-58.39024,334.64,0.35,0.56,2026-02-19,1819,N,VIIRS,n,2.0NRT,301.79,6.36,D
-25.41762,-58.36741,337.65,0.35,0.57,2026-02-19,1819,N,VIIRS,n,2.0NRT,299.02,5.54,D
-25.4184,-58.37087,333.05,0.35,0.56,2026-02-19,1819,N,VIIRS,n,2.0NRT,300.76,5.54,D
-25.41996,-58.3778,333.05,0.35,0.56,2026-02-19,1819,N,VIIRS,n,2.0NRT,302.31,6.16,D
-25.42074,-58.38125,337.72,0.35,0.56,2026-02-19,1819,N,VIIRS,n,2.0NRT,300.96,6.34,D
-25.75136,-59.89072,342.36,0.55,0.51,2026-02-19,1819,N,VIIRS,n,2.0NRT,301.85,10.95,D
-25.41322,-58.37226,367,0.35,0.56,2026-02-19,1819,N,VIIRS,h,2.0NRT,302.61,5.54,D
-25.41479,-58.37919,344.91,0.35,0.56,2026-02-19,1819,N,VIIRS,n,2.0NRT,301.32,6.16,D
-25.40805,-58.37367,332.49,0.35,0.56,2026-02-19,1819,N,VIIRS,n,2.0NRT,299.77,2.34,D
-25.40883,-58.37714,335.68,0.35,0.56,2026-02-19,1819,N,VIIRS,n,2.0NRT,300.21,2.47,D
-25.40961,-58.38059,343.68,0.35,0.56,2026-02-19,1819,N,VIIRS,n,2.0NRT,300.77,2.47,D
-25.27748,-57.97287,367,0.37,0.58,2026-02-19,1819,N,VIIRS,h,2.0NRT,299.51,11.44,D
-25.24644,-57.839,342.59,0.38,0.58,2026-02-19,1819,N,VIIRS,n,2.0NRT,295.41,24.01,D
-25.24731,-57.84276,353.01,0.38,0.58,2026-02-19,1819,N,VIIRS,n,2.0NRT,299.78,24.01,D
-25.27834,-57.97657,356.42,0.37,0.58,2026-02-19,1819,N,VIIRS,n,2.0NRT,299.72,11.44,D
-25.27919,-57.98025,341.8,0.37,0.58,2026-02-19,1819,N,VIIRS,n,2.0NRT,298.72,3.95,D
-25.24108,-57.84048,336.96,0.38,0.58,2026-02-19,1819,N,VIIRS,n,2.0NRT,295.51,3.09,D
-25.24196,-57.84422,334.59,0.38,0.58,2026-02-19,1819,N,VIIRS,n,2.0NRT,295.79,3.09,D
-25.27388,-57.98168,331.77,0.37,0.58,2026-02-19,1819,N,VIIRS,n,2.0NRT,300.31,3.63,D
-25.27473,-57.98536,345.95,0.37,0.58,2026-02-19,1819,N,VIIRS,n,2.0NRT,298.39,3.63,D
-25.26856,-57.98312,334.87,0.37,0.58,2026-02-19,1819,N,VIIRS,n,2.0NRT,299.74,3.63,D
-25.26942,-57.9868,356.36,0.37,0.58,2026-02-19,1819,N,VIIRS,n,2.0NRT,297.25,3.63,D
-25.56111,-59.27229,331.41,0.61,0.53,2026-02-19,1819,N,VIIRS,n,2.0NRT,299.98,1.75,D
-25.56695,-59.32193,335.9,0.6,0.53,2026-02-19,1819,N,VIIRS,n,2.0NRT,299.2,6.11,D
-25.56828,-59.32795,334.01,0.6,0.53,2026-02-19,1819,N,VIIRS,n,2.0NRT,299.82,5.74,D
-25.32747,-58.31024,330.15,0.35,0.57,2026-02-19,1819,N,VIIRS,n,2.0NRT,299.31,1.52,D
-25.40821,-58.68628,367,0.33,0.55,2026-02-19,1819,N,VIIRS,h,2.0NRT,304.63,14.19,D
-25.56082,-59.2744,333.45,0.61,0.53,2026-02-19,1819,N,VIIRS,n,2.0NRT,300.94,5.97,D
-25.57121,-59.32289,342.88,0.6,0.53,2026-02-19,1819,N,VIIRS,n,2.0NRT,300.27,7.58,D
-25.56633,-59.32418,330.66,0.6,0.53,2026-02-19,1819,N,VIIRS,n,2.0NRT,299.1,7.58,D
-25.26656,-57.98445,332.77,0.37,0.58,2026-02-19,1819,N,VIIRS,n,2.0NRT,298.63,2.5,D
-25.26739,-57.98814,338.02,0.37,0.58,2026-02-19,1819,N,VIIRS,n,2.0NRT,295.34,2.5,D
-25.41194,-58.68682,367,0.33,0.55,2026-02-19,1819,N,VIIRS,h,2.0NRT,302.77,6.69,D
-25.32861,-58.31113,330.39,0.35,0.57,2026-02-19,1819,N,VIIRS,n,2.0NRT,299.57,1.09,D
-25.40613,-58.68489,350.31,0.33,0.55,2026-02-19,1819,N,VIIRS,n,2.0NRT,301.08,13.29,D
-25.40687,-58.68821,352.54,0.33,0.55,2026-02-19,1819,N,VIIRS,n,2.0NRT,300.63,6.69,D
-25.29839,-58.22559,334.33,0.36,0.57,2026-02-19,1819,N,VIIRS,n,2.0NRT,300.69,4.62,D
-25.29919,-58.22916,331.45,0.36,0.57,2026-02-19,1819,N,VIIRS,n,2.0NRT,301.12,3.08,D
-25.29715,-58.24478,347.23,0.36,0.57,2026-02-19,1819,N,VIIRS,n,2.0NRT,301.97,2.49,D
-25.40184,-58.71415,343.26,0.33,0.55,2026-02-19,1819,N,VIIRS,n,2.0NRT,300.13,2.92,D
-25.29113,-58.24266,330.39,0.36,0.57,2026-02-19,1819,N,VIIRS,l,2.0NRT,301.5,6.89,D
-25.29193,-58.24621,348.82,0.36,0.57,2026-02-19,1819,N,VIIRS,n,2.0NRT,301.19,3.49,D
-25.0987,-57.87367,331.24,0.38,0.59,2026-02-19,1819,N,VIIRS,l,2.0NRT,303.15,7.29,D
-25.18328,-58.29625,338.19,0.35,0.57,2026-02-19,1819,N,VIIRS,n,2.0NRT,299.04,13.27,D
-25.17806,-58.29766,367,0.35,0.57,2026-02-19,1819,N,VIIRS,h,2.0NRT,301.9,13.27,D
-25.17886,-58.30121,343.96,0.35,0.57,2026-02-19,1819,N,VIIRS,n,2.0NRT,300.53,11.61,D
-25.17364,-58.30261,367,0.35,0.57,2026-02-19,1819,N,VIIRS,h,2.0NRT,302.02,5.7,D
-25.17284,-58.29907,345.13,0.35,0.57,2026-02-19,1819,N,VIIRS,n,2.0NRT,298.37,12.24,D
-25.16841,-58.304,345.08,0.35,0.57,2026-02-19,1819,N,VIIRS,n,2.0NRT,299.79,5.7,D
-25.16921,-58.30755,331.07,0.35,0.57,2026-02-19,1819,N,VIIRS,n,2.0NRT,300.32,5.7,D
-25.20856,-58.55449,367,0.34,0.56,2026-02-19,1819,N,VIIRS,h,2.0NRT,305.38,8.07,D
-25.1406,-58.25496,347.37,0.36,0.57,2026-02-19,1819,N,VIIRS,n,2.0NRT,297.36,4.08,D
-25.14142,-58.25853,331.89,0.36,0.57,2026-02-19,1819,N,VIIRS,n,2.0NRT,297.23,4.72,D
-25.12884,-58.22786,336.84,0.36,0.57,2026-02-19,1819,N,VIIRS,n,2.0NRT,299.45,3.76,D
-25.13536,-58.25637,335.92,0.36,0.57,2026-02-19,1819,N,VIIRS,n,2.0NRT,296.2,4.08,D
-25.13699,-58.26349,337,0.36,0.57,2026-02-19,1819,N,VIIRS,n,2.0NRT,296.87,4.72,D
-25.1378,-58.26704,347.5,0.36,0.57,2026-02-19,1819,N,VIIRS,n,2.0NRT,297.76,3.48,D
-25.13093,-58.26133,333.91,0.36,0.57,2026-02-19,1819,N,VIIRS,n,2.0NRT,298,4.64,D
-25.13174,-58.26489,340.69,0.36,0.57,2026-02-19,1819,N,VIIRS,n,2.0NRT,299,4.64,D
-25.13256,-58.26844,333.66,0.36,0.57,2026-02-19,1819,N,VIIRS,n,2.0NRT,298.81,3.65,D
-25.1607,-58.39177,336.93,0.35,0.57,2026-02-19,1819,N,VIIRS,n,2.0NRT,296.11,5.35,D
-25.16229,-58.39875,336.4,0.35,0.57,2026-02-19,1819,N,VIIRS,n,2.0NRT,298.94,5.07,D
-25.20057,-58.56742,334.47,0.34,0.56,2026-02-19,1819,N,VIIRS,n,2.0NRT,303.84,3.41,D
-25.15709,-58.40013,331.84,0.35,0.57,2026-02-19,1819,N,VIIRS,n,2.0NRT,299.83,5.07,D
-25.15788,-58.40362,335.71,0.35,0.57,2026-02-19,1819,N,VIIRS,n,2.0NRT,298.51,4.79,D
-25.79923,-61.43436,349.97,0.45,0.47,2026-02-19,1819,N,VIIRS,n,2.0NRT,316.24,56.31,D
-25.80015,-61.43885,335.74,0.45,0.47,2026-02-19,1819,N,VIIRS,l,2.0NRT,306.46,56.31,D
-25.48564,-59.97058,344.95,0.55,0.51,2026-02-19,1819,N,VIIRS,n,2.0NRT,301.14,5.64,D
-25.79586,-61.43989,338.13,0.45,0.47,2026-02-19,1819,N,VIIRS,n,2.0NRT,306.06,56.31,D
-25.79066,-61.43646,356.26,0.45,0.47,2026-02-19,1819,N,VIIRS,n,2.0NRT,309.42,19.66,D
-25.48552,-59.97156,345.72,0.56,0.51,2026-02-19,1819,N,VIIRS,n,2.0NRT,301.53,5.54,D
-25.05965,-58.54991,346.64,0.34,0.56,2026-02-19,1819,N,VIIRS,n,2.0NRT,301.91,3.47,D
-25.06122,-58.55677,332.38,0.34,0.56,2026-02-19,1819,N,VIIRS,l,2.0NRT,302.61,4.32,D
-25.062,-58.56019,333.05,0.34,0.56,2026-02-19,1819,N,VIIRS,l,2.0NRT,303.23,4.75,D
-25.05449,-58.55129,346.46,0.34,0.56,2026-02-19,1819,N,VIIRS,n,2.0NRT,302.81,7.84,D
-25.05527,-58.55471,349.18,0.34,0.56,2026-02-19,1819,N,VIIRS,n,2.0NRT,304.75,5.56,D
-25.05606,-58.55814,335.67,0.34,0.56,2026-02-19,1819,N,VIIRS,n,2.0NRT,307.15,5.56,D
-25.0509,-58.5595,367,0.34,0.56,2026-02-19,1819,N,VIIRS,h,2.0NRT,305.25,5.56,D
-25.06216,-58.55854,340.71,0.34,0.56,2026-02-19,1819,N,VIIRS,n,2.0NRT,303.05,3.58,D
-25.05548,-58.55305,357.21,0.34,0.56,2026-02-19,1819,N,VIIRS,n,2.0NRT,304.38,10.71,D
-25.05624,-58.55648,331.07,0.34,0.56,2026-02-19,1819,N,VIIRS,l,2.0NRT,305.12,4.85,D
-25.05108,-58.55786,352.99,0.34,0.56,2026-02-19,1819,N,VIIRS,n,2.0NRT,302.89,4.85,D
-25.05184,-58.56128,348.28,0.34,0.56,2026-02-19,1819,N,VIIRS,n,2.0NRT,304.59,4.85,D
-25.40135,-60.29913,344.01,0.53,0.5,2026-02-19,1819,N,VIIRS,n,2.0NRT,305.32,12.6,D
-25.03051,-58.80607,330.61,0.33,0.55,2026-02-19,1819,N,VIIRS,l,2.0NRT,301.65,2.16,D
-24.90822,-58.4315,356.29,0.35,0.57,2026-02-19,1819,N,VIIRS,n,2.0NRT,300.07,9.28,D
-24.90301,-58.43289,367,0.35,0.57,2026-02-19,1819,N,VIIRS,h,2.0NRT,301.15,9.28,D
-24.90379,-58.43639,367,0.35,0.57,2026-02-19,1819,N,VIIRS,h,2.0NRT,302.49,9.32,D
-24.90458,-58.4399,340.07,0.35,0.57,2026-02-19,1819,N,VIIRS,n,2.0NRT,301.87,9.32,D
-24.90536,-58.44341,335.62,0.35,0.57,2026-02-19,1819,N,VIIRS,n,2.0NRT,300.91,3.35,D
-24.9423,-58.90058,340.02,0.33,0.55,2026-02-19,1819,N,VIIRS,n,2.0NRT,298.94,3.2,D
-25.73755,-62.94312,338.17,0.56,0.43,2026-02-19,1819,N,VIIRS,n,2.0NRT,309.39,4.06,D
-24.84493,-58.85537,336.95,0.33,0.56,2026-02-19,1819,N,VIIRS,n,2.0NRT,301.68,2.91,D
-24.6026,-61.2707,335.91,0.48,0.48,2026-02-19,1819,N,VIIRS,n,2.0NRT,304.71,5.03,D
-24.45373,-63.96463,339.18,0.52,0.41,2026-02-19,1819,N,VIIRS,l,2.0NRT,313.27,2.89,D
-24.66106,-65.38673,331.38,0.44,0.39,2026-02-19,1819,N,VIIRS,l,2.0NRT,303.12,3.2,D
-24.39042,-64.18742,333.13,0.51,0.41,2026-02-19,1819,N,VIIRS,n,2.0NRT,302.59,0.21,D
-24.39295,-64.9258,349,0.47,0.4,2026-02-19,1819,N,VIIRS,n,2.0NRT,312.73,7.17,D
-24.39378,-64.93045,336.36,0.47,0.39,2026-02-19,1819,N,VIIRS,l,2.0NRT,310.19,7.17,D
-24.39014,-64.93116,339.17,0.47,0.39,2026-02-19,1819,N,VIIRS,n,2.0NRT,307.95,7.17,D
-38.41628,-70.92696,340.65,0.79,0.78,2026-02-19,1957,N,VIIRS,n,2.0NRT,300.78,3.39,D
-34.85787,-57.89417,310.05,0.59,0.7,2026-02-20,0357,N,VIIRS,n,2.0NRT,289.03,2.45,N
-34.61824,-58.9713,300.96,0.68,0.74,2026-02-20,0357,N,VIIRS,n,2.0NRT,288.53,0.93,N
-34.62482,-58.97439,300.22,0.68,0.74,2026-02-20,0357,N,VIIRS,n,2.0NRT,288.44,1.16,N
-24.26505,-63.21641,306.36,0.4,0.37,2026-02-20,0533,N,VIIRS,n,2.0NRT,291.52,3.44,N
-21.99931,-63.3867,320.6,0.39,0.36,2026-02-20,0533,N,VIIRS,n,2.0NRT,293.42,2.18,N
-24.26963,-63.20906,307.67,0.4,0.37,2026-02-20,0533,N,VIIRS,n,2.0NRT,291.41,1.68,N
-24.89548,-58.44783,303.81,0.45,0.47,2026-02-20,0533,N,VIIRS,n,2.0NRT,287.21,0.92,N
-24.26904,-63.21303,307.91,0.4,0.37,2026-02-20,0533,N,VIIRS,n,2.0NRT,291.72,1.68,N
-24.26681,-63.20448,307.63,0.4,0.37,2026-02-20,0533,N,VIIRS,n,2.0NRT,291.75,2.84,N
-24.26622,-63.20846,312.65,0.4,0.37,2026-02-20,0533,N,VIIRS,n,2.0NRT,291.96,1.68,N
-25.63823,-57.7604,330.31,0.5,0.49,2026-02-20,0533,N,VIIRS,n,2.0NRT,285.86,3.6,N
-25.58312,-57.66453,302.98,0.51,0.49,2026-02-20,0533,N,VIIRS,n,2.0NRT,283.8,0.69,N
-25.5785,-57.66393,322.04,0.51,0.49,2026-02-20,0533,N,VIIRS,n,2.0NRT,283.81,2.75,N
-24.89599,-58.44333,307.24,0.45,0.47,2026-02-20,0533,N,VIIRS,n,2.0NRT,287.65,0.92,N
-24.89112,-58.44725,307.52,0.45,0.47,2026-02-20,0533,N,VIIRS,n,2.0NRT,286.73,0.98,N
-25.72136,-58.52765,306.12,0.45,0.47,2026-02-20,0533,N,VIIRS,n,2.0NRT,265.54,0.59,N
-25.71932,-58.54604,297.71,0.45,0.47,2026-02-20,0533,N,VIIRS,n,2.0NRT,237.34,1.81,N
-25.71882,-58.55062,311.13,0.45,0.47,2026-02-20,0533,N,VIIRS,n,2.0NRT,229.02,1.81,N
-25.72435,-58.41968,311.86,0.46,0.47,2026-02-20,0533,N,VIIRS,n,2.0NRT,270.99,1.64,N
-25.72384,-58.42436,304.9,0.46,0.47,2026-02-20,0533,N,VIIRS,n,2.0NRT,272.89,1.49,N
-25.71892,-58.42842,308.35,0.46,0.47,2026-02-20,0533,N,VIIRS,n,2.0NRT,273.88,10.01,N
-25.71994,-58.41908,340.63,0.46,0.47,2026-02-20,0533,N,VIIRS,n,2.0NRT,274.23,11.33,N
-25.71943,-58.42376,342.86,0.46,0.47,2026-02-20,0533,N,VIIRS,n,2.0NRT,276.52,10.01,N
-25.63978,-57.92097,313.37,0.49,0.49,2026-02-20,0533,N,VIIRS,n,2.0NRT,286.29,1.41,N
-25.63524,-57.92036,310.1,0.49,0.49,2026-02-20,0533,N,VIIRS,n,2.0NRT,285.55,1.41,N
-25.63924,-57.91947,309.99,0.49,0.49,2026-02-20,0533,N,VIIRS,n,2.0NRT,285.92,2,N
-25.63869,-57.92447,321.26,0.49,0.49,2026-02-20,0533,N,VIIRS,n,2.0NRT,285.4,2,N
-31.38068,-58.08222,308.13,0.56,0.52,2026-02-20,0535,N,VIIRS,n,2.0NRT,289.75,1.66,N
-31.53184,-68.63113,306.41,0.4,0.37,2026-02-20,0535,N,VIIRS,n,2.0NRT,290.38,0.52,N
-28.20945,-60.4251,303.23,0.57,0.43,2026-02-20,0535,N,VIIRS,n,2.0NRT,275.47,1.91,N
-28.20542,-60.42449,309.17,0.57,0.43,2026-02-20,0535,N,VIIRS,n,2.0NRT,275.84,1.91,N
-28.20139,-60.42389,315.77,0.57,0.43,2026-02-20,0535,N,VIIRS,n,2.0NRT,276.6,3.34,N
-38.34884,-68.64028,328.84,0.38,0.36,2026-02-20,0537,N,VIIRS,n,2.0NRT,292.32,2.03,N
-33.35945,-60.15649,317.95,0.45,0.47,2026-02-20,0537,N,VIIRS,n,2.0NRT,292.76,1.85,N
-33.35995,-60.15154,311.33,0.45,0.47,2026-02-20,0537,N,VIIRS,n,2.0NRT,293.21,1.85,N
-33.36482,-60.14726,303.73,0.45,0.47,2026-02-20,0537,N,VIIRS,n,2.0NRT,292.55,1.67,N
-33.36768,-60.1627,317.83,0.45,0.47,2026-02-20,0537,N,VIIRS,n,2.0NRT,292.84,1.82,N
-33.37255,-60.15844,302.47,0.45,0.47,2026-02-20,0537,N,VIIRS,n,2.0NRT,292.23,0.79,N
-33.37357,-60.14856,302.94,0.45,0.47,2026-02-20,0537,N,VIIRS,n,2.0NRT,291.81,0.49,N
-33.37794,-60.14918,309.45,0.45,0.47,2026-02-20,0537,N,VIIRS,n,2.0NRT,292.19,1.03,N
-33.3671,-60.16375,310.62,0.45,0.47,2026-02-20,0537,N,VIIRS,n,2.0NRT,292.35,2.66,N
-32.25769,-68.62875,315.48,0.4,0.37,2026-02-20,0537,N,VIIRS,n,2.0NRT,288.97,1.6,N
-32.25841,-68.62453,305.8,0.4,0.37,2026-02-20,0537,N,VIIRS,n,2.0NRT,288.58,0.91,N
-32.73993,-68.84541,307.19,0.4,0.37,2026-02-20,0537,N,VIIRS,n,2.0NRT,290.7,1.3,N
-34.75428,-58.31163,298.49,0.59,0.53,2026-02-20,0537,N,VIIRS,n,2.0NRT,288.38,0.93,N
-36.98504,-60.24325,295.45,0.49,0.48,2026-02-20,0537,N,VIIRS,n,2.0NRT,284.98,1.94,N
-36.99122,-60.27819,295.92,0.49,0.48,2026-02-20,0537,N,VIIRS,n,2.0NRT,285.85,0.9,N
-37.04013,-60.29627,306.89,0.49,0.48,2026-02-20,0537,N,VIIRS,n,2.0NRT,287,1.74,N
-37.08609,-69.47637,321.01,0.39,0.36,2026-02-20,0537,N,VIIRS,n,2.0NRT,290.07,1.37,N
-37.08621,-69.47869,305.31,0.39,0.36,2026-02-20,0537,N,VIIRS,n,2.0NRT,289.39,0.84,N
-37.08694,-69.47433,311.94,0.39,0.36,2026-02-20,0537,N,VIIRS,n,2.0NRT,289.51,0.84,N
-37.42722,-69.17133,324.67,0.39,0.36,2026-02-20,0537,N,VIIRS,n,2.0NRT,290.55,1.55,N
-37.43055,-69.17216,300.72,0.39,0.36,2026-02-20,0537,N,VIIRS,n,2.0NRT,290.04,0.41,N
-37.52835,-69.09057,315.4,0.39,0.36,2026-02-20,0537,N,VIIRS,n,2.0NRT,290.03,1.02,N
-37.5773,-69.13046,300.61,0.39,0.36,2026-02-20,0537,N,VIIRS,n,2.0NRT,289.05,0.34,N
-37.57784,-69.1328,301.48,0.39,0.36,2026-02-20,0537,N,VIIRS,n,2.0NRT,289.08,0.51,N
-37.71278,-69.14256,304.43,0.39,0.36,2026-02-20,0537,N,VIIRS,n,2.0NRT,290.26,0.43,N
-37.7142,-69.1338,316.28,0.38,0.36,2026-02-20,0537,N,VIIRS,n,2.0NRT,290.69,1.44,N
-38.68291,-62.39807,299.19,0.4,0.44,2026-02-20,0537,N,VIIRS,n,2.0NRT,285.77,0.85,N
-38.01356,-68.59521,330.19,0.38,0.36,2026-02-20,0537,N,VIIRS,n,2.0NRT,294.44,2.5,N
-38.29257,-68.57364,329.88,0.38,0.36,2026-02-20,0537,N,VIIRS,n,2.0NRT,293.6,1.92,N
-38.2959,-68.57447,310.29,0.38,0.36,2026-02-20,0537,N,VIIRS,n,2.0NRT,290.69,1.92,N
-38.32075,-68.77534,316.5,0.38,0.36,2026-02-20,0537,N,VIIRS,n,2.0NRT,291.29,1.44,N
-38.41132,-68.71433,328.08,0.38,0.36,2026-02-20,0537,N,VIIRS,n,2.0NRT,288.29,2,N
-38.41063,-68.71875,311.69,0.38,0.36,2026-02-20,0537,N,VIIRS,n,2.0NRT,286.66,2,N
-38.43874,-68.56039,330.58,0.38,0.36,2026-02-20,0537,N,VIIRS,n,2.0NRT,290.73,2.11,N
-38.49892,-68.32668,308.36,0.39,0.36,2026-02-20,0537,N,VIIRS,n,2.0NRT,289.84,0.91,N
-38.69883,-68.70428,328.16,0.38,0.36,2026-02-20,0537,N,VIIRS,n,2.0NRT,290.65,2.22,N
-38.69952,-68.69984,308.83,0.38,0.36,2026-02-20,0537,N,VIIRS,n,2.0NRT,288.6,2.22,N
-38.74457,-68.83816,344.36,0.38,0.36,2026-02-20,0537,N,VIIRS,n,2.0NRT,292.3,4.96,N
-38.41833,-70.92509,298.73,0.4,0.37,2026-02-20,0537,N,VIIRS,n,2.0NRT,282.2,0.56,N
-43.1642,-71.65931,332.28,0.39,0.36,2026-02-20,0540,N,VIIRS,n,2.0NRT,287.55,3.23,N
-43.16753,-71.66039,324.5,0.39,0.36,2026-02-20,0540,N,VIIRS,n,2.0NRT,284.52,3.23,N
-42.97972,-65.14171,338.39,0.39,0.44,2026-02-20,1756,N,VIIRS,n,2.0NRT,311.23,60.07,D
-42.99614,-65.13871,367,0.39,0.44,2026-02-20,1756,N,VIIRS,h,2.0NRT,322.77,17.88,D
-42.99569,-65.13381,367,0.39,0.44,2026-02-20,1756,N,VIIRS,h,2.0NRT,317.63,17.88,D
-43.00208,-65.15752,347.33,0.39,0.44,2026-02-20,1756,N,VIIRS,n,2.0NRT,315.62,18.17,D
-43.00163,-65.15262,355.4,0.39,0.44,2026-02-20,1756,N,VIIRS,n,2.0NRT,319.64,18.17,D
-43.00025,-65.138,356.11,0.39,0.44,2026-02-20,1756,N,VIIRS,n,2.0NRT,312.86,17.88,D
-43.00117,-65.14774,367,0.39,0.44,2026-02-20,1756,N,VIIRS,h,2.0NRT,318.95,17.07,D
-43.00071,-65.14288,367,0.39,0.44,2026-02-20,1756,N,VIIRS,h,2.0NRT,317.51,17.07,D
-42.98155,-65.11655,344.12,0.39,0.44,2026-02-20,1756,N,VIIRS,n,2.0NRT,303.82,75.97,D
-42.98473,-65.15069,355.09,0.39,0.44,2026-02-20,1756,N,VIIRS,n,2.0NRT,315.13,33.21,D
-42.98428,-65.1458,367,0.39,0.44,2026-02-20,1756,N,VIIRS,l,2.0NRT,330.29,33.21,D
-42.97791,-65.12218,357.16,0.39,0.44,2026-02-20,1756,N,VIIRS,n,2.0NRT,305.85,75.97,D
-42.97836,-65.12704,348.78,0.39,0.44,2026-02-20,1756,N,VIIRS,n,2.0NRT,305.45,153.59,D
-42.97927,-65.13682,354.27,0.39,0.44,2026-02-20,1756,N,VIIRS,n,2.0NRT,311.27,60.07,D
-42.9902,-65.11987,343.64,0.39,0.44,2026-02-20,1756,N,VIIRS,n,2.0NRT,308.26,59.33,D
-42.99066,-65.12476,353.14,0.39,0.44,2026-02-20,1756,N,VIIRS,n,2.0NRT,320.56,22.15,D
-42.99157,-65.13453,355.03,0.39,0.44,2026-02-20,1756,N,VIIRS,n,2.0NRT,317.21,9.7,D
-42.99203,-65.13942,347.04,0.39,0.44,2026-02-20,1756,N,VIIRS,n,2.0NRT,318.21,9.7,D
-42.99249,-65.14428,347.98,0.39,0.44,2026-02-20,1756,N,VIIRS,n,2.0NRT,321.71,19.18,D
-42.9934,-65.15409,346.88,0.39,0.44,2026-02-20,1756,N,VIIRS,l,2.0NRT,321.15,20.11,D
-42.98701,-65.13036,367,0.39,0.44,2026-02-20,1756,N,VIIRS,h,2.0NRT,317,22.15,D
-42.98747,-65.13525,367,0.39,0.44,2026-02-20,1756,N,VIIRS,h,2.0NRT,320.35,9.7,D
-42.98792,-65.14014,367,0.39,0.44,2026-02-20,1756,N,VIIRS,h,2.0NRT,320.71,9.7,D
-42.98838,-65.14502,367,0.39,0.44,2026-02-20,1756,N,VIIRS,h,2.0NRT,322.27,19.18,D
-42.98656,-65.12552,354.21,0.39,0.44,2026-02-20,1756,N,VIIRS,n,2.0NRT,319.09,22.15,D
-42.98883,-65.14991,356.14,0.39,0.44,2026-02-20,1756,N,VIIRS,n,2.0NRT,329.52,19.18,D
-42.98611,-65.12067,367,0.39,0.44,2026-02-20,1756,N,VIIRS,l,2.0NRT,333.1,59.33,D
-42.98929,-65.15483,367,0.39,0.44,2026-02-20,1756,N,VIIRS,l,2.0NRT,325.11,20.11,D
-42.98201,-65.12143,367,0.39,0.44,2026-02-20,1756,N,VIIRS,h,2.0NRT,345.23,75.97,D
-42.98246,-65.12628,367,0.39,0.44,2026-02-20,1756,N,VIIRS,h,2.0NRT,344.32,153.59,D
-42.98291,-65.13115,367,0.39,0.44,2026-02-20,1756,N,VIIRS,h,2.0NRT,368.61,153.59,D
-42.98337,-65.13603,367,0.39,0.44,2026-02-20,1756,N,VIIRS,h,2.0NRT,349.62,60.07,D
-42.98382,-65.14091,367,0.39,0.44,2026-02-20,1756,N,VIIRS,h,2.0NRT,342.82,60.07,D
-42.99112,-65.12963,367,0.39,0.44,2026-02-20,1756,N,VIIRS,h,2.0NRT,316.16,22.15,D
-42.99797,-65.15828,356.66,0.39,0.44,2026-02-20,1756,N,VIIRS,n,2.0NRT,320.14,18.17,D
-42.99751,-65.15336,347.09,0.39,0.44,2026-02-20,1756,N,VIIRS,n,2.0NRT,318.91,18.17,D
-42.99706,-65.14845,343.02,0.39,0.44,2026-02-20,1756,N,VIIRS,n,2.0NRT,317.47,17.07,D
-42.9966,-65.14357,354.78,0.39,0.44,2026-02-20,1756,N,VIIRS,n,2.0NRT,319.28,17.07,D
-36.98955,-60.30367,340.27,0.38,0.36,2026-02-20,1758,N,VIIRS,l,2.0NRT,311.2,7.47,D
-36.39772,-56.85327,333.56,0.45,0.39,2026-02-20,1758,N,VIIRS,l,2.0NRT,303.89,7.37,D
-36.39864,-56.85822,354.81,0.45,0.39,2026-02-20,1758,N,VIIRS,n,2.0NRT,305.86,15.09,D
-36.99288,-60.30287,336.25,0.38,0.36,2026-02-20,1758,N,VIIRS,l,2.0NRT,309.77,2.18,D
-37.31515,-59.17503,341.33,0.39,0.36,2026-02-20,1758,N,VIIRS,n,2.0NRT,312.06,5.34,D
-34.95001,-58.27394,346.13,0.42,0.37,2026-02-20,1758,N,VIIRS,n,2.0NRT,309.52,6.03,D
-34.80133,-58.69175,341.92,0.41,0.37,2026-02-20,1758,N,VIIRS,n,2.0NRT,309.17,4.39,D
-34.51651,-58.82899,340.15,0.41,0.37,2026-02-20,1758,N,VIIRS,n,2.0NRT,308.69,3.72,D
-34.42367,-58.67381,335.52,0.41,0.37,2026-02-20,1758,N,VIIRS,l,2.0NRT,308.6,8.6,D
-34.95346,-58.27304,348.23,0.42,0.37,2026-02-20,1758,N,VIIRS,n,2.0NRT,310.28,6.03,D
-37.48053,-69.3746,330.17,0.56,0.51,2026-02-20,1758,N,VIIRS,n,2.0NRT,293.83,4.39,D
-34.42025,-58.67466,336.27,0.41,0.37,2026-02-20,1758,N,VIIRS,l,2.0NRT,306.63,9.56,D
-39.42166,-62.85241,341.15,0.44,0.38,2026-02-20,1758,N,VIIRS,n,2.0NRT,315.88,7.24,D
-33.00414,-60.41142,343.13,0.39,0.36,2026-02-20,1800,N,VIIRS,n,2.0NRT,305.92,4.52,D
-31.32157,-58.04911,334.19,0.47,0.39,2026-02-20,1800,N,VIIRS,n,2.0NRT,299.68,1.67,D
-31.13856,-58.11565,334.82,0.47,0.39,2026-02-20,1800,N,VIIRS,n,2.0NRT,301.93,5.89,D
-30.56059,-57.97768,331.48,0.48,0.4,2026-02-20,1800,N,VIIRS,n,2.0NRT,301.42,3.61,D
-30.53549,-60.91637,332.39,0.39,0.36,2026-02-20,1800,N,VIIRS,n,2.0NRT,297.92,2.77,D
-30.21275,-62.71629,344.55,0.39,0.36,2026-02-20,1800,N,VIIRS,n,2.0NRT,305.7,6.4,D
-30.21334,-62.72031,348.47,0.39,0.36,2026-02-20,1800,N,VIIRS,n,2.0NRT,306.23,6.4,D
-30.21001,-62.72098,342.71,0.39,0.36,2026-02-20,1800,N,VIIRS,n,2.0NRT,304.3,4.89,D
-30.20625,-62.79601,332.52,0.39,0.36,2026-02-20,1800,N,VIIRS,l,2.0NRT,303.75,2.06,D
-30.2035,-62.8007,335.85,0.39,0.36,2026-02-20,1800,N,VIIRS,l,2.0NRT,306.08,2.82,D
-30.15621,-62.76027,336.55,0.39,0.36,2026-02-20,1800,N,VIIRS,n,2.0NRT,308.72,4.94,D
-30.15518,-62.82265,353.01,0.39,0.36,2026-02-20,1800,N,VIIRS,n,2.0NRT,305.85,4.61,D
-30.15577,-62.82668,350.33,0.39,0.36,2026-02-20,1800,N,VIIRS,n,2.0NRT,305.29,5.8,D
-30.14824,-62.79914,345.88,0.39,0.36,2026-02-20,1800,N,VIIRS,n,2.0NRT,303.76,4.53,D
-30.14944,-62.8072,332.39,0.39,0.36,2026-02-20,1800,N,VIIRS,l,2.0NRT,304.54,3.45,D
-30.15004,-62.81123,345.34,0.39,0.36,2026-02-20,1800,N,VIIRS,n,2.0NRT,305.88,7.85,D
-30.15184,-62.82331,334.97,0.39,0.36,2026-02-20,1800,N,VIIRS,n,2.0NRT,302.99,2.21,D
-30.15243,-62.82734,351.38,0.39,0.36,2026-02-20,1800,N,VIIRS,n,2.0NRT,308.06,16.85,D
-30.15482,-62.84346,346.13,0.39,0.36,2026-02-20,1800,N,VIIRS,n,2.0NRT,305.16,11.7,D
-30.1443,-62.79577,337.56,0.39,0.36,2026-02-20,1800,N,VIIRS,n,2.0NRT,306.66,4.53,D
-30.1455,-62.80382,335.15,0.39,0.36,2026-02-20,1800,N,VIIRS,n,2.0NRT,303.35,3.45,D
-30.1609,-62.9544,339.8,0.39,0.36,2026-02-20,1800,N,VIIRS,n,2.0NRT,304.45,3.42,D
-30.09457,-62.84241,350.15,0.39,0.36,2026-02-20,1800,N,VIIRS,n,2.0NRT,306.21,8.07,D
-30.09063,-62.83904,345.73,0.39,0.36,2026-02-20,1800,N,VIIRS,n,2.0NRT,304.25,8.07,D
-30.09123,-62.84306,344.61,0.39,0.36,2026-02-20,1800,N,VIIRS,n,2.0NRT,301.25,8.07,D
-30.07907,-62.96992,339.36,0.39,0.36,2026-02-20,1800,N,VIIRS,n,2.0NRT,303.47,15.82,D
-30.07572,-62.97057,339.82,0.39,0.36,2026-02-20,1800,N,VIIRS,n,2.0NRT,305.23,15.82,D
-30.06999,-62.95507,356.77,0.39,0.36,2026-02-20,1800,N,VIIRS,n,2.0NRT,307.67,58.74,D
-30.07237,-62.97122,338.04,0.39,0.36,2026-02-20,1800,N,VIIRS,n,2.0NRT,304.33,24.44,D
-30.04874,-62.83484,332.22,0.39,0.36,2026-02-20,1800,N,VIIRS,l,2.0NRT,303.98,1.78,D
-30.06903,-62.97187,343.03,0.39,0.36,2026-02-20,1800,N,VIIRS,n,2.0NRT,299.99,24.44,D
-30.04539,-62.8355,338.15,0.39,0.36,2026-02-20,1800,N,VIIRS,n,2.0NRT,304.98,2.04,D
-30.0633,-62.95638,345.91,0.39,0.36,2026-02-20,1800,N,VIIRS,n,2.0NRT,300.25,5.84,D
-29.97244,-62.48655,331.16,0.38,0.36,2026-02-20,1800,N,VIIRS,n,2.0NRT,299.11,2.1,D
-29.73641,-62.89026,336.78,0.39,0.36,2026-02-20,1800,N,VIIRS,n,2.0NRT,302.39,3.79,D
-29.19251,-59.58458,340.26,0.43,0.38,2026-02-20,1800,N,VIIRS,n,2.0NRT,308.46,6.25,D
-29.189,-59.58538,345.49,0.43,0.38,2026-02-20,1800,N,VIIRS,n,2.0NRT,304.32,6.25,D
-29.54569,-62.03604,336.08,0.38,0.36,2026-02-20,1800,N,VIIRS,n,2.0NRT,305.37,2.24,D
-29.54235,-62.03672,337.08,0.38,0.36,2026-02-20,1800,N,VIIRS,n,2.0NRT,304.68,2.24,D
-29.41191,-61.34394,337.96,0.39,0.36,2026-02-20,1800,N,VIIRS,l,2.0NRT,308.82,6.46,D
-29.5305,-62.86729,337.11,0.39,0.36,2026-02-20,1800,N,VIIRS,n,2.0NRT,301.34,3.33,D
-29.52716,-62.86794,337.79,0.39,0.36,2026-02-20,1800,N,VIIRS,n,2.0NRT,301.89,3.33,D
-29.37422,-63.33451,332.35,0.39,0.36,2026-02-20,1800,N,VIIRS,l,2.0NRT,306.85,2.5,D
-28.23486,-59.55963,335.89,0.44,0.39,2026-02-20,1800,N,VIIRS,n,2.0NRT,299.62,3.11,D
-28.2297,-59.55136,347.27,0.45,0.39,2026-02-20,1800,N,VIIRS,n,2.0NRT,299.16,19.72,D
-28.2305,-59.5559,334.22,0.44,0.39,2026-02-20,1800,N,VIIRS,n,2.0NRT,300.14,19.72,D
-28.22259,-59.55296,345.88,0.45,0.39,2026-02-20,1800,N,VIIRS,n,2.0NRT,298.5,6.65,D
-28.28105,-60.39116,351.73,0.42,0.37,2026-02-20,1800,N,VIIRS,n,2.0NRT,303.24,8.59,D
-28.27833,-60.39617,334.56,0.42,0.37,2026-02-20,1800,N,VIIRS,n,2.0NRT,302.13,3.17,D
-28.27343,-60.3884,336.62,0.42,0.37,2026-02-20,1800,N,VIIRS,n,2.0NRT,301.26,3.61,D
-28.27415,-60.39265,334.51,0.42,0.37,2026-02-20,1800,N,VIIRS,n,2.0NRT,300.05,3.61,D
-28.27488,-60.39691,353.11,0.42,0.37,2026-02-20,1800,N,VIIRS,n,2.0NRT,302.82,11.89,D
-27.52484,-56.87144,332.35,0.41,0.45,2026-02-20,1800,N,VIIRS,n,2.0NRT,293.15,1.73,D
-33.85493,-59.5209,335.85,0.4,0.37,2026-02-20,1800,N,VIIRS,n,2.0NRT,308.49,2.33,D
-33.67204,-60.58464,340.7,0.39,0.36,2026-02-20,1800,N,VIIRS,n,2.0NRT,309.8,3.31,D
-33.66803,-60.58122,335.66,0.39,0.36,2026-02-20,1800,N,VIIRS,l,2.0NRT,309.88,3.46,D
-33.3685,-60.1601,342.3,0.39,0.36,2026-02-20,1800,N,VIIRS,n,2.0NRT,309.84,5.93,D
-33.36043,-60.1532,335.65,0.39,0.36,2026-02-20,1800,N,VIIRS,l,2.0NRT,310.1,5.08,D
-33.25889,-60.2807,331.82,0.39,0.36,2026-02-20,1800,N,VIIRS,l,2.0NRT,305.71,3.1,D
-33.25622,-60.28566,338.57,0.39,0.36,2026-02-20,1800,N,VIIRS,n,2.0NRT,308.99,3.76,D
-32.78421,-58.896,350.58,0.42,0.38,2026-02-20,1800,N,VIIRS,n,2.0NRT,308.21,10.45,D
-33.00347,-60.40724,348.56,0.39,0.36,2026-02-20,1800,N,VIIRS,n,2.0NRT,308.12,4.52,D
-23.26278,-63.26292,349.42,0.39,0.36,2026-02-20,1802,N,VIIRS,n,2.0NRT,304.86,13.49,D
-23.25944,-63.26354,348.81,0.39,0.36,2026-02-20,1802,N,VIIRS,n,2.0NRT,305.56,13.49,D
-25.53879,-57.96678,342.6,0.38,0.44,2026-02-20,1802,N,VIIRS,n,2.0NRT,295.05,7.26,D
-25.74917,-58.54217,332.46,0.53,0.42,2026-02-20,1802,N,VIIRS,n,2.0NRT,292.65,3.15,D
-25.74817,-58.53685,334.83,0.53,0.42,2026-02-20,1802,N,VIIRS,n,2.0NRT,294.12,5.64,D
-25.74616,-58.52618,342.47,0.53,0.42,2026-02-20,1802,N,VIIRS,n,2.0NRT,293.07,9.81,D
-26.52119,-61.69215,339.01,0.4,0.37,2026-02-20,1802,N,VIIRS,n,2.0NRT,300.75,4.07,D
-27.59235,-66.37423,333.33,0.46,0.39,2026-02-20,1802,N,VIIRS,l,2.0NRT,307.4,4.97,D
-27.36999,-61.62131,336.02,0.4,0.37,2026-02-20,1802,N,VIIRS,n,2.0NRT,300.94,2.61,D
-27.34528,-59.18251,332.49,0.47,0.4,2026-02-20,1802,N,VIIRS,n,2.0NRT,297.73,4.83,D
-27.58491,-59.32408,335.65,0.46,0.39,2026-02-20,1802,N,VIIRS,n,2.0NRT,297.06,3.98,D
-25.54678,-57.96491,340.65,0.38,0.44,2026-02-20,1802,N,VIIRS,n,2.0NRT,295.05,5.73,D
-25.74245,-58.54926,339.86,0.53,0.42,2026-02-20,1802,N,VIIRS,n,2.0NRT,293.94,6.97,D
-25.65289,-59.21608,330.96,0.5,0.41,2026-02-20,1802,N,VIIRS,l,2.0NRT,302.09,6.33,D
-25.89372,-60.6288,331.54,0.43,0.38,2026-02-20,1802,N,VIIRS,n,2.0NRT,281.11,6.05,D
-25.45461,-58.97765,335.1,0.51,0.41,2026-02-20,1802,N,VIIRS,n,2.0NRT,293.67,3.05,D
-25.65242,-60.51096,332.48,0.44,0.38,2026-02-20,1802,N,VIIRS,n,2.0NRT,294.74,4.48,D
-25.24238,-58.40212,343.14,0.55,0.43,2026-02-20,1802,N,VIIRS,n,2.0NRT,291.15,11.71,D
-25.24027,-58.40514,332.48,0.55,0.43,2026-02-20,1802,N,VIIRS,n,2.0NRT,291.38,5.06,D
-23.26218,-63.25912,331.74,0.39,0.36,2026-02-20,1802,N,VIIRS,n,2.0NRT,301.39,6.5,D
-28.7352,-65.90647,330.71,0.45,0.39,2026-02-20,1802,N,VIIRS,l,2.0NRT,303.83,4.5,D
-43.00087,-65.12927,367,0.63,0.72,2026-02-20,1938,N,VIIRS,h,2.0NRT,308.52,21.73,D
-42.99296,-65.10629,348.07,0.63,0.72,2026-02-20,1938,N,VIIRS,n,2.0NRT,301.8,8.55,D
-42.99828,-65.12177,354.09,0.63,0.72,2026-02-20,1938,N,VIIRS,n,2.0NRT,303.73,21.38,D
-42.98922,-65.11752,367,0.63,0.72,2026-02-20,1938,N,VIIRS,h,2.0NRT,312.03,66.23,D
-42.99189,-65.1253,367,0.63,0.72,2026-02-20,1938,N,VIIRS,h,2.0NRT,316.44,66.23,D
-42.98111,-65.09401,357.5,0.63,0.72,2026-02-20,1938,N,VIIRS,n,2.0NRT,313.67,90.24,D
-42.98383,-65.10188,357.19,0.63,0.72,2026-02-20,1938,N,VIIRS,n,2.0NRT,315.47,49.3,D
-42.98652,-65.10971,355.27,0.63,0.72,2026-02-20,1938,N,VIIRS,n,2.0NRT,315.44,49.3,D
-42.99452,-65.13293,346.62,0.63,0.72,2026-02-20,1938,N,VIIRS,n,2.0NRT,313.44,44.51,D
-42.99715,-65.14059,346.24,0.63,0.72,2026-02-20,1938,N,VIIRS,n,2.0NRT,308.5,44.51,D
-42.97481,-65.09783,367,0.63,0.72,2026-02-20,1938,N,VIIRS,h,2.0NRT,303.57,90.24,D
-42.97747,-65.10554,354.32,0.63,0.72,2026-02-20,1938,N,VIIRS,n,2.0NRT,308.53,49.3,D
-42.98014,-65.1133,343.62,0.63,0.72,2026-02-20,1938,N,VIIRS,n,2.0NRT,305.74,49.3,D
-42.98283,-65.12107,333.49,0.63,0.72,2026-02-20,1938,N,VIIRS,n,2.0NRT,306.88,66.23,D
-42.99292,-65.10947,367,0.63,0.72,2026-02-20,1938,N,VIIRS,h,2.0NRT,304.85,62.77,D
-42.99815,-65.12492,367,0.63,0.72,2026-02-20,1938,N,VIIRS,h,2.0NRT,312.39,50.72,D
-42.99024,-65.10154,354.21,0.63,0.72,2026-02-20,1938,N,VIIRS,n,2.0NRT,303.07,63.36,D
-43.00069,-65.13247,356.17,0.63,0.72,2026-02-20,1938,N,VIIRS,n,2.0NRT,310.52,50.72,D
-42.97853,-65.0894,367,0.63,0.72,2026-02-20,1938,N,VIIRS,h,2.0NRT,300.73,61.67,D
-42.9865,-65.11294,367,0.63,0.72,2026-02-20,1938,N,VIIRS,h,2.0NRT,312.29,62.77,D
-42.98915,-65.12077,367,0.63,0.72,2026-02-20,1938,N,VIIRS,h,2.0NRT,312.28,62.77,D
-42.99438,-65.13624,367,0.63,0.72,2026-02-20,1938,N,VIIRS,h,2.0NRT,308.6,50.72,D
-42.98118,-65.09722,343.43,0.63,0.72,2026-02-20,1938,N,VIIRS,n,2.0NRT,315.82,63.36,D
-42.98384,-65.10506,355.18,0.63,0.72,2026-02-20,1938,N,VIIRS,n,2.0NRT,316.09,63.36,D
-42.99179,-65.12856,344.1,0.63,0.72,2026-02-20,1938,N,VIIRS,n,2.0NRT,311.5,50.72,D
-42.97486,-65.10103,367,0.63,0.72,2026-02-20,1938,N,VIIRS,h,2.0NRT,311.32,45.39,D
-42.9775,-65.10879,355.42,0.63,0.72,2026-02-20,1938,N,VIIRS,n,2.0NRT,308.67,45.39,D
-42.98013,-65.11655,338.87,0.63,0.72,2026-02-20,1938,N,VIIRS,n,2.0NRT,304.82,32.48,D
-42.96857,-65.10486,367,0.63,0.72,2026-02-20,1938,N,VIIRS,h,2.0NRT,301.93,45.39,D
-42.97119,-65.11259,367,0.63,0.72,2026-02-20,1938,N,VIIRS,h,2.0NRT,304.32,45.39,D
-42.97381,-65.12031,367,0.63,0.72,2026-02-20,1938,N,VIIRS,h,2.0NRT,306.45,32.48,D
-42.9791,-65.13589,367,0.63,0.72,2026-02-20,1938,N,VIIRS,h,2.0NRT,313.15,33.3,D
-42.98174,-65.14368,367,0.63,0.72,2026-02-20,1938,N,VIIRS,h,2.0NRT,310.2,33.3,D
-42.97644,-65.12805,355.53,0.63,0.72,2026-02-20,1938,N,VIIRS,n,2.0NRT,310.02,32.48,D
-27.10437,-60.42065,312,0.39,0.36,2026-02-21,0516,N,VIIRS,n,2.0NRT,290.79,2.5,N
-29.31507,-63.01743,316.85,0.4,0.37,2026-02-21,0516,N,VIIRS,n,2.0NRT,292.24,3.4,N
-29.31845,-63.01818,321.7,0.4,0.37,2026-02-21,0516,N,VIIRS,n,2.0NRT,291.42,3.4,N
-25.66833,-58.53818,303.2,0.41,0.37,2026-02-21,0516,N,VIIRS,n,2.0NRT,291.76,0.69,N
-25.73278,-58.56903,303.36,0.41,0.37,2026-02-21,0516,N,VIIRS,n,2.0NRT,289.92,0.99,N
-25.75012,-58.52175,330.74,0.41,0.37,2026-02-21,0516,N,VIIRS,n,2.0NRT,291.84,2.77,N
-25.75238,-58.53054,331.16,0.41,0.37,2026-02-21,0516,N,VIIRS,n,2.0NRT,291.35,3.33,N
-25.75297,-58.52645,336.95,0.41,0.37,2026-02-21,0516,N,VIIRS,n,2.0NRT,291.77,3.33,N
-25.75356,-58.52235,328.3,0.41,0.37,2026-02-21,0516,N,VIIRS,n,2.0NRT,290.48,2.77,N
-25.75179,-58.53464,312.02,0.41,0.37,2026-02-21,0516,N,VIIRS,n,2.0NRT,291.11,1.54,N
-25.75464,-58.53934,305.38,0.41,0.37,2026-02-21,0516,N,VIIRS,n,2.0NRT,290.53,0.61,N
-26.00371,-59.05362,344.74,0.4,0.37,2026-02-21,0516,N,VIIRS,n,2.0NRT,291.49,3.54,N
-26.0071,-59.05424,311.36,0.4,0.37,2026-02-21,0516,N,VIIRS,n,2.0NRT,290.04,3.54,N
-25.9868,-59.40099,325.04,0.39,0.36,2026-02-21,0516,N,VIIRS,n,2.0NRT,290.23,1.53,N
-26.01526,-59.28047,302.62,0.39,0.36,2026-02-21,0516,N,VIIRS,n,2.0NRT,289.79,0.6,N
-25.8945,-60.63054,334.21,0.38,0.36,2026-02-21,0516,N,VIIRS,n,2.0NRT,291.09,3.16,N
-25.45479,-63.40673,304.47,0.44,0.38,2026-02-21,0516,N,VIIRS,n,2.0NRT,290.72,0.67,N
-25.45557,-63.40234,306.89,0.44,0.38,2026-02-21,0516,N,VIIRS,n,2.0NRT,291.02,0.67,N
-26.14167,-60.1281,307.06,0.39,0.36,2026-02-21,0516,N,VIIRS,n,2.0NRT,290.81,1.18,N
-26.61927,-59.99109,305.59,0.39,0.36,2026-02-21,0516,N,VIIRS,n,2.0NRT,290.01,0.67,N
-26.61987,-59.98718,309.18,0.39,0.36,2026-02-21,0516,N,VIIRS,n,2.0NRT,290.21,1.03,N
-27.52266,-54.72368,303.15,0.42,0.45,2026-02-21,0516,N,VIIRS,n,2.0NRT,290.31,0.48,N
-26.96195,-60.41813,302.87,0.38,0.36,2026-02-21,0516,N,VIIRS,n,2.0NRT,290.6,0.48,N
-26.96529,-60.41878,309.3,0.38,0.36,2026-02-21,0516,N,VIIRS,n,2.0NRT,290.03,0.89,N
-27.0971,-60.42326,322.85,0.39,0.36,2026-02-21,0516,N,VIIRS,n,2.0NRT,290.52,2.2,N
-27.0977,-60.41935,323.48,0.39,0.36,2026-02-21,0516,N,VIIRS,n,2.0NRT,291.17,2.14,N
-27.10043,-60.4239,327.07,0.39,0.36,2026-02-21,0516,N,VIIRS,n,2.0NRT,290.86,2.04,N
-27.10104,-60.42,338.03,0.39,0.36,2026-02-21,0516,N,VIIRS,n,2.0NRT,291.97,2.5,N
-27.10377,-60.42455,308.43,0.39,0.36,2026-02-21,0516,N,VIIRS,n,2.0NRT,290.41,2.04,N
-27.50355,-57.89526,308.95,0.44,0.38,2026-02-21,0516,N,VIIRS,n,2.0NRT,292.49,1.23,N
-27.50417,-57.89076,306.06,0.44,0.38,2026-02-21,0516,N,VIIRS,n,2.0NRT,292.12,1.23,N
-27.50774,-57.89137,319.36,0.44,0.38,2026-02-21,0516,N,VIIRS,n,2.0NRT,291.83,1.23,N
-27.05823,-61.34996,304.65,0.39,0.36,2026-02-21,0516,N,VIIRS,n,2.0NRT,289.54,0.59,N
-27.06156,-61.35064,313.33,0.39,0.36,2026-02-21,0516,N,VIIRS,n,2.0NRT,286.6,1.04,N
-27.43791,-60.83594,304.14,0.38,0.36,2026-02-21,0516,N,VIIRS,n,2.0NRT,291.56,1.3,N
-28.6244,-59.98047,306.5,0.39,0.36,2026-02-21,0516,N,VIIRS,n,2.0NRT,292.71,0.76,N
-29.31239,-63.01257,341.61,0.4,0.37,2026-02-21,0516,N,VIIRS,n,2.0NRT,292.96,3.88,N
-29.31577,-63.01332,346.74,0.4,0.37,2026-02-21,0516,N,VIIRS,n,2.0NRT,292.74,3.4,N
-34.08659,-58.70324,299.3,0.47,0.4,2026-02-21,0518,N,VIIRS,n,2.0NRT,287.41,0.81,N
-34.09029,-58.7039,296.98,0.47,0.4,2026-02-21,0518,N,VIIRS,n,2.0NRT,286.92,0.81,N
-34.0873,-58.70572,299.34,0.47,0.4,2026-02-21,0518,N,VIIRS,n,2.0NRT,288.23,1.83,N
-34.09533,-58.70185,295.88,0.47,0.4,2026-02-21,0518,N,VIIRS,n,2.0NRT,285.46,0.51,N
-34.35352,-58.71368,304.49,0.48,0.4,2026-02-21,0518,N,VIIRS,n,2.0NRT,287.97,0.74,N
-34.73381,-58.64042,301.68,0.48,0.4,2026-02-21,0518,N,VIIRS,n,2.0NRT,290.1,0.55,N
-34.85915,-57.89427,329.26,0.52,0.42,2026-02-21,0518,N,VIIRS,n,2.0NRT,291.6,3.78,N
-34.7867,-58.61246,301.68,0.49,0.4,2026-02-21,0518,N,VIIRS,n,2.0NRT,288.33,1.08,N
-31.32022,-58.04827,307.25,0.47,0.4,2026-02-21,0518,N,VIIRS,n,2.0NRT,291.63,1.27,N
-30.08017,-62.96469,324.64,0.39,0.36,2026-02-21,0518,N,VIIRS,n,2.0NRT,291.2,2.53,N
-30.07612,-62.96804,334.02,0.39,0.36,2026-02-21,0518,N,VIIRS,n,2.0NRT,291.24,3.93,N
-30.07276,-62.96729,339.13,0.39,0.36,2026-02-21,0518,N,VIIRS,n,2.0NRT,291.53,3.35,N
-30.06335,-62.96095,320.52,0.39,0.36,2026-02-21,0518,N,VIIRS,n,2.0NRT,290.93,1.21,N
-30.67235,-58.08266,310.28,0.46,0.39,2026-02-21,0518,N,VIIRS,n,2.0NRT,291.19,1.1,N
-33.25556,-60.28754,330.07,0.41,0.37,2026-02-21,0518,N,VIIRS,n,2.0NRT,293.31,3.21,N
-32.55811,-61.34111,299.96,0.39,0.36,2026-02-21,0518,N,VIIRS,n,2.0NRT,288.47,0.04,N
-32.55414,-61.34459,301.78,0.39,0.36,2026-02-21,0518,N,VIIRS,n,2.0NRT,288.45,0.04,N
-31.37243,-58.08279,307.65,0.47,0.4,2026-02-21,0518,N,VIIRS,n,2.0NRT,291.22,0.72,N
-33.25618,-60.28308,308.64,0.41,0.37,2026-02-21,0518,N,VIIRS,n,2.0NRT,290.79,2.75,N
-33.3667,-60.16043,333.41,0.42,0.37,2026-02-21,0518,N,VIIRS,n,2.0NRT,291.95,3.73,N
-33.37018,-60.16112,322.4,0.42,0.37,2026-02-21,0518,N,VIIRS,n,2.0NRT,292.31,2.65,N
-33.37079,-60.15661,301.39,0.42,0.37,2026-02-21,0518,N,VIIRS,n,2.0NRT,291.32,0.58,N
-33.37549,-60.14827,328.61,0.42,0.37,2026-02-21,0518,N,VIIRS,n,2.0NRT,291.79,3.09,N
-43.00919,-65.12595,344.56,0.39,0.36,2026-02-21,0520,N,VIIRS,n,2.0NRT,297.84,14.69,N
-43.01179,-65.13164,347.6,0.39,0.36,2026-02-21,0520,N,VIIRS,n,2.0NRT,297.1,14.69,N
-43.01239,-65.13378,329.08,0.39,0.36,2026-02-21,0520,N,VIIRS,n,2.0NRT,293.75,6.13,N
-43.01021,-65.14805,302.87,0.39,0.36,2026-02-21,0520,N,VIIRS,n,2.0NRT,289.05,0.32,N
-43.01311,-65.12904,315.19,0.39,0.36,2026-02-21,0520,N,VIIRS,n,2.0NRT,292,8.17,N
-43.01354,-65.14899,299.21,0.39,0.36,2026-02-21,0520,N,VIIRS,n,2.0NRT,288.39,0.32,N
-43.01572,-65.13474,299.49,0.39,0.36,2026-02-21,0520,N,VIIRS,n,2.0NRT,288.03,6.13,N
-43.00773,-65.13543,305.25,0.39,0.36,2026-02-21,0520,N,VIIRS,n,2.0NRT,288.82,0.93,N
-36.98276,-60.24851,305.82,0.44,0.39,2026-02-21,0520,N,VIIRS,n,2.0NRT,289.14,1.15,N
-37.04007,-60.29764,307.56,0.44,0.38,2026-02-21,0520,N,VIIRS,n,2.0NRT,290.67,1.44,N
-38.76524,-62.29489,342.78,0.4,0.37,2026-02-21,0520,N,VIIRS,n,2.0NRT,292.11,6.74,N
-38.76865,-62.29568,312.87,0.4,0.37,2026-02-21,0520,N,VIIRS,n,2.0NRT,290.63,2.04,N
-38.6993,-68.70345,319.56,0.48,0.4,2026-02-21,0520,N,VIIRS,n,2.0NRT,289.6,2.06,N
-38.7008,-68.7154,298.61,0.48,0.4,2026-02-21,0520,N,VIIRS,n,2.0NRT,286.54,0.47,N
-38.7424,-68.83858,316.42,0.48,0.4,2026-02-21,0520,N,VIIRS,n,2.0NRT,288.48,2.64,N
-38.74606,-68.83976,330.04,0.48,0.4,2026-02-21,0520,N,VIIRS,n,2.0NRT,289.65,2.64,N
-38.74623,-68.91812,304.07,0.48,0.4,2026-02-21,0520,N,VIIRS,n,2.0NRT,288.52,0.7,N
-38.7463,-68.91907,308.1,0.48,0.4,2026-02-21,0520,N,VIIRS,n,2.0NRT,288.46,0.77,N
-42.99544,-65.10218,328.07,0.39,0.36,2026-02-21,0520,N,VIIRS,n,2.0NRT,290.06,1.78,N
-42.98524,-65.16866,300.87,0.39,0.36,2026-02-21,0520,N,VIIRS,n,2.0NRT,288.96,0.6,N
-42.99472,-65.10693,317.47,0.39,0.36,2026-02-21,0520,N,VIIRS,n,2.0NRT,290,1.78,N
-42.99877,-65.10313,340.28,0.39,0.36,2026-02-21,0520,N,VIIRS,n,2.0NRT,291.12,2.61,N
-42.99805,-65.10789,302.81,0.39,0.36,2026-02-21,0520,N,VIIRS,n,2.0NRT,289.68,2.61,N
-42.99847,-65.12784,330.34,0.39,0.36,2026-02-21,0520,N,VIIRS,n,2.0NRT,289.31,2.1,N
-43.0018,-65.12878,342.43,0.39,0.36,2026-02-21,0520,N,VIIRS,n,2.0NRT,293.37,8.09,N
-43.00253,-65.12404,329.08,0.39,0.36,2026-02-21,0520,N,VIIRS,n,2.0NRT,290.18,8.09,N
-43.00586,-65.12498,340.44,0.39,0.36,2026-02-21,0520,N,VIIRS,n,2.0NRT,298.2,8.09,N
-43.00513,-65.12974,315.88,0.39,0.36,2026-02-21,0520,N,VIIRS,n,2.0NRT,290.74,8.09,N
-43.00846,-65.13068,346.99,0.39,0.36,2026-02-21,0520,N,VIIRS,n,2.0NRT,292.73,14.69,N
-45.9147,-67.59682,306.11,0.39,0.36,2026-02-21,0522,N,VIIRS,n,2.0NRT,289.09,0.56,N
-25.75153,-59.06098,333.52,0.39,0.36,2026-02-21,1741,N,VIIRS,n,2.0NRT,302.1,3.38,D
-38.0587,-57.62978,339.9,0.41,0.37,2026-02-21,1741,N,VIIRS,n,2.0NRT,307.9,8,D
-37.8663,-57.58753,334.38,0.41,0.37,2026-02-21,1741,N,VIIRS,n,2.0NRT,305.36,2.47,D
-36.70525,-57.56543,346.64,0.4,0.37,2026-02-21,1741,N,VIIRS,l,2.0NRT,320.82,33.24,D
-34.93653,-58.0233,334.14,0.4,0.37,2026-02-21,1741,N,VIIRS,l,2.0NRT,305.91,1.35,D
-34.8952,-58.40961,341.6,0.41,0.37,2026-02-21,1741,N,VIIRS,n,2.0NRT,311.71,7.6,D
-34.89174,-58.4103,339.33,0.41,0.37,2026-02-21,1741,N,VIIRS,l,2.0NRT,309.39,7.6,D
-34.88665,-58.42533,336.89,0.41,0.37,2026-02-21,1741,N,VIIRS,n,2.0NRT,309.82,2.62,D
-34.73835,-58.63435,338.6,0.42,0.37,2026-02-21,1741,N,VIIRS,n,2.0NRT,306.61,4.02,D
-34.64862,-58.42501,337.4,0.41,0.37,2026-02-21,1741,N,VIIRS,n,2.0NRT,301.6,1.24,D
-34.51828,-59.14317,367,0.43,0.38,2026-02-21,1741,N,VIIRS,h,2.0NRT,305.05,10.36,D
-33.08638,-59.26371,343.94,0.42,0.38,2026-02-21,1741,N,VIIRS,n,2.0NRT,300.34,4.39,D
-33.08289,-59.26435,334.64,0.42,0.38,2026-02-21,1741,N,VIIRS,n,2.0NRT,297.33,4.39,D
-29.15985,-61.8007,346.95,0.48,0.4,2026-02-21,1741,N,VIIRS,n,2.0NRT,311.09,25.91,D
-29.16047,-61.80572,336.19,0.48,0.4,2026-02-21,1741,N,VIIRS,n,2.0NRT,308.72,3.15,D
-29.15612,-61.80128,354.45,0.48,0.4,2026-02-21,1741,N,VIIRS,n,2.0NRT,315.61,25.91,D
-29.15674,-61.80631,337.78,0.48,0.4,2026-02-21,1741,N,VIIRS,n,2.0NRT,308.29,3.15,D
-28.68015,-59.20236,335.98,0.39,0.37,2026-02-21,1741,N,VIIRS,n,2.0NRT,302.02,4.94,D
-28.87433,-61.59369,340.68,0.47,0.4,2026-02-21,1741,N,VIIRS,l,2.0NRT,315.6,13.76,D
-28.47588,-59.23412,333.67,0.39,0.37,2026-02-21,1741,N,VIIRS,n,2.0NRT,296.49,7.09,D
-28.44923,-59.19331,331.3,0.39,0.36,2026-02-21,1741,N,VIIRS,n,2.0NRT,296.32,1.86,D
-28.38629,-59.43349,336.53,0.4,0.37,2026-02-21,1741,N,VIIRS,n,2.0NRT,304.37,2.35,D
-28.3829,-59.4341,331.19,0.4,0.37,2026-02-21,1741,N,VIIRS,l,2.0NRT,304.23,2.35,D
-27.65447,-55.1637,334.11,0.44,0.38,2026-02-21,1741,N,VIIRS,n,2.0NRT,301.87,3.86,D
-28.7325,-62.89682,333.23,0.54,0.42,2026-02-21,1741,N,VIIRS,n,2.0NRT,300.02,5.02,D
-27.58636,-56.73476,339.84,0.4,0.37,2026-02-21,1741,N,VIIRS,n,2.0NRT,301.18,5.63,D
-27.67352,-57.40668,332.97,0.39,0.36,2026-02-21,1741,N,VIIRS,l,2.0NRT,306.33,3.64,D
-27.67539,-57.41849,336.45,0.39,0.36,2026-02-21,1741,N,VIIRS,n,2.0NRT,304.81,2.28,D
-28.2121,-61.2728,338.46,0.45,0.39,2026-02-21,1741,N,VIIRS,n,2.0NRT,307.17,3.62,D
-27.82068,-58.6777,333.98,0.39,0.36,2026-02-21,1741,N,VIIRS,n,2.0NRT,302.51,0.87,D
-27.89651,-60.35535,334.23,0.42,0.37,2026-02-21,1741,N,VIIRS,l,2.0NRT,306.49,2.96,D
-27.67894,-58.9471,337.34,0.39,0.36,2026-02-21,1741,N,VIIRS,n,2.0NRT,306.81,3.47,D
-27.67617,-58.95168,346.99,0.39,0.36,2026-02-21,1741,N,VIIRS,n,2.0NRT,310.71,6.1,D
-27.67675,-58.95563,340.61,0.39,0.36,2026-02-21,1741,N,VIIRS,n,2.0NRT,304.92,4.18,D
-27.67224,-58.94835,336.97,0.39,0.36,2026-02-21,1741,N,VIIRS,l,2.0NRT,307.09,6.1,D
-27.67282,-58.9523,345.42,0.39,0.36,2026-02-21,1741,N,VIIRS,n,2.0NRT,307.91,6.1,D
-27.6734,-58.95625,348.54,0.39,0.36,2026-02-21,1741,N,VIIRS,n,2.0NRT,306.46,4.18,D
-27.50177,-57.88881,341.82,0.38,0.36,2026-02-21,1741,N,VIIRS,n,2.0NRT,299.18,4.92,D
-27.49904,-57.89336,330.77,0.38,0.36,2026-02-21,1741,N,VIIRS,n,2.0NRT,299.33,2.16,D
-27.82183,-60.54595,344.48,0.42,0.38,2026-02-21,1741,N,VIIRS,n,2.0NRT,305.89,4.36,D
-27.81834,-60.54655,337.51,0.42,0.38,2026-02-21,1741,N,VIIRS,l,2.0NRT,310.54,4.36,D
-27.61092,-59.29298,348.12,0.39,0.36,2026-02-21,1741,N,VIIRS,n,2.0NRT,312.08,6.66,D
-27.6115,-59.29698,355.28,0.39,0.36,2026-02-21,1741,N,VIIRS,n,2.0NRT,311.56,6.66,D
-27.61208,-59.30097,344.06,0.39,0.36,2026-02-21,1741,N,VIIRS,n,2.0NRT,311.49,13.07,D
-26.91875,-55.02324,346.43,0.45,0.39,2026-02-21,1741,N,VIIRS,n,2.0NRT,305.58,30.48,D
-27.60813,-59.29759,335.15,0.39,0.36,2026-02-21,1741,N,VIIRS,l,2.0NRT,307.97,6.66,D
-27.60871,-59.30159,348.7,0.39,0.36,2026-02-21,1741,N,VIIRS,n,2.0NRT,308.06,13.07,D
-27.64478,-61.01595,355.53,0.43,0.38,2026-02-21,1741,N,VIIRS,n,2.0NRT,313.07,16.3,D
-27.33925,-59.00449,340.07,0.39,0.36,2026-02-21,1741,N,VIIRS,n,2.0NRT,303.82,5.21,D
-27.12387,-58.68602,337.18,0.39,0.36,2026-02-21,1741,N,VIIRS,n,2.0NRT,303.03,3.99,D
-27.12053,-58.68664,337.08,0.39,0.36,2026-02-21,1741,N,VIIRS,n,2.0NRT,303.49,3.99,D
-27.11661,-58.68336,367,0.39,0.36,2026-02-21,1741,N,VIIRS,h,2.0NRT,305.5,22.42,D
-27.1172,-58.68727,348.01,0.39,0.36,2026-02-21,1741,N,VIIRS,n,2.0NRT,305.62,18.78,D
-27.11327,-58.68399,351.84,0.39,0.36,2026-02-21,1741,N,VIIRS,n,2.0NRT,299.63,22.42,D
-27.11386,-58.68789,350.37,0.39,0.36,2026-02-21,1741,N,VIIRS,n,2.0NRT,305.3,18.78,D
-27.10994,-58.68462,331.47,0.39,0.36,2026-02-21,1741,N,VIIRS,n,2.0NRT,298.8,2.89,D
-27.11052,-58.68851,341.27,0.39,0.36,2026-02-21,1741,N,VIIRS,n,2.0NRT,299.06,2.93,D
-27.1066,-58.68525,331.7,0.39,0.36,2026-02-21,1741,N,VIIRS,n,2.0NRT,300.24,2.89,D
-27.10719,-58.68914,334.07,0.39,0.36,2026-02-21,1741,N,VIIRS,n,2.0NRT,299.13,2.93,D
-27.1938,-59.27405,337.21,0.39,0.36,2026-02-21,1741,N,VIIRS,n,2.0NRT,308.13,4.79,D
-27.10385,-58.68977,347.92,0.39,0.36,2026-02-21,1741,N,VIIRS,n,2.0NRT,300.13,7.01,D
-27.09484,-58.67543,338.09,0.38,0.36,2026-02-21,1741,N,VIIRS,n,2.0NRT,294.15,9.78,D
-27.09542,-58.67932,352.42,0.38,0.36,2026-02-21,1741,N,VIIRS,n,2.0NRT,298.51,9.78,D
-27.09209,-58.67995,357.87,0.38,0.36,2026-02-21,1741,N,VIIRS,n,2.0NRT,298.67,9.78,D
-27.05469,-58.80651,339.61,0.39,0.36,2026-02-21,1741,N,VIIRS,n,2.0NRT,302.8,6,D
-27.28005,-61.28942,339.01,0.44,0.38,2026-02-21,1741,N,VIIRS,n,2.0NRT,308.1,7.36,D
-26.70824,-58.68278,335.69,0.38,0.36,2026-02-21,1741,N,VIIRS,l,2.0NRT,308.73,4.51,D
-26.95818,-60.42642,336.88,0.41,0.37,2026-02-21,1741,N,VIIRS,n,2.0NRT,306.26,20.82,D
-26.95357,-60.41868,334.72,0.41,0.37,2026-02-21,1741,N,VIIRS,n,2.0NRT,303.53,7.08,D
-26.95128,-60.4276,350.47,0.41,0.37,2026-02-21,1741,N,VIIRS,n,2.0NRT,308.41,19.26,D
-26.95186,-60.43177,338.74,0.41,0.37,2026-02-21,1741,N,VIIRS,n,2.0NRT,305.45,17.3,D
-26.94783,-60.42819,354.08,0.41,0.37,2026-02-21,1741,N,VIIRS,n,2.0NRT,309.03,19.26,D
-26.51781,-58.65804,337.08,0.38,0.36,2026-02-21,1741,N,VIIRS,l,2.0NRT,311.89,8.71,D
-26.329,-58.41121,341.7,0.38,0.36,2026-02-21,1741,N,VIIRS,n,2.0NRT,306.58,3.41,D
-26.32567,-58.41184,347.53,0.38,0.36,2026-02-21,1741,N,VIIRS,n,2.0NRT,305.26,6.61,D
-26.50518,-60.39499,347.74,0.41,0.37,2026-02-21,1741,N,VIIRS,n,2.0NRT,306.72,13.9,D
-26.14759,-58.22708,341.07,0.38,0.36,2026-02-21,1741,N,VIIRS,n,2.0NRT,307.03,6.88,D
-26.14819,-58.23093,334.16,0.38,0.36,2026-02-21,1741,N,VIIRS,l,2.0NRT,306.18,3.95,D
-26.01731,-59.27881,332.57,0.39,0.36,2026-02-21,1741,N,VIIRS,l,2.0NRT,302.62,2.38,D
-25.74553,-57.8217,331.92,0.39,0.36,2026-02-21,1741,N,VIIRS,n,2.0NRT,301.14,1.68,D
-26.16229,-60.84997,331.83,0.42,0.38,2026-02-21,1741,N,VIIRS,l,2.0NRT,304.74,2.19,D
-26.15882,-60.85055,339.3,0.42,0.38,2026-02-21,1741,N,VIIRS,n,2.0NRT,306.45,2.19,D
-25.81068,-58.55953,335.73,0.38,0.36,2026-02-21,1741,N,VIIRS,n,2.0NRT,303.65,1.23,D
-25.65917,-57.76632,344.7,0.39,0.36,2026-02-21,1741,N,VIIRS,n,2.0NRT,306.08,10.32,D
-25.76089,-58.52538,336.08,0.38,0.36,2026-02-21,1741,N,VIIRS,n,2.0NRT,299.82,3.69,D
-25.75638,-58.51832,350.14,0.38,0.36,2026-02-21,1741,N,VIIRS,n,2.0NRT,303.13,11.18,D
-25.73683,-58.5694,367,0.38,0.36,2026-02-21,1741,N,VIIRS,h,2.0NRT,307.27,11.79,D
-25.73624,-58.56557,338.04,0.38,0.36,2026-02-21,1741,N,VIIRS,n,2.0NRT,303.16,4.88,D
-25.79678,-59.08836,336.32,0.39,0.36,2026-02-21,1741,N,VIIRS,n,2.0NRT,303.84,2.88,D
-25.71636,-58.58128,338.04,0.38,0.36,2026-02-21,1741,N,VIIRS,n,2.0NRT,303.79,3.04,D
-25.71303,-58.58191,335.37,0.38,0.36,2026-02-21,1741,N,VIIRS,n,2.0NRT,301.46,3.04,D
-25.65289,-59.21687,331.07,0.39,0.36,2026-02-21,1741,N,VIIRS,l,2.0NRT,301.35,5.64,D
-25.82223,-60.48641,331.52,0.41,0.37,2026-02-21,1741,N,VIIRS,n,2.0NRT,298.3,3.5,D
-25.44126,-58.86052,335.22,0.38,0.36,2026-02-21,1741,N,VIIRS,n,2.0NRT,302.61,7.32,D
-25.40747,-58.72888,333.88,0.38,0.36,2026-02-21,1741,N,VIIRS,n,2.0NRT,303.29,3.58,D
-25.26662,-57.91325,341.22,0.39,0.36,2026-02-21,1741,N,VIIRS,n,2.0NRT,299.02,3.72,D
-25.39474,-58.73519,342.23,0.38,0.36,2026-02-21,1741,N,VIIRS,n,2.0NRT,304.34,9.71,D
-25.26328,-57.9139,338.11,0.39,0.36,2026-02-21,1741,N,VIIRS,n,2.0NRT,301.78,3.72,D
-25.28936,-58.29761,344.37,0.39,0.36,2026-02-21,1741,N,VIIRS,n,2.0NRT,307.55,4.79,D
-25.31072,-58.6563,333.41,0.38,0.36,2026-02-21,1741,N,VIIRS,n,2.0NRT,302.19,2.53,D
-25.30903,-58.6568,337.5,0.38,0.36,2026-02-21,1741,N,VIIRS,n,2.0NRT,302.82,6.17,D
-25.16466,-58.3884,336.6,0.39,0.36,2026-02-21,1741,N,VIIRS,n,2.0NRT,305.95,3.3,D
-25.16132,-58.38903,340.1,0.39,0.36,2026-02-21,1741,N,VIIRS,n,2.0NRT,304.36,3.3,D
-25.14538,-58.76507,341.02,0.38,0.36,2026-02-21,1741,N,VIIRS,n,2.0NRT,301.04,4.36,D
-25.14146,-58.76187,337.7,0.38,0.36,2026-02-21,1741,N,VIIRS,n,2.0NRT,303.98,19.33,D
-25.02289,-58.89387,367,0.38,0.36,2026-02-21,1741,N,VIIRS,h,2.0NRT,302.52,10.1,D
-25.02076,-58.89426,367,0.38,0.36,2026-02-21,1741,N,VIIRS,h,2.0NRT,303.5,8.15,D
-25.02018,-58.89044,333.78,0.38,0.36,2026-02-21,1741,N,VIIRS,n,2.0NRT,298.7,8.15,D
-25.01077,-58.89609,334.08,0.38,0.36,2026-02-21,1741,N,VIIRS,n,2.0NRT,299.53,2.49,D
-25.00803,-58.90052,330.61,0.38,0.36,2026-02-21,1741,N,VIIRS,n,2.0NRT,299.55,2.15,D
-24.9766,-58.78465,335.44,0.38,0.36,2026-02-21,1741,N,VIIRS,l,2.0NRT,307.38,3.04,D
-25.1356,-59.86909,331.35,0.39,0.36,2026-02-21,1741,N,VIIRS,n,2.0NRT,300.32,2.15,D
-29.39788,-57.44524,335.59,0.38,0.36,2026-02-21,1743,N,VIIRS,n,2.0NRT,296.09,3.44,D
-29.29625,-61.38599,349.28,0.47,0.39,2026-02-21,1743,N,VIIRS,n,2.0NRT,307.4,8.82,D
-28.55994,-56.27206,338.84,0.4,0.37,2026-02-21,1743,N,VIIRS,n,2.0NRT,302.95,7.99,D
-29.54824,-62.91979,336.18,0.55,0.43,2026-02-21,1743,N,VIIRS,n,2.0NRT,300.26,3.03,D
-29.54954,-62.91854,349.39,0.55,0.43,2026-02-21,1743,N,VIIRS,n,2.0NRT,300.87,6.41,D
-30.11709,-69.2894,337.43,0.44,0.62,2026-02-21,1743,N,VIIRS,n,2.0NRT,305.39,0.33,D
-29.21739,-56.76943,367,0.39,0.36,2026-02-21,1743,N,VIIRS,h,2.0NRT,292.09,16.29,D
-29.58802,-62.86584,330.84,0.55,0.43,2026-02-21,1743,N,VIIRS,l,2.0NRT,303.83,6.05,D
-29.71751,-62.78051,336.61,0.55,0.42,2026-02-21,1743,N,VIIRS,n,2.0NRT,300.51,7.34,D
-29.72146,-62.77992,347.57,0.55,0.42,2026-02-21,1743,N,VIIRS,n,2.0NRT,302.93,7.34,D
-29.79366,-62.55385,331.79,0.53,0.42,2026-02-21,1743,N,VIIRS,l,2.0NRT,304.06,1.55,D
-29.27263,-57.74747,338.87,0.38,0.36,2026-02-21,1743,N,VIIRS,n,2.0NRT,296.45,3.95,D
-29.27596,-57.7468,355.24,0.38,0.36,2026-02-21,1743,N,VIIRS,n,2.0NRT,303.87,26.01,D
-29.98506,-62.29648,351.23,0.52,0.42,2026-02-21,1743,N,VIIRS,n,2.0NRT,306.98,28.64,D
-29.21275,-56.76209,341.52,0.39,0.36,2026-02-21,1743,N,VIIRS,n,2.0NRT,289.7,6.34,D
-29.98827,-62.29043,341.97,0.52,0.42,2026-02-21,1743,N,VIIRS,n,2.0NRT,304.71,6.05,D
-29.21803,-56.77344,349.33,0.39,0.36,2026-02-21,1743,N,VIIRS,n,2.0NRT,285.45,16.29,D
-29.21675,-56.76541,351.67,0.39,0.36,2026-02-21,1743,N,VIIRS,n,2.0NRT,298.9,25.32,D
-29.2161,-56.76139,339.07,0.39,0.36,2026-02-21,1743,N,VIIRS,n,2.0NRT,292.54,25.32,D
-29.21546,-56.75738,334.73,0.39,0.36,2026-02-21,1743,N,VIIRS,n,2.0NRT,287.19,4.29,D
-25.00966,-59.32147,300.42,0.48,0.4,2026-02-22,0455,N,VIIRS,n,2.0NRT,262.6,0.29,N
-25.523,-57.91112,322.89,0.42,0.37,2026-02-22,0455,N,VIIRS,n,2.0NRT,279.58,2.19,N
-25.52168,-57.91185,320.59,0.42,0.37,2026-02-22,0455,N,VIIRS,n,2.0NRT,278.97,2.46,N
-25.00879,-59.32619,306.33,0.48,0.4,2026-02-22,0455,N,VIIRS,n,2.0NRT,264.89,1.2,N
-26.94964,-60.42691,308.52,0.5,0.41,2026-02-22,0457,N,VIIRS,n,2.0NRT,291.83,1.82,N
-26.21649,-54.62399,310.42,0.39,0.36,2026-02-22,0457,N,VIIRS,n,2.0NRT,292.4,1.31,N
-25.75978,-58.51817,307.6,0.43,0.38,2026-02-22,0457,N,VIIRS,n,2.0NRT,281.36,0.86,N
-25.7633,-58.51893,317.28,0.43,0.38,2026-02-22,0457,N,VIIRS,n,2.0NRT,283.27,1.36,N
-26.30691,-58.41646,306.71,0.42,0.38,2026-02-22,0457,N,VIIRS,n,2.0NRT,292.38,0.32,N
-26.30303,-58.41819,306.16,0.42,0.38,2026-02-22,0457,N,VIIRS,n,2.0NRT,292.84,0.68,N
-26.30651,-58.41894,307.12,0.42,0.38,2026-02-22,0457,N,VIIRS,n,2.0NRT,292.38,0.68,N
-26.26871,-59.37039,305.03,0.46,0.39,2026-02-22,0457,N,VIIRS,n,2.0NRT,291.71,0.63,N
-26.27233,-59.37121,310.32,0.46,0.39,2026-02-22,0457,N,VIIRS,n,2.0NRT,291.85,0.63,N
-26.61988,-59.98916,303.39,0.48,0.4,2026-02-22,0457,N,VIIRS,n,2.0NRT,292.19,0.68,N
-26.61822,-61.37149,317.89,0.57,0.43,2026-02-22,0457,N,VIIRS,n,2.0NRT,290.97,1.9,N
-26.61933,-61.36578,304.23,0.57,0.43,2026-02-22,0457,N,VIIRS,n,2.0NRT,290.19,1.9,N
-26.61875,-61.37243,315.41,0.57,0.43,2026-02-22,0457,N,VIIRS,n,2.0NRT,290.88,2.73,N
-26.61989,-61.36674,312.57,0.57,0.43,2026-02-22,0457,N,VIIRS,n,2.0NRT,290.75,1.88,N
-26.94867,-60.43198,319.94,0.5,0.41,2026-02-22,0457,N,VIIRS,n,2.0NRT,292.58,1.82,N
-26.95436,-60.42274,302.76,0.5,0.41,2026-02-22,0457,N,VIIRS,n,2.0NRT,291.07,0.64,N
-27.53678,-57.1737,318.71,0.39,0.36,2026-02-22,0457,N,VIIRS,n,2.0NRT,290.09,1.38,N
-27.54013,-57.1744,314.6,0.39,0.36,2026-02-22,0457,N,VIIRS,n,2.0NRT,289.58,1.38,N
-27.54078,-57.17044,302.08,0.39,0.36,2026-02-22,0457,N,VIIRS,n,2.0NRT,285.36,0.5,N
-27.09466,-60.42159,310.6,0.5,0.41,2026-02-22,0457,N,VIIRS,n,2.0NRT,291.29,1.35,N
-27.0984,-60.42248,323.01,0.5,0.41,2026-02-22,0457,N,VIIRS,n,2.0NRT,291.99,2.25,N
-27.10215,-60.42337,303.71,0.5,0.41,2026-02-22,0457,N,VIIRS,n,2.0NRT,291.6,2.25,N
-27.05735,-61.35468,323.2,0.56,0.43,2026-02-22,0457,N,VIIRS,n,2.0NRT,291.71,1.8,N
-27.05844,-61.34906,307.45,0.56,0.43,2026-02-22,0457,N,VIIRS,n,2.0NRT,290.92,1.8,N
-27.06237,-61.35004,331.84,0.56,0.43,2026-02-22,0457,N,VIIRS,n,2.0NRT,291.75,3.44,N
-27.06128,-61.35566,312.65,0.56,0.43,2026-02-22,0457,N,VIIRS,n,2.0NRT,290.9,3.44,N
-27.05876,-61.35605,321.41,0.56,0.43,2026-02-22,0457,N,VIIRS,n,2.0NRT,291.63,3.75,N
-27.05988,-61.35045,340.6,0.56,0.43,2026-02-22,0457,N,VIIRS,n,2.0NRT,292.85,5.88,N
-27.90155,-60.69995,305.77,0.5,0.41,2026-02-22,0457,N,VIIRS,n,2.0NRT,291.38,0.93,N
-29.24107,-56.77262,320.33,0.38,0.36,2026-02-22,0457,N,VIIRS,n,2.0NRT,291.91,1.61,N
-29.2417,-56.76865,317.67,0.38,0.36,2026-02-22,0457,N,VIIRS,n,2.0NRT,291.95,1.61,N
-29.24629,-56.76141,307.02,0.38,0.36,2026-02-22,0457,N,VIIRS,n,2.0NRT,291.69,0.62,N
-29.24962,-56.7621,304.42,0.38,0.36,2026-02-22,0457,N,VIIRS,n,2.0NRT,291.46,4.93,N
-29.25295,-56.76278,345.39,0.38,0.36,2026-02-22,0457,N,VIIRS,n,2.0NRT,293.88,4.93,N
-29.25358,-56.75882,315.65,0.38,0.36,2026-02-22,0457,N,VIIRS,n,2.0NRT,291.78,1.06,N
-29.9746,-62.296,304.01,0.56,0.43,2026-02-22,0457,N,VIIRS,n,2.0NRT,290.73,1.37,N
-29.97853,-62.29704,311.1,0.56,0.43,2026-02-22,0457,N,VIIRS,n,2.0NRT,290.72,1.37,N
-29.97968,-62.29128,317.09,0.56,0.43,2026-02-22,0457,N,VIIRS,n,2.0NRT,290.83,1.82,N
-29.98476,-62.28659,303.1,0.56,0.43,2026-02-22,0457,N,VIIRS,n,2.0NRT,290.57,1.46,N
-29.98868,-62.28763,310.65,0.56,0.43,2026-02-22,0457,N,VIIRS,n,2.0NRT,290.77,1.46,N
-37.03893,-60.29847,295.65,0.39,0.36,2026-02-22,0459,N,VIIRS,n,2.0NRT,282.04,0.44,N
-36.98121,-60.24625,304.84,0.39,0.36,2026-02-22,0459,N,VIIRS,n,2.0NRT,287.72,0.88,N
-34.85605,-57.89305,323.63,0.38,0.36,2026-02-22,0459,N,VIIRS,n,2.0NRT,292.92,1.67,N
-34.85659,-57.8957,327.24,0.38,0.36,2026-02-22,0459,N,VIIRS,n,2.0NRT,291.86,2.62,N
-34.85724,-57.89147,321.13,0.38,0.36,2026-02-22,0459,N,VIIRS,n,2.0NRT,292.89,1.9,N
-34.93808,-57.97129,309.5,0.38,0.36,2026-02-22,0459,N,VIIRS,n,2.0NRT,290.71,0.46,N
-34.94076,-57.97628,302.89,0.38,0.36,2026-02-22,0459,N,VIIRS,n,2.0NRT,290.95,1.08,N
-34.94142,-57.97206,318.12,0.38,0.36,2026-02-22,0459,N,VIIRS,n,2.0NRT,290.37,1.04,N
-34.9,-58.42044,300.33,0.38,0.36,2026-02-22,0459,N,VIIRS,n,2.0NRT,284.88,0.27,N
-37.24798,-56.99804,297.88,0.4,0.37,2026-02-22,0459,N,VIIRS,n,2.0NRT,287.68,0.55,N
-33.25611,-60.28776,329.96,0.42,0.37,2026-02-22,0459,N,VIIRS,n,2.0NRT,293.29,3.28,N
-33.25691,-60.28328,318.22,0.42,0.37,2026-02-22,0459,N,VIIRS,n,2.0NRT,291.7,3.18,N
-33.3601,-60.15415,334.66,0.41,0.37,2026-02-22,0459,N,VIIRS,n,2.0NRT,293.36,6.05,N
-33.36089,-60.14971,309.91,0.41,0.37,2026-02-22,0459,N,VIIRS,n,2.0NRT,291.94,1.28,N
-33.36167,-60.14527,304.63,0.41,0.37,2026-02-22,0459,N,VIIRS,n,2.0NRT,292.49,1.28,N
-33.36618,-60.16031,322.31,0.41,0.37,2026-02-22,0459,N,VIIRS,n,2.0NRT,290.59,2.71,N
-33.36962,-60.16117,313.47,0.41,0.37,2026-02-22,0459,N,VIIRS,n,2.0NRT,289.73,2.12,N
-33.3754,-60.1487,329.04,0.41,0.37,2026-02-22,0459,N,VIIRS,n,2.0NRT,292.22,6.1,N
-33.37618,-60.14426,323.64,0.41,0.37,2026-02-22,0459,N,VIIRS,n,2.0NRT,291.28,4.5,N
-34.08777,-58.70395,314.11,0.39,0.36,2026-02-22,0459,N,VIIRS,n,2.0NRT,293.46,2.49,N
-34.09111,-58.70475,302.34,0.39,0.36,2026-02-22,0459,N,VIIRS,n,2.0NRT,290.05,1.75,N
-34.09179,-58.70055,301.54,0.39,0.36,2026-02-22,0459,N,VIIRS,n,2.0NRT,289.36,1.28,N
-34.39248,-58.8541,305.95,0.39,0.36,2026-02-22,0459,N,VIIRS,n,2.0NRT,290.03,0.88,N
-37.71948,-69.18963,309.02,0.59,0.52,2026-02-22,0501,N,VIIRS,n,2.0NRT,281.91,0.89,N
-38.26555,-68.62811,300.43,0.53,0.5,2026-02-22,0501,N,VIIRS,n,2.0NRT,285.48,1.12,N
-38.69693,-68.70098,332.78,0.52,0.5,2026-02-22,0501,N,VIIRS,n,2.0NRT,288.28,4.41,N
-38.70145,-68.70274,302.25,0.52,0.5,2026-02-22,0501,N,VIIRS,n,2.0NRT,285.67,1.28,N
-38.74509,-68.92009,302.63,0.54,0.5,2026-02-22,0501,N,VIIRS,n,2.0NRT,285,1.02,N
-37.71215,-69.13522,298.79,0.58,0.52,2026-02-22,0501,N,VIIRS,n,2.0NRT,283.6,1.52,N
-37.71049,-69.14191,314.29,0.58,0.52,2026-02-22,0501,N,VIIRS,n,2.0NRT,284.42,1.52,N
-37.42714,-69.17781,298.95,0.58,0.7,2026-02-22,0641,N,VIIRS,n,2.0NRT,281.59,1.7,N
-37.42475,-69.17244,298.46,0.59,0.7,2026-02-22,0641,N,VIIRS,n,2.0NRT,281.16,0.91,N
-37.43137,-69.17327,305.65,0.59,0.7,2026-02-22,0641,N,VIIRS,n,2.0NRT,280.36,1.24,N
-38.69614,-68.70647,312.25,0.63,0.72,2026-02-22,0641,N,VIIRS,n,2.0NRT,283.29,1.36,N
-38.69632,-68.69833,300.57,0.63,0.72,2026-02-22,0641,N,VIIRS,n,2.0NRT,282.58,1.36,N
-38.70296,-68.7067,300.16,0.63,0.72,2026-02-22,0641,N,VIIRS,n,2.0NRT,282.44,1.36,N
-38.70315,-68.69857,298.41,0.63,0.72,2026-02-22,0641,N,VIIRS,n,2.0NRT,282.83,1.36,N
-38.69711,-68.70418,331.25,0.63,0.72,2026-02-22,0641,N,VIIRS,n,2.0NRT,283.78,4.89,N
-38.70393,-68.70441,296.16,0.63,0.72,2026-02-22,0641,N,VIIRS,n,2.0NRT,282.68,0.83,N
-37.42735,-69.17054,301.77,0.58,0.7,2026-02-22,0641,N,VIIRS,n,2.0NRT,281.06,1.11,N
-29.14189,-58.60366,347.53,0.39,0.44,2026-02-22,1721,N,VIIRS,n,2.0NRT,295.96,3.81,D
-29.34512,-60.84919,336.67,0.52,0.5,2026-02-22,1721,N,VIIRS,n,2.0NRT,296.81,5.32,D
-29.16587,-59.55318,339.46,0.43,0.46,2026-02-22,1721,N,VIIRS,n,2.0NRT,299,5.83,D
-29.16634,-59.55773,343.08,0.43,0.46,2026-02-22,1721,N,VIIRS,n,2.0NRT,300.98,5.83,D
-29.51516,-63.51534,334.88,0.38,0.58,2026-02-22,1721,N,VIIRS,n,2.0NRT,288.68,2.06,D
-29.16158,-59.55375,356.17,0.43,0.46,2026-02-22,1721,N,VIIRS,n,2.0NRT,301.12,8.32,D
-29.16205,-59.55831,331.24,0.43,0.46,2026-02-22,1721,N,VIIRS,n,2.0NRT,298,8.32,D
-29.15682,-59.54978,332.08,0.43,0.46,2026-02-22,1721,N,VIIRS,n,2.0NRT,297.66,7.42,D
-28.86646,-61.59923,341.22,0.57,0.52,2026-02-22,1721,N,VIIRS,n,2.0NRT,299.6,4.83,D
-28.86216,-61.60574,332.35,0.57,0.52,2026-02-22,1721,N,VIIRS,n,2.0NRT,296.79,4.83,D
-34.90332,-58.41866,353.26,0.44,0.46,2026-02-22,1721,N,VIIRS,n,2.0NRT,309.29,9.45,D
-34.35622,-58.71445,343.53,0.45,0.47,2026-02-22,1721,N,VIIRS,n,2.0NRT,298.5,10.06,D
-33.9726,-58.86453,330.12,0.45,0.47,2026-02-22,1721,N,VIIRS,n,2.0NRT,297.63,4.16,D
-33.3696,-60.16156,336.11,0.53,0.5,2026-02-22,1721,N,VIIRS,n,2.0NRT,290.28,3.47,D
-31.47226,-64.24282,336.98,0.43,0.62,2026-02-22,1721,N,VIIRS,n,2.0NRT,293.28,3.33,D
-30.14414,-62.84869,336.27,0.35,0.57,2026-02-22,1721,N,VIIRS,n,2.0NRT,295.75,4.37,D
-30.14443,-62.85241,347.93,0.35,0.57,2026-02-22,1721,N,VIIRS,n,2.0NRT,294.29,4.18,D
-30.10758,-62.72242,335.44,0.34,0.56,2026-02-22,1721,N,VIIRS,n,2.0NRT,294.81,3.08,D
-30.10787,-62.72607,342.04,0.34,0.56,2026-02-22,1721,N,VIIRS,n,2.0NRT,294.5,3.08,D
-29.98261,-62.28774,347.72,0.32,0.55,2026-02-22,1721,N,VIIRS,n,2.0NRT,298.75,6.34,D
-29.42751,-58.62176,346.92,0.39,0.44,2026-02-22,1721,N,VIIRS,n,2.0NRT,299.08,7.38,D
-29.14259,-58.6033,351.57,0.38,0.44,2026-02-22,1721,N,VIIRS,n,2.0NRT,297.41,4.97,D
-27.49908,-56.81059,330.93,0.46,0.39,2026-02-22,1724,N,VIIRS,l,2.0NRT,301.13,2.78,D
-27.52695,-56.91104,348.48,0.46,0.39,2026-02-22,1724,N,VIIRS,n,2.0NRT,299.52,7.22,D
-27.51359,-56.83676,344.74,0.46,0.39,2026-02-22,1724,N,VIIRS,n,2.0NRT,300.23,6.23,D
-27.50996,-56.83735,333.51,0.46,0.39,2026-02-22,1724,N,VIIRS,n,2.0NRT,302.17,5.13,D
-27.51057,-56.84201,333.45,0.46,0.39,2026-02-22,1724,N,VIIRS,n,2.0NRT,299.39,3.57,D
-27.50271,-56.81,331.38,0.46,0.39,2026-02-22,1724,N,VIIRS,n,2.0NRT,301.26,2.96,D
-27.49848,-56.80593,338.52,0.45,0.39,2026-02-22,1724,N,VIIRS,n,2.0NRT,300.91,2.78,D
-28.46144,-69.04432,332.65,0.79,0.78,2026-02-22,1724,N,VIIRS,l,2.0NRT,307.6,3.45,D
-27.38597,-57.72948,343.59,0.5,0.41,2026-02-22,1724,N,VIIRS,n,2.0NRT,312.55,9.76,D
-42.66085,-71.40868,344.04,0.41,0.37,2026-02-22,1900,N,VIIRS,n,2.0NRT,312.74,25.2,D
-38.6995,-68.70097,356.59,0.4,0.44,2026-02-22,1902,N,VIIRS,n,2.0NRT,308.78,5.04,D
-38.69769,-68.70055,344.54,0.4,0.44,2026-02-22,1902,N,VIIRS,n,2.0NRT,309.06,3.01,D
-38.27457,-68.69672,345.76,0.41,0.45,2026-02-22,1902,N,VIIRS,n,2.0NRT,310.63,8.75,D
-37.71267,-69.13595,344.64,0.4,0.44,2026-02-22,1902,N,VIIRS,n,2.0NRT,309.6,3.07,D
-37.71362,-69.14037,345.9,0.4,0.44,2026-02-22,1902,N,VIIRS,n,2.0NRT,311.53,3.07,D
-37.42918,-69.17268,344.17,0.4,0.44,2026-02-22,1902,N,VIIRS,n,2.0NRT,309.35,6.34,D
-35.50484,-69.51549,340.83,0.42,0.45,2026-02-22,1902,N,VIIRS,n,2.0NRT,309.35,4.58,D
-29.98118,-62.28911,348.36,0.69,0.75,2026-02-22,1902,N,VIIRS,n,2.0NRT,288.62,11.5,D
-29.98414,-62.29088,337.32,0.7,0.75,2026-02-22,1902,N,VIIRS,n,2.0NRT,288.68,6.08,D
-26.15558,-60.85166,323.75,0.34,0.56,2026-02-23,0438,N,VIIRS,n,2.0NRT,289.83,1.95,N
-27.09593,-60.4214,309.61,0.61,0.53,2026-02-23,0438,N,VIIRS,n,2.0NRT,290.92,1.47,N
-26.16146,-60.84973,301.73,0.34,0.56,2026-02-23,0438,N,VIIRS,n,2.0NRT,289,0.56,N
-26.16069,-60.85314,301.72,0.34,0.56,2026-02-23,0438,N,VIIRS,n,2.0NRT,289.22,0.71,N
-26.15636,-60.84826,309.31,0.34,0.56,2026-02-23,0438,N,VIIRS,n,2.0NRT,289.4,1.81,N
-26.15047,-60.85018,317.78,0.34,0.56,2026-02-23,0438,N,VIIRS,n,2.0NRT,290.2,1.95,N
-33.259,-60.28278,303.45,0.45,0.47,2026-02-23,0440,N,VIIRS,n,2.0NRT,287.34,1.21,N
-29.25579,-56.78548,299.66,0.52,0.42,2026-02-23,0440,N,VIIRS,n,2.0NRT,269.24,1.72,N
-29.97089,-62.29353,300.37,0.34,0.56,2026-02-23,0440,N,VIIRS,n,2.0NRT,287.96,0.3,N
-29.97683,-62.29165,301.29,0.34,0.56,2026-02-23,0440,N,VIIRS,n,2.0NRT,288.54,1.13,N
-33.25369,-60.28627,306.11,0.45,0.47,2026-02-23,0440,N,VIIRS,n,2.0NRT,291.84,2.11,N
-33.25796,-60.28753,316.66,0.45,0.47,2026-02-23,0440,N,VIIRS,n,2.0NRT,290.54,2.11,N
-34.85928,-57.89686,305.66,0.48,0.4,2026-02-23,0440,N,VIIRS,n,2.0NRT,278.6,0.73,N
-34.85561,-57.89579,302.19,0.48,0.4,2026-02-23,0440,N,VIIRS,n,2.0NRT,278,0.73,N
-34.37703,-59.0219,308.17,0.55,0.43,2026-02-23,0440,N,VIIRS,n,2.0NRT,290,1.04,N
-34.35511,-58.71481,332.07,0.53,0.42,2026-02-23,0440,N,VIIRS,n,2.0NRT,292.62,11.08,N
-33.37547,-60.14897,309.27,0.44,0.46,2026-02-23,0440,N,VIIRS,n,2.0NRT,290.28,2.41,N
-33.37023,-60.15234,312.17,0.44,0.46,2026-02-23,0440,N,VIIRS,n,2.0NRT,291.24,3.91,N
-33.36816,-60.16176,322.22,0.44,0.46,2026-02-23,0440,N,VIIRS,n,2.0NRT,290.26,3.54,N
-38.26993,-68.70135,308.99,0.46,0.64,2026-02-23,0442,N,VIIRS,n,2.0NRT,290.33,0.88,N
-38.27571,-68.7037,305.03,0.46,0.64,2026-02-23,0442,N,VIIRS,n,2.0NRT,290.08,0.88,N
-38.69878,-68.70538,341.82,0.45,0.63,2026-02-23,0442,N,VIIRS,n,2.0NRT,290.93,4.3,N
-37.71318,-69.13438,314.57,0.5,0.66,2026-02-23,0442,N,VIIRS,n,2.0NRT,286.59,2.35,N
-37.70969,-69.14607,296.15,0.5,0.66,2026-02-23,0442,N,VIIRS,n,2.0NRT,286.06,2.56,N
-37.71143,-69.14023,330.42,0.5,0.66,2026-02-23,0442,N,VIIRS,n,2.0NRT,287.13,2.35,N
-37.71466,-69.13551,310.42,0.5,0.66,2026-02-23,0442,N,VIIRS,n,2.0NRT,286.47,1.65,N
-37.71123,-69.14725,301.7,0.51,0.66,2026-02-23,0442,N,VIIRS,n,2.0NRT,286.26,2.56,N
-37.42501,-69.17413,323.17,0.52,0.66,2026-02-23,0442,N,VIIRS,n,2.0NRT,287.38,2.07,N
-37.71294,-69.14138,328.28,0.5,0.66,2026-02-23,0442,N,VIIRS,n,2.0NRT,287.08,2.56,N
-37.71269,-69.13496,337.86,0.33,0.55,2026-02-23,0622,N,VIIRS,n,2.0NRT,287.59,1.29,N
-37.42609,-69.17154,316.97,0.32,0.55,2026-02-23,0622,N,VIIRS,n,2.0NRT,286.95,0.79,N
-38.74855,-68.91911,319.82,0.34,0.56,2026-02-23,0622,N,VIIRS,n,2.0NRT,289.98,1.07,N
-38.74811,-68.83692,306.21,0.35,0.56,2026-02-23,0622,N,VIIRS,n,2.0NRT,286.83,0.4,N
-38.74279,-68.83633,304.09,0.35,0.56,2026-02-23,0622,N,VIIRS,n,2.0NRT,286.36,0.3,N
-38.69931,-68.70542,304.55,0.35,0.57,2026-02-23,0622,N,VIIRS,n,2.0NRT,288.9,2.42,N
-38.69957,-68.70106,347.56,0.35,0.57,2026-02-23,0622,N,VIIRS,n,2.0NRT,291.02,2.42,N
-37.71788,-69.13547,299.22,0.33,0.55,2026-02-23,0622,N,VIIRS,n,2.0NRT,285.95,1.29,N
-37.43123,-69.17233,312.36,0.32,0.55,2026-02-23,0622,N,VIIRS,n,2.0NRT,286.77,0.79,N
-37.71244,-69.13869,305.09,0.33,0.55,2026-02-23,0622,N,VIIRS,n,2.0NRT,286.42,1.29,N
-37.71219,-69.14242,315.64,0.33,0.55,2026-02-23,0622,N,VIIRS,n,2.0NRT,287.59,1.74,N
-38.51662,-58.73343,331.35,0.45,0.63,2026-02-23,1702,N,VIIRS,n,2.0NRT,287.65,4.24,D
-29.74568,-62.7574,338.03,0.65,0.73,2026-02-23,1704,N,VIIRS,n,2.0NRT,292.6,4.11,D
-31.49555,-63.7676,327.03,0.77,0.77,2026-02-23,1704,N,VIIRS,n,2.0NRT,291.67,6.91,D
-30.99074,-58.23502,353.01,0.36,0.58,2026-02-23,1704,N,VIIRS,n,2.0NRT,296.23,4.06,D
-30.99104,-58.23892,334.8,0.36,0.58,2026-02-23,1704,N,VIIRS,n,2.0NRT,294.43,4.06,D
-30.23783,-63.03908,347.06,0.68,0.74,2026-02-23,1704,N,VIIRS,n,2.0NRT,290.76,9.11,D
-30.24056,-63.03994,338.4,0.68,0.74,2026-02-23,1704,N,VIIRS,n,2.0NRT,291.08,9.41,D
-30.06774,-60.90314,331.94,0.51,0.66,2026-02-23,1704,N,VIIRS,n,2.0NRT,290.17,1.53,D
-30.10426,-62.77528,367,0.66,0.73,2026-02-23,1704,N,VIIRS,h,2.0NRT,293.94,23.04,D
-29.98675,-62.28262,341.61,0.61,0.71,2026-02-23,1704,N,VIIRS,n,2.0NRT,299.24,7.19,D
-29.98502,-62.28395,332.96,0.61,0.71,2026-02-23,1704,N,VIIRS,n,2.0NRT,299.9,10.25,D
-29.79466,-62.48323,334.74,0.63,0.72,2026-02-23,1704,N,VIIRS,n,2.0NRT,295.36,8.02,D
-29.75288,-62.76411,331.23,0.65,0.73,2026-02-23,1704,N,VIIRS,n,2.0NRT,292.11,5,D
-29.63194,-62.11495,367,0.6,0.7,2026-02-23,1704,N,VIIRS,h,2.0NRT,295.31,21.68,D
-29.41037,-58.616,330.09,0.37,0.58,2026-02-23,1704,N,VIIRS,n,2.0NRT,289.5,4,D
-29.63162,-62.10848,348.75,0.6,0.7,2026-02-23,1704,N,VIIRS,n,2.0NRT,295.18,20.78,D
-29.65029,-62.95016,367,0.67,0.73,2026-02-23,1704,N,VIIRS,h,2.0NRT,294.56,16.89,D
-29.6506,-62.95741,342.17,0.67,0.73,2026-02-23,1704,N,VIIRS,n,2.0NRT,291.5,16.89,D
-29.64503,-62.95227,367,0.67,0.73,2026-02-23,1704,N,VIIRS,h,2.0NRT,292.78,22.21,D
-28.77347,-56.54386,348.41,0.54,0.51,2026-02-23,1704,N,VIIRS,n,2.0NRT,293.76,8.3,D
-28.8555,-58.58741,330.77,0.36,0.58,2026-02-23,1704,N,VIIRS,n,2.0NRT,295.07,2.93,D
-26.39734,-59.0111,338.45,0.36,0.58,2026-02-23,1704,N,VIIRS,n,2.0NRT,295.88,4.66,D
-25.9886,-58.97453,335.17,0.36,0.57,2026-02-23,1704,N,VIIRS,n,2.0NRT,292.96,1.99,D
-25.38797,-58.40557,354.94,0.32,0.55,2026-02-23,1704,N,VIIRS,n,2.0NRT,293.24,7.61,D
-25.38284,-58.40614,367,0.32,0.55,2026-02-23,1704,N,VIIRS,h,2.0NRT,296.22,8.84,D
-25.38315,-58.40944,367,0.32,0.55,2026-02-23,1704,N,VIIRS,h,2.0NRT,296.42,5.09,D
-25.38254,-58.40284,347.11,0.32,0.55,2026-02-23,1704,N,VIIRS,n,2.0NRT,293.68,8.84,D
-25.38345,-58.41275,331.88,0.32,0.55,2026-02-23,1704,N,VIIRS,n,2.0NRT,292.38,5.09,D
-25.37771,-58.4067,352.61,0.32,0.55,2026-02-23,1704,N,VIIRS,n,2.0NRT,293.35,8.84,D
-25.37801,-58.41,334.76,0.32,0.55,2026-02-23,1704,N,VIIRS,n,2.0NRT,292.47,5.09,D
-25.37831,-58.4133,336.2,0.32,0.55,2026-02-23,1704,N,VIIRS,n,2.0NRT,290.74,5.09,D
-25.36865,-58.421,330.97,0.32,0.55,2026-02-23,1704,N,VIIRS,n,2.0NRT,293.64,4.94,D
-25.34721,-58.41336,334.61,0.32,0.55,2026-02-23,1704,N,VIIRS,n,2.0NRT,294.01,5.12,D
-25.30433,-59.6531,343.35,0.39,0.59,2026-02-23,1704,N,VIIRS,n,2.0NRT,287.38,4.68,D
-25.29879,-59.65366,330.89,0.39,0.59,2026-02-23,1704,N,VIIRS,n,2.0NRT,287.33,4.68,D
-25.07645,-57.98568,333.63,0.6,0.53,2026-02-23,1704,N,VIIRS,n,2.0NRT,289.84,2.93,D
-38.5139,-58.73689,345.41,0.36,0.58,2026-02-23,1842,N,VIIRS,n,2.0NRT,289.19,3.28,D
-38.51775,-58.73598,330.99,0.36,0.58,2026-02-23,1842,N,VIIRS,n,2.0NRT,289.26,2.59,D
-39.47174,-65.59866,332.88,0.49,0.4,2026-02-23,1842,N,VIIRS,l,2.0NRT,306.06,2.67,D
-39.46805,-65.59987,333.1,0.49,0.4,2026-02-23,1842,N,VIIRS,l,2.0NRT,305.04,2.6,D
-34.74568,-60.03815,329.47,0.39,0.59,2026-02-23,1842,N,VIIRS,n,2.0NRT,290.14,3.86,D
-38.43887,-68.55945,344.89,0.41,0.37,2026-02-23,1842,N,VIIRS,l,2.0NRT,319.08,6.43,D
-34.74545,-60.04132,345.25,0.39,0.59,2026-02-23,1842,N,VIIRS,n,2.0NRT,289.35,3.26,D
-29.7909,-62.47642,367,0.37,0.58,2026-02-23,1845,N,VIIRS,h,2.0NRT,301.19,6.5,D
-29.79279,-62.48418,338.38,0.37,0.58,2026-02-23,1845,N,VIIRS,n,2.0NRT,299.17,4.47,D
-29.79373,-62.48806,339.4,0.37,0.58,2026-02-23,1845,N,VIIRS,n,2.0NRT,300.1,4.47,D
-29.75044,-62.76093,351.62,0.36,0.58,2026-02-23,1845,N,VIIRS,n,2.0NRT,296.77,8.52,D
-29.74338,-62.75505,346.28,0.36,0.58,2026-02-23,1845,N,VIIRS,n,2.0NRT,295.25,12.66,D
-29.42643,-62.05449,338.17,0.4,0.6,2026-02-23,1845,N,VIIRS,n,2.0NRT,297.06,4.9,D
-29.4199,-62.05204,352.83,0.4,0.6,2026-02-23,1845,N,VIIRS,n,2.0NRT,297.62,8.21,D
-29.42328,-62.05393,335.85,0.4,0.6,2026-02-23,1845,N,VIIRS,n,2.0NRT,297.61,3.47,D
-29.4243,-62.05812,337.51,0.4,0.6,2026-02-23,1845,N,VIIRS,n,2.0NRT,298.62,3.47,D
-29.4178,-62.05569,343.37,0.4,0.6,2026-02-23,1845,N,VIIRS,n,2.0NRT,297.62,6.56,D
-29.41984,-62.06405,331.39,0.4,0.6,2026-02-23,1845,N,VIIRS,n,2.0NRT,298.57,3.51,D
-29.70012,-63.30909,343.85,0.34,0.56,2026-02-23,1845,N,VIIRS,n,2.0NRT,299.81,3.75,D
-29.5777,-62.81448,331.47,0.36,0.58,2026-02-23,1845,N,VIIRS,n,2.0NRT,299.46,2.19,D
-29.69502,-63.31066,352.76,0.34,0.56,2026-02-23,1845,N,VIIRS,n,2.0NRT,299.9,6.48,D
-29.00139,-61.77196,336.95,0.43,0.62,2026-02-23,1845,N,VIIRS,n,2.0NRT,300.74,2.11,D
-29.0025,-61.77634,336.01,0.43,0.62,2026-02-23,1845,N,VIIRS,n,2.0NRT,303.1,2.11,D
-29.00151,-61.77616,338.69,0.43,0.62,2026-02-23,1845,N,VIIRS,n,2.0NRT,302.27,5.01,D
-28.23864,-62.69329,333.45,0.4,0.6,2026-02-23,1845,N,VIIRS,n,2.0NRT,297.28,5.37,D
-29.78557,-62.47809,347.04,0.37,0.58,2026-02-23,1845,N,VIIRS,n,2.0NRT,297.27,6.5,D
-29.79125,-62.50133,332.75,0.37,0.58,2026-02-23,1845,N,VIIRS,n,2.0NRT,297.7,3.68,D
-29.78539,-62.59423,334.06,0.37,0.58,2026-02-23,1845,N,VIIRS,n,2.0NRT,298.2,2.61,D
-29.63373,-62.11413,367,0.4,0.6,2026-02-23,1845,N,VIIRS,h,2.0NRT,302.72,8.88,D
-29.63273,-62.11004,343.75,0.4,0.6,2026-02-23,1845,N,VIIRS,n,2.0NRT,302.23,9.52,D
-29.77667,-62.75277,367,0.36,0.58,2026-02-23,1845,N,VIIRS,h,2.0NRT,298.76,7.63,D
-29.77142,-62.75441,332.74,0.36,0.58,2026-02-23,1845,N,VIIRS,n,2.0NRT,296.99,3.85,D
-29.74953,-62.75718,367,0.36,0.58,2026-02-23,1845,N,VIIRS,h,2.0NRT,298.79,12.66,D
-29.75569,-62.7593,334.98,0.36,0.58,2026-02-23,1845,N,VIIRS,n,2.0NRT,296.62,2.9,D
-29.75659,-62.76305,345.93,0.36,0.57,2026-02-23,1845,N,VIIRS,n,2.0NRT,297.9,2.9,D
-33.37895,-60.14417,327.76,0.41,0.61,2026-02-23,1845,N,VIIRS,n,2.0NRT,290.9,4.77,D
-30.88226,-61.50409,355.32,0.4,0.6,2026-02-23,1845,N,VIIRS,n,2.0NRT,294.17,0.32,D
-30.23498,-63.04122,342.49,0.34,0.56,2026-02-23,1845,N,VIIRS,n,2.0NRT,297.47,3.39,D
-30.17163,-62.98366,343.14,0.34,0.56,2026-02-23,1845,N,VIIRS,n,2.0NRT,298.46,4.62,D
-29.98626,-62.28212,367,0.38,0.59,2026-02-23,1845,N,VIIRS,h,2.0NRT,305.05,11.73,D
-29.79811,-62.48252,333.81,0.37,0.58,2026-02-23,1845,N,VIIRS,n,2.0NRT,298.79,2.13,D
-29.79905,-62.48639,330.54,0.37,0.58,2026-02-23,1845,N,VIIRS,n,2.0NRT,298.17,2.13,D
-30.99057,-58.23164,329.32,0.6,0.71,2026-02-23,1845,N,VIIRS,n,2.0NRT,292.26,6.84,D
-26.20602,-59.1202,337.27,0.7,0.75,2026-02-23,1847,N,VIIRS,n,2.0NRT,288.29,6.55,D
