latitude,longitude,brightness,scan,track,acq_date,acq_time,satellite,instrument,confidence,version,bright_t31,frp,daynight
-26.15047,-60.85018,317.78,0.34,0.56,2026-02-23,0438,N,VIIRS,n,2.0NRT,290.2,1.95,N
-26.15636,-60.84826,309.31,0.34,0.56,2026-02-23,0438,N,VIIRS,n,2.0NRT,289.4,1.81,N
-26.15558,-60.85166,323.75,0.34,0.56,2026-02-23,0438,N,VIIRS,n,2.0NRT,289.83,1.95,N
-26.16069,-60.85314,301.72,0.34,0.56,2026-02-23,0438,N,VIIRS,n,2.0NRT,289.22,0.71,N
-26.16146,-60.84973,301.73,0.34,0.56,2026-02-23,0438,N,VIIRS,n,2.0NRT,289,0.56,N
-27.09593,-60.4214,309.61,0.61,0.53,2026-02-23,0438,N,VIIRS,n,2.0NRT,290.92,1.47,N
-29.25579,-56.78548,299.66,0.52,0.42,2026-02-23,0440,N,VIIRS,n,2.0NRT,269.24,1.72,N
-29.97089,-62.29353,300.37,0.34,0.56,2026-02-23,0440,N,VIIRS,n,2.0NRT,287.96,0.3,N
-29.97683,-62.29165,301.29,0.34,0.56,2026-02-23,0440,N,VIIRS,n,2.0NRT,288.54,1.13,N
-33.25369,-60.28627,306.11,0.45,0.47,2026-02-23,0440,N,VIIRS,n,2.0NRT,291.84,2.11,N
-33.25796,-60.28753,316.66,0.45,0.47,2026-02-23,0440,N,VIIRS,n,2.0NRT,290.54,2.11,N
-33.259,-60.28278,303.45,0.45,0.47,2026-02-23,0440,N,VIIRS,n,2.0NRT,287.34,1.21,N
-33.36816,-60.16176,322.22,0.44,0.46,2026-02-23,0440,N,VIIRS,n,2.0NRT,290.26,3.54,N
-33.37023,-60.15234,312.17,0.44,0.46,2026-02-23,0440,N,VIIRS,n,2.0NRT,291.24,3.91,N
-33.37547,-60.14897,309.27,0.44,0.46,2026-02-23,0440,N,VIIRS,n,2.0NRT,290.28,2.41,N
-34.35511,-58.71481,332.07,0.53,0.42,2026-02-23,0440,N,VIIRS,n,2.0NRT,292.62,11.08,N
-34.37703,-59.0219,308.17,0.55,0.43,2026-02-23,0440,N,VIIRS,n,2.0NRT,290,1.04,N
-34.85561,-57.89579,302.19,0.48,0.4,2026-02-23,0440,N,VIIRS,n,2.0NRT,278,0.73,N
-34.85928,-57.89686,305.66,0.48,0.4,2026-02-23,0440,N,VIIRS,n,2.0NRT,278.6,0.73,N
-37.71294,-69.14138,328.28,0.5,0.66,2026-02-23,0442,N,VIIRS,n,2.0NRT,287.08,2.56,N
-37.42501,-69.17413,323.17,0.52,0.66,2026-02-23,0442,N,VIIRS,n,2.0NRT,287.38,2.07,N
-37.71123,-69.14725,301.7,0.51,0.66,2026-02-23,0442,N,VIIRS,n,2.0NRT,286.26,2.56,N
-38.69878,-68.70538,341.82,0.45,0.63,2026-02-23,0442,N,VIIRS,n,2.0NRT,290.93,4.3,N
-38.27571,-68.7037,305.03,0.46,0.64,2026-02-23,0442,N,VIIRS,n,2.0NRT,290.08,0.88,N
-38.26993,-68.70135,308.99,0.46,0.64,2026-02-23,0442,N,VIIRS,n,2.0NRT,290.33,0.88,N
-37.71318,-69.13438,314.57,0.5,0.66,2026-02-23,0442,N,VIIRS,n,2.0NRT,286.59,2.35,N
-37.70969,-69.14607,296.15,0.5,0.66,2026-02-23,0442,N,VIIRS,n,2.0NRT,286.06,2.56,N
-37.71143,-69.14023,330.42,0.5,0.66,2026-02-23,0442,N,VIIRS,n,2.0NRT,287.13,2.35,N
-37.71466,-69.13551,310.42,0.5,0.66,2026-02-23,0442,N,VIIRS,n,2.0NRT,286.47,1.65,N
-38.69931,-68.70542,304.55,0.35,0.57,2026-02-23,0622,N,VIIRS,n,2.0NRT,288.9,2.42,N
-38.74811,-68.83692,306.21,0.35,0.56,2026-02-23,0622,N,VIIRS,n,2.0NRT,286.83,0.4,N
-38.74855,-68.91911,319.82,0.34,0.56,2026-02-23,0622,N,VIIRS,n,2.0NRT,289.98,1.07,N
-37.43123,-69.17233,312.36,0.32,0.55,2026-02-23,0622,N,VIIRS,n,2.0NRT,286.77,0.79,N
-37.71269,-69.13496,337.86,0.33,0.55,2026-02-23,0622,N,VIIRS,n,2.0NRT,287.59,1.29,N
-38.74279,-68.83633,304.09,0.35,0.56,2026-02-23,0622,N,VIIRS,n,2.0NRT,286.36,0.3,N
-37.71244,-69.13869,305.09,0.33,0.55,2026-02-23,0622,N,VIIRS,n,2.0NRT,286.42,1.29,N
-37.71788,-69.13547,299.22,0.33,0.55,2026-02-23,0622,N,VIIRS,n,2.0NRT,285.95,1.29,N
-38.69957,-68.70106,347.56,0.35,0.57,2026-02-23,0622,N,VIIRS,n,2.0NRT,291.02,2.42,N
-37.71219,-69.14242,315.64,0.33,0.55,2026-02-23,0622,N,VIIRS,n,2.0NRT,287.59,1.74,N
-37.42609,-69.17154,316.97,0.32,0.55,2026-02-23,0622,N,VIIRS,n,2.0NRT,286.95,0.79,N
-38.51662,-58.73343,331.35,0.45,0.63,2026-02-23,1702,N,VIIRS,n,2.0NRT,287.65,4.24,D
-25.34721,-58.41336,334.61,0.32,0.55,2026-02-23,1704,N,VIIRS,n,2.0NRT,294.01,5.12,D
-30.99104,-58.23892,334.8,0.36,0.58,2026-02-23,1704,N,VIIRS,n,2.0NRT,294.43,4.06,D
-30.23783,-63.03908,347.06,0.68,0.74,2026-02-23,1704,N,VIIRS,n,2.0NRT,290.76,9.11,D
-30.24056,-63.03994,338.4,0.68,0.74,2026-02-23,1704,N,VIIRS,n,2.0NRT,291.08,9.41,D
-30.06774,-60.90314,331.94,0.51,0.66,2026-02-23,1704,N,VIIRS,n,2.0NRT,290.17,1.53,D
-30.10426,-62.77528,367,0.66,0.73,2026-02-23,1704,N,VIIRS,h,2.0NRT,293.94,23.04,D
-29.98675,-62.28262,341.61,0.61,0.71,2026-02-23,1704,N,VIIRS,n,2.0NRT,299.24,7.19,D
-29.98502,-62.28395,332.96,0.61,0.71,2026-02-23,1704,N,VIIRS,n,2.0NRT,299.9,10.25,D
-29.79466,-62.48323,334.74,0.63,0.72,2026-02-23,1704,N,VIIRS,n,2.0NRT,295.36,8.02,D
-29.75288,-62.76411,331.23,0.65,0.73,2026-02-23,1704,N,VIIRS,n,2.0NRT,292.11,5,D
-29.74568,-62.7574,338.03,0.65,0.73,2026-02-23,1704,N,VIIRS,n,2.0NRT,292.6,4.11,D
-29.63194,-62.11495,367,0.6,0.7,2026-02-23,1704,N,VIIRS,h,2.0NRT,295.31,21.68,D
-29.41037,-58.616,330.09,0.37,0.58,2026-02-23,1704,N,VIIRS,n,2.0NRT,289.5,4,D
-29.63162,-62.10848,348.75,0.6,0.7,2026-02-23,1704,N,VIIRS,n,2.0NRT,295.18,20.78,D
-29.65029,-62.95016,367,0.67,0.73,2026-02-23,1704,N,VIIRS,h,2.0NRT,294.56,16.89,D
-29.6506,-62.95741,342.17,0.67,0.73,2026-02-23,1704,N,VIIRS,n,2.0NRT,291.5,16.89,D
-29.64503,-62.95227,367,0.67,0.73,2026-02-23,1704,N,VIIRS,h,2.0NRT,292.78,22.21,D
-28.77347,-56.54386,348.41,0.54,0.51,2026-02-23,1704,N,VIIRS,n,2.0NRT,293.76,8.3,D
-28.8555,-58.58741,330.77,0.36,0.58,2026-02-23,1704,N,VIIRS,n,2.0NRT,295.07,2.93,D
-26.39734,-59.0111,338.45,0.36,0.58,2026-02-23,1704,N,VIIRS,n,2.0NRT,295.88,4.66,D
-25.9886,-58.97453,335.17,0.36,0.57,2026-02-23,1704,N,VIIRS,n,2.0NRT,292.96,1.99,D
-25.38797,-58.40557,354.94,0.32,0.55,2026-02-23,1704,N,VIIRS,n,2.0NRT,293.24,7.61,D
-25.38284,-58.40614,367,0.32,0.55,2026-02-23,1704,N,VIIRS,h,2.0NRT,296.22,8.84,D
-25.38315,-58.40944,367,0.32,0.55,2026-02-23,1704,N,VIIRS,h,2.0NRT,296.42,5.09,D
-25.38254,-58.40284,347.11,0.32,0.55,2026-02-23,1704,N,VIIRS,n,2.0NRT,293.68,8.84,D
-25.38345,-58.41275,331.88,0.32,0.55,2026-02-23,1704,N,VIIRS,n,2.0NRT,292.38,5.09,D
-25.37771,-58.4067,352.61,0.32,0.55,2026-02-23,1704,N,VIIRS,n,2.0NRT,293.35,8.84,D
-25.37801,-58.41,334.76,0.32,0.55,2026-02-23,1704,N,VIIRS,n,2.0NRT,292.47,5.09,D
-25.37831,-58.4133,336.2,0.32,0.55,2026-02-23,1704,N,VIIRS,n,2.0NRT,290.74,5.09,D
-25.36865,-58.421,330.97,0.32,0.55,2026-02-23,1704,N,VIIRS,n,2.0NRT,293.64,4.94,D
-25.30433,-59.6531,343.35,0.39,0.59,2026-02-23,1704,N,VIIRS,n,2.0NRT,287.38,4.68,D
-25.29879,-59.65366,330.89,0.39,0.59,2026-02-23,1704,N,VIIRS,n,2.0NRT,287.33,4.68,D
-25.07645,-57.98568,333.63,0.6,0.53,2026-02-23,1704,N,VIIRS,n,2.0NRT,289.84,2.93,D
-31.49555,-63.7676,327.03,0.77,0.77,2026-02-23,1704,N,VIIRS,n,2.0NRT,291.67,6.91,D
-30.99074,-58.23502,353.01,0.36,0.58,2026-02-23,1704,N,VIIRS,n,2.0NRT,296.23,4.06,D
-38.43887,-68.55945,344.89,0.41,0.37,2026-02-23,1842,N,VIIRS,l,2.0NRT,319.08,6.43,D
-38.5139,-58.73689,345.41,0.36,0.58,2026-02-23,1842,N,VIIRS,n,2.0NRT,289.19,3.28,D
-38.51775,-58.73598,330.99,0.36,0.58,2026-02-23,1842,N,VIIRS,n,2.0NRT,289.26,2.59,D
-34.74545,-60.04132,345.25,0.39,0.59,2026-02-23,1842,N,VIIRS,n,2.0NRT,289.35,3.26,D
-34.74568,-60.03815,329.47,0.39,0.59,2026-02-23,1842,N,VIIRS,n,2.0NRT,290.14,3.86,D
-39.47174,-65.59866,332.88,0.49,0.4,2026-02-23,1842,N,VIIRS,l,2.0NRT,306.06,2.67,D
-39.46805,-65.59987,333.1,0.49,0.4,2026-02-23,1842,N,VIIRS,l,2.0NRT,305.04,2.6,D
-29.00151,-61.77616,338.69,0.43,0.62,2026-02-23,1845,N,VIIRS,n,2.0NRT,302.27,5.01,D
-28.23864,-62.69329,333.45,0.4,0.6,2026-02-23,1845,N,VIIRS,n,2.0NRT,297.28,5.37,D
-29.4178,-62.05569,343.37,0.4,0.6,2026-02-23,1845,N,VIIRS,n,2.0NRT,297.62,6.56,D
-29.41984,-62.06405,331.39,0.4,0.6,2026-02-23,1845,N,VIIRS,n,2.0NRT,298.57,3.51,D
-29.70012,-63.30909,343.85,0.34,0.56,2026-02-23,1845,N,VIIRS,n,2.0NRT,299.81,3.75,D
-29.5777,-62.81448,331.47,0.36,0.58,2026-02-23,1845,N,VIIRS,n,2.0NRT,299.46,2.19,D
-29.69502,-63.31066,352.76,0.34,0.56,2026-02-23,1845,N,VIIRS,n,2.0NRT,299.9,6.48,D
-29.00139,-61.77196,336.95,0.43,0.62,2026-02-23,1845,N,VIIRS,n,2.0NRT,300.74,2.11,D
-29.0025,-61.77634,336.01,0.43,0.62,2026-02-23,1845,N,VIIRS,n,2.0NRT,303.1,2.11,D
-29.4199,-62.05204,352.83,0.4,0.6,2026-02-23,1845,N,VIIRS,n,2.0NRT,297.62,8.21,D
-29.42643,-62.05449,338.17,0.4,0.6,2026-02-23,1845,N,VIIRS,n,2.0NRT,297.06,4.9,D
-29.74338,-62.75505,346.28,0.36,0.58,2026-02-23,1845,N,VIIRS,n,2.0NRT,295.25,12.66,D
-29.75044,-62.76093,351.62,0.36,0.58,2026-02-23,1845,N,VIIRS,n,2.0NRT,296.77,8.52,D
-29.74953,-62.75718,367,0.36,0.58,2026-02-23,1845,N,VIIRS,h,2.0NRT,298.79,12.66,D
-29.75659,-62.76305,345.93,0.36,0.57,2026-02-23,1845,N,VIIRS,n,2.0NRT,297.9,2.9,D
-29.75569,-62.7593,334.98,0.36,0.58,2026-02-23,1845,N,VIIRS,n,2.0NRT,296.62,2.9,D
-29.77142,-62.75441,332.74,0.36,0.58,2026-02-23,1845,N,VIIRS,n,2.0NRT,296.99,3.85,D
-29.77667,-62.75277,367,0.36,0.58,2026-02-23,1845,N,VIIRS,h,2.0NRT,298.76,7.63,D
-29.63273,-62.11004,343.75,0.4,0.6,2026-02-23,1845,N,VIIRS,n,2.0NRT,302.23,9.52,D
-29.63373,-62.11413,367,0.4,0.6,2026-02-23,1845,N,VIIRS,h,2.0NRT,302.72,8.88,D
-29.78539,-62.59423,334.06,0.37,0.58,2026-02-23,1845,N,VIIRS,n,2.0NRT,298.2,2.61,D
-29.79125,-62.50133,332.75,0.37,0.58,2026-02-23,1845,N,VIIRS,n,2.0NRT,297.7,3.68,D
-29.78557,-62.47809,347.04,0.37,0.58,2026-02-23,1845,N,VIIRS,n,2.0NRT,297.27,6.5,D
-29.79373,-62.48806,339.4,0.37,0.58,2026-02-23,1845,N,VIIRS,n,2.0NRT,300.1,4.47,D
-29.79279,-62.48418,338.38,0.37,0.58,2026-02-23,1845,N,VIIRS,n,2.0NRT,299.17,4.47,D
-29.7909,-62.47642,367,0.37,0.58,2026-02-23,1845,N,VIIRS,h,2.0NRT,301.19,6.5,D
-29.79905,-62.48639,330.54,0.37,0.58,2026-02-23,1845,N,VIIRS,n,2.0NRT,298.17,2.13,D
-29.79811,-62.48252,333.81,0.37,0.58,2026-02-23,1845,N,VIIRS,n,2.0NRT,298.79,2.13,D
-29.98626,-62.28212,367,0.38,0.59,2026-02-23,1845,N,VIIRS,h,2.0NRT,305.05,11.73,D
-30.17163,-62.98366,343.14,0.34,0.56,2026-02-23,1845,N,VIIRS,n,2.0NRT,298.46,4.62,D
-30.23498,-63.04122,342.49,0.34,0.56,2026-02-23,1845,N,VIIRS,n,2.0NRT,297.47,3.39,D
-30.88226,-61.50409,355.32,0.4,0.6,2026-02-23,1845,N,VIIRS,n,2.0NRT,294.17,0.32,D
-30.99057,-58.23164,329.32,0.6,0.71,2026-02-23,1845,N,VIIRS,n,2.0NRT,292.26,6.84,D
-33.37895,-60.14417,327.76,0.41,0.61,2026-02-23,1845,N,VIIRS,n,2.0NRT,290.9,4.77,D
-29.42328,-62.05393,335.85,0.4,0.6,2026-02-23,1845,N,VIIRS,n,2.0NRT,297.61,3.47,D
-29.4243,-62.05812,337.51,0.4,0.6,2026-02-23,1845,N,VIIRS,n,2.0NRT,298.62,3.47,D
-26.20602,-59.1202,337.27,0.7,0.75,2026-02-23,1847,N,VIIRS,n,2.0NRT,288.29,6.55,D
-29.63009,-58.68974,315.12,0.4,0.6,2026-02-24,0421,N,VIIRS,n,2.0NRT,288.03,1.39,N
-29.62938,-58.68327,304.4,0.4,0.6,2026-02-24,0421,N,VIIRS,n,2.0NRT,286.59,1.17,N
-29.62833,-58.68742,325.93,0.4,0.6,2026-02-24,0421,N,VIIRS,n,2.0NRT,287.66,1.17,N
-29.63112,-58.68556,309.31,0.4,0.6,2026-02-24,0421,N,VIIRS,n,2.0NRT,286.51,1.39,N
-27.00727,-55.36349,303.01,0.59,0.53,2026-02-24,0421,N,VIIRS,n,2.0NRT,282.04,2.11,N
-33.36861,-60.16085,316.83,0.39,0.6,2026-02-24,0423,N,VIIRS,n,2.0NRT,287.81,2.34,N
-43.23988,-65.27663,303.56,0.39,0.59,2026-02-24,0423,N,VIIRS,n,2.0NRT,284.54,0.71,N
-43.23468,-65.2736,319.88,0.39,0.59,2026-02-24,0423,N,VIIRS,n,2.0NRT,285.36,1.67,N
-43.23659,-65.27256,331.32,0.39,0.59,2026-02-24,0423,N,VIIRS,n,2.0NRT,286.2,2.78,N
-33.36748,-60.16518,310.9,0.4,0.6,2026-02-24,0423,N,VIIRS,n,2.0NRT,287.87,2.34,N
-33.25634,-60.28162,311.9,0.4,0.6,2026-02-24,0423,N,VIIRS,n,2.0NRT,288.03,1.84,N
-33.2541,-60.29021,306.16,0.4,0.6,2026-02-24,0423,N,VIIRS,n,2.0NRT,288.43,2.16,N
-33.25523,-60.28591,321.48,0.4,0.6,2026-02-24,0423,N,VIIRS,n,2.0NRT,288.17,2.16,N
-43.16237,-71.6435,367,0.74,0.76,2026-02-24,0425,N,VIIRS,h,2.0NRT,286.8,8.18,N
-43.15668,-71.65917,302.51,0.74,0.76,2026-02-24,0425,N,VIIRS,n,2.0NRT,281.7,6.49,N
-43.15953,-71.65132,307.71,0.74,0.76,2026-02-24,0425,N,VIIRS,n,2.0NRT,282.83,6.49,N
-43.16375,-71.63726,345.79,0.74,0.76,2026-02-24,0425,N,VIIRS,n,2.0NRT,284.45,4.76,N
-43.16256,-71.66557,309.69,0.74,0.76,2026-02-24,0425,N,VIIRS,n,2.0NRT,282.03,3.02,N
-43.16558,-71.65725,313.42,0.74,0.76,2026-02-24,0425,N,VIIRS,n,2.0NRT,282.54,3.02,N
-43.16078,-71.6227,296.09,0.74,0.76,2026-02-24,0425,N,VIIRS,n,2.0NRT,281.63,4.76,N
-43.16087,-71.6453,338.62,0.74,0.76,2026-02-24,0425,N,VIIRS,n,2.0NRT,284.03,15.02,N
-43.16534,-71.63533,318.52,0.74,0.76,2026-02-24,0425,N,VIIRS,n,2.0NRT,282.88,8.18,N
-43.1667,-71.62898,298.19,0.74,0.76,2026-02-24,0425,N,VIIRS,n,2.0NRT,281.07,4.76,N
-43.1594,-71.62912,310.53,0.74,0.76,2026-02-24,0425,N,VIIRS,n,2.0NRT,282.59,8.18,N
-27.37124,-61.61889,300.98,0.37,0.58,2026-02-24,0559,N,VIIRS,n,2.0NRT,289.64,1.03,N
-27.37093,-61.62278,302.75,0.37,0.58,2026-02-24,0559,N,VIIRS,n,2.0NRT,289.97,1.16,N
-33.37545,-60.15055,314.62,0.52,0.66,2026-02-24,0601,N,VIIRS,n,2.0NRT,287.28,3.13,N
-33.25837,-60.28556,307.76,0.51,0.66,2026-02-24,0601,N,VIIRS,n,2.0NRT,286.85,1.02,N
-33.25808,-60.29128,300.34,0.5,0.66,2026-02-24,0601,N,VIIRS,n,2.0NRT,286.91,1.02,N
-33.00415,-60.82084,318.72,0.47,0.64,2026-02-24,0601,N,VIIRS,n,2.0NRT,288.12,1.86,N
-29.82112,-62.62392,316.84,0.34,0.56,2026-02-24,0601,N,VIIRS,n,2.0NRT,291.9,1.1,N
-29.81584,-62.62333,311.11,0.34,0.56,2026-02-24,0601,N,VIIRS,n,2.0NRT,291.06,2.33,N
-29.81527,-62.63066,310.8,0.34,0.56,2026-02-24,0601,N,VIIRS,n,2.0NRT,290.86,1.83,N
-29.81691,-62.62309,316.91,0.34,0.56,2026-02-24,0601,N,VIIRS,n,2.0NRT,291.12,2.64,N
-29.82219,-62.62366,305.46,0.34,0.56,2026-02-24,0601,N,VIIRS,n,2.0NRT,291.15,0.73,N
-28.82761,-65.75479,313.36,0.44,0.46,2026-02-24,0601,N,VIIRS,n,2.0NRT,290.84,1.86,N
-29.79231,-62.59821,308.4,0.34,0.56,2026-02-24,0601,N,VIIRS,n,2.0NRT,290.82,1.16,N
-29.81101,-62.62984,307.67,0.34,0.56,2026-02-24,0601,N,VIIRS,n,2.0NRT,290.98,1.17,N
-29.81629,-62.63041,314.73,0.34,0.56,2026-02-24,0601,N,VIIRS,n,2.0NRT,290.98,1.17,N
-33.06409,-68.97549,303.55,0.5,0.41,2026-02-24,0601,N,VIIRS,n,2.0NRT,292.87,1.61,N
-38.27489,-68.70139,311.74,0.39,0.44,2026-02-24,0603,N,VIIRS,n,2.0NRT,288.83,0.86,N
-37.0857,-69.47501,320.04,0.53,0.42,2026-02-24,0603,N,VIIRS,n,2.0NRT,288.44,1.98,N
-37.42718,-69.17189,327.68,0.55,0.43,2026-02-24,0603,N,VIIRS,n,2.0NRT,289.89,3.19,N
-37.71437,-69.13938,327.47,0.55,0.43,2026-02-24,0603,N,VIIRS,n,2.0NRT,287.69,2.51,N
-37.71504,-69.13306,327.48,0.55,0.43,2026-02-24,0603,N,VIIRS,n,2.0NRT,287.02,2.51,N
-37.97327,-68.65451,310.23,0.39,0.44,2026-02-24,0603,N,VIIRS,n,2.0NRT,289.81,0.93,N
-37.97373,-68.64993,299.46,0.39,0.44,2026-02-24,0603,N,VIIRS,n,2.0NRT,288.95,0.93,N
-38.21688,-68.63873,333.77,0.4,0.44,2026-02-24,0603,N,VIIRS,n,2.0NRT,291.15,1.88,N
-38.221,-68.63941,318.94,0.4,0.44,2026-02-24,0603,N,VIIRS,n,2.0NRT,289.74,1.26,N
-38.70013,-68.70175,337.52,0.4,0.44,2026-02-24,0603,N,VIIRS,n,2.0NRT,290.29,2.4,N
-41.60284,-65.13446,331.21,0.32,0.55,2026-02-24,0603,N,VIIRS,n,2.0NRT,288.23,6.77,N
-41.6031,-65.13041,349.8,0.32,0.55,2026-02-24,0603,N,VIIRS,n,2.0NRT,291.53,6.77,N
-41.60334,-65.1264,356.24,0.32,0.55,2026-02-24,0603,N,VIIRS,n,2.0NRT,296.83,5.85,N
-41.6036,-65.12235,300.15,0.32,0.55,2026-02-24,0603,N,VIIRS,n,2.0NRT,286.45,5.85,N
-41.60775,-65.1391,324.4,0.32,0.55,2026-02-24,0603,N,VIIRS,n,2.0NRT,287.56,8.84,N
-41.608,-65.13506,367,0.32,0.55,2026-02-24,0603,N,VIIRS,h,2.0NRT,294.12,19.72,N
-41.60826,-65.13103,367,0.32,0.55,2026-02-24,0603,N,VIIRS,h,2.0NRT,301.25,19.72,N
-41.60851,-65.12699,339.75,0.32,0.55,2026-02-24,0603,N,VIIRS,n,2.0NRT,287.2,4.23,N
-41.61292,-65.13972,340.45,0.32,0.55,2026-02-24,0603,N,VIIRS,n,2.0NRT,290.43,8.84,N
-41.61317,-65.13568,354.39,0.32,0.55,2026-02-24,0603,N,VIIRS,n,2.0NRT,311.65,19.72,N
-41.61342,-65.13163,334.07,0.32,0.55,2026-02-24,0603,N,VIIRS,n,2.0NRT,288.01,19.72,N
-41.61266,-65.14378,298.38,0.32,0.55,2026-02-24,0603,N,VIIRS,n,2.0NRT,285.7,8.84,N
-41.61367,-65.1276,299.29,0.32,0.55,2026-02-24,0603,N,VIIRS,n,2.0NRT,286.18,4.23,N
-41.61757,-65.14838,322.43,0.32,0.55,2026-02-24,0603,N,VIIRS,n,2.0NRT,286.36,8.61,N
-41.61782,-65.14433,367,0.32,0.55,2026-02-24,0603,N,VIIRS,h,2.0NRT,294.25,7.08,N
-41.61808,-65.14029,367,0.32,0.55,2026-02-24,0603,N,VIIRS,h,2.0NRT,297.84,7.08,N
-41.61833,-65.13625,367,0.32,0.55,2026-02-24,0603,N,VIIRS,h,2.0NRT,288.77,7.05,N
-41.61858,-65.1322,303.2,0.32,0.55,2026-02-24,0603,N,VIIRS,n,2.0NRT,285.75,7.05,N
-41.62299,-65.14491,297.95,0.32,0.55,2026-02-24,0603,N,VIIRS,n,2.0NRT,285.47,7.08,N
-41.62324,-65.14086,297.98,0.32,0.55,2026-02-24,0603,N,VIIRS,n,2.0NRT,285.52,7.08,N
-41.60907,-65.13708,354.54,0.32,0.55,2026-02-24,0603,N,VIIRS,n,2.0NRT,292.03,16.47,N
-41.60931,-65.13303,367,0.32,0.55,2026-02-24,0603,N,VIIRS,h,2.0NRT,299.26,17.6,N
-41.60953,-65.12898,354.44,0.32,0.55,2026-02-24,0603,N,VIIRS,n,2.0NRT,291.56,17.6,N
-41.60976,-65.12493,299.7,0.32,0.55,2026-02-24,0603,N,VIIRS,n,2.0NRT,285.64,2.27,N
-41.61424,-65.1377,367,0.32,0.55,2026-02-24,0603,N,VIIRS,h,2.0NRT,301.21,16.47,N
-41.61401,-65.14175,313.07,0.32,0.55,2026-02-24,0603,N,VIIRS,n,2.0NRT,287.02,16.47,N
-41.61447,-65.13364,317.72,0.32,0.55,2026-02-24,0603,N,VIIRS,n,2.0NRT,299.06,17.6,N
-41.6147,-65.12959,308.24,0.32,0.55,2026-02-24,0603,N,VIIRS,n,2.0NRT,286.32,17.6,N
-41.61894,-65.14639,367,0.32,0.55,2026-02-24,0603,N,VIIRS,h,2.0NRT,291.33,11.85,N
-41.61917,-65.14233,353.87,0.32,0.55,2026-02-24,0603,N,VIIRS,n,2.0NRT,291.66,10.66,N
-41.6194,-65.13828,367,0.32,0.55,2026-02-24,0603,N,VIIRS,h,2.0NRT,293.46,10.66,N
-41.61964,-65.13421,306.87,0.32,0.55,2026-02-24,0603,N,VIIRS,n,2.0NRT,286.14,3.74,N
-43.1629,-71.62452,312.38,0.5,0.41,2026-02-24,0605,N,VIIRS,n,2.0NRT,282.27,2.11,N
-43.16317,-71.65631,342.96,0.5,0.41,2026-02-24,0605,N,VIIRS,n,2.0NRT,287.21,7.76,N
-43.16948,-71.65779,295.49,0.5,0.41,2026-02-24,0605,N,VIIRS,n,2.0NRT,281.03,1.19,N
-43.16981,-71.63198,299.49,0.5,0.41,2026-02-24,0605,N,VIIRS,n,2.0NRT,280.51,9.84,N
-43.16219,-71.63075,328.01,0.5,0.41,2026-02-24,0605,N,VIIRS,n,2.0NRT,283.06,4.11,N
-43.1691,-71.63821,315.3,0.5,0.41,2026-02-24,0605,N,VIIRS,n,2.0NRT,283.03,9.84,N
-43.16768,-71.65071,306.34,0.5,0.41,2026-02-24,0605,N,VIIRS,n,2.0NRT,282.88,11.41,N
-43.16697,-71.65699,337.59,0.5,0.41,2026-02-24,0605,N,VIIRS,n,2.0NRT,282.65,7.76,N
-43.16389,-71.65004,309.1,0.5,0.41,2026-02-24,0605,N,VIIRS,n,2.0NRT,283.01,11.41,N
-43.16529,-71.63757,337.05,0.5,0.41,2026-02-24,0605,N,VIIRS,n,2.0NRT,291.08,9.84,N
-43.16459,-71.64379,343.23,0.5,0.41,2026-02-24,0605,N,VIIRS,n,2.0NRT,290.36,11.41,N
-29.21553,-56.73575,328.38,0.54,0.68,2026-02-24,1643,N,VIIRS,n,2.0NRT,293.34,4.4,D
-25.34011,-58.70604,336.09,0.66,0.73,2026-02-24,1645,N,VIIRS,n,2.0NRT,289.63,7.56,D
-28.33356,-59.06699,329.21,0.73,0.76,2026-02-24,1645,N,VIIRS,n,2.0NRT,293.83,3.53,D
-27.72531,-54.97951,329.91,0.41,0.61,2026-02-24,1645,N,VIIRS,n,2.0NRT,289.96,3.27,D
-27.72438,-54.97881,334.69,0.41,0.61,2026-02-24,1645,N,VIIRS,n,2.0NRT,289.47,3.65,D
-41.62207,-65.13493,341.53,0.38,0.36,2026-02-24,1821,N,VIIRS,n,2.0NRT,310.46,9.89,D
-37.08612,-69.47627,344.3,0.43,0.38,2026-02-24,1823,N,VIIRS,n,2.0NRT,318.81,4.86,D
-38.40964,-68.71449,345.08,0.42,0.37,2026-02-24,1823,N,VIIRS,n,2.0NRT,313.16,4.47,D
-37.20408,-61.27416,332.56,0.51,0.41,2026-02-24,1823,N,VIIRS,n,2.0NRT,302.51,6.08,D
-37.20531,-61.27176,337.02,0.51,0.41,2026-02-24,1823,N,VIIRS,n,2.0NRT,302.7,2.24,D
-38.74789,-68.91575,341.35,0.42,0.38,2026-02-24,1823,N,VIIRS,l,2.0NRT,315.17,3.85,D
-37.75909,-58.01606,330.24,0.48,0.48,2026-02-24,1823,N,VIIRS,n,2.0NRT,295.61,2.71,D
-33.25821,-60.28477,341.05,0.45,0.47,2026-02-24,1823,N,VIIRS,n,2.0NRT,303.75,4.33,D
-33.3677,-60.15722,333.9,0.46,0.47,2026-02-24,1823,N,VIIRS,n,2.0NRT,303.79,6.07,D
-34.99686,-67.74401,337.76,0.39,0.36,2026-02-24,1823,N,VIIRS,l,2.0NRT,312.76,1.99,D
-33.37845,-60.14347,342.53,0.46,0.47,2026-02-24,1823,N,VIIRS,n,2.0NRT,303.71,7.03,D
-29.77597,-62.46926,343.39,0.41,0.45,2026-02-24,1825,N,VIIRS,n,2.0NRT,315.28,9.84,D
-28.43627,-59.17366,334.7,0.33,0.55,2026-02-24,1825,N,VIIRS,n,2.0NRT,294.79,1.96,D
-27.40209,-55.09007,335.64,0.6,0.7,2026-02-24,1825,N,VIIRS,n,2.0NRT,286.93,4.3,D
-27.40441,-55.09195,332.7,0.6,0.71,2026-02-24,1825,N,VIIRS,n,2.0NRT,287.37,4.9,D
-28.33382,-59.06604,367,0.34,0.56,2026-02-24,1825,N,VIIRS,h,2.0NRT,300.98,8.17,D
-28.33462,-59.06948,331.32,0.34,0.56,2026-02-24,1825,N,VIIRS,n,2.0NRT,295.26,8.17,D
-27.99662,-58.9807,330.25,0.35,0.57,2026-02-24,1825,N,VIIRS,n,2.0NRT,298.6,1.67,D
-27.52489,-57.49252,335,0.43,0.62,2026-02-24,1825,N,VIIRS,n,2.0NRT,299.11,7.51,D
-27.51246,-57.49153,344.65,0.43,0.62,2026-02-24,1825,N,VIIRS,n,2.0NRT,293.09,4.83,D
-27.51355,-57.49594,331.53,0.43,0.62,2026-02-24,1825,N,VIIRS,n,2.0NRT,295.73,4.83,D
-29.29795,-66.72726,340.86,0.41,0.37,2026-02-24,1825,N,VIIRS,n,2.0NRT,312.74,3.56,D
-27.69792,-58.9017,341.62,0.36,0.57,2026-02-24,1825,N,VIIRS,n,2.0NRT,302.92,3.65,D
-27.69878,-58.90531,335.12,0.36,0.57,2026-02-24,1825,N,VIIRS,n,2.0NRT,301.85,3.65,D
-27.70039,-58.90407,348.8,0.36,0.57,2026-02-24,1825,N,VIIRS,n,2.0NRT,303.34,6.28,D
-27.67706,-58.9956,346.27,0.35,0.57,2026-02-24,1825,N,VIIRS,n,2.0NRT,306.34,8.28,D
-27.47132,-58.31881,367,0.39,0.59,2026-02-24,1825,N,VIIRS,h,2.0NRT,298.89,6.1,D
-27.47228,-58.32276,347.15,0.39,0.59,2026-02-24,1825,N,VIIRS,n,2.0NRT,300.25,6.1,D
-28.01041,-60.82798,331,0.54,0.51,2026-02-24,1825,N,VIIRS,l,2.0NRT,302.63,2.17,D
-28.00926,-60.82569,330.22,0.54,0.51,2026-02-24,1825,N,VIIRS,l,2.0NRT,302.05,4.53,D
-27.90147,-60.69531,331.3,0.55,0.51,2026-02-24,1825,N,VIIRS,l,2.0NRT,305.11,3.93,D
-28.73081,-65.90238,334.96,0.44,0.38,2026-02-24,1825,N,VIIRS,l,2.0NRT,309.1,2.61,D
-27.67421,-60.95293,334.55,0.54,0.51,2026-02-24,1825,N,VIIRS,l,2.0NRT,305.37,3.12,D
-27.15028,-59.48617,347.08,0.34,0.56,2026-02-24,1825,N,VIIRS,n,2.0NRT,301.41,5.96,D
-27.36831,-60.80442,331.3,0.56,0.52,2026-02-24,1825,N,VIIRS,l,2.0NRT,302.2,1.78,D
-27.2444,-60.73812,334.88,0.57,0.52,2026-02-24,1825,N,VIIRS,n,2.0NRT,287.83,4.27,D
-27.28035,-61.28863,333.23,0.53,0.5,2026-02-24,1825,N,VIIRS,l,2.0NRT,304.83,4.21,D
-27.50913,-63.07042,340.72,0.41,0.45,2026-02-24,1825,N,VIIRS,n,2.0NRT,301.55,0.93,D
-27.22514,-62.22406,336.31,0.47,0.48,2026-02-24,1825,N,VIIRS,l,2.0NRT,310.19,9.53,D
-26.55793,-59.21099,339.01,0.36,0.58,2026-02-24,1825,N,VIIRS,n,2.0NRT,296.19,2.39,D
-26.78839,-60.49471,332.22,0.6,0.53,2026-02-24,1825,N,VIIRS,l,2.0NRT,305.21,6.07,D
-26.3444,-60.39374,330.66,0.62,0.54,2026-02-24,1825,N,VIIRS,l,2.0NRT,301.51,4.39,D
-26.25882,-61.1822,343.44,0.56,0.52,2026-02-24,1825,N,VIIRS,n,2.0NRT,300.47,53.45,D
-26.26005,-61.18784,339.14,0.56,0.52,2026-02-24,1825,N,VIIRS,l,2.0NRT,309.55,53.45,D
-26.25409,-61.18344,343.89,0.56,0.52,2026-02-24,1825,N,VIIRS,n,2.0NRT,301.87,108.96,D
-26.24936,-61.18467,334.88,0.56,0.52,2026-02-24,1825,N,VIIRS,n,2.0NRT,301.67,108.96,D
-26.25476,-61.18439,344.29,0.56,0.52,2026-02-24,1825,N,VIIRS,n,2.0NRT,303.22,48.03,D
-26.25596,-61.19004,307.38,0.56,0.52,2026-02-24,1825,N,VIIRS,l,2.0NRT,314.51,150.31,D
-26.25004,-61.18563,341.68,0.56,0.52,2026-02-24,1825,N,VIIRS,n,2.0NRT,302.47,48.03,D
-26.36219,-62.85516,344.96,0.45,0.47,2026-02-24,1825,N,VIIRS,n,2.0NRT,306.44,6.87,D
-26.35701,-62.85172,335.02,0.45,0.47,2026-02-24,1825,N,VIIRS,l,2.0NRT,305.15,6.87,D
-26.35791,-62.85621,346.91,0.45,0.47,2026-02-24,1825,N,VIIRS,n,2.0NRT,307.44,6.87,D
-25.06743,-58.9502,327.85,0.4,0.6,2026-02-24,1825,N,VIIRS,n,2.0NRT,286.46,2.7,D
-27.52597,-57.49694,349.1,0.43,0.62,2026-02-24,1825,N,VIIRS,n,2.0NRT,298.22,4.92,D
-32.17182,-61.22594,330.77,0.43,0.46,2026-02-24,1825,N,VIIRS,l,2.0NRT,301.77,2.38,D
-31.49566,-59.26243,340.9,0.56,0.52,2026-02-24,1825,N,VIIRS,n,2.0NRT,294.76,18.22,D
-31.49704,-59.26833,337.08,0.56,0.52,2026-02-24,1825,N,VIIRS,n,2.0NRT,294.34,10.78,D
-31.49689,-59.26417,349.81,0.56,0.52,2026-02-24,1825,N,VIIRS,n,2.0NRT,296.67,26.48,D
-33.0572,-68.58212,336.13,0.39,0.36,2026-02-24,1825,N,VIIRS,n,2.0NRT,302.11,4.98,D
-29.88998,-59.20192,346.64,0.61,0.54,2026-02-24,1825,N,VIIRS,n,2.0NRT,296.44,8.58,D
-29.88361,-59.19701,333.13,0.61,0.54,2026-02-24,1825,N,VIIRS,n,2.0NRT,295.11,6.94,D
-29.88508,-59.20335,335.71,0.61,0.54,2026-02-24,1825,N,VIIRS,n,2.0NRT,294.91,8.58,D
-29.5701,-57.94738,330.16,0.37,0.58,2026-02-24,1825,N,VIIRS,n,2.0NRT,294.52,2.49,D
-29.49277,-57.77397,367,0.38,0.59,2026-02-24,1825,N,VIIRS,h,2.0NRT,292.69,15.35,D
-29.4937,-57.77787,356.83,0.38,0.59,2026-02-24,1825,N,VIIRS,n,2.0NRT,292.48,9.32,D
-29.21764,-56.75169,337.77,0.44,0.62,2026-02-24,1825,N,VIIRS,n,2.0NRT,297.61,5.14,D
-29.21196,-56.75351,367,0.44,0.62,2026-02-24,1825,N,VIIRS,h,2.0NRT,297.68,17.49,D
-29.20515,-56.7508,339.74,0.44,0.62,2026-02-24,1825,N,VIIRS,n,2.0NRT,296.07,26.19,D
-29.20629,-56.75533,354.89,0.44,0.62,2026-02-24,1825,N,VIIRS,n,2.0NRT,299.55,17.49,D
-28.81805,-56.79103,332.68,0.44,0.63,2026-02-24,1825,N,VIIRS,n,2.0NRT,291.68,3.57,D
-30.11091,-62.75842,367,0.39,0.44,2026-02-24,1825,N,VIIRS,h,2.0NRT,315.6,11.2,D
-30.04012,-62.57629,337.31,0.4,0.44,2026-02-24,1825,N,VIIRS,l,2.0NRT,310.95,4.2,D
-30.03523,-62.57325,355.68,0.4,0.44,2026-02-24,1825,N,VIIRS,n,2.0NRT,312.93,15.29,D
-29.98693,-62.55968,341.48,0.4,0.44,2026-02-24,1825,N,VIIRS,n,2.0NRT,310.19,8.84,D
-29.74361,-61.48721,341.26,0.46,0.47,2026-02-24,1825,N,VIIRS,n,2.0NRT,311.38,4.01,D
-29.78604,-62.46714,347.6,0.41,0.45,2026-02-24,1825,N,VIIRS,n,2.0NRT,315.3,6.42,D
-29.78691,-62.47133,352.86,0.41,0.45,2026-02-24,1825,N,VIIRS,n,2.0NRT,316.25,6.42,D
-29.78415,-62.46709,345.63,0.41,0.45,2026-02-24,1825,N,VIIRS,l,2.0NRT,315.74,6.33,D
-29.78499,-62.47129,345.86,0.41,0.45,2026-02-24,1825,N,VIIRS,l,2.0NRT,316.6,6.33,D
-29.77682,-62.47346,367,0.41,0.45,2026-02-24,1825,N,VIIRS,h,2.0NRT,319.83,9.84,D
-24.25941,-63.20964,342.57,0.47,0.48,2026-02-24,1828,N,VIIRS,n,2.0NRT,297.29,13.09,D
-24.26032,-63.21426,344.82,0.47,0.47,2026-02-24,1828,N,VIIRS,n,2.0NRT,296.76,13.09,D
-24.25939,-63.21218,357.15,0.47,0.47,2026-02-24,1828,N,VIIRS,n,2.0NRT,297.76,9.98,D
-24.26375,-63.21117,340.02,0.47,0.47,2026-02-24,1828,N,VIIRS,n,2.0NRT,296.56,9.98,D
-34.25508,-59.44804,302,0.61,0.71,2026-02-25,0404,N,VIIRS,n,2.0NRT,287.34,1.55,N
-34.25707,-59.44141,312.1,0.61,0.71,2026-02-25,0404,N,VIIRS,n,2.0NRT,287.5,1.55,N
-34.25367,-59.44189,310.12,0.61,0.71,2026-02-25,0404,N,VIIRS,n,2.0NRT,287.65,1.08,N
-34.85952,-57.89462,296.75,0.49,0.65,2026-02-25,0404,N,VIIRS,n,2.0NRT,286.51,1.21,N
-34.85801,-57.89997,309.84,0.49,0.65,2026-02-25,0404,N,VIIRS,n,2.0NRT,286.4,1.99,N
-34.26004,-59.44468,308.45,0.61,0.71,2026-02-25,0404,N,VIIRS,n,2.0NRT,286.97,1.08,N
-29.5578,-62.9035,312.64,0.53,0.42,2026-02-25,0542,N,VIIRS,n,2.0NRT,292.67,0.91,N
-29.56169,-62.90411,315.5,0.53,0.42,2026-02-25,0542,N,VIIRS,n,2.0NRT,292.63,1.31,N
-29.78809,-62.46912,310.83,0.56,0.43,2026-02-25,0542,N,VIIRS,n,2.0NRT,292.92,1.11,N
-29.80224,-62.84723,308.09,0.54,0.42,2026-02-25,0542,N,VIIRS,n,2.0NRT,291.04,1.5,N
-29.80808,-62.86534,310.1,0.54,0.42,2026-02-25,0542,N,VIIRS,n,2.0NRT,291.93,1.34,N
-29.81266,-62.86034,303.92,0.54,0.42,2026-02-25,0542,N,VIIRS,n,2.0NRT,291.82,0.91,N
-30.16835,-62.90244,312.69,0.54,0.42,2026-02-25,0542,N,VIIRS,n,2.0NRT,287.91,2.26,N
-26.15463,-60.84652,313.29,0.42,0.45,2026-02-25,0542,N,VIIRS,n,2.0NRT,291.77,1.72,N
-29.49874,-57.50832,333.55,0.36,0.57,2026-02-25,0542,N,VIIRS,n,2.0NRT,291.38,1.59,N
-29.49843,-57.51214,301.47,0.36,0.57,2026-02-25,0542,N,VIIRS,n,2.0NRT,291.09,1.59,N
-29.62528,-58.69261,308.79,0.61,0.53,2026-02-25,0542,N,VIIRS,n,2.0NRT,291.2,1.82,N
-29.684,-60.16525,308.63,0.5,0.49,2026-02-25,0542,N,VIIRS,n,2.0NRT,292.56,1.24,N
-29.53967,-62.8881,311.54,0.53,0.42,2026-02-25,0542,N,VIIRS,n,2.0NRT,293.23,1.36,N
-29.54357,-62.88871,352.13,0.53,0.42,2026-02-25,0542,N,VIIRS,n,2.0NRT,294.38,9.31,N
-29.54026,-62.88375,306.04,0.53,0.42,2026-02-25,0542,N,VIIRS,n,2.0NRT,293.36,3.56,N
-29.54351,-62.88992,346.83,0.53,0.42,2026-02-25,0542,N,VIIRS,n,2.0NRT,293.51,3.56,N
-29.54416,-62.88437,306.31,0.53,0.42,2026-02-25,0542,N,VIIRS,n,2.0NRT,292.72,3.56,N
-26.15412,-60.8483,313.45,0.42,0.45,2026-02-25,0542,N,VIIRS,n,2.0NRT,292.01,1.65,N
-27.83838,-62.20576,303.04,0.55,0.43,2026-02-25,0542,N,VIIRS,n,2.0NRT,292.86,2.61,N
-26.89939,-60.0742,310.71,0.47,0.48,2026-02-25,0542,N,VIIRS,n,2.0NRT,287.92,1.74,N
-26.68558,-61.65784,307.5,0.57,0.43,2026-02-25,0542,N,VIIRS,n,2.0NRT,293.21,1.34,N
-26.26019,-61.18798,313.16,0.4,0.44,2026-02-25,0542,N,VIIRS,n,2.0NRT,292.29,1.18,N
-26.25972,-61.19203,308.05,0.4,0.44,2026-02-25,0542,N,VIIRS,n,2.0NRT,292.45,1.18,N
-26.25607,-61.18737,316.89,0.4,0.44,2026-02-25,0542,N,VIIRS,n,2.0NRT,291.91,2.27,N
-26.2556,-61.19143,325.25,0.4,0.44,2026-02-25,0542,N,VIIRS,n,2.0NRT,293.48,2.27,N
-34.84529,-58.21234,336.64,0.37,0.58,2026-02-25,0544,N,VIIRS,n,2.0NRT,284.87,2.54,N
-34.845,-58.2165,318.26,0.37,0.58,2026-02-25,0544,N,VIIRS,n,2.0NRT,284.95,2.54,N
-34.85073,-58.21291,330.28,0.37,0.58,2026-02-25,0544,N,VIIRS,n,2.0NRT,284.54,1.9,N
-34.85045,-58.21706,301.6,0.37,0.58,2026-02-25,0544,N,VIIRS,n,2.0NRT,284.72,1.9,N
-34.84594,-58.21417,367,0.37,0.58,2026-02-25,0544,N,VIIRS,h,2.0NRT,287.16,3.59,N
-34.85139,-58.21476,303.69,0.37,0.58,2026-02-25,0544,N,VIIRS,n,2.0NRT,284.38,3.59,N
-35.86048,-68.30354,332.13,0.39,0.36,2026-02-25,0544,N,VIIRS,n,2.0NRT,285.64,7.52,N
-35.86385,-68.30428,309.92,0.39,0.36,2026-02-25,0544,N,VIIRS,n,2.0NRT,281.79,1.34,N
-37.08738,-69.4753,323.21,0.39,0.36,2026-02-25,0544,N,VIIRS,n,2.0NRT,286.38,1.74,N
-37.42633,-69.17262,320.22,0.39,0.36,2026-02-25,0544,N,VIIRS,n,2.0NRT,286.32,1.73,N
-37.42969,-69.17343,321.62,0.39,0.36,2026-02-25,0544,N,VIIRS,n,2.0NRT,286.03,2.03,N
-37.71411,-69.1351,329.07,0.39,0.36,2026-02-25,0544,N,VIIRS,n,2.0NRT,287.09,2.39,N
-37.71345,-69.13953,300.59,0.39,0.36,2026-02-25,0544,N,VIIRS,n,2.0NRT,285.2,0.53,N
-37.71168,-69.26746,306.6,0.39,0.36,2026-02-25,0544,N,VIIRS,n,2.0NRT,286.27,0.55,N
-37.71503,-69.26826,303.66,0.39,0.36,2026-02-25,0544,N,VIIRS,n,2.0NRT,286.17,0.77,N
-37.71569,-69.26382,299.46,0.39,0.36,2026-02-25,0544,N,VIIRS,n,2.0NRT,285.86,0.5,N
-38.09756,-68.61034,302.24,0.4,0.37,2026-02-25,0544,N,VIIRS,n,2.0NRT,286.01,0.6,N
-38.26555,-68.62542,296.66,0.4,0.37,2026-02-25,0544,N,VIIRS,n,2.0NRT,286.59,0.5,N
-38.27275,-68.6981,297.09,0.4,0.37,2026-02-25,0544,N,VIIRS,n,2.0NRT,286.38,0.47,N
-38.27615,-68.6989,312.06,0.4,0.37,2026-02-25,0544,N,VIIRS,n,2.0NRT,286.33,1.07,N
-38.3444,-68.90111,301.9,0.4,0.37,2026-02-25,0544,N,VIIRS,n,2.0NRT,285.59,0.46,N
-38.40928,-68.71735,297.77,0.4,0.37,2026-02-25,0544,N,VIIRS,n,2.0NRT,284.62,0.34,N
-38.72339,-68.21897,317.67,0.41,0.37,2026-02-25,0544,N,VIIRS,n,2.0NRT,283.45,1.35,N
-33.00522,-60.81839,306.44,0.5,0.49,2026-02-25,0544,N,VIIRS,n,2.0NRT,289.3,1.03,N
-33.25513,-60.28544,326.99,0.54,0.51,2026-02-25,0544,N,VIIRS,n,2.0NRT,291.11,4.96,N
-33.36637,-60.15988,323.62,0.55,0.51,2026-02-25,0544,N,VIIRS,n,2.0NRT,290.17,1.68,N
-33.37117,-60.1605,303.39,0.55,0.51,2026-02-25,0544,N,VIIRS,n,2.0NRT,289.51,1.68,N
-33.377,-60.14898,329.21,0.55,0.51,2026-02-25,0544,N,VIIRS,n,2.0NRT,289.51,3.73,N
-33.45731,-66.15305,305.43,0.43,0.38,2026-02-25,0544,N,VIIRS,n,2.0NRT,284.7,0.72,N
-34.85513,-57.89714,304.98,0.38,0.59,2026-02-25,0544,N,VIIRS,n,2.0NRT,286.76,1.44,N
-34.85541,-57.89278,308.15,0.38,0.59,2026-02-25,0544,N,VIIRS,n,2.0NRT,289.2,1.55,N
-34.86097,-57.89331,300.06,0.38,0.59,2026-02-25,0544,N,VIIRS,n,2.0NRT,285.12,0.57,N
-38.74768,-68.83736,295.43,0.4,0.37,2026-02-25,0546,N,VIIRS,n,2.0NRT,283.12,1.82,N
-38.69838,-68.71562,299.7,0.4,0.37,2026-02-25,0546,N,VIIRS,n,2.0NRT,282.29,0.67,N
-38.70036,-68.70166,302.86,0.4,0.37,2026-02-25,0546,N,VIIRS,n,2.0NRT,283.11,0.72,N
-38.74429,-68.83656,330.97,0.4,0.37,2026-02-25,0546,N,VIIRS,n,2.0NRT,286.7,1.82,N
-38.74666,-68.9174,328.16,0.4,0.37,2026-02-25,0546,N,VIIRS,n,2.0NRT,287.95,0.81,N
-38.75005,-68.91819,297.59,0.4,0.37,2026-02-25,0546,N,VIIRS,n,2.0NRT,285.41,0.81,N
-38.74907,-68.91991,312.48,0.4,0.37,2026-02-25,0546,N,VIIRS,n,2.0NRT,286.31,1.12,N
-43.16228,-71.64075,305.99,0.38,0.36,2026-02-25,0546,N,VIIRS,n,2.0NRT,279.42,0.9,N
-43.16562,-71.64169,299.58,0.38,0.36,2026-02-25,0546,N,VIIRS,n,2.0NRT,281.5,0.9,N
-42.63089,-71.49007,355.25,0.33,0.56,2026-02-25,1804,N,VIIRS,l,2.0NRT,293.77,9.14,D
-40.77679,-63.18234,332.52,0.41,0.37,2026-02-25,1804,N,VIIRS,n,2.0NRT,301.3,1.67,D
-38.99193,-68.44186,337.69,0.43,0.46,2026-02-25,1804,N,VIIRS,l,2.0NRT,311.8,3.54,D
-38.74498,-68.83874,337.3,0.45,0.47,2026-02-25,1804,N,VIIRS,n,2.0NRT,289.78,2.83,D
-38.29357,-68.57206,348.68,0.43,0.46,2026-02-25,1804,N,VIIRS,n,2.0NRT,313.8,3.9,D
-42.65806,-71.4078,336.43,0.33,0.55,2026-02-25,1804,N,VIIRS,n,2.0NRT,301.92,5.4,D
-38.29562,-68.57455,343.51,0.43,0.46,2026-02-25,1804,N,VIIRS,n,2.0NRT,313.78,2.51,D
-37.24786,-61.44101,350.51,0.38,0.36,2026-02-25,1804,N,VIIRS,n,2.0NRT,311.84,5.61,D
-37.24521,-61.44618,341.68,0.38,0.36,2026-02-25,1804,N,VIIRS,n,2.0NRT,308.01,5.44,D
-38.13029,-68.63327,339.78,0.43,0.46,2026-02-25,1804,N,VIIRS,n,2.0NRT,307.55,3.77,D
-37.71411,-69.26564,343.5,0.46,0.47,2026-02-25,1804,N,VIIRS,n,2.0NRT,312.24,4.01,D
-37.71464,-69.2625,343.75,0.46,0.47,2026-02-25,1804,N,VIIRS,n,2.0NRT,311.79,5.75,D
-37.42787,-69.1725,344.05,0.45,0.47,2026-02-25,1804,N,VIIRS,n,2.0NRT,308.52,4.31,D
-42.63071,-71.48647,367,0.33,0.56,2026-02-25,1804,N,VIIRS,h,2.0NRT,295.98,13.34,D
-34.9218,-59.32705,338.1,0.43,0.38,2026-02-25,1806,N,VIIRS,n,2.0NRT,304.62,2.06,D
-34.91831,-59.32797,342.86,0.43,0.38,2026-02-25,1806,N,VIIRS,n,2.0NRT,306.9,19.95,D
-34.78128,-58.74463,340.69,0.45,0.39,2026-02-25,1806,N,VIIRS,n,2.0NRT,305.6,6.05,D
-35.86176,-68.30107,331.3,0.39,0.44,2026-02-25,1806,N,VIIRS,n,2.0NRT,302.87,0.43,D
-34.26119,-58.92485,330.73,0.45,0.39,2026-02-25,1806,N,VIIRS,n,2.0NRT,298.37,2.42,D
-34.25761,-58.92582,333.94,0.45,0.39,2026-02-25,1806,N,VIIRS,l,2.0NRT,304.76,2.42,D
-34.26168,-58.92703,330.93,0.45,0.39,2026-02-25,1806,N,VIIRS,n,2.0NRT,294.15,2.38,D
-34.2581,-58.928,338.49,0.45,0.39,2026-02-25,1806,N,VIIRS,n,2.0NRT,297.37,6.79,D
-34.25271,-58.91909,336.12,0.45,0.39,2026-02-25,1806,N,VIIRS,n,2.0NRT,300.02,6.41,D
-34.25361,-58.92403,335.52,0.45,0.39,2026-02-25,1806,N,VIIRS,n,2.0NRT,303.45,6.79,D
-34.25452,-58.92897,343.74,0.45,0.39,2026-02-25,1806,N,VIIRS,n,2.0NRT,303.34,6.79,D
-34.25093,-58.92993,354.13,0.45,0.39,2026-02-25,1806,N,VIIRS,n,2.0NRT,308.54,45.95,D
-34.25184,-58.93486,333.79,0.45,0.39,2026-02-25,1806,N,VIIRS,n,2.0NRT,302.01,4.31,D
-34.1482,-58.98596,333.5,0.45,0.39,2026-02-25,1806,N,VIIRS,n,2.0NRT,302.69,5.4,D
-34.0414,-58.81665,340.64,0.46,0.39,2026-02-25,1806,N,VIIRS,n,2.0NRT,298.31,4.45,D
-34.03779,-58.81762,330.88,0.46,0.39,2026-02-25,1806,N,VIIRS,n,2.0NRT,299.09,8.88,D
-33.97927,-60.09103,330.97,0.42,0.38,2026-02-25,1806,N,VIIRS,n,2.0NRT,305.39,3.07,D
-33.74044,-59.20273,331.96,0.45,0.39,2026-02-25,1806,N,VIIRS,n,2.0NRT,297.98,2.72,D
-33.36721,-60.1596,340.47,0.42,0.38,2026-02-25,1806,N,VIIRS,n,2.0NRT,307.08,5.25,D
-33.25024,-60.13498,334.05,0.42,0.38,2026-02-25,1806,N,VIIRS,n,2.0NRT,301.24,4.78,D
-33.0814,-59.58318,337.97,0.44,0.39,2026-02-25,1806,N,VIIRS,n,2.0NRT,301.17,3.94,D
-32.8215,-58.77842,337.83,0.48,0.4,2026-02-25,1806,N,VIIRS,n,2.0NRT,304.88,3.59,D
-32.81782,-58.77938,335.46,0.48,0.4,2026-02-25,1806,N,VIIRS,n,2.0NRT,305.87,3.59,D
-32.82064,-58.78045,340.04,0.48,0.4,2026-02-25,1806,N,VIIRS,n,2.0NRT,306.07,7.24,D
-32.96988,-60.02874,344.9,0.43,0.38,2026-02-25,1806,N,VIIRS,n,2.0NRT,303.78,7.49,D
-32.96838,-60.71904,333.63,0.41,0.37,2026-02-25,1806,N,VIIRS,l,2.0NRT,303.75,2.95,D
-32.43784,-58.42917,338.67,0.51,0.41,2026-02-25,1806,N,VIIRS,n,2.0NRT,303.88,4.56,D
-33.58624,-65.56792,332.9,0.43,0.38,2026-02-25,1806,N,VIIRS,n,2.0NRT,296.39,3.85,D
-33.57554,-69.05186,337.22,0.4,0.44,2026-02-25,1806,N,VIIRS,n,2.0NRT,307.95,2.58,D
-33.28625,-68.252,342.59,0.54,0.42,2026-02-25,1806,N,VIIRS,l,2.0NRT,314.14,7.79,D
-31.45096,-58.70847,342.42,0.51,0.41,2026-02-25,1806,N,VIIRS,n,2.0NRT,301.47,7.6,D
-31.75288,-60.84305,334.04,0.42,0.38,2026-02-25,1806,N,VIIRS,n,2.0NRT,302.44,2.89,D
-31.75365,-60.84747,333.53,0.42,0.38,2026-02-25,1806,N,VIIRS,n,2.0NRT,303.62,2.89,D
-31.4977,-59.619,333.56,0.46,0.39,2026-02-25,1806,N,VIIRS,n,2.0NRT,303.84,3.3,D
-31.4986,-59.62388,334.87,0.46,0.39,2026-02-25,1806,N,VIIRS,n,2.0NRT,303.3,3.3,D
-31.35416,-58.95728,335.31,0.5,0.41,2026-02-25,1806,N,VIIRS,l,2.0NRT,306.23,23.4,D
-30.85685,-57.96485,335.97,0.56,0.43,2026-02-25,1806,N,VIIRS,n,2.0NRT,298.11,4.57,D
-31.23417,-60.38415,334.86,0.44,0.38,2026-02-25,1806,N,VIIRS,n,2.0NRT,304.78,3.98,D
-31.16172,-60.24717,336.56,0.44,0.39,2026-02-25,1806,N,VIIRS,n,2.0NRT,304.24,8.31,D
-29.4359,-57.33812,334.8,0.43,0.46,2026-02-25,1806,N,VIIRS,n,2.0NRT,297.51,2.49,D
-29.29048,-56.87857,332.44,0.46,0.47,2026-02-25,1806,N,VIIRS,n,2.0NRT,297.92,2.81,D
-30.33621,-63.0233,334.38,0.39,0.36,2026-02-25,1806,N,VIIRS,l,2.0NRT,306.19,2.34,D
-29.29396,-57.69118,341.06,0.42,0.45,2026-02-25,1806,N,VIIRS,n,2.0NRT,300.03,2.28,D
-29.43953,-58.56979,342.69,0.56,0.43,2026-02-25,1806,N,VIIRS,n,2.0NRT,301.7,23.36,D
-30.13952,-62.88798,340.31,0.39,0.36,2026-02-25,1806,N,VIIRS,n,2.0NRT,304.55,2.04,D
-30.13618,-62.88869,333.17,0.39,0.36,2026-02-25,1806,N,VIIRS,n,2.0NRT,302.52,2.04,D
-30.06504,-62.49118,333.65,0.39,0.36,2026-02-25,1806,N,VIIRS,n,2.0NRT,301.87,2.75,D
-29.12345,-57.68908,337.98,0.42,0.45,2026-02-25,1806,N,VIIRS,n,2.0NRT,297.34,2.61,D
-28.87659,-56.81577,336.08,0.47,0.48,2026-02-25,1806,N,VIIRS,n,2.0NRT,302.84,3.73,D
-29.144,-58.58421,332.86,0.56,0.43,2026-02-25,1806,N,VIIRS,n,2.0NRT,300.49,5.2,D
-29.8262,-62.61361,331.16,0.39,0.36,2026-02-25,1806,N,VIIRS,l,2.0NRT,302.83,1.93,D
-29.03421,-58.24106,334.5,0.39,0.44,2026-02-25,1806,N,VIIRS,n,2.0NRT,300.72,4.29,D
-29.78049,-62.52615,330.65,0.39,0.37,2026-02-25,1806,N,VIIRS,l,2.0NRT,304.03,1.49,D
-29.78117,-62.53024,347.01,0.39,0.37,2026-02-25,1806,N,VIIRS,n,2.0NRT,307.05,10.21,D
-29.77713,-62.52687,332.07,0.39,0.37,2026-02-25,1806,N,VIIRS,n,2.0NRT,304.34,1.49,D
-29.77781,-62.53096,343.37,0.39,0.37,2026-02-25,1806,N,VIIRS,n,2.0NRT,306.51,10.21,D
-29.77711,-62.53074,345.78,0.39,0.37,2026-02-25,1806,N,VIIRS,n,2.0NRT,306.16,19.04,D
-29.77374,-62.53146,347.03,0.39,0.37,2026-02-25,1806,N,VIIRS,n,2.0NRT,305.93,19.04,D
-29.8136,-62.86396,343.3,0.39,0.36,2026-02-25,1806,N,VIIRS,n,2.0NRT,302.21,4.8,D
-29.81025,-62.86467,346.19,0.39,0.36,2026-02-25,1806,N,VIIRS,n,2.0NRT,301.94,9.43,D
-29.8003,-62.84585,334.63,0.39,0.36,2026-02-25,1806,N,VIIRS,n,2.0NRT,300.13,3.06,D
-29.52411,-61.36203,334.58,0.42,0.38,2026-02-25,1806,N,VIIRS,n,2.0NRT,303.73,5.3,D
-29.4062,-60.75554,339.39,0.45,0.39,2026-02-25,1806,N,VIIRS,n,2.0NRT,301.18,3.42,D
-34.88525,-57.92076,335.77,0.49,0.4,2026-02-25,1806,N,VIIRS,n,2.0NRT,299.42,2.14,D
-34.86057,-57.89393,330.54,0.49,0.4,2026-02-25,1806,N,VIIRS,n,2.0NRT,297.43,2.81,D
-27.3695,-61.61673,356.25,0.44,0.38,2026-02-25,1808,N,VIIRS,n,2.0NRT,317.81,16.37,D
-26.61269,-58.25304,342.42,0.43,0.46,2026-02-25,1808,N,VIIRS,n,2.0NRT,304.66,7.28,D
-26.54007,-59.14468,337.23,0.39,0.44,2026-02-25,1808,N,VIIRS,n,2.0NRT,305.67,4.7,D
-26.32375,-58.42097,347.01,0.43,0.46,2026-02-25,1808,N,VIIRS,n,2.0NRT,303.61,6.51,D
-26.31955,-58.422,342.62,0.43,0.46,2026-02-25,1808,N,VIIRS,n,2.0NRT,303.67,6.51,D
-26.31046,-58.44225,349.66,0.43,0.46,2026-02-25,1808,N,VIIRS,n,2.0NRT,303.26,16.5,D
-26.31133,-58.44653,350.87,0.43,0.46,2026-02-25,1808,N,VIIRS,n,2.0NRT,300.67,16.5,D
-26.30626,-58.44328,350.43,0.43,0.46,2026-02-25,1808,N,VIIRS,n,2.0NRT,305.54,16.5,D
-26.31147,-58.44167,342.9,0.43,0.46,2026-02-25,1808,N,VIIRS,n,2.0NRT,302.19,4.23,D
-26.31232,-58.44596,336.63,0.43,0.46,2026-02-25,1808,N,VIIRS,n,2.0NRT,302.09,4.23,D
-26.30728,-58.4427,353.24,0.43,0.46,2026-02-25,1808,N,VIIRS,n,2.0NRT,307.53,47.45,D
-27.36707,-64.5407,339.04,0.38,0.36,2026-02-25,1808,N,VIIRS,n,2.0NRT,300.56,4.35,D
-26.69849,-60.98967,343.94,0.47,0.4,2026-02-25,1808,N,VIIRS,l,2.0NRT,316.46,15.86,D
-26.69936,-60.9944,341.98,0.47,0.4,2026-02-25,1808,N,VIIRS,l,2.0NRT,316.91,15.86,D
-26.69485,-60.99049,367,0.47,0.4,2026-02-25,1808,N,VIIRS,l,2.0NRT,334.62,133.51,D
-26.69571,-60.99522,367,0.47,0.4,2026-02-25,1808,N,VIIRS,l,2.0NRT,332.12,133.51,D
-26.69207,-60.99603,367,0.47,0.4,2026-02-25,1808,N,VIIRS,h,2.0NRT,332.66,133.51,D
-26.68843,-60.99684,367,0.47,0.4,2026-02-25,1808,N,VIIRS,h,2.0NRT,343.46,121.86,D
-26.68756,-60.99211,340.11,0.47,0.4,2026-02-25,1808,N,VIIRS,n,2.0NRT,306.19,121.86,D
-26.69264,-60.99409,367,0.47,0.4,2026-02-25,1808,N,VIIRS,h,2.0NRT,344.79,148.69,D
-26.6918,-60.98935,340.01,0.47,0.4,2026-02-25,1808,N,VIIRS,n,2.0NRT,306.45,148.69,D
-26.689,-60.99492,367,0.47,0.4,2026-02-25,1808,N,VIIRS,h,2.0NRT,349.27,148.69,D
-26.68535,-60.99573,350.24,0.47,0.4,2026-02-25,1808,N,VIIRS,n,2.0NRT,305.38,28.3,D
-26.46308,-60.30978,332.37,0.51,0.41,2026-02-25,1808,N,VIIRS,l,2.0NRT,305.72,2.33,D
-26.17939,-59.18664,331.04,0.39,0.44,2026-02-25,1808,N,VIIRS,l,2.0NRT,301.77,2.99,D
-26.51473,-60.98807,341.6,0.47,0.4,2026-02-25,1808,N,VIIRS,n,2.0NRT,309.2,4.5,D
-25.91794,-57.92694,341.45,0.47,0.47,2026-02-25,1808,N,VIIRS,n,2.0NRT,304.66,8.1,D
-25.8257,-57.80835,333.33,0.48,0.48,2026-02-25,1808,N,VIIRS,l,2.0NRT,304.21,5.16,D
-25.74342,-57.76864,353.13,0.48,0.48,2026-02-25,1808,N,VIIRS,n,2.0NRT,304.74,22.35,D
-25.74553,-57.7669,340.17,0.48,0.48,2026-02-25,1808,N,VIIRS,n,2.0NRT,302.35,26.33,D
-26.25807,-61.18598,348.18,0.47,0.4,2026-02-25,1808,N,VIIRS,n,2.0NRT,315.66,41.44,D
-26.25891,-61.19066,316.53,0.47,0.39,2026-02-25,1808,N,VIIRS,l,2.0NRT,318.34,41.44,D
-26.25443,-61.18678,342.84,0.47,0.4,2026-02-25,1808,N,VIIRS,n,2.0NRT,311.75,12.4,D
-25.93025,-59.86496,330.21,0.55,0.42,2026-02-25,1808,N,VIIRS,l,2.0NRT,304.79,7.91,D
-25.88022,-59.87364,335.69,0.55,0.42,2026-02-25,1808,N,VIIRS,l,2.0NRT,306.22,5.59,D
-26.0708,-60.93938,338.72,0.48,0.4,2026-02-25,1808,N,VIIRS,l,2.0NRT,312.03,7.46,D
-25.54799,-58.44916,348.51,0.44,0.46,2026-02-25,1808,N,VIIRS,n,2.0NRT,306.3,10.12,D
-25.54284,-58.4458,342.11,0.44,0.46,2026-02-25,1808,N,VIIRS,n,2.0NRT,304.49,8.25,D
-26.357,-62.85418,343.15,0.41,0.37,2026-02-25,1808,N,VIIRS,l,2.0NRT,317.09,27.68,D
-25.54557,-58.44762,354.51,0.44,0.46,2026-02-25,1808,N,VIIRS,n,2.0NRT,307.99,6.7,D
-25.54644,-58.45203,340.68,0.44,0.46,2026-02-25,1808,N,VIIRS,n,2.0NRT,304.47,6.7,D
-26.05678,-61.87133,339.23,0.44,0.38,2026-02-25,1808,N,VIIRS,l,2.0NRT,311.11,10.16,D
-25.55922,-59.31525,342.23,0.39,0.44,2026-02-25,1808,N,VIIRS,n,2.0NRT,307.05,10.02,D
-25.27268,-57.92667,336.43,0.48,0.48,2026-02-25,1808,N,VIIRS,n,2.0NRT,306.29,7.24,D
-25.42855,-58.87099,340.1,0.42,0.45,2026-02-25,1808,N,VIIRS,n,2.0NRT,302.59,4.5,D
-25.42938,-58.87515,344.89,0.42,0.45,2026-02-25,1808,N,VIIRS,n,2.0NRT,305.78,4.5,D
-26.00761,-62.00924,341.32,0.44,0.38,2026-02-25,1808,N,VIIRS,l,2.0NRT,313.87,9.38,D
-26.00838,-62.0136,344.77,0.44,0.38,2026-02-25,1808,N,VIIRS,n,2.0NRT,312.76,7.48,D
-26.00485,-62.01435,347.57,0.44,0.38,2026-02-25,1808,N,VIIRS,n,2.0NRT,309.75,7.48,D
-25.20174,-58.20308,333.07,0.46,0.47,2026-02-25,1808,N,VIIRS,l,2.0NRT,304.63,5.14,D
-25.20268,-58.20767,344.82,0.46,0.47,2026-02-25,1808,N,VIIRS,n,2.0NRT,306.31,7.83,D
-25.20362,-58.21227,345.7,0.46,0.47,2026-02-25,1808,N,VIIRS,n,2.0NRT,307.96,7.83,D
-25.19739,-58.20414,344.15,0.46,0.47,2026-02-25,1808,N,VIIRS,n,2.0NRT,306.13,8.34,D
-25.19834,-58.20874,336.29,0.46,0.47,2026-02-25,1808,N,VIIRS,n,2.0NRT,306.27,4.01,D
-25.18256,-58.24056,339.22,0.46,0.47,2026-02-25,1808,N,VIIRS,n,2.0NRT,307.82,3.98,D
-25.16232,-58.38839,339.11,0.45,0.47,2026-02-25,1808,N,VIIRS,n,2.0NRT,307.3,6.25,D
-25.0934,-58.33863,343.86,0.46,0.47,2026-02-25,1808,N,VIIRS,n,2.0NRT,307.42,6.45,D
-25.09281,-58.33774,355.61,0.46,0.47,2026-02-25,1808,N,VIIRS,n,2.0NRT,307.24,10.47,D
-24.89182,-59.1554,335.03,0.41,0.45,2026-02-25,1808,N,VIIRS,n,2.0NRT,300.45,4.64,D
-24.85533,-59.66195,345.47,0.39,0.44,2026-02-25,1808,N,VIIRS,n,2.0NRT,305.67,8.2,D
-24.72615,-59.17645,350.46,0.42,0.45,2026-02-25,1808,N,VIIRS,n,2.0NRT,300.57,10.24,D
-24.72201,-59.17741,331.27,0.42,0.45,2026-02-25,1808,N,VIIRS,l,2.0NRT,303.61,5.05,D
-24.72282,-59.18151,341.58,0.42,0.45,2026-02-25,1808,N,VIIRS,n,2.0NRT,299.44,3.36,D
-24.71786,-59.17837,332.28,0.42,0.45,2026-02-25,1808,N,VIIRS,n,2.0NRT,301.52,5.05,D
-24.7129,-59.17522,348.57,0.42,0.45,2026-02-25,1808,N,VIIRS,n,2.0NRT,299.79,1.73,D
-24.71238,-59.17444,342.92,0.42,0.45,2026-02-25,1808,N,VIIRS,n,2.0NRT,298.92,8.97,D
-24.99051,-58.64079,343.7,0.44,0.46,2026-02-25,1808,N,VIIRS,n,2.0NRT,306.09,8.48,D
-29.56082,-62.89927,346.47,0.39,0.36,2026-02-25,1808,N,VIIRS,n,2.0NRT,303.68,4.2,D
-29.55746,-62.89998,340.91,0.39,0.36,2026-02-25,1808,N,VIIRS,n,2.0NRT,303.53,5.59,D
-29.51297,-62.77541,335.73,0.39,0.36,2026-02-25,1808,N,VIIRS,n,2.0NRT,305.37,1.47,D
-29.51429,-62.78352,347.36,0.39,0.36,2026-02-25,1808,N,VIIRS,n,2.0NRT,304.31,6.22,D
-29.51495,-62.78757,349.56,0.39,0.36,2026-02-25,1808,N,VIIRS,n,2.0NRT,306.36,7.49,D
-29.50895,-62.77206,343.31,0.39,0.36,2026-02-25,1808,N,VIIRS,n,2.0NRT,305.82,4.27,D
-29.50961,-62.77612,339.56,0.39,0.36,2026-02-25,1808,N,VIIRS,n,2.0NRT,306.64,4.27,D
-29.51027,-62.78017,334.5,0.39,0.36,2026-02-25,1808,N,VIIRS,n,2.0NRT,303.61,2.92,D
-29.51093,-62.78423,335.31,0.39,0.36,2026-02-25,1808,N,VIIRS,n,2.0NRT,303.55,2.92,D
-29.51159,-62.78828,341.75,0.39,0.36,2026-02-25,1808,N,VIIRS,n,2.0NRT,305.03,4.75,D
-29.50559,-62.77277,345.29,0.39,0.36,2026-02-25,1808,N,VIIRS,n,2.0NRT,303.28,4.27,D
-29.50625,-62.77683,347.26,0.39,0.36,2026-02-25,1808,N,VIIRS,n,2.0NRT,304.94,4.27,D
-29.50691,-62.78089,332.34,0.39,0.36,2026-02-25,1808,N,VIIRS,l,2.0NRT,302.42,2.92,D
-29.50757,-62.78494,335.11,0.39,0.36,2026-02-25,1808,N,VIIRS,n,2.0NRT,302.34,2.92,D
-29.50823,-62.78899,336.09,0.39,0.36,2026-02-25,1808,N,VIIRS,n,2.0NRT,302.16,4.75,D
-29.50356,-62.7816,343.29,0.39,0.36,2026-02-25,1808,N,VIIRS,n,2.0NRT,303.09,4.49,D
-29.50422,-62.78565,343.62,0.39,0.36,2026-02-25,1808,N,VIIRS,n,2.0NRT,304.62,4.49,D
-29.49152,-62.79645,346.82,0.39,0.36,2026-02-25,1808,N,VIIRS,n,2.0NRT,305.24,4.65,D
-28.53301,-60.9674,335.1,0.45,0.39,2026-02-25,1808,N,VIIRS,n,2.0NRT,302.19,3.31,D
-28.5319,-60.96652,331.7,0.45,0.39,2026-02-25,1808,N,VIIRS,n,2.0NRT,301.58,4.83,D
-27.96593,-58.29449,332.14,0.41,0.45,2026-02-25,1808,N,VIIRS,n,2.0NRT,301.87,3.89,D
-27.96183,-58.29551,344.67,0.41,0.45,2026-02-25,1808,N,VIIRS,n,2.0NRT,303.36,11.07,D
-28.36555,-60.43769,336.36,0.47,0.4,2026-02-25,1808,N,VIIRS,n,2.0NRT,303.41,6.47,D
-28.36643,-60.44251,348.8,0.47,0.4,2026-02-25,1808,N,VIIRS,n,2.0NRT,303.29,8.1,D
-27.61131,-56.69841,341,0.51,0.49,2026-02-25,1808,N,VIIRS,n,2.0NRT,301.91,8.25,D
-27.60679,-56.69961,334.78,0.51,0.49,2026-02-25,1808,N,VIIRS,n,2.0NRT,301.13,8.25,D
-27.69036,-57.17742,353.06,0.48,0.48,2026-02-25,1808,N,VIIRS,n,2.0NRT,303.83,15.38,D
-27.68597,-57.17857,355.54,0.48,0.48,2026-02-25,1808,N,VIIRS,n,2.0NRT,304.47,21.63,D
-27.68699,-57.1834,341.94,0.47,0.48,2026-02-25,1808,N,VIIRS,n,2.0NRT,298.22,21.63,D
-27.69237,-57.17863,351.21,0.48,0.48,2026-02-25,1808,N,VIIRS,n,2.0NRT,299.49,9.03,D
-27.68798,-57.17979,354.45,0.48,0.48,2026-02-25,1808,N,VIIRS,n,2.0NRT,308.39,61.09,D
-28.28279,-60.39344,343.53,0.48,0.4,2026-02-25,1808,N,VIIRS,n,2.0NRT,305.89,8.76,D
-27.66185,-57.23226,367,0.47,0.48,2026-02-25,1808,N,VIIRS,h,2.0NRT,297.36,10.39,D
-27.55538,-56.72533,343.73,0.51,0.49,2026-02-25,1808,N,VIIRS,n,2.0NRT,304.67,3.96,D
-28.27912,-60.39429,331.7,0.48,0.4,2026-02-25,1808,N,VIIRS,l,2.0NRT,304.22,5.75,D
-27.55086,-56.72652,333.29,0.51,0.49,2026-02-25,1808,N,VIIRS,n,2.0NRT,301.21,3.96,D
-27.92473,-58.97935,330.89,0.56,0.43,2026-02-25,1808,N,VIIRS,n,2.0NRT,298.31,4.92,D
-27.44054,-56.89934,338.09,0.5,0.49,2026-02-25,1808,N,VIIRS,n,2.0NRT,299.74,4.01,D
-27.5222,-57.43729,339.11,0.46,0.47,2026-02-25,1808,N,VIIRS,n,2.0NRT,307.9,11.52,D
-27.51786,-57.4384,343.37,0.46,0.47,2026-02-25,1808,N,VIIRS,n,2.0NRT,310.96,11.52,D
-27.51885,-57.44308,351.19,0.46,0.47,2026-02-25,1808,N,VIIRS,n,2.0NRT,313.75,11.52,D
-27.51984,-57.44777,339.07,0.46,0.47,2026-02-25,1808,N,VIIRS,n,2.0NRT,304.82,12.55,D
-27.52221,-57.43581,335.68,0.46,0.47,2026-02-25,1808,N,VIIRS,l,2.0NRT,306.38,8.41,D
-27.51787,-57.43694,339.69,0.46,0.47,2026-02-25,1808,N,VIIRS,n,2.0NRT,308.6,8.41,D
-27.51883,-57.44163,348.14,0.46,0.47,2026-02-25,1808,N,VIIRS,n,2.0NRT,311.83,8.41,D
-27.51978,-57.44633,345.51,0.46,0.47,2026-02-25,1808,N,VIIRS,n,2.0NRT,309.84,20.59,D
-27.51545,-57.44745,347.53,0.46,0.47,2026-02-25,1808,N,VIIRS,n,2.0NRT,311.65,25.28,D
-27.51111,-57.44857,336.9,0.46,0.47,2026-02-25,1808,N,VIIRS,n,2.0NRT,302.95,25.28,D
-27.58658,-57.99493,330.49,0.43,0.46,2026-02-25,1808,N,VIIRS,l,2.0NRT,303.23,4.81,D
-26.90437,-54.87987,330.64,0.34,0.56,2026-02-25,1808,N,VIIRS,n,2.0NRT,299.29,1.57,D
-27.55717,-58.00233,344.15,0.43,0.46,2026-02-25,1808,N,VIIRS,n,2.0NRT,300.39,7.99,D
-27.55807,-58.00669,350.42,0.43,0.46,2026-02-25,1808,N,VIIRS,n,2.0NRT,302.46,8.1,D
-27.55387,-58.00774,346.2,0.43,0.46,2026-02-25,1808,N,VIIRS,n,2.0NRT,302.51,8.1,D
-27.55476,-58.01207,340.89,0.43,0.46,2026-02-25,1808,N,VIIRS,n,2.0NRT,301.44,8.1,D
-27.54967,-58.0088,347.86,0.43,0.46,2026-02-25,1808,N,VIIRS,n,2.0NRT,302.4,74.24,D
-26.87054,-54.92136,350.48,0.33,0.56,2026-02-25,1808,N,VIIRS,n,2.0NRT,298.49,3.98,D
-27.71386,-58.90641,348.67,0.57,0.43,2026-02-25,1808,N,VIIRS,n,2.0NRT,301.67,8.67,D
-27.70988,-58.90738,338.05,0.57,0.43,2026-02-25,1808,N,VIIRS,n,2.0NRT,301.06,8.67,D
-28.87125,-65.81721,351.7,0.4,0.37,2026-02-25,1808,N,VIIRS,n,2.0NRT,304.34,8.37,D
-28.87181,-65.81662,355.05,0.4,0.37,2026-02-25,1808,N,VIIRS,n,2.0NRT,304.62,9.35,D
-27.71397,-58.90896,346.61,0.57,0.43,2026-02-25,1808,N,VIIRS,n,2.0NRT,302.05,8.96,D
-27.70999,-58.90994,333.06,0.57,0.43,2026-02-25,1808,N,VIIRS,n,2.0NRT,299.49,8.96,D
-26.86946,-54.92023,345.7,0.33,0.56,2026-02-25,1808,N,VIIRS,n,2.0NRT,298.96,5.57,D
-28.14831,-61.42643,332.74,0.43,0.38,2026-02-25,1808,N,VIIRS,l,2.0NRT,306.75,3.4,D
-26.86797,-55.10502,343,0.33,0.55,2026-02-25,1808,N,VIIRS,n,2.0NRT,298.25,3.36,D
-27.66952,-58.98043,336.55,0.57,0.43,2026-02-25,1808,N,VIIRS,n,2.0NRT,303.01,7.72,D
-27.70238,-59.4643,339.14,0.54,0.42,2026-02-25,1808,N,VIIRS,n,2.0NRT,304.76,13.59,D
-27.70282,-59.46675,338.08,0.54,0.42,2026-02-25,1808,N,VIIRS,n,2.0NRT,302.9,12.63,D
-28.08513,-61.68995,331.39,0.43,0.38,2026-02-25,1808,N,VIIRS,l,2.0NRT,303.77,2.13,D
-27.48345,-59.314,334.23,0.55,0.43,2026-02-25,1808,N,VIIRS,n,2.0NRT,301.49,7.95,D
-27.48453,-59.31956,333.85,0.55,0.43,2026-02-25,1808,N,VIIRS,n,2.0NRT,296.21,5.67,D
-27.47953,-59.31493,344.47,0.55,0.43,2026-02-25,1808,N,VIIRS,n,2.0NRT,301.01,7.95,D
-27.82312,-61.15027,336.8,0.45,0.39,2026-02-25,1808,N,VIIRS,n,2.0NRT,306.34,5.79,D
-27.16203,-58.70498,333,0.4,0.44,2026-02-25,1808,N,VIIRS,n,2.0NRT,302.72,3.25,D
-26.12888,-54.53267,335.31,0.37,0.58,2026-02-25,1808,N,VIIRS,n,2.0NRT,296.33,2.59,D
-26.12361,-54.53424,334.34,0.37,0.58,2026-02-25,1808,N,VIIRS,n,2.0NRT,298.03,2.59,D
-26.12676,-54.53262,351.57,0.37,0.58,2026-02-25,1808,N,VIIRS,n,2.0NRT,298.69,4.48,D
-27.84885,-64.11428,346.95,0.38,0.36,2026-02-25,1808,N,VIIRS,n,2.0NRT,307.04,5.83,D
-37.71613,-69.13159,343.22,0.71,0.75,2026-02-25,1944,N,VIIRS,n,2.0NRT,303.73,7.72,D
-42.66059,-71.41123,325.58,0.4,0.6,2026-02-25,1944,N,VIIRS,n,2.0NRT,288.89,2.54,D
-37.71229,-69.12856,341.92,0.71,0.75,2026-02-25,1944,N,VIIRS,n,2.0NRT,303.92,5.67,D
-42.65926,-71.40662,335.58,0.4,0.6,2026-02-25,1944,N,VIIRS,n,2.0NRT,290.33,3.35,D
-33.36696,-60.16462,307.13,0.47,0.4,2026-02-26,0522,N,VIIRS,n,2.0NRT,288.05,1.78,N
-33.37129,-60.16018,302.61,0.47,0.4,2026-02-26,0522,N,VIIRS,n,2.0NRT,288.01,1.11,N
-33.37693,-60.14548,327.76,0.47,0.4,2026-02-26,0522,N,VIIRS,n,2.0NRT,288.24,2.24,N
-32.26549,-68.61047,304.73,0.51,0.41,2026-02-26,0522,N,VIIRS,n,2.0NRT,289.42,1.53,N
-32.26656,-68.60509,315.11,0.51,0.41,2026-02-26,0522,N,VIIRS,n,2.0NRT,289.68,1.53,N
-34.14733,-58.98997,304.17,0.54,0.42,2026-02-26,0522,N,VIIRS,n,2.0NRT,288.76,1.38,N
-34.39981,-58.79229,296.33,0.56,0.43,2026-02-26,0522,N,VIIRS,n,2.0NRT,284.7,2.34,N
-34.4038,-58.79294,327.92,0.56,0.43,2026-02-26,0522,N,VIIRS,n,2.0NRT,287.04,2.34,N
-34.4016,-58.78661,305.65,0.56,0.43,2026-02-26,0522,N,VIIRS,n,2.0NRT,285.61,1.72,N
-34.40494,-58.79342,304.3,0.56,0.43,2026-02-26,0522,N,VIIRS,n,2.0NRT,284.92,1.72,N
-34.4056,-58.78727,296.95,0.56,0.43,2026-02-26,0522,N,VIIRS,n,2.0NRT,285.62,1.72,N
-34.85935,-57.89396,324.92,0.42,0.45,2026-02-26,0522,N,VIIRS,n,2.0NRT,287.53,3.17,N
-34.8823,-57.92108,313.45,0.42,0.45,2026-02-26,0522,N,VIIRS,n,2.0NRT,288.14,1.29,N
-34.88278,-57.91642,299.25,0.42,0.45,2026-02-26,0522,N,VIIRS,n,2.0NRT,287.94,1.29,N
-34.88652,-57.92171,322.44,0.42,0.45,2026-02-26,0522,N,VIIRS,n,2.0NRT,289.07,1.15,N
-34.88699,-57.91707,297.29,0.42,0.45,2026-02-26,0522,N,VIIRS,n,2.0NRT,286.39,1.15,N
-34.40094,-58.79277,323.85,0.56,0.43,2026-02-26,0522,N,VIIRS,n,2.0NRT,286.22,1.72,N
-31.64176,-59.54147,310.78,0.48,0.4,2026-02-26,0522,N,VIIRS,n,2.0NRT,286.18,1.5,N
-33.36089,-60.15304,301.85,0.47,0.4,2026-02-26,0522,N,VIIRS,n,2.0NRT,289.1,2.71,N
-33.3676,-60.15952,325.71,0.47,0.4,2026-02-26,0522,N,VIIRS,n,2.0NRT,289.1,1.78,N
-26.25889,-61.19005,315.79,0.39,0.36,2026-02-26,0522,N,VIIRS,n,2.0NRT,294.67,1.23,N
-26.32796,-60.95966,304.83,0.39,0.36,2026-02-26,0522,N,VIIRS,n,2.0NRT,293.24,0.35,N
-27.17616,-54.9707,302.29,0.5,0.49,2026-02-26,0522,N,VIIRS,n,2.0NRT,289.98,0.79,N
-26.51986,-61.69852,305.77,0.39,0.36,2026-02-26,0522,N,VIIRS,n,2.0NRT,293.62,0.59,N
-26.52045,-61.69464,308.03,0.39,0.36,2026-02-26,0522,N,VIIRS,n,2.0NRT,293.64,0.59,N
-26.68862,-60.99457,324.98,0.39,0.37,2026-02-26,0522,N,VIIRS,n,2.0NRT,295.19,1.97,N
-26.68803,-60.99855,308.86,0.39,0.37,2026-02-26,0522,N,VIIRS,n,2.0NRT,294.16,0.95,N
-26.6914,-60.99917,307.85,0.39,0.37,2026-02-26,0522,N,VIIRS,n,2.0NRT,294.11,0.95,N
-26.692,-60.99519,313.83,0.39,0.37,2026-02-26,0522,N,VIIRS,n,2.0NRT,294.74,1.97,N
-26.69538,-60.99581,315.23,0.39,0.37,2026-02-26,0522,N,VIIRS,n,2.0NRT,294.64,1.19,N
-26.69876,-60.99643,306.81,0.39,0.37,2026-02-26,0522,N,VIIRS,n,2.0NRT,293.13,1.19,N
-26.65909,-61.65154,306.4,0.39,0.36,2026-02-26,0522,N,VIIRS,n,2.0NRT,293.06,0.61,N
-26.66244,-61.65217,324.35,0.39,0.36,2026-02-26,0522,N,VIIRS,n,2.0NRT,293.72,1.69,N
-27.40388,-57.5432,308.55,0.54,0.42,2026-02-26,0522,N,VIIRS,n,2.0NRT,293.1,2.05,N
-26.83821,-61.62388,310.64,0.39,0.36,2026-02-26,0522,N,VIIRS,n,2.0NRT,292.69,0.58,N
-27.52233,-57.45049,308.51,0.54,0.42,2026-02-26,0522,N,VIIRS,n,2.0NRT,290.51,2.19,N
-27.52109,-57.4512,313.38,0.55,0.42,2026-02-26,0522,N,VIIRS,n,2.0NRT,290.87,1.48,N
-27.36755,-61.61967,346.32,0.39,0.36,2026-02-26,0522,N,VIIRS,n,2.0NRT,295.68,3.84,N
-27.36815,-61.61572,306.9,0.39,0.36,2026-02-26,0522,N,VIIRS,n,2.0NRT,293.41,3.84,N
-27.3709,-61.62031,319,0.39,0.36,2026-02-26,0522,N,VIIRS,n,2.0NRT,293.35,1.21,N
-27.3715,-61.61637,303.85,0.39,0.36,2026-02-26,0522,N,VIIRS,n,2.0NRT,293.08,1.21,N
-27.19331,-62.89619,306.85,0.39,0.36,2026-02-26,0522,N,VIIRS,n,2.0NRT,292.32,0.96,N
-27.19665,-62.89687,316.23,0.39,0.36,2026-02-26,0522,N,VIIRS,n,2.0NRT,292.74,1.57,N
-24.72147,-59.19499,305.23,0.43,0.38,2026-02-26,0522,N,VIIRS,n,2.0NRT,292.97,0.66,N
-24.72206,-59.19073,304.69,0.43,0.38,2026-02-26,0522,N,VIIRS,n,2.0NRT,293.17,0.66,N
-24.26987,-64.68848,309.57,0.44,0.39,2026-02-26,0522,N,VIIRS,n,2.0NRT,290.18,1.01,N
-24.27341,-64.68923,307.62,0.44,0.39,2026-02-26,0522,N,VIIRS,n,2.0NRT,290.18,1.01,N
-25.487,-57.75983,322.08,0.5,0.41,2026-02-26,0522,N,VIIRS,n,2.0NRT,297.44,1.68,N
-25.49079,-57.76042,305.55,0.5,0.41,2026-02-26,0522,N,VIIRS,n,2.0NRT,292.8,1.68,N
-26.0609,-54.58664,310.48,0.51,0.49,2026-02-26,0522,N,VIIRS,n,2.0NRT,291.15,1.44,N
-25.67321,-58.15408,311.86,0.48,0.4,2026-02-26,0522,N,VIIRS,n,2.0NRT,293.35,1.13,N
-25.55137,-59.31473,305.44,0.43,0.38,2026-02-26,0522,N,VIIRS,n,2.0NRT,292.78,0.69,N
-25.55198,-59.31042,306.47,0.43,0.38,2026-02-26,0522,N,VIIRS,n,2.0NRT,292.88,0.69,N
-25.5555,-59.31101,312.95,0.43,0.38,2026-02-26,0522,N,VIIRS,n,2.0NRT,292.84,0.69,N
-25.55136,-59.31288,310.14,0.43,0.38,2026-02-26,0522,N,VIIRS,n,2.0NRT,292.89,1.15,N
-25.55488,-59.31347,316.46,0.43,0.38,2026-02-26,0522,N,VIIRS,n,2.0NRT,292.63,1.15,N
-25.59089,-61.36331,317.45,0.39,0.36,2026-02-26,0522,N,VIIRS,n,2.0NRT,292.83,1.43,N
-26.07079,-58.04542,302.85,0.49,0.4,2026-02-26,0522,N,VIIRS,n,2.0NRT,292.58,1.03,N
-25.79126,-60.72849,307.25,0.4,0.37,2026-02-26,0522,N,VIIRS,n,2.0NRT,294.45,1.05,N
-25.98757,-59.40172,330.16,0.43,0.38,2026-02-26,0522,N,VIIRS,n,2.0NRT,294.52,2.77,N
-26.1561,-60.84909,331.34,0.39,0.37,2026-02-26,0522,N,VIIRS,n,2.0NRT,294.05,3.41,N
-26.25554,-61.18943,310,0.39,0.36,2026-02-26,0522,N,VIIRS,n,2.0NRT,294.39,0.93,N
-29.51326,-62.78085,323.76,0.38,0.36,2026-02-26,0525,N,VIIRS,n,2.0NRT,288.83,2.57,N
-30.65302,-59.57117,297.7,0.47,0.4,2026-02-26,0525,N,VIIRS,n,2.0NRT,286.54,0.31,N
-31.35373,-58.96254,319.14,0.51,0.41,2026-02-26,0525,N,VIIRS,n,2.0NRT,287.56,2.13,N
-31.35755,-58.96316,316.37,0.51,0.41,2026-02-26,0525,N,VIIRS,n,2.0NRT,287.19,2.13,N
-36.98339,-60.2452,306.01,0.51,0.41,2026-02-26,0525,N,VIIRS,n,2.0NRT,284.73,1.43,N
-36.99151,-60.27624,296.52,0.51,0.41,2026-02-26,0525,N,VIIRS,n,2.0NRT,284.71,1.07,N
-37.03762,-60.2982,295.51,0.51,0.41,2026-02-26,0525,N,VIIRS,n,2.0NRT,284.39,0.99,N
-37.08655,-69.47977,306.7,0.47,0.4,2026-02-26,0525,N,VIIRS,n,2.0NRT,287.19,0.86,N
-37.42892,-69.17259,333,0.45,0.39,2026-02-26,0525,N,VIIRS,n,2.0NRT,287.16,3.36,N
-38.76696,-62.29308,310.69,0.44,0.39,2026-02-26,0525,N,VIIRS,n,2.0NRT,286.1,1.06,N
-37.71331,-69.14401,304.14,0.45,0.39,2026-02-26,0525,N,VIIRS,n,2.0NRT,287.17,1.38,N
-30.80128,-58.04267,304.43,0.55,0.43,2026-02-26,0525,N,VIIRS,n,2.0NRT,287.8,0.84,N
-38.09681,-68.60764,301.81,0.43,0.38,2026-02-26,0525,N,VIIRS,n,2.0NRT,288.86,0.47,N
-38.19436,-68.11206,298.2,0.41,0.37,2026-02-26,0525,N,VIIRS,n,2.0NRT,285.86,0.39,N
-38.2927,-68.57278,328.39,0.42,0.38,2026-02-26,0525,N,VIIRS,n,2.0NRT,290.23,1.3,N
-38.27272,-68.70033,311.08,0.43,0.38,2026-02-26,0525,N,VIIRS,n,2.0NRT,289.85,1.37,N
-38.7214,-68.21866,305.8,0.41,0.37,2026-02-26,0525,N,VIIRS,n,2.0NRT,288.41,0.57,N
-38.69906,-68.70178,319.75,0.42,0.38,2026-02-26,0525,N,VIIRS,n,2.0NRT,288.04,1.27,N
-29.70688,-61.70991,306.49,0.4,0.37,2026-02-26,0525,N,VIIRS,n,2.0NRT,288.1,1.11,N
-38.7434,-68.83762,329.54,0.43,0.38,2026-02-26,0525,N,VIIRS,n,2.0NRT,289.49,2.22,N
-38.74687,-68.83867,316.3,0.43,0.38,2026-02-26,0525,N,VIIRS,n,2.0NRT,286.42,2.22,N
-38.74704,-68.91753,308.4,0.43,0.38,2026-02-26,0525,N,VIIRS,n,2.0NRT,288.5,0.71,N
-41.1713,-71.35395,328.35,0.48,0.4,2026-02-26,0525,N,VIIRS,n,2.0NRT,286.29,6.86,N
-29.56961,-57.94956,304.71,0.54,0.42,2026-02-26,0525,N,VIIRS,n,2.0NRT,288.04,1.21,N
-40.73236,-63.52548,341.66,0.44,0.46,2026-02-26,1743,N,VIIRS,n,2.0NRT,308.35,4.91,D
-37.42933,-69.1707,349.09,0.41,0.6,2026-02-26,1745,N,VIIRS,n,2.0NRT,314.57,3.17,D
-34.85728,-57.89151,330.85,0.38,0.36,2026-02-26,1745,N,VIIRS,n,2.0NRT,290.33,3.5,D
-34.71183,-58.74073,334.1,0.39,0.36,2026-02-26,1745,N,VIIRS,n,2.0NRT,302.98,1.28,D
-35.19752,-66.84453,338.78,0.58,0.52,2026-02-26,1745,N,VIIRS,n,2.0NRT,300.69,0.64,D
-34.12631,-58.73687,331.41,0.39,0.36,2026-02-26,1745,N,VIIRS,l,2.0NRT,304.94,2.96,D
-35.53911,-61.18892,332.43,0.46,0.39,2026-02-26,1745,N,VIIRS,n,2.0NRT,297.8,6.12,D
-34.12296,-58.73758,341.11,0.39,0.36,2026-02-26,1745,N,VIIRS,n,2.0NRT,303.49,2.96,D
-34.12221,-58.73698,339.05,0.39,0.36,2026-02-26,1745,N,VIIRS,n,2.0NRT,300.99,2.27,D
-34.28577,-59.91025,332.8,0.41,0.37,2026-02-26,1745,N,VIIRS,n,2.0NRT,301,3.55,D
-34.05719,-58.69409,334.2,0.39,0.36,2026-02-26,1745,N,VIIRS,n,2.0NRT,298.96,3.14,D
-33.67834,-59.32406,331.37,0.39,0.36,2026-02-26,1745,N,VIIRS,n,2.0NRT,303.69,2.81,D
-33.44017,-59.04824,344.01,0.39,0.36,2026-02-26,1745,N,VIIRS,n,2.0NRT,311.32,4.52,D
-33.37878,-60.14481,341.2,0.41,0.37,2026-02-26,1745,N,VIIRS,n,2.0NRT,305.86,5.83,D
-33.37028,-60.16005,341.52,0.41,0.37,2026-02-26,1745,N,VIIRS,n,2.0NRT,308.57,5.96,D
-33.04408,-58.53908,346.75,0.38,0.36,2026-02-26,1745,N,VIIRS,n,2.0NRT,307.47,6.01,D
-33.25653,-60.28398,331.67,0.41,0.37,2026-02-26,1745,N,VIIRS,n,2.0NRT,293.22,2.94,D
-33.05642,-59.23599,331.4,0.39,0.36,2026-02-26,1745,N,VIIRS,n,2.0NRT,300.36,1.53,D
-33.08187,-59.58333,349.08,0.39,0.37,2026-02-26,1745,N,VIIRS,n,2.0NRT,303.09,8.31,D
-33.08247,-59.58759,335.66,0.39,0.37,2026-02-26,1745,N,VIIRS,n,2.0NRT,303.84,4.35,D
-33.09732,-59.94013,340.52,0.4,0.37,2026-02-26,1745,N,VIIRS,n,2.0NRT,302.64,4.9,D
-33.09392,-59.9408,348.26,0.4,0.37,2026-02-26,1745,N,VIIRS,n,2.0NRT,309.95,7.56,D
-33.09051,-59.94147,350.49,0.4,0.37,2026-02-26,1745,N,VIIRS,n,2.0NRT,302.86,7.56,D
-32.88028,-60.10514,339.17,0.4,0.37,2026-02-26,1745,N,VIIRS,n,2.0NRT,304.67,2.6,D
-32.65582,-58.85656,334.8,0.39,0.36,2026-02-26,1745,N,VIIRS,n,2.0NRT,301.56,2.31,D
-32.63885,-60.37684,332.86,0.41,0.37,2026-02-26,1745,N,VIIRS,n,2.0NRT,301.8,3.2,D
-38.01456,-57.80341,339.87,0.39,0.36,2026-02-26,1745,N,VIIRS,n,2.0NRT,304.37,4.41,D
-38.91565,-67.95925,336.1,0.36,0.57,2026-02-26,1745,N,VIIRS,l,2.0NRT,309.01,2.78,D
-38.27378,-68.69756,334.63,0.39,0.59,2026-02-26,1745,N,VIIRS,l,2.0NRT,308.61,1.63,D
-36.70544,-60.32375,346.8,0.44,0.38,2026-02-26,1745,N,VIIRS,n,2.0NRT,302.83,5.49,D
-36.70721,-60.32112,334.59,0.44,0.38,2026-02-26,1745,N,VIIRS,l,2.0NRT,304.96,2.68,D
-25.92879,-57.97587,339.92,0.41,0.37,2026-02-26,1747,N,VIIRS,l,2.0NRT,310.07,3.85,D
-29.51711,-57.519,332.7,0.4,0.37,2026-02-26,1747,N,VIIRS,n,2.0NRT,301.4,11.54,D
-29.5178,-57.52314,334.97,0.4,0.37,2026-02-26,1747,N,VIIRS,n,2.0NRT,303.55,11.54,D
-29.51442,-57.52387,355.46,0.4,0.37,2026-02-26,1747,N,VIIRS,n,2.0NRT,304.11,11.54,D
-29.57074,-57.9491,357.09,0.39,0.36,2026-02-26,1747,N,VIIRS,n,2.0NRT,308.36,11.65,D
-29.43716,-57.33301,336.18,0.4,0.37,2026-02-26,1747,N,VIIRS,n,2.0NRT,303.91,3.65,D
-29.194,-56.70858,333.37,0.42,0.38,2026-02-26,1747,N,VIIRS,n,2.0NRT,302.48,0.96,D
-29.21463,-57.05704,347.56,0.41,0.37,2026-02-26,1747,N,VIIRS,n,2.0NRT,303.94,7.52,D
-29.44694,-58.56906,334.98,0.39,0.36,2026-02-26,1747,N,VIIRS,l,2.0NRT,305.45,3.66,D
-29.44521,-58.56903,333.84,0.39,0.36,2026-02-26,1747,N,VIIRS,l,2.0NRT,305.22,3.44,D
-29.44583,-58.57303,331.59,0.39,0.36,2026-02-26,1747,N,VIIRS,l,2.0NRT,304.73,3.33,D
-29.44187,-58.56973,337.69,0.39,0.36,2026-02-26,1747,N,VIIRS,n,2.0NRT,307.53,3.44,D
-29.64589,-59.99736,339.89,0.39,0.36,2026-02-26,1747,N,VIIRS,n,2.0NRT,309.96,5.8,D
-29.70879,-60.79609,351.2,0.4,0.37,2026-02-26,1747,N,VIIRS,n,2.0NRT,288.11,8.73,D
-29.21397,-57.69751,347.82,0.4,0.37,2026-02-26,1747,N,VIIRS,n,2.0NRT,304.63,5.47,D
-29.21058,-57.69823,346.64,0.4,0.37,2026-02-26,1747,N,VIIRS,n,2.0NRT,305.69,5.47,D
-28.97541,-56.66036,332.85,0.43,0.38,2026-02-26,1747,N,VIIRS,n,2.0NRT,301.94,7.98,D
-28.97618,-56.66476,347.28,0.43,0.38,2026-02-26,1747,N,VIIRS,n,2.0NRT,307.46,21.84,D
-29.13092,-57.68097,335.62,0.4,0.37,2026-02-26,1747,N,VIIRS,n,2.0NRT,303.19,3.21,D
-29.13161,-57.68509,346.6,0.4,0.37,2026-02-26,1747,N,VIIRS,n,2.0NRT,305.29,5.8,D
-29.13229,-57.68921,332.3,0.4,0.37,2026-02-26,1747,N,VIIRS,n,2.0NRT,305.75,5.8,D
-29.06985,-57.33712,346.59,0.41,0.37,2026-02-26,1747,N,VIIRS,n,2.0NRT,305.15,5.96,D
-29.12754,-57.6817,335.09,0.4,0.37,2026-02-26,1747,N,VIIRS,n,2.0NRT,304.82,3.21,D
-29.12822,-57.68582,348.82,0.4,0.37,2026-02-26,1747,N,VIIRS,n,2.0NRT,307.14,5.8,D
-29.06573,-57.33368,332.25,0.41,0.37,2026-02-26,1747,N,VIIRS,l,2.0NRT,302.59,1.95,D
-29.12484,-57.68653,340.59,0.4,0.37,2026-02-26,1747,N,VIIRS,n,2.0NRT,304.84,4.99,D
-29.20073,-59.57632,342.78,0.38,0.36,2026-02-26,1747,N,VIIRS,n,2.0NRT,306.18,3.83,D
-29.20133,-59.58029,356.33,0.38,0.36,2026-02-26,1747,N,VIIRS,n,2.0NRT,308.42,8.85,D
-29.19679,-59.57301,343.15,0.38,0.36,2026-02-26,1747,N,VIIRS,n,2.0NRT,302.14,3.83,D
-29.1974,-59.57697,338.29,0.38,0.36,2026-02-26,1747,N,VIIRS,n,2.0NRT,302.83,3.83,D
-29.19799,-59.58095,343.42,0.38,0.36,2026-02-26,1747,N,VIIRS,n,2.0NRT,305.84,8.85,D
-29.1986,-59.58492,333.34,0.38,0.36,2026-02-26,1747,N,VIIRS,n,2.0NRT,298.13,8.85,D
-29.19166,-59.56174,332.84,0.38,0.36,2026-02-26,1747,N,VIIRS,n,2.0NRT,300.49,2.06,D
-29.19226,-59.56571,334.31,0.38,0.36,2026-02-26,1747,N,VIIRS,n,2.0NRT,304,6.6,D
-29.19286,-59.56969,356.19,0.38,0.36,2026-02-26,1747,N,VIIRS,n,2.0NRT,308.21,6.6,D
-29.18833,-59.56239,331.3,0.38,0.36,2026-02-26,1747,N,VIIRS,l,2.0NRT,305.15,2.06,D
-29.18893,-59.56637,334.3,0.38,0.36,2026-02-26,1747,N,VIIRS,l,2.0NRT,307.11,6.6,D
-29.18739,-59.57893,330.05,0.38,0.36,2026-02-26,1747,N,VIIRS,l,2.0NRT,304.86,3.28,D
-29.18799,-59.58291,342.34,0.38,0.36,2026-02-26,1747,N,VIIRS,n,2.0NRT,302.46,6.44,D
-28.99018,-58.47544,338.69,0.39,0.36,2026-02-26,1747,N,VIIRS,l,2.0NRT,309.71,4.08,D
-28.79915,-57.32804,337.71,0.41,0.37,2026-02-26,1747,N,VIIRS,n,2.0NRT,303.25,2.61,D
-28.68514,-57.01398,339.74,0.42,0.38,2026-02-26,1747,N,VIIRS,n,2.0NRT,303.84,3.73,D
-29.05207,-59.31117,333.4,0.38,0.36,2026-02-26,1747,N,VIIRS,n,2.0NRT,303.45,3.37,D
-29.04511,-59.33295,337.34,0.38,0.36,2026-02-26,1747,N,VIIRS,n,2.0NRT,296.83,6.56,D
-29.01601,-59.27753,334.39,0.38,0.36,2026-02-26,1747,N,VIIRS,n,2.0NRT,298.99,3.09,D
-29.01457,-59.27775,341.13,0.38,0.36,2026-02-26,1747,N,VIIRS,n,2.0NRT,303.14,4.09,D
-29.01124,-59.27841,334.8,0.38,0.36,2026-02-26,1747,N,VIIRS,l,2.0NRT,305.76,4.09,D
-29.09245,-60.64399,336.48,0.39,0.37,2026-02-26,1747,N,VIIRS,n,2.0NRT,299.85,1.92,D
-28.44555,-56.61287,348.81,0.43,0.38,2026-02-26,1747,N,VIIRS,n,2.0NRT,307.28,15.49,D
-28.39946,-56.68282,335.66,0.43,0.38,2026-02-26,1747,N,VIIRS,n,2.0NRT,302.81,4.02,D
-28.78157,-59.30333,332.9,0.38,0.36,2026-02-26,1747,N,VIIRS,l,2.0NRT,304.12,2.68,D
-28.77823,-59.30399,342.73,0.38,0.36,2026-02-26,1747,N,VIIRS,n,2.0NRT,305.33,2.68,D
-28.7749,-59.30465,339.03,0.38,0.36,2026-02-26,1747,N,VIIRS,n,2.0NRT,305.06,7.15,D
-28.72369,-59.26191,333.01,0.38,0.36,2026-02-26,1747,N,VIIRS,l,2.0NRT,303.49,3.35,D
-28.72036,-59.26257,335.81,0.38,0.36,2026-02-26,1747,N,VIIRS,n,2.0NRT,304.27,3.5,D
-28.72097,-59.26651,346.73,0.38,0.36,2026-02-26,1747,N,VIIRS,n,2.0NRT,304.03,4.87,D
-28.28119,-56.64867,334.48,0.43,0.38,2026-02-26,1747,N,VIIRS,n,2.0NRT,305.15,2.73,D
-28.62278,-59.15493,335.1,0.38,0.36,2026-02-26,1747,N,VIIRS,n,2.0NRT,303.96,2.47,D
-28.63265,-59.30751,344.49,0.38,0.36,2026-02-26,1747,N,VIIRS,n,2.0NRT,304.97,4.35,D
-28.62567,-59.2845,334.4,0.38,0.36,2026-02-26,1747,N,VIIRS,l,2.0NRT,306.65,3.94,D
-28.4515,-59.01394,333.33,0.39,0.36,2026-02-26,1747,N,VIIRS,l,2.0NRT,304.29,2.37,D
-28.44816,-59.01461,335.65,0.39,0.36,2026-02-26,1747,N,VIIRS,l,2.0NRT,306.57,2.37,D
-28.44087,-59.01199,348.47,0.39,0.36,2026-02-26,1747,N,VIIRS,n,2.0NRT,308.41,5.79,D
-28.44149,-59.01594,332.52,0.39,0.36,2026-02-26,1747,N,VIIRS,l,2.0NRT,304.26,5.79,D
-28.49304,-59.39174,342.94,0.38,0.36,2026-02-26,1747,N,VIIRS,n,2.0NRT,308.36,2.88,D
-27.82625,-55.74694,332.07,0.48,0.4,2026-02-26,1747,N,VIIRS,l,2.0NRT,304.86,1.49,D
-28.27176,-58.50156,350.47,0.39,0.36,2026-02-26,1747,N,VIIRS,n,2.0NRT,310.85,7.6,D
-28.26841,-58.50225,334.94,0.39,0.36,2026-02-26,1747,N,VIIRS,n,2.0NRT,304.65,3.23,D
-28.42279,-59.67255,347.46,0.38,0.36,2026-02-26,1747,N,VIIRS,n,2.0NRT,309.02,5.09,D
-28.58921,-60.91745,336.45,0.4,0.37,2026-02-26,1747,N,VIIRS,n,2.0NRT,294.76,1.96,D
-28.40903,-59.7401,334.52,0.38,0.36,2026-02-26,1747,N,VIIRS,l,2.0NRT,309.3,4.04,D
-28.30841,-59.19639,339.64,0.38,0.36,2026-02-26,1747,N,VIIRS,n,2.0NRT,306.54,3.53,D
-28.30447,-59.19312,335.83,0.38,0.36,2026-02-26,1747,N,VIIRS,l,2.0NRT,309.22,2.67,D
-28.30114,-59.19378,330.2,0.38,0.36,2026-02-26,1747,N,VIIRS,l,2.0NRT,303.96,2.67,D
-28.28008,-59.12489,334.49,0.39,0.36,2026-02-26,1747,N,VIIRS,n,2.0NRT,304.04,3.65,D
-28.27613,-59.12161,337.93,0.39,0.36,2026-02-26,1747,N,VIIRS,n,2.0NRT,303.73,3.69,D
-28.30221,-59.48943,337.05,0.38,0.36,2026-02-26,1747,N,VIIRS,l,2.0NRT,308.1,2.94,D
-28.17817,-58.96955,339.07,0.39,0.36,2026-02-26,1747,N,VIIRS,n,2.0NRT,308.85,3.52,D
-28.17879,-58.9735,347.48,0.39,0.36,2026-02-26,1747,N,VIIRS,n,2.0NRT,308.86,4.43,D
-28.17941,-58.97744,340.58,0.39,0.36,2026-02-26,1747,N,VIIRS,n,2.0NRT,305.27,4.43,D
-28.17484,-58.97022,338.83,0.39,0.36,2026-02-26,1747,N,VIIRS,l,2.0NRT,309.23,5.84,D
-28.25276,-59.58323,340.37,0.38,0.36,2026-02-26,1747,N,VIIRS,n,2.0NRT,307.23,2.85,D
-27.54391,-55.54176,333.26,0.49,0.4,2026-02-26,1747,N,VIIRS,n,2.0NRT,301.37,27.35,D
-27.54019,-55.54261,338.45,0.49,0.4,2026-02-26,1747,N,VIIRS,n,2.0NRT,304,27.35,D
-27.54111,-55.54753,333.49,0.49,0.4,2026-02-26,1747,N,VIIRS,n,2.0NRT,300.25,27.35,D
-28.21552,-59.58643,332.57,0.38,0.36,2026-02-26,1747,N,VIIRS,l,2.0NRT,306.25,2.24,D
-28.04905,-59.07653,336.83,0.39,0.36,2026-02-26,1747,N,VIIRS,n,2.0NRT,304.55,3.79,D
-28.02764,-59.028,332.2,0.39,0.36,2026-02-26,1747,N,VIIRS,n,2.0NRT,302.39,3.15,D
-28.00309,-58.8946,332.32,0.39,0.36,2026-02-26,1747,N,VIIRS,l,2.0NRT,304.64,2.93,D
-28.87547,-65.8229,334.4,0.43,0.46,2026-02-26,1747,N,VIIRS,n,2.0NRT,298.69,5.47,D
-27.5071,-56.75451,354.91,0.44,0.38,2026-02-26,1747,N,VIIRS,n,2.0NRT,307.49,7.41,D
-27.9832,-59.85352,346.65,0.38,0.36,2026-02-26,1747,N,VIIRS,n,2.0NRT,307.18,4.35,D
-27.52914,-57.17588,348.47,0.42,0.38,2026-02-26,1747,N,VIIRS,n,2.0NRT,312.39,7.54,D
-27.52988,-57.18019,350.43,0.42,0.38,2026-02-26,1747,N,VIIRS,n,2.0NRT,311.48,7.54,D
-27.5264,-57.18094,340.05,0.42,0.38,2026-02-26,1747,N,VIIRS,n,2.0NRT,313.22,8.06,D
-27.52715,-57.18524,338.5,0.42,0.38,2026-02-26,1747,N,VIIRS,l,2.0NRT,308.76,6.08,D
-27.52367,-57.18599,351.37,0.42,0.38,2026-02-26,1747,N,VIIRS,n,2.0NRT,312.75,6.08,D
-27.52019,-57.18673,346.7,0.42,0.38,2026-02-26,1747,N,VIIRS,n,2.0NRT,316.37,17.79,D
-27.51671,-57.18747,335.58,0.42,0.38,2026-02-26,1747,N,VIIRS,n,2.0NRT,304.68,17.79,D
-27.51746,-57.19177,354.79,0.42,0.38,2026-02-26,1747,N,VIIRS,n,2.0NRT,311.3,17.79,D
-27.5182,-57.19607,336.46,0.42,0.38,2026-02-26,1747,N,VIIRS,l,2.0NRT,307.73,3.26,D
-27.51472,-57.19681,350.84,0.42,0.38,2026-02-26,1747,N,VIIRS,n,2.0NRT,311.78,4.47,D
-27.51124,-57.19755,340.33,0.42,0.38,2026-02-26,1747,N,VIIRS,n,2.0NRT,307.14,4.47,D
-27.51199,-57.20184,331.95,0.42,0.38,2026-02-26,1747,N,VIIRS,l,2.0NRT,306.58,4.47,D
-27.75524,-58.88294,350.29,0.39,0.36,2026-02-26,1747,N,VIIRS,n,2.0NRT,306.24,4.34,D
-27.75127,-58.87967,333.15,0.39,0.36,2026-02-26,1747,N,VIIRS,l,2.0NRT,305.02,4.34,D
-28.04268,-60.94333,356.18,0.39,0.37,2026-02-26,1747,N,VIIRS,n,2.0NRT,305.02,5.18,D
-28.04326,-60.94736,345.34,0.39,0.37,2026-02-26,1747,N,VIIRS,n,2.0NRT,302.76,5.18,D
-28.02768,-60.86325,333.24,0.39,0.36,2026-02-26,1747,N,VIIRS,l,2.0NRT,308.04,1.61,D
-28.02826,-60.86729,337.03,0.39,0.36,2026-02-26,1747,N,VIIRS,n,2.0NRT,304.79,1.61,D
-27.69714,-58.88646,332.35,0.39,0.36,2026-02-26,1747,N,VIIRS,n,2.0NRT,302.76,1.91,D
-27.69777,-58.8904,333.34,0.39,0.36,2026-02-26,1747,N,VIIRS,l,2.0NRT,305.82,5.52,D
-27.97563,-60.79028,332.7,0.39,0.36,2026-02-26,1747,N,VIIRS,l,2.0NRT,305.91,1.43,D
-27.48866,-57.76434,347.7,0.41,0.37,2026-02-26,1747,N,VIIRS,n,2.0NRT,311.15,18.53,D
-27.48524,-57.76505,348.04,0.41,0.37,2026-02-26,1747,N,VIIRS,n,2.0NRT,314.99,18.53,D
-27.48664,-57.77332,347.99,0.41,0.37,2026-02-26,1747,N,VIIRS,n,2.0NRT,310.37,10.59,D
-27.48182,-57.76577,348.14,0.41,0.37,2026-02-26,1747,N,VIIRS,n,2.0NRT,310.86,12.76,D
-27.48252,-57.76991,341.18,0.41,0.37,2026-02-26,1747,N,VIIRS,n,2.0NRT,315.21,6.09,D
-27.4798,-57.77476,336.1,0.41,0.37,2026-02-26,1747,N,VIIRS,l,2.0NRT,306.49,6.09,D
-27.42558,-57.56968,342.73,0.41,0.37,2026-02-26,1747,N,VIIRS,n,2.0NRT,307.83,18.98,D
-27.40616,-57.53905,343.02,0.41,0.37,2026-02-26,1747,N,VIIRS,n,2.0NRT,307.57,12.84,D
-27.87735,-61.29695,339.23,0.4,0.37,2026-02-26,1747,N,VIIRS,l,2.0NRT,309.97,3.36,D
-27.74736,-61.1154,338.17,0.4,0.37,2026-02-26,1747,N,VIIRS,l,2.0NRT,308.74,3.24,D
-26.45651,-54.45983,354.35,0.39,0.44,2026-02-26,1747,N,VIIRS,n,2.0NRT,315.45,36.19,D
-26.49956,-54.72996,337.12,0.56,0.43,2026-02-26,1747,N,VIIRS,n,2.0NRT,309.78,6.67,D
-26.39352,-54.39277,342.24,0.39,0.44,2026-02-26,1747,N,VIIRS,n,2.0NRT,309.95,50.85,D
-26.38949,-54.39368,343.97,0.39,0.44,2026-02-26,1747,N,VIIRS,n,2.0NRT,303.96,50.85,D
-27.37013,-61.61875,338.38,0.4,0.37,2026-02-26,1747,N,VIIRS,l,2.0NRT,311.77,3.99,D
-26.01591,-54.5628,353.29,0.39,0.44,2026-02-26,1747,N,VIIRS,n,2.0NRT,305.56,6.12,D
-27.08108,-60.91183,346.03,0.39,0.36,2026-02-26,1747,N,VIIRS,n,2.0NRT,309.17,10.93,D
-27.08166,-60.91579,337.44,0.39,0.36,2026-02-26,1747,N,VIIRS,l,2.0NRT,311.46,18.67,D
-26.58695,-58.18753,336.8,0.4,0.37,2026-02-26,1747,N,VIIRS,n,2.0NRT,304.99,3.35,D
-26.58355,-58.18822,332.78,0.4,0.37,2026-02-26,1747,N,VIIRS,n,2.0NRT,302.8,1.57,D
-26.60018,-58.60847,330.61,0.4,0.37,2026-02-26,1747,N,VIIRS,n,2.0NRT,303.75,1.58,D
-26.83005,-60.43353,351.33,0.39,0.36,2026-02-26,1747,N,VIIRS,n,2.0NRT,311.48,9.28,D
-26.59037,-59.2644,337.43,0.39,0.36,2026-02-26,1747,N,VIIRS,n,2.0NRT,308.85,4.39,D
-26.59099,-59.26829,337.66,0.39,0.36,2026-02-26,1747,N,VIIRS,n,2.0NRT,308.08,2.87,D
-26.45442,-58.61299,338.32,0.4,0.37,2026-02-26,1747,N,VIIRS,n,2.0NRT,306.52,3.46,D
-26.45105,-58.61367,340.57,0.4,0.37,2026-02-26,1747,N,VIIRS,n,2.0NRT,307.63,3.61,D
-26.37033,-58.33546,344.48,0.4,0.37,2026-02-26,1747,N,VIIRS,n,2.0NRT,313.18,5.72,D
-26.36626,-58.33211,335.96,0.4,0.37,2026-02-26,1747,N,VIIRS,l,2.0NRT,308.91,4.13,D
-26.36693,-58.33615,339.71,0.4,0.37,2026-02-26,1747,N,VIIRS,l,2.0NRT,312.91,4.13,D
-26.36287,-58.33281,333.25,0.4,0.37,2026-02-26,1747,N,VIIRS,l,2.0NRT,307.8,4.13,D
-26.66183,-61.64949,346.61,0.4,0.37,2026-02-26,1747,N,VIIRS,n,2.0NRT,302.97,6.03,D
-26.07283,-58.04064,336.76,0.41,0.37,2026-02-26,1747,N,VIIRS,n,2.0NRT,306.51,8.42,D
-26.07352,-58.04476,341.6,0.41,0.37,2026-02-26,1747,N,VIIRS,n,2.0NRT,307.33,5.02,D
-26.07421,-58.04888,336.01,0.41,0.37,2026-02-26,1747,N,VIIRS,n,2.0NRT,305.56,5.02,D
-26.06871,-58.03722,334.7,0.41,0.37,2026-02-26,1747,N,VIIRS,l,2.0NRT,307.12,8.42,D
-26.0694,-58.04134,348.32,0.41,0.37,2026-02-26,1747,N,VIIRS,n,2.0NRT,309.6,8.42,D
-26.07078,-58.04958,342.74,0.41,0.37,2026-02-26,1747,N,VIIRS,n,2.0NRT,305.41,5.02,D
-26.04812,-58.04147,334.64,0.41,0.37,2026-02-26,1747,N,VIIRS,n,2.0NRT,304.63,1.67,D
-26.49673,-60.8907,344.59,0.39,0.36,2026-02-26,1747,N,VIIRS,n,2.0NRT,311.63,2.47,D
-26.02586,-57.9306,331.14,0.41,0.37,2026-02-26,1747,N,VIIRS,l,2.0NRT,305.69,4.81,D
-26.02172,-57.92717,344.24,0.41,0.37,2026-02-26,1747,N,VIIRS,n,2.0NRT,308.04,4.81,D
-26.01342,-57.92029,334.33,0.41,0.37,2026-02-26,1747,N,VIIRS,l,2.0NRT,306.01,5.05,D
-26.01068,-57.92515,337.22,0.41,0.37,2026-02-26,1747,N,VIIRS,n,2.0NRT,306.74,5.28,D
-26.00599,-57.96043,334.47,0.41,0.37,2026-02-26,1747,N,VIIRS,l,2.0NRT,307.28,3.26,D
-26.04964,-58.2401,342.2,0.41,0.37,2026-02-26,1747,N,VIIRS,l,2.0NRT,316.73,8.57,D
-26.52441,-61.41761,340.7,0.4,0.37,2026-02-26,1747,N,VIIRS,n,2.0NRT,307.89,8.23,D
-26.5244,-61.41725,334.2,0.4,0.37,2026-02-26,1747,N,VIIRS,n,2.0NRT,308.15,14.44,D
-26.52159,-61.42184,367,0.4,0.37,2026-02-26,1747,N,VIIRS,h,2.0NRT,312.75,14.19,D
-26.52102,-61.41785,343.46,0.4,0.37,2026-02-26,1747,N,VIIRS,n,2.0NRT,310.44,14.44,D
-26.52217,-61.42585,338.26,0.4,0.37,2026-02-26,1747,N,VIIRS,n,2.0NRT,309.59,14.19,D
-26.51821,-61.42244,341.5,0.4,0.37,2026-02-26,1747,N,VIIRS,n,2.0NRT,313.65,10.63,D
-26.51878,-61.42644,335.95,0.4,0.37,2026-02-26,1747,N,VIIRS,n,2.0NRT,309.53,10.63,D
-25.92395,-57.96829,341.88,0.41,0.37,2026-02-26,1747,N,VIIRS,n,2.0NRT,314.17,6.64,D
-25.92465,-57.97244,355.23,0.41,0.37,2026-02-26,1747,N,VIIRS,n,2.0NRT,314.73,8.31,D
-25.92535,-57.97658,352.82,0.41,0.37,2026-02-26,1747,N,VIIRS,n,2.0NRT,311.57,8.31,D
-25.92051,-57.96901,339.79,0.41,0.37,2026-02-26,1747,N,VIIRS,l,2.0NRT,312.39,6.64,D
-25.92121,-57.97315,351.24,0.41,0.37,2026-02-26,1747,N,VIIRS,n,2.0NRT,310.96,8.31,D
-25.92191,-57.97729,339.24,0.41,0.37,2026-02-26,1747,N,VIIRS,l,2.0NRT,309.29,8.31,D
-32.41101,-60.76512,340.17,0.42,0.37,2026-02-26,1747,N,VIIRS,n,2.0NRT,302.72,3.12,D
-32.40754,-60.76576,335.44,0.42,0.37,2026-02-26,1747,N,VIIRS,n,2.0NRT,298.73,3.12,D
-32.10675,-60.69486,346.1,0.41,0.37,2026-02-26,1747,N,VIIRS,n,2.0NRT,302.58,7.08,D
-32.10735,-60.69925,346.82,0.41,0.37,2026-02-26,1747,N,VIIRS,n,2.0NRT,301.89,7.08,D
-32.56989,-68.29018,332.31,0.33,0.55,2026-02-26,1747,N,VIIRS,n,2.0NRT,300.48,1.17,D
-31.35233,-58.07338,330.19,0.39,0.36,2026-02-26,1747,N,VIIRS,n,2.0NRT,299.79,1.92,D
-31.35705,-58.96033,339.19,0.38,0.36,2026-02-26,1747,N,VIIRS,n,2.0NRT,308.42,5.81,D
-31.42128,-60.36121,330.1,0.4,0.37,2026-02-26,1747,N,VIIRS,n,2.0NRT,300.09,2.55,D
-31.39136,-60.62531,332.65,0.41,0.37,2026-02-26,1747,N,VIIRS,n,2.0NRT,300.96,2.77,D
-31.04543,-60.55967,332.17,0.4,0.37,2026-02-26,1747,N,VIIRS,n,2.0NRT,295.14,2.12,D
-30.71216,-58.98472,345.16,0.38,0.36,2026-02-26,1747,N,VIIRS,n,2.0NRT,301.23,3.9,D
-30.70883,-58.9854,333.69,0.38,0.36,2026-02-26,1747,N,VIIRS,n,2.0NRT,300.06,3.9,D
-31.62494,-68.46096,334.03,0.33,0.55,2026-02-26,1747,N,VIIRS,n,2.0NRT,303.69,1.56,D
-30.42902,-58.53127,338.04,0.38,0.36,2026-02-26,1747,N,VIIRS,n,2.0NRT,299.64,4.26,D
-30.35157,-59.09756,334.58,0.38,0.36,2026-02-26,1747,N,VIIRS,n,2.0NRT,299.85,2.02,D
-30.41278,-60.00051,333.14,0.39,0.36,2026-02-26,1747,N,VIIRS,n,2.0NRT,300.53,3.73,D
-30.41336,-60.00454,332.52,0.39,0.36,2026-02-26,1747,N,VIIRS,n,2.0NRT,300.1,3.43,D
-30.26749,-59.48257,342.44,0.39,0.36,2026-02-26,1747,N,VIIRS,n,2.0NRT,301.7,3.54,D
-30.26415,-59.48324,336.03,0.39,0.36,2026-02-26,1747,N,VIIRS,n,2.0NRT,301.51,3.54,D
-30.26763,-60.03127,345.98,0.39,0.36,2026-02-26,1747,N,VIIRS,n,2.0NRT,301.47,3.55,D
-25.59876,-57.63309,345.58,0.43,0.38,2026-02-26,1749,N,VIIRS,n,2.0NRT,307.73,4.7,D
-25.18459,-58.50256,338.25,0.41,0.37,2026-02-26,1749,N,VIIRS,n,2.0NRT,308.75,3.69,D
-25.62662,-57.77645,350.66,0.42,0.38,2026-02-26,1749,N,VIIRS,n,2.0NRT,309.1,7.22,D
-25.16649,-58.39325,341.24,0.41,0.37,2026-02-26,1749,N,VIIRS,l,2.0NRT,315.81,5.7,D
-25.16582,-58.38919,343.35,0.41,0.37,2026-02-26,1749,N,VIIRS,l,2.0NRT,316.96,8.47,D
-25.19391,-58.16462,352.37,0.41,0.37,2026-02-26,1749,N,VIIRS,n,2.0NRT,315.21,13.52,D
-25.18973,-58.13987,335.94,0.42,0.37,2026-02-26,1749,N,VIIRS,l,2.0NRT,308.51,4.89,D
-25.2029,-58.19684,334.47,0.41,0.37,2026-02-26,1749,N,VIIRS,n,2.0NRT,308.31,2.72,D
-25.19735,-58.16393,346.72,0.41,0.37,2026-02-26,1749,N,VIIRS,n,2.0NRT,313.92,13.52,D
-25.20703,-58.20025,348.38,0.41,0.37,2026-02-26,1749,N,VIIRS,n,2.0NRT,308,7.28,D
-25.20634,-58.19614,339.26,0.41,0.37,2026-02-26,1749,N,VIIRS,n,2.0NRT,310.98,7.02,D
-25.24966,-58.22132,341.53,0.41,0.37,2026-02-26,1749,N,VIIRS,l,2.0NRT,316.38,3.37,D
-25.25309,-58.22062,355.53,0.41,0.37,2026-02-26,1749,N,VIIRS,n,2.0NRT,318.09,12.84,D
-25.30193,-58.3506,337.74,0.41,0.37,2026-02-26,1749,N,VIIRS,n,2.0NRT,310.72,2.21,D
-25.30467,-58.34584,339.04,0.41,0.37,2026-02-26,1749,N,VIIRS,n,2.0NRT,311.04,2.14,D
-25.42921,-59.07856,334.72,0.39,0.36,2026-02-26,1749,N,VIIRS,n,2.0NRT,303.64,2.5,D
-25.25465,-57.90358,333.91,0.42,0.38,2026-02-26,1749,N,VIIRS,l,2.0NRT,307.29,2.17,D
-25.62549,-60.08063,340.39,0.38,0.36,2026-02-26,1749,N,VIIRS,l,2.0NRT,314.34,21.99,D
-25.42783,-58.83496,331.36,0.4,0.37,2026-02-26,1749,N,VIIRS,l,2.0NRT,306.19,3.56,D
-25.43121,-58.83429,337.74,0.4,0.37,2026-02-26,1749,N,VIIRS,n,2.0NRT,307.26,3.56,D
-25.29834,-57.88593,338.86,0.42,0.38,2026-02-26,1749,N,VIIRS,l,2.0NRT,310.26,6.25,D
-25.55542,-59.34762,354,0.39,0.36,2026-02-26,1749,N,VIIRS,n,2.0NRT,305.93,11.51,D
-25.5548,-59.34373,334.23,0.39,0.36,2026-02-26,1749,N,VIIRS,l,2.0NRT,307.36,3.87,D
-25.54986,-59.31264,350.02,0.39,0.36,2026-02-26,1749,N,VIIRS,n,2.0NRT,307.51,7.87,D
-25.55321,-59.312,344.93,0.39,0.36,2026-02-26,1749,N,VIIRS,n,2.0NRT,316.08,9.37,D
-25.46269,-58.60195,334.4,0.4,0.37,2026-02-26,1749,N,VIIRS,l,2.0NRT,306.93,1.58,D
-25.46136,-58.59394,336.5,0.4,0.37,2026-02-26,1749,N,VIIRS,n,2.0NRT,307.26,3.45,D
-25.39626,-58.18393,345.56,0.41,0.37,2026-02-26,1749,N,VIIRS,n,2.0NRT,308.63,4.45,D
-25.40313,-58.18253,335.6,0.41,0.37,2026-02-26,1749,N,VIIRS,l,2.0NRT,310.06,4.08,D
-25.40657,-58.18183,344.66,0.41,0.37,2026-02-26,1749,N,VIIRS,n,2.0NRT,310.27,3.63,D
-25.55281,-58.98138,349.23,0.39,0.36,2026-02-26,1749,N,VIIRS,n,2.0NRT,314.03,7.9,D
-25.58939,-58.9498,342.89,0.39,0.37,2026-02-26,1749,N,VIIRS,n,2.0NRT,314.4,22.6,D
-25.59276,-58.94913,347.52,0.39,0.37,2026-02-26,1749,N,VIIRS,n,2.0NRT,315.81,22.6,D
-25.47316,-57.78587,334.64,0.42,0.38,2026-02-26,1749,N,VIIRS,l,2.0NRT,308.91,2.05,D
-25.47244,-57.78166,337.51,0.42,0.38,2026-02-26,1749,N,VIIRS,l,2.0NRT,310.64,3.08,D
-25.44043,-57.59471,336.65,0.43,0.38,2026-02-26,1749,N,VIIRS,l,2.0NRT,308.11,22.91,D
-25.47592,-57.78094,353.03,0.42,0.38,2026-02-26,1749,N,VIIRS,n,2.0NRT,316.43,14.55,D
-25.44393,-57.59398,347.7,0.43,0.38,2026-02-26,1749,N,VIIRS,n,2.0NRT,312.46,19.84,D
-25.46175,-57.63453,343.78,0.43,0.38,2026-02-26,1749,N,VIIRS,n,2.0NRT,309.8,4.92,D
-25.48696,-57.76118,367,0.42,0.38,2026-02-26,1749,N,VIIRS,h,2.0NRT,325.47,11.36,D
-25.49044,-57.76046,344.73,0.42,0.38,2026-02-26,1749,N,VIIRS,n,2.0NRT,317.47,11.36,D
-25.88285,-59.86975,337.16,0.38,0.36,2026-02-26,1749,N,VIIRS,l,2.0NRT,310.8,4.97,D
-26.35565,-62.85841,333.17,0.43,0.38,2026-02-26,1749,N,VIIRS,n,2.0NRT,300.72,33.5,D
-26.35506,-62.85404,335.74,0.43,0.38,2026-02-26,1749,N,VIIRS,n,2.0NRT,301.23,33.5,D
-25.62386,-57.78138,367,0.42,0.38,2026-02-26,1749,N,VIIRS,l,2.0NRT,327.43,85.9,D
-25.62315,-57.77718,331.77,0.42,0.38,2026-02-26,1749,N,VIIRS,n,2.0NRT,305.77,7.7,D
-25.59948,-57.63735,330.95,0.43,0.38,2026-02-26,1749,N,VIIRS,l,2.0NRT,305.6,1.79,D
-25.16307,-58.39394,336.6,0.41,0.37,2026-02-26,1749,N,VIIRS,l,2.0NRT,310.06,4.52,D
-25.12487,-58.2286,334.23,0.41,0.37,2026-02-26,1749,N,VIIRS,l,2.0NRT,308.69,4.79,D
-25.12556,-58.2327,342.39,0.41,0.37,2026-02-26,1749,N,VIIRS,n,2.0NRT,310.99,5.2,D
-25.03701,-58.54405,340.06,0.41,0.37,2026-02-26,1749,N,VIIRS,l,2.0NRT,310.56,20.99,D
-25.0336,-58.54473,343.9,0.41,0.37,2026-02-26,1749,N,VIIRS,l,2.0NRT,314.47,20.99,D
-25.05929,-58.95513,353.81,0.4,0.37,2026-02-26,1749,N,VIIRS,n,2.0NRT,318.29,11.27,D
-25.05993,-58.95907,355.71,0.4,0.37,2026-02-26,1749,N,VIIRS,n,2.0NRT,317.88,12.89,D
-25.05592,-58.95579,339.67,0.4,0.37,2026-02-26,1749,N,VIIRS,l,2.0NRT,313.44,11.27,D
-25.05655,-58.95974,352.3,0.4,0.37,2026-02-26,1749,N,VIIRS,n,2.0NRT,319.58,12.89,D
-25.05719,-58.96368,332.93,0.4,0.37,2026-02-26,1749,N,VIIRS,l,2.0NRT,307.23,12.89,D
-25.05318,-58.9604,345.89,0.4,0.37,2026-02-26,1749,N,VIIRS,n,2.0NRT,311.16,28.22,D
-24.9742,-58.96774,333.22,0.4,0.37,2026-02-26,1749,N,VIIRS,l,2.0NRT,306.79,3.48,D
-24.97485,-58.97168,335.25,0.4,0.37,2026-02-26,1749,N,VIIRS,n,2.0NRT,309.36,3.48,D
-24.72321,-59.18965,352.48,0.39,0.37,2026-02-26,1749,N,VIIRS,n,2.0NRT,316.28,36.5,D
-24.72048,-59.19421,343.83,0.39,0.37,2026-02-26,1749,N,VIIRS,n,2.0NRT,308.96,54.52,D
-24.51718,-60.4107,339.24,0.38,0.36,2026-02-26,1749,N,VIIRS,l,2.0NRT,311.16,3.84,D
-25.63747,-57.77139,345.76,0.42,0.38,2026-02-26,1749,N,VIIRS,n,2.0NRT,315.61,9.1,D
-25.63602,-57.76297,347.92,0.42,0.38,2026-02-26,1749,N,VIIRS,n,2.0NRT,315.95,18.9,D
-25.64095,-57.77067,334.92,0.42,0.38,2026-02-26,1749,N,VIIRS,l,2.0NRT,308.59,2.17,D
-25.63949,-57.76225,337.66,0.42,0.38,2026-02-26,1749,N,VIIRS,l,2.0NRT,310.24,8.03,D
-25.66801,-57.88664,340.14,0.42,0.38,2026-02-26,1749,N,VIIRS,n,2.0NRT,307.58,3.75,D
-25.64354,-57.74394,336.97,0.42,0.38,2026-02-26,1749,N,VIIRS,l,2.0NRT,309.53,29.62,D
-25.64209,-57.7355,349.04,0.42,0.38,2026-02-26,1749,N,VIIRS,n,2.0NRT,316.77,39.05,D
-25.67147,-57.88593,341.63,0.42,0.38,2026-02-26,1749,N,VIIRS,n,2.0NRT,307.44,3.75,D
-25.67076,-57.88176,337.69,0.42,0.38,2026-02-26,1749,N,VIIRS,n,2.0NRT,308.73,3.09,D
-25.64701,-57.74322,346.93,0.42,0.38,2026-02-26,1749,N,VIIRS,n,2.0NRT,313.93,29.62,D
-25.65122,-57.74671,334.64,0.42,0.38,2026-02-26,1749,N,VIIRS,l,2.0NRT,309.31,1.33,D
-25.65614,-57.75443,355.27,0.42,0.38,2026-02-26,1749,N,VIIRS,n,2.0NRT,320.19,44.8,D
-26.15306,-60.84838,348.78,0.39,0.36,2026-02-26,1749,N,VIIRS,n,2.0NRT,316.54,6.2,D
-25.66538,-57.78739,345.63,0.42,0.38,2026-02-26,1749,N,VIIRS,n,2.0NRT,311.58,14.61,D
-25.66033,-57.75792,336.27,0.42,0.38,2026-02-26,1749,N,VIIRS,l,2.0NRT,307.77,2.75,D
-26.15641,-60.84778,347.37,0.39,0.36,2026-02-26,1749,N,VIIRS,l,2.0NRT,317.42,6.2,D
-25.68459,-57.87891,349.46,0.42,0.38,2026-02-26,1749,N,VIIRS,n,2.0NRT,312.04,17.53,D
-25.66885,-57.78667,348.12,0.42,0.38,2026-02-26,1749,N,VIIRS,n,2.0NRT,313.52,14.61,D
-25.68805,-57.87819,340.25,0.42,0.38,2026-02-26,1749,N,VIIRS,n,2.0NRT,310.04,4.39,D
-25.67376,-57.79436,349.02,0.42,0.38,2026-02-26,1749,N,VIIRS,n,2.0NRT,315.8,20.55,D
-25.67232,-57.78595,347.64,0.42,0.38,2026-02-26,1749,N,VIIRS,n,2.0NRT,314.18,19.55,D
-25.67304,-57.79016,367,0.42,0.38,2026-02-26,1749,N,VIIRS,h,2.0NRT,319.16,20.55,D
-25.69426,-57.87258,335.97,0.42,0.38,2026-02-26,1749,N,VIIRS,l,2.0NRT,307.44,2.12,D
-25.69701,-57.86768,338.85,0.42,0.38,2026-02-26,1749,N,VIIRS,l,2.0NRT,310.84,5.31,D
-25.76168,-58.16687,352.25,0.41,0.37,2026-02-26,1749,N,VIIRS,n,2.0NRT,309.58,16.17,D
-26.13657,-60.39363,347.62,0.38,0.36,2026-02-26,1749,N,VIIRS,n,2.0NRT,309.57,4.02,D
-26.13991,-60.39301,331.84,0.38,0.36,2026-02-26,1749,N,VIIRS,n,2.0NRT,306.36,1.86,D
-25.98993,-59.40041,342.25,0.39,0.36,2026-02-26,1749,N,VIIRS,n,2.0NRT,307.73,5.51,D
-25.83064,-57.80581,333.56,0.42,0.38,2026-02-26,1749,N,VIIRS,l,2.0NRT,308.43,3.21,D
-25.84455,-57.82461,348.28,0.42,0.38,2026-02-26,1749,N,VIIRS,n,2.0NRT,309.98,23.44,D
-25.84385,-57.82042,348.33,0.42,0.38,2026-02-26,1749,N,VIIRS,n,2.0NRT,309.23,28.03,D
-25.60297,-57.63662,336.02,0.43,0.38,2026-02-26,1749,N,VIIRS,l,2.0NRT,307.42,4.92,D
-25.60225,-57.63237,335.25,0.43,0.38,2026-02-26,1749,N,VIIRS,n,2.0NRT,309.25,4.19,D
-25.60152,-57.6281,342.49,0.43,0.38,2026-02-26,1749,N,VIIRS,n,2.0NRT,308.52,4.19,D
-25.62734,-57.78066,367,0.42,0.38,2026-02-26,1749,N,VIIRS,h,2.0NRT,317.26,27.01,D
-25.63081,-57.77995,348.11,0.42,0.38,2026-02-26,1749,N,VIIRS,n,2.0NRT,317.84,27.01,D
-25.62939,-57.77153,331.26,0.42,0.38,2026-02-26,1749,N,VIIRS,l,2.0NRT,305.93,7.22,D
-25.60574,-57.63163,346.86,0.43,0.38,2026-02-26,1749,N,VIIRS,n,2.0NRT,311.74,4.19,D
-25.60501,-57.62737,342.55,0.43,0.38,2026-02-26,1749,N,VIIRS,n,2.0NRT,309.77,4.19,D
-25.62851,-57.78196,356.53,0.42,0.38,2026-02-26,1749,N,VIIRS,n,2.0NRT,315.21,17.97,D
-25.62778,-57.77775,355.73,0.42,0.38,2026-02-26,1749,N,VIIRS,n,2.0NRT,314.03,5.48,D
-25.62706,-57.77355,331.98,0.42,0.38,2026-02-26,1749,N,VIIRS,l,2.0NRT,305.76,5.48,D
-25.60213,-57.62964,347.08,0.43,0.38,2026-02-26,1749,N,VIIRS,n,2.0NRT,308.47,7.58,D
-25.86006,-59.14867,336.71,0.39,0.36,2026-02-26,1749,N,VIIRS,n,2.0NRT,311.66,3.3,D
-25.63198,-57.78124,343.05,0.42,0.38,2026-02-26,1749,N,VIIRS,l,2.0NRT,314.92,17.97,D
-25.63125,-57.77703,343.28,0.42,0.38,2026-02-26,1749,N,VIIRS,l,2.0NRT,313.67,5.48,D
-25.63053,-57.77283,335.94,0.42,0.38,2026-02-26,1749,N,VIIRS,l,2.0NRT,310.29,5.48,D
-25.60562,-57.62891,350.3,0.43,0.38,2026-02-26,1749,N,VIIRS,n,2.0NRT,311.35,7.58,D
-25.63472,-57.77632,350.78,0.42,0.38,2026-02-26,1749,N,VIIRS,n,2.0NRT,315.06,9.1,D
-25.63255,-57.76369,346.89,0.42,0.38,2026-02-26,1749,N,VIIRS,n,2.0NRT,307.89,18.9,D
-25.6382,-57.77559,348.03,0.42,0.38,2026-02-26,1749,N,VIIRS,n,2.0NRT,311.48,9.1,D
-38.74693,-68.83265,367,0.4,0.6,2026-02-26,1925,N,VIIRS,h,2.0NRT,311.92,3.69,D
-38.74152,-68.83497,339.93,0.4,0.6,2026-02-26,1925,N,VIIRS,n,2.0NRT,308.95,3.69,D
-37.7125,-69.13939,336.91,0.41,0.61,2026-02-26,1925,N,VIIRS,l,2.0NRT,310.55,1.38,D
-37.42889,-69.17012,345.53,0.42,0.61,2026-02-26,1925,N,VIIRS,n,2.0NRT,311.29,2.93,D
-37.41915,-69.35694,341.26,0.41,0.61,2026-02-26,1925,N,VIIRS,n,2.0NRT,309.97,1.39,D
-29.50321,-57.51795,333.85,0.39,0.36,2026-02-27,0503,N,VIIRS,n,2.0NRT,288.72,3.29,N
-24.72701,-59.19545,318.5,0.41,0.37,2026-02-27,0503,N,VIIRS,n,2.0NRT,291.53,1.16,N
-24.72772,-59.19135,306.31,0.41,0.37,2026-02-27,0503,N,VIIRS,n,2.0NRT,290.69,1.16,N
-24.8427,-60.74374,303.38,0.47,0.4,2026-02-27,0503,N,VIIRS,n,2.0NRT,291.61,1.37,N
-25.48711,-57.76307,325.14,0.39,0.36,2026-02-27,0503,N,VIIRS,n,2.0NRT,297.22,2.26,N
-25.48773,-57.75923,318.94,0.39,0.36,2026-02-27,0503,N,VIIRS,n,2.0NRT,296.03,2.26,N
-25.49107,-57.75988,300.85,0.39,0.36,2026-02-27,0503,N,VIIRS,n,2.0NRT,289.53,0.46,N
-25.63254,-57.79075,314.94,0.39,0.36,2026-02-27,0503,N,VIIRS,n,2.0NRT,291.48,1.03,N
-25.63413,-57.78999,325.23,0.39,0.36,2026-02-27,0503,N,VIIRS,n,2.0NRT,291.37,1.7,N
-25.64392,-57.77206,320.45,0.39,0.36,2026-02-27,0503,N,VIIRS,n,2.0NRT,291.48,0.97,N
-25.64329,-57.77591,303.13,0.39,0.36,2026-02-27,0503,N,VIIRS,n,2.0NRT,290.77,0.97,N
-25.66267,-57.7837,304.85,0.39,0.36,2026-02-27,0503,N,VIIRS,n,2.0NRT,291.17,1.97,N
-25.66601,-57.78435,329.16,0.39,0.36,2026-02-27,0503,N,VIIRS,n,2.0NRT,291.82,1.97,N
-25.66663,-57.78051,304.32,0.39,0.36,2026-02-27,0503,N,VIIRS,n,2.0NRT,290.15,1.32,N
-25.66997,-57.78116,339.11,0.39,0.36,2026-02-27,0503,N,VIIRS,n,2.0NRT,292.25,1.86,N
-25.66934,-57.785,313.47,0.39,0.36,2026-02-27,0503,N,VIIRS,n,2.0NRT,289.38,1.3,N
-25.6733,-57.78181,302.85,0.39,0.36,2026-02-27,0503,N,VIIRS,n,2.0NRT,290.18,1.86,N
-25.7358,-57.77824,304.7,0.39,0.36,2026-02-27,0503,N,VIIRS,n,2.0NRT,291.11,0.4,N
-25.73913,-57.77894,325.17,0.39,0.36,2026-02-27,0503,N,VIIRS,n,2.0NRT,291.48,1.52,N
-25.57381,-58.95043,313.85,0.4,0.37,2026-02-27,0503,N,VIIRS,n,2.0NRT,289.64,1.21,N
-25.57721,-58.95113,346.77,0.4,0.37,2026-02-27,0503,N,VIIRS,n,2.0NRT,295.37,7.63,N
-25.57789,-58.94712,350.76,0.4,0.37,2026-02-27,0503,N,VIIRS,n,2.0NRT,293.59,7.63,N
-25.58197,-58.94381,345.69,0.4,0.37,2026-02-27,0503,N,VIIRS,n,2.0NRT,292.84,5.25,N
-25.58129,-58.94783,310.55,0.4,0.37,2026-02-27,0503,N,VIIRS,n,2.0NRT,291.48,7.63,N
-25.58537,-58.94451,333.84,0.4,0.37,2026-02-27,0503,N,VIIRS,n,2.0NRT,293.05,3.66,N
-25.58605,-58.9405,326.67,0.4,0.37,2026-02-27,0503,N,VIIRS,n,2.0NRT,289.97,3.66,N
-25.58945,-58.94121,341.61,0.4,0.37,2026-02-27,0503,N,VIIRS,n,2.0NRT,291.91,3.66,N
-25.59284,-58.94191,330.62,0.4,0.37,2026-02-27,0503,N,VIIRS,n,2.0NRT,292.01,2.43,N
-25.59216,-58.94592,303.8,0.4,0.37,2026-02-27,0503,N,VIIRS,n,2.0NRT,291.72,2.43,N
-25.59555,-58.94662,317.38,0.4,0.37,2026-02-27,0503,N,VIIRS,n,2.0NRT,290.73,2.43,N
-25.59624,-58.94261,305.49,0.4,0.37,2026-02-27,0503,N,VIIRS,n,2.0NRT,288.71,2.43,N
-25.85482,-57.8716,302.74,0.39,0.36,2026-02-27,0503,N,VIIRS,n,2.0NRT,291.91,1.02,N
-25.85816,-57.87227,308.5,0.39,0.36,2026-02-27,0503,N,VIIRS,n,2.0NRT,292.14,1.65,N
-26.00362,-57.92078,309.05,0.39,0.36,2026-02-27,0503,N,VIIRS,n,2.0NRT,290.85,0.63,N
-26.6095,-54.10938,298,0.46,0.39,2026-02-27,0503,N,VIIRS,n,2.0NRT,287.69,0.59,N
-26.60902,-54.11131,299.63,0.46,0.39,2026-02-27,0503,N,VIIRS,n,2.0NRT,287.19,0.62,N
-25.5844,-61.35628,307.39,0.49,0.4,2026-02-27,0503,N,VIIRS,n,2.0NRT,261.52,2.87,N
-25.58719,-61.36201,312.18,0.49,0.4,2026-02-27,0503,N,VIIRS,n,2.0NRT,258.25,2.13,N
-25.58811,-61.35712,310.33,0.49,0.4,2026-02-27,0503,N,VIIRS,n,2.0NRT,258.52,2.13,N
-25.9873,-59.40183,312.96,0.41,0.37,2026-02-27,0503,N,VIIRS,n,2.0NRT,290.87,1.12,N
-26.12368,-59.78597,296.25,0.42,0.38,2026-02-27,0503,N,VIIRS,n,2.0NRT,265.24,0.32,N
-26.12441,-59.78178,296.95,0.42,0.38,2026-02-27,0503,N,VIIRS,n,2.0NRT,268.28,0.54,N
-27.16312,-54.87276,304.14,0.43,0.38,2026-02-27,0503,N,VIIRS,n,2.0NRT,288.97,0.93,N
-27.62174,-55.08777,303.34,0.43,0.38,2026-02-27,0503,N,VIIRS,n,2.0NRT,287.99,0.82,N
-27.3097,-57.8176,320.3,0.38,0.36,2026-02-27,0503,N,VIIRS,n,2.0NRT,291.26,2.31,N
-27.31032,-57.81371,329.61,0.38,0.36,2026-02-27,0503,N,VIIRS,n,2.0NRT,294.15,2.07,N
-27.26367,-58.19053,338.02,0.39,0.36,2026-02-27,0503,N,VIIRS,n,2.0NRT,303.83,23.99,N
-27.2643,-58.18662,336.73,0.39,0.36,2026-02-27,0503,N,VIIRS,n,2.0NRT,294.17,23.99,N
-27.26493,-58.18271,336.48,0.39,0.36,2026-02-27,0503,N,VIIRS,n,2.0NRT,293.43,4.71,N
-27.34732,-57.68855,329.07,0.38,0.36,2026-02-27,0503,N,VIIRS,n,2.0NRT,293.53,3.55,N
-27.34794,-57.68465,324.74,0.38,0.36,2026-02-27,0503,N,VIIRS,n,2.0NRT,293.62,3.79,N
-27.35188,-57.68142,329.53,0.38,0.36,2026-02-27,0503,N,VIIRS,n,2.0NRT,293.01,4.6,N
-27.3525,-57.67752,328.13,0.38,0.36,2026-02-27,0503,N,VIIRS,n,2.0NRT,296.01,4.64,N
-27.48728,-57.19619,336.73,0.39,0.36,2026-02-27,0503,N,VIIRS,n,2.0NRT,291.91,2.44,N
-27.48668,-57.20011,309.76,0.39,0.36,2026-02-27,0503,N,VIIRS,n,2.0NRT,289.92,0.82,N
-27.49062,-57.19684,323.15,0.39,0.36,2026-02-27,0503,N,VIIRS,n,2.0NRT,290.18,2.44,N
-27.49002,-57.20076,307.13,0.39,0.36,2026-02-27,0503,N,VIIRS,n,2.0NRT,289.7,0.82,N
-27.59524,-57.1999,313.69,0.39,0.36,2026-02-27,0503,N,VIIRS,n,2.0NRT,289.25,0.55,N
-27.59798,-57.20448,350.98,0.39,0.36,2026-02-27,0503,N,VIIRS,n,2.0NRT,294.39,12.81,N
-27.59858,-57.20055,304.05,0.39,0.36,2026-02-27,0503,N,VIIRS,n,2.0NRT,288.57,0.55,N
-27.60132,-57.20512,302.52,0.39,0.36,2026-02-27,0503,N,VIIRS,n,2.0NRT,288.28,1.04,N
-27.60466,-57.20577,324.97,0.39,0.36,2026-02-27,0503,N,VIIRS,n,2.0NRT,288.88,1.04,N
-27.60406,-57.2097,302.52,0.39,0.36,2026-02-27,0503,N,VIIRS,n,2.0NRT,288.47,1.04,N
-27.608,-57.20642,324.16,0.39,0.36,2026-02-27,0503,N,VIIRS,n,2.0NRT,289.14,2.04,N
-27.59591,-57.2849,299.47,0.39,0.36,2026-02-27,0503,N,VIIRS,n,2.0NRT,289.25,0.44,N
-27.59864,-57.28947,304.72,0.39,0.36,2026-02-27,0503,N,VIIRS,n,2.0NRT,289,0.44,N
-28.41762,-59.04662,298.48,0.39,0.36,2026-02-27,0503,N,VIIRS,n,2.0NRT,272.05,0.35,N
-28.42097,-59.04733,303.51,0.39,0.36,2026-02-27,0503,N,VIIRS,n,2.0NRT,270.94,0.35,N
-29.4423,-57.08727,310.36,0.39,0.36,2026-02-27,0503,N,VIIRS,n,2.0NRT,287.92,1.39,N
-29.4429,-57.0832,296.99,0.39,0.36,2026-02-27,0503,N,VIIRS,n,2.0NRT,286.85,1.39,N
-29.44627,-57.08385,332.29,0.39,0.36,2026-02-27,0503,N,VIIRS,n,2.0NRT,287.55,1.39,N
-29.44904,-57.08858,297.39,0.39,0.36,2026-02-27,0503,N,VIIRS,n,2.0NRT,287.06,0.28,N
-29.44964,-57.08451,296.82,0.39,0.36,2026-02-27,0503,N,VIIRS,n,2.0NRT,286.17,0.28,N
-29.49986,-57.51728,310.26,0.39,0.36,2026-02-27,0503,N,VIIRS,n,2.0NRT,288.56,3.29,N
-29.5688,-57.95034,303.52,0.38,0.36,2026-02-27,0503,N,VIIRS,n,2.0NRT,288.03,0.78,N
-29.57213,-57.95102,306.32,0.38,0.36,2026-02-27,0503,N,VIIRS,n,2.0NRT,288.29,0.78,N
-36.99167,-60.27653,306.48,0.38,0.36,2026-02-27,0505,N,VIIRS,n,2.0NRT,288.95,1.16,N
-36.92595,-60.15947,299.05,0.38,0.36,2026-02-27,0505,N,VIIRS,n,2.0NRT,287.31,0.51,N
-37.04026,-60.29735,300.12,0.38,0.36,2026-02-27,0505,N,VIIRS,n,2.0NRT,287.77,0.9,N
-31.86356,-68.29779,301.51,0.59,0.53,2026-02-27,0505,N,VIIRS,n,2.0NRT,288.74,1.81,N
-31.865,-68.29155,315.92,0.59,0.53,2026-02-27,0505,N,VIIRS,n,2.0NRT,289.5,1.81,N
-31.86479,-68.29813,300.59,0.59,0.53,2026-02-27,0505,N,VIIRS,n,2.0NRT,288.55,1.2,N
-31.86628,-68.29192,319.65,0.59,0.53,2026-02-27,0505,N,VIIRS,n,2.0NRT,289.34,3.1,N
-36.98241,-60.24726,316.83,0.38,0.36,2026-02-27,0505,N,VIIRS,n,2.0NRT,287.78,1.49,N
-40.0874,-64.55252,306.29,0.43,0.38,2026-02-27,0508,N,VIIRS,n,2.0NRT,291.12,0.67,N
-37.83193,-64.6601,297.65,0.46,0.39,2026-02-27,0508,N,VIIRS,n,2.0NRT,286.16,0.58,N
-38.12777,-68.61773,304.78,0.45,0.47,2026-02-27,0508,N,VIIRS,n,2.0NRT,287.22,0.35,N
-38.13198,-68.6193,299.92,0.45,0.47,2026-02-27,0508,N,VIIRS,n,2.0NRT,286.12,0.35,N
-38.27438,-68.7002,311.8,0.45,0.47,2026-02-27,0508,N,VIIRS,n,2.0NRT,286.28,0.81,N
-38.27449,-68.70329,310.62,0.45,0.47,2026-02-27,0508,N,VIIRS,n,2.0NRT,287.07,1.19,N
-38.27566,-68.69822,298.19,0.45,0.47,2026-02-27,0508,N,VIIRS,n,2.0NRT,286.27,0.61,N
-38.32109,-68.78035,300.01,0.45,0.47,2026-02-27,0508,N,VIIRS,n,2.0NRT,287.63,1.24,N
-38.33046,-69.05746,301.77,0.46,0.47,2026-02-27,0508,N,VIIRS,n,2.0NRT,289.18,0.66,N
-38.33477,-69.05902,300.06,0.46,0.47,2026-02-27,0508,N,VIIRS,n,2.0NRT,287.39,0.66,N
-38.74514,-68.84119,319.13,0.44,0.46,2026-02-27,0508,N,VIIRS,n,2.0NRT,273.73,2.77,N
-40.17299,-64.20455,305.49,0.42,0.37,2026-02-27,0508,N,VIIRS,n,2.0NRT,290.17,1.04,N
-42.73071,-65.14247,309.66,0.41,0.37,2026-02-27,0508,N,VIIRS,n,2.0NRT,284.91,1.15,N
-42.62298,-71.50361,305.18,0.48,0.48,2026-02-27,0508,N,VIIRS,n,2.0NRT,281.86,1.23,N
-37.8355,-64.6612,298.26,0.46,0.39,2026-02-27,0508,N,VIIRS,n,2.0NRT,286.41,0.71,N
-37.0858,-69.47756,305.02,0.52,0.5,2026-02-27,0508,N,VIIRS,n,2.0NRT,285.79,1.32,N
-37.41213,-69.17266,305.81,0.49,0.49,2026-02-27,0508,N,VIIRS,n,2.0NRT,287.66,1.04,N
-37.42675,-69.17175,337.7,0.49,0.49,2026-02-27,0508,N,VIIRS,n,2.0NRT,287.76,5.23,N
-37.41568,-69.36182,312.18,0.51,0.49,2026-02-27,0508,N,VIIRS,n,2.0NRT,283.74,1.41,N
-37.71256,-69.14149,302.89,0.49,0.48,2026-02-27,0508,N,VIIRS,n,2.0NRT,279.07,1.17,N
-37.71384,-69.13594,303.31,0.48,0.48,2026-02-27,0508,N,VIIRS,n,2.0NRT,276.17,1.17,N
-37.71166,-69.26913,300.29,0.49,0.49,2026-02-27,0508,N,VIIRS,n,2.0NRT,285.31,1.03,N
-37.7132,-69.26626,347.49,0.49,0.49,2026-02-27,0508,N,VIIRS,n,2.0NRT,285.72,9.94,N
-38.01278,-68.59586,321.38,0.45,0.47,2026-02-27,0508,N,VIIRS,n,2.0NRT,289.15,2.57,N
-38.097,-68.61205,299.25,0.45,0.47,2026-02-27,0508,N,VIIRS,n,2.0NRT,287.18,0.59,N
-37.71028,-69.13932,303.97,0.71,0.75,2026-02-27,0648,N,VIIRS,n,2.0NRT,280.93,1.32,N
-38.53269,-69.10258,304.5,0.72,0.76,2026-02-27,0648,N,VIIRS,n,2.0NRT,279.69,1.22,N
-38.53275,-69.09341,298.09,0.72,0.76,2026-02-27,0648,N,VIIRS,n,2.0NRT,279.23,1.22,N
-38.7454,-68.83941,327.68,0.75,0.77,2026-02-27,0648,N,VIIRS,n,2.0NRT,277.81,4,N
-38.74614,-68.84482,301.8,0.75,0.77,2026-02-27,0648,N,VIIRS,n,2.0NRT,276.62,2.81,N
-38.74618,-68.83557,311.24,0.75,0.77,2026-02-27,0648,N,VIIRS,n,2.0NRT,277.1,2.37,N
-37.42381,-69.17831,305.95,0.71,0.75,2026-02-27,0648,N,VIIRS,n,2.0NRT,283.28,1.06,N
-37.43093,-69.17931,295.23,0.71,0.75,2026-02-27,0648,N,VIIRS,n,2.0NRT,282.95,1.06,N
-37.7128,-69.14379,310.77,0.71,0.75,2026-02-27,0648,N,VIIRS,n,2.0NRT,279.99,2.97,N
-37.71015,-69.14758,301.37,0.71,0.75,2026-02-27,0648,N,VIIRS,n,2.0NRT,280.8,1.32,N
-37.71289,-69.13557,298.09,0.71,0.75,2026-02-27,0648,N,VIIRS,n,2.0NRT,280.01,1.9,N
-38.28044,-59.20673,354.99,0.44,0.46,2026-02-27,1726,N,VIIRS,n,2.0NRT,304.99,8.41,D
-29.42872,-57.04995,348.18,0.42,0.38,2026-02-27,1728,N,VIIRS,n,2.0NRT,301.93,6.39,D
-29.43756,-57.08902,343.57,0.42,0.38,2026-02-27,1728,N,VIIRS,n,2.0NRT,297.37,5.8,D
-29.44046,-57.08399,342.4,0.42,0.38,2026-02-27,1728,N,VIIRS,n,2.0NRT,297.94,5.46,D
-29.50141,-57.51487,330.18,0.44,0.38,2026-02-27,1728,N,VIIRS,n,2.0NRT,301.81,1.91,D
-29.44338,-57.07896,346.25,0.42,0.38,2026-02-27,1728,N,VIIRS,n,2.0NRT,302.44,9.94,D
-29.50497,-57.51426,335.6,0.44,0.38,2026-02-27,1728,N,VIIRS,n,2.0NRT,300.63,5.14,D
-29.44688,-57.07835,345.51,0.42,0.38,2026-02-27,1728,N,VIIRS,n,2.0NRT,303.64,7.59,D
-29.50854,-57.51366,337.09,0.44,0.38,2026-02-27,1728,N,VIIRS,n,2.0NRT,300.02,5.14,D
-29.45038,-57.07775,345.53,0.42,0.38,2026-02-27,1728,N,VIIRS,n,2.0NRT,302.57,7.59,D
-29.45157,-57.08657,344.85,0.42,0.38,2026-02-27,1728,N,VIIRS,n,2.0NRT,303.39,6.95,D
-29.45098,-57.08216,367,0.42,0.38,2026-02-27,1728,N,VIIRS,h,2.0NRT,305.02,6.95,D
-29.50792,-57.02395,344.31,0.42,0.38,2026-02-27,1728,N,VIIRS,n,2.0NRT,304.32,6.82,D
-29.51142,-57.02334,333.62,0.42,0.38,2026-02-27,1728,N,VIIRS,n,2.0NRT,300.89,4.11,D
-30.21778,-62.83343,342.11,0.56,0.52,2026-02-27,1728,N,VIIRS,n,2.0NRT,299.43,8.78,D
-30.21722,-62.82747,333.5,0.56,0.52,2026-02-27,1728,N,VIIRS,n,2.0NRT,298.36,6.2,D
-29.55693,-56.93557,348.07,0.42,0.38,2026-02-27,1728,N,VIIRS,n,2.0NRT,301.58,6.21,D
-29.561,-56.93933,337.83,0.42,0.38,2026-02-27,1728,N,VIIRS,n,2.0NRT,298.94,4.6,D
-29.56042,-56.93496,333.55,0.42,0.38,2026-02-27,1728,N,VIIRS,n,2.0NRT,298.62,6.21,D
-30.21567,-62.8317,330.82,0.56,0.52,2026-02-27,1728,N,VIIRS,n,2.0NRT,298.89,7.36,D
-30.2205,-62.83114,353.6,0.56,0.52,2026-02-27,1728,N,VIIRS,n,2.0NRT,298.86,7.36,D
-30.15952,-61.7058,336.44,0.48,0.48,2026-02-27,1728,N,VIIRS,n,2.0NRT,299.68,4.25,D
-31.30161,-59.64836,334.71,0.38,0.43,2026-02-27,1728,N,VIIRS,n,2.0NRT,298.05,3.85,D
-31.5585,-59.7841,343.19,0.39,0.44,2026-02-27,1728,N,VIIRS,n,2.0NRT,296.64,4.06,D
-31.54165,-59.15645,343.92,0.55,0.42,2026-02-27,1728,N,VIIRS,n,2.0NRT,300.44,25.51,D
-31.54561,-59.15586,334.9,0.55,0.42,2026-02-27,1728,N,VIIRS,n,2.0NRT,302.88,9.27,D
-31.54353,-59.15517,342.21,0.55,0.42,2026-02-27,1728,N,VIIRS,n,2.0NRT,303.77,31.04,D
-33.04504,-58.53421,333.31,0.53,0.42,2026-02-27,1728,N,VIIRS,n,2.0NRT,300.47,3,D
-33.25865,-60.28349,340.68,0.44,0.46,2026-02-27,1728,N,VIIRS,n,2.0NRT,301.69,5.55,D
-33.25637,-60.28585,337.54,0.44,0.46,2026-02-27,1728,N,VIIRS,n,2.0NRT,302.56,4.13,D
-36.97382,-59.66534,331.94,0.44,0.46,2026-02-27,1728,N,VIIRS,l,2.0NRT,302.66,3.64,D
-35.01259,-58.1232,348.95,0.53,0.42,2026-02-27,1728,N,VIIRS,n,2.0NRT,313.25,55.28,D
-35.00869,-58.12383,347.47,0.53,0.42,2026-02-27,1728,N,VIIRS,n,2.0NRT,305.56,7.72,D
-34.86038,-57.89495,334.88,0.52,0.41,2026-02-27,1728,N,VIIRS,n,2.0NRT,299.37,3.59,D
-34.85978,-58.28862,330.73,0.54,0.42,2026-02-27,1728,N,VIIRS,l,2.0NRT,302.56,2.83,D
-33.36775,-60.16164,332.33,0.43,0.46,2026-02-27,1728,N,VIIRS,n,2.0NRT,301.54,5.68,D
-34.86159,-58.29006,335.34,0.54,0.42,2026-02-27,1728,N,VIIRS,n,2.0NRT,305,3.23,D
-34.38089,-58.84512,335.03,0.57,0.43,2026-02-27,1728,N,VIIRS,n,2.0NRT,300.04,4.45,D
-29.15121,-57.41162,339.13,0.43,0.38,2026-02-27,1728,N,VIIRS,n,2.0NRT,300.24,6.27,D
-29.07299,-56.57521,344.03,0.41,0.37,2026-02-27,1728,N,VIIRS,n,2.0NRT,299.94,5.61,D
-29.07483,-56.57571,349.35,0.41,0.37,2026-02-27,1728,N,VIIRS,n,2.0NRT,305.53,4.62,D
-29.07426,-56.57148,336.88,0.41,0.37,2026-02-27,1728,N,VIIRS,n,2.0NRT,301.95,4.62,D
-29.10769,-56.71332,340.46,0.41,0.37,2026-02-27,1728,N,VIIRS,n,2.0NRT,303.69,3.24,D
-29.73936,-61.34949,332.9,0.45,0.47,2026-02-27,1728,N,VIIRS,l,2.0NRT,305.99,3.37,D
-29.75202,-61.34299,332.31,0.45,0.47,2026-02-27,1728,N,VIIRS,n,2.0NRT,301.75,4.22,D
-29.75166,-61.33996,330.71,0.45,0.47,2026-02-27,1728,N,VIIRS,l,2.0NRT,302.43,3.67,D
-29.45047,-58.58007,348.62,0.49,0.4,2026-02-27,1728,N,VIIRS,n,2.0NRT,274.12,9.35,D
-29.76992,-61.43523,333.95,0.46,0.47,2026-02-27,1728,N,VIIRS,n,2.0NRT,299.86,2.96,D
-29.76944,-61.43037,332.1,0.46,0.47,2026-02-27,1728,N,VIIRS,n,2.0NRT,300.99,4.33,D
-29.30806,-57.32778,330.74,0.43,0.38,2026-02-27,1728,N,VIIRS,n,2.0NRT,298.86,2.31,D
-29.31218,-57.33167,333,0.43,0.38,2026-02-27,1728,N,VIIRS,n,2.0NRT,300.22,4.92,D
-29.28983,-57.05416,336.16,0.42,0.38,2026-02-27,1728,N,VIIRS,n,2.0NRT,299.33,3.08,D
-29.63419,-59.6438,331.37,0.55,0.43,2026-02-27,1728,N,VIIRS,n,2.0NRT,294.24,3.05,D
-29.64344,-59.65414,330.99,0.55,0.43,2026-02-27,1728,N,VIIRS,n,2.0NRT,293.72,4.29,D
-29.42581,-57.05496,334.88,0.42,0.38,2026-02-27,1728,N,VIIRS,n,2.0NRT,297.36,2.59,D
-27.4293,-56.90848,334.4,0.41,0.37,2026-02-27,1730,N,VIIRS,l,2.0NRT,306.28,2.55,D
-27.00082,-60.827,344.64,0.39,0.44,2026-02-27,1730,N,VIIRS,n,2.0NRT,290.25,16.48,D
-26.67543,-58.365,335.99,0.45,0.39,2026-02-27,1730,N,VIIRS,n,2.0NRT,292.93,6.85,D
-26.82948,-59.71162,343.1,0.52,0.41,2026-02-27,1730,N,VIIRS,n,2.0NRT,298.22,8.36,D
-26.0553,-54.29786,332.74,0.39,0.36,2026-02-27,1730,N,VIIRS,l,2.0NRT,304.83,4.63,D
-26.6276,-58.36349,331.35,0.45,0.39,2026-02-27,1730,N,VIIRS,n,2.0NRT,286.9,3.4,D
-26.62401,-58.36408,343.15,0.45,0.39,2026-02-27,1730,N,VIIRS,n,2.0NRT,286.83,8.79,D
-26.62601,-58.3622,347.48,0.45,0.39,2026-02-27,1730,N,VIIRS,n,2.0NRT,292.65,14.38,D
-26.6127,-59.98646,334.11,0.53,0.42,2026-02-27,1730,N,VIIRS,n,2.0NRT,284.41,3.53,D
-25.67193,-54.56536,331.06,0.39,0.36,2026-02-27,1730,N,VIIRS,n,2.0NRT,303.37,2.17,D
-25.93262,-57.92684,336.22,0.42,0.38,2026-02-27,1730,N,VIIRS,n,2.0NRT,299.55,5.14,D
-25.9332,-57.93112,330.05,0.42,0.38,2026-02-27,1730,N,VIIRS,n,2.0NRT,296.14,3.02,D
-25.86042,-57.84658,340,0.42,0.38,2026-02-27,1730,N,VIIRS,l,2.0NRT,310,28.97,D
-26.26052,-61.18562,338.99,0.41,0.45,2026-02-27,1730,N,VIIRS,n,2.0NRT,295.66,5.98,D
-26.25637,-61.1862,341.72,0.41,0.45,2026-02-27,1730,N,VIIRS,n,2.0NRT,298.12,5.98,D
-25.73275,-57.77656,339.87,0.42,0.38,2026-02-27,1730,N,VIIRS,n,2.0NRT,307.21,3.73,D
-25.7287,-57.77294,347.51,0.42,0.38,2026-02-27,1730,N,VIIRS,n,2.0NRT,310,12.76,D
-25.72522,-57.77352,367,0.42,0.38,2026-02-27,1730,N,VIIRS,h,2.0NRT,312.86,12.76,D
-25.68698,-57.77991,349.94,0.42,0.38,2026-02-27,1730,N,VIIRS,n,2.0NRT,311.8,10.49,D
-25.68123,-57.76371,351.04,0.42,0.38,2026-02-27,1730,N,VIIRS,n,2.0NRT,311.66,10.27,D
-25.68294,-57.7763,335.23,0.42,0.38,2026-02-27,1730,N,VIIRS,l,2.0NRT,305.34,7.03,D
-25.6835,-57.78049,344.73,0.42,0.38,2026-02-27,1730,N,VIIRS,n,2.0NRT,311.9,10.49,D
-25.68553,-57.77855,352.53,0.42,0.38,2026-02-27,1730,N,VIIRS,n,2.0NRT,309.55,14.18,D
-25.68206,-57.77913,346.88,0.42,0.38,2026-02-27,1730,N,VIIRS,n,2.0NRT,305.89,14.18,D
-25.67625,-57.76295,341.86,0.42,0.37,2026-02-27,1730,N,VIIRS,n,2.0NRT,302.95,31.58,D
-25.67511,-57.78028,352.23,0.42,0.38,2026-02-27,1730,N,VIIRS,n,2.0NRT,308.14,7.2,D
-25.67569,-57.78447,345.12,0.42,0.38,2026-02-27,1730,N,VIIRS,n,2.0NRT,310.53,7.2,D
-25.67105,-57.77667,347.03,0.42,0.38,2026-02-27,1730,N,VIIRS,n,2.0NRT,303.49,5.7,D
-25.66757,-57.77725,335.34,0.42,0.38,2026-02-27,1730,N,VIIRS,n,2.0NRT,301.61,5.7,D
-25.66816,-57.78144,339.9,0.42,0.38,2026-02-27,1730,N,VIIRS,n,2.0NRT,307.86,16.96,D
-25.64904,-57.77176,335.27,0.42,0.37,2026-02-27,1730,N,VIIRS,n,2.0NRT,304.54,6.19,D
-25.64615,-57.77652,347.71,0.42,0.38,2026-02-27,1730,N,VIIRS,n,2.0NRT,306.25,5.12,D
-25.64267,-57.7771,346.73,0.42,0.38,2026-02-27,1730,N,VIIRS,n,2.0NRT,306.16,5.27,D
-25.6392,-57.77768,334.06,0.42,0.38,2026-02-27,1730,N,VIIRS,n,2.0NRT,303.89,5.27,D
-25.29366,-57.92287,347.56,0.42,0.38,2026-02-27,1730,N,VIIRS,n,2.0NRT,313.96,6.88,D
-25.29018,-57.92345,352.11,0.42,0.38,2026-02-27,1730,N,VIIRS,n,2.0NRT,317.26,18.54,D
-25.27453,-57.9209,343.85,0.42,0.38,2026-02-27,1730,N,VIIRS,n,2.0NRT,310.26,5.01,D
-25.25538,-57.93693,348.62,0.42,0.38,2026-02-27,1730,N,VIIRS,n,2.0NRT,309.72,18.19,D
-25.25596,-57.94112,335.4,0.42,0.38,2026-02-27,1730,N,VIIRS,n,2.0NRT,306.36,2.95,D
-25.2519,-57.9375,348.37,0.42,0.38,2026-02-27,1730,N,VIIRS,n,2.0NRT,303.43,18.19,D
-25.26908,-58.30001,348.21,0.43,0.38,2026-02-27,1730,N,VIIRS,n,2.0NRT,297.79,11.49,D
-25.26555,-58.30058,344.62,0.43,0.38,2026-02-27,1730,N,VIIRS,n,2.0NRT,301.08,11.49,D
-25.15601,-58.39188,335.72,0.43,0.38,2026-02-27,1730,N,VIIRS,n,2.0NRT,303.97,3.78,D
-24.73082,-59.1911,348.93,0.46,0.39,2026-02-27,1730,N,VIIRS,n,2.0NRT,303.56,7.44,D
-24.73142,-59.19571,336.45,0.46,0.39,2026-02-27,1730,N,VIIRS,n,2.0NRT,297.48,7.44,D
-24.82815,-61.08601,333.49,0.38,0.44,2026-02-27,1730,N,VIIRS,n,2.0NRT,296.9,4.4,D
-29.16553,-57.82985,333.03,0.45,0.39,2026-02-27,1730,N,VIIRS,n,2.0NRT,300.26,3.08,D
-29.17454,-57.81408,334.39,0.45,0.39,2026-02-27,1730,N,VIIRS,n,2.0NRT,298.77,5.08,D
-29.17514,-57.81875,338.23,0.45,0.39,2026-02-27,1730,N,VIIRS,n,2.0NRT,298.55,3.58,D
-29.69384,-62.52639,333.24,0.53,0.5,2026-02-27,1730,N,VIIRS,n,2.0NRT,295.45,5.19,D
-29.17153,-57.81933,332.78,0.45,0.39,2026-02-27,1730,N,VIIRS,n,2.0NRT,299.75,3.58,D
-29.16853,-57.82459,329.78,0.45,0.39,2026-02-27,1730,N,VIIRS,n,2.0NRT,299.38,4.34,D
-29.55725,-62.10499,340.58,0.5,0.49,2026-02-27,1730,N,VIIRS,n,2.0NRT,296.38,7.52,D
-28.92576,-57.57998,338.44,0.44,0.38,2026-02-27,1730,N,VIIRS,n,2.0NRT,302.74,8.61,D
-28.54818,-56.33289,348.68,0.4,0.37,2026-02-27,1730,N,VIIRS,n,2.0NRT,301.45,5.35,D
-28.59765,-56.78986,330.53,0.41,0.37,2026-02-27,1730,N,VIIRS,l,2.0NRT,303.56,1.96,D
-28.59363,-56.78624,334.1,0.41,0.37,2026-02-27,1730,N,VIIRS,n,2.0NRT,302.69,2.09,D
-28.56885,-56.68272,336.1,0.41,0.37,2026-02-27,1730,N,VIIRS,n,2.0NRT,301.95,1.67,D
-28.56541,-56.68333,334.06,0.41,0.37,2026-02-27,1730,N,VIIRS,n,2.0NRT,302.94,2.16,D
-28.5695,-56.7905,333.81,0.41,0.37,2026-02-27,1730,N,VIIRS,n,2.0NRT,302.91,2.56,D
-28.4876,-56.85168,334.1,0.41,0.37,2026-02-27,1730,N,VIIRS,l,2.0NRT,305.02,4.01,D
-28.44666,-56.74591,336.93,0.41,0.37,2026-02-27,1730,N,VIIRS,n,2.0NRT,302.97,3.89,D
-28.43634,-56.74774,338.76,0.41,0.37,2026-02-27,1730,N,VIIRS,n,2.0NRT,301.2,2.76,D
-28.36294,-56.70062,334.66,0.41,0.37,2026-02-27,1730,N,VIIRS,n,2.0NRT,304.22,2.98,D
-28.25724,-56.641,344.73,0.4,0.37,2026-02-27,1730,N,VIIRS,n,2.0NRT,306.98,13.07,D
-28.25381,-56.64161,346.53,0.4,0.37,2026-02-27,1730,N,VIIRS,n,2.0NRT,305.1,13.07,D
-28.26893,-58.50011,331.04,0.47,0.4,2026-02-27,1730,N,VIIRS,l,2.0NRT,303.67,8.47,D
-27.74889,-55.06525,331.47,0.38,0.36,2026-02-27,1730,N,VIIRS,n,2.0NRT,297.42,1.86,D
-28.87348,-65.81467,367,0.41,0.61,2026-02-27,1730,N,VIIRS,h,2.0NRT,298.37,11.44,D
-27.73243,-55.34242,332.51,0.39,0.36,2026-02-27,1730,N,VIIRS,n,2.0NRT,301.25,1.92,D
-28.87378,-65.81902,355.04,0.41,0.61,2026-02-27,1730,N,VIIRS,n,2.0NRT,297.29,10.88,D
-28.26528,-59.554,347.71,0.52,0.42,2026-02-27,1730,N,VIIRS,n,2.0NRT,280.02,14.18,D
-27.69241,-55.31669,337.29,0.38,0.36,2026-02-27,1730,N,VIIRS,n,2.0NRT,304.24,23.56,D
-28.26479,-59.55519,340.11,0.52,0.42,2026-02-27,1730,N,VIIRS,n,2.0NRT,281.52,9.04,D
-28.87165,-65.81574,367,0.41,0.61,2026-02-27,1730,N,VIIRS,h,2.0NRT,298.74,6.97,D
-28.87198,-65.82009,347.43,0.41,0.61,2026-02-27,1730,N,VIIRS,n,2.0NRT,297.09,6.97,D
-27.60721,-54.95875,335.6,0.38,0.36,2026-02-27,1730,N,VIIRS,n,2.0NRT,304.26,3.34,D
-27.60388,-54.95939,338.6,0.38,0.36,2026-02-27,1730,N,VIIRS,n,2.0NRT,300.85,3.34,D
-27.98697,-59.10016,334.87,0.5,0.41,2026-02-27,1730,N,VIIRS,n,2.0NRT,300.7,2.97,D
-27.88236,-58.84061,342.31,0.48,0.4,2026-02-27,1730,N,VIIRS,n,2.0NRT,303.25,8.36,D
-27.88297,-58.84555,338.08,0.48,0.4,2026-02-27,1730,N,VIIRS,l,2.0NRT,310.8,8.36,D
-27.40167,-55.36741,331.41,0.38,0.36,2026-02-27,1730,N,VIIRS,n,2.0NRT,305.05,2.54,D
-27.5635,-56.6957,337.03,0.4,0.37,2026-02-27,1730,N,VIIRS,l,2.0NRT,307.17,7.1,D
-27.57124,-56.82509,340.48,0.41,0.37,2026-02-27,1730,N,VIIRS,n,2.0NRT,300.59,4.35,D
-27.83984,-58.93092,331.56,0.48,0.4,2026-02-27,1730,N,VIIRS,n,2.0NRT,298.74,7.71,D
-27.61029,-57.20801,350.44,0.42,0.37,2026-02-27,1730,N,VIIRS,n,2.0NRT,310.75,9.63,D
-27.60682,-57.20861,349.62,0.42,0.37,2026-02-27,1730,N,VIIRS,n,2.0NRT,308.09,9.63,D
-27.69347,-57.85139,336.1,0.44,0.38,2026-02-27,1730,N,VIIRS,n,2.0NRT,308.51,2.2,D
-27.15292,-54.19318,333.79,0.39,0.36,2026-02-27,1730,N,VIIRS,n,2.0NRT,302.99,2.88,D
-27.14957,-54.19384,334.17,0.39,0.36,2026-02-27,1730,N,VIIRS,n,2.0NRT,301.65,2.47,D
-27.52727,-56.81166,333.04,0.4,0.37,2026-02-27,1730,N,VIIRS,n,2.0NRT,302.64,1.33,D
-27.53072,-56.83644,337.24,0.41,0.37,2026-02-27,1730,N,VIIRS,n,2.0NRT,306.17,2.79,D
-27.18513,-54.6146,346.18,0.39,0.36,2026-02-27,1730,N,VIIRS,n,2.0NRT,305.45,9.71,D
-27.50674,-56.81527,330.06,0.4,0.37,2026-02-27,1730,N,VIIRS,l,2.0NRT,301.18,2.84,D
-27.50731,-56.8194,335.44,0.4,0.37,2026-02-27,1730,N,VIIRS,n,2.0NRT,303.93,2.85,D
-27.81653,-59.30688,330.59,0.5,0.41,2026-02-27,1730,N,VIIRS,n,2.0NRT,300.64,2.84,D
-27.49859,-56.95159,333.52,0.41,0.37,2026-02-27,1730,N,VIIRS,n,2.0NRT,298.06,6.14,D
-28.03859,-61.70245,341.53,0.46,0.47,2026-02-27,1730,N,VIIRS,n,2.0NRT,294.68,11.86,D
-27.49091,-57.20163,367,0.41,0.37,2026-02-27,1730,N,VIIRS,h,2.0NRT,311.05,9.44,D
-27.48976,-57.19319,331.11,0.41,0.37,2026-02-27,1730,N,VIIRS,l,2.0NRT,303.47,3.47,D
-27.49034,-57.19741,347.53,0.41,0.37,2026-02-27,1730,N,VIIRS,n,2.0NRT,311.39,9.44,D
-27.48687,-57.19801,349.22,0.41,0.37,2026-02-27,1730,N,VIIRS,n,2.0NRT,304.89,14.98,D
-27.48745,-57.20222,349.86,0.41,0.37,2026-02-27,1730,N,VIIRS,n,2.0NRT,310.75,14.98,D
-27.42529,-56.90495,331.46,0.41,0.37,2026-02-27,1730,N,VIIRS,n,2.0NRT,300.7,1.57,D
-27.65348,-58.72269,332.27,0.47,0.4,2026-02-27,1730,N,VIIRS,n,2.0NRT,300.5,2.6,D
-27.68433,-58.97293,347.15,0.49,0.4,2026-02-27,1730,N,VIIRS,n,2.0NRT,306.33,13.52,D
-27.64979,-58.72328,339.76,0.47,0.4,2026-02-27,1730,N,VIIRS,n,2.0NRT,300.86,8.71,D
-27.48798,-57.76004,335.88,0.43,0.38,2026-02-27,1730,N,VIIRS,l,2.0NRT,307.98,7.66,D
-27.46678,-57.81768,334.43,0.43,0.38,2026-02-27,1730,N,VIIRS,l,2.0NRT,304.58,5.39,D
-28.07592,-63.74282,349,0.6,0.53,2026-02-27,1730,N,VIIRS,n,2.0NRT,295.95,8.93,D
-28.07562,-63.74438,342.18,0.6,0.53,2026-02-27,1730,N,VIIRS,n,2.0NRT,293.9,14.12,D
-27.35184,-57.68327,350.32,0.43,0.38,2026-02-27,1730,N,VIIRS,n,2.0NRT,306.81,6.65,D
-27.35242,-57.68763,332.22,0.43,0.38,2026-02-27,1730,N,VIIRS,n,2.0NRT,302.2,6.65,D
-27.34832,-57.68386,343.94,0.43,0.38,2026-02-27,1730,N,VIIRS,n,2.0NRT,302.09,6.65,D
-26.8601,-54.39576,334.12,0.39,0.36,2026-02-27,1730,N,VIIRS,n,2.0NRT,306.41,3.54,D
-26.86072,-54.39967,334.21,0.39,0.36,2026-02-27,1730,N,VIIRS,n,2.0NRT,306.72,2.59,D
-27.39567,-58.89999,330.17,0.48,0.4,2026-02-27,1730,N,VIIRS,n,2.0NRT,297.12,4.71,D
-27.26508,-58.19607,334.92,0.45,0.39,2026-02-27,1730,N,VIIRS,l,2.0NRT,308.51,4.71,D
-27.26208,-58.20119,357.08,0.45,0.39,2026-02-27,1730,N,VIIRS,n,2.0NRT,308.55,9.63,D
-27.26266,-58.20575,345.25,0.45,0.39,2026-02-27,1730,N,VIIRS,n,2.0NRT,306.67,7.97,D
-27.26325,-58.2103,343.48,0.45,0.39,2026-02-27,1730,N,VIIRS,n,2.0NRT,301.29,7.97,D
-27.26025,-58.21543,350.33,0.45,0.39,2026-02-27,1730,N,VIIRS,n,2.0NRT,300.78,8.91,D
-27.13733,-58.85148,341.5,0.47,0.4,2026-02-27,1730,N,VIIRS,n,2.0NRT,304.17,5.62,D
-26.38925,-54.39839,332.59,0.39,0.36,2026-02-27,1730,N,VIIRS,l,2.0NRT,306.2,5.19,D
-22.83606,-66.979,339.88,0.42,0.61,2026-02-27,1732,N,VIIRS,n,2.0NRT,307.1,0.87,D
-37.32365,-64.40585,339.29,0.42,0.61,2026-02-27,1908,N,VIIRS,n,2.0NRT,298.78,4.78,D
-37.32497,-64.41058,347.44,0.42,0.61,2026-02-27,1908,N,VIIRS,n,2.0NRT,300.34,4.78,D
-37.32421,-64.41208,339.29,0.42,0.61,2026-02-27,1908,N,VIIRS,n,2.0NRT,299.78,5.71,D
-37.32291,-64.40732,338.45,0.42,0.61,2026-02-27,1908,N,VIIRS,n,2.0NRT,298.56,4.24,D
-37.32839,-64.40482,332.53,0.42,0.61,2026-02-27,1908,N,VIIRS,n,2.0NRT,298.62,4.24,D
-36.33815,-61.66712,337.11,0.61,0.71,2026-02-27,1908,N,VIIRS,n,2.0NRT,295,5.85,D
-30.07893,-62.86282,334.66,0.78,0.78,2026-02-27,1910,N,VIIRS,n,2.0NRT,291.18,14.59,D
-30.21782,-62.82478,327.46,0.78,0.78,2026-02-27,1910,N,VIIRS,n,2.0NRT,291.69,6.93,D
-31.86823,-68.29166,351.02,0.36,0.57,2026-02-27,1910,N,VIIRS,n,2.0NRT,306.54,6.57,D
-30.07358,-62.87123,328.93,0.78,0.78,2026-02-27,1910,N,VIIRS,n,2.0NRT,291.42,9.57,D
-30.08062,-62.86855,338.77,0.78,0.78,2026-02-27,1910,N,VIIRS,n,2.0NRT,291.23,9.57,D
-26.42217,-54.55494,337.67,0.41,0.37,2026-02-28,0444,N,VIIRS,n,2.0NRT,292.24,5.99,N
-25.98713,-59.40332,308.36,0.45,0.47,2026-02-28,0444,N,VIIRS,n,2.0NRT,288.65,0.82,N
-25.58481,-61.35191,352.13,0.6,0.53,2026-02-28,0444,N,VIIRS,n,2.0NRT,292.6,8.79,N
-25.5835,-61.35793,301.77,0.6,0.53,2026-02-28,0444,N,VIIRS,n,2.0NRT,289.91,8.79,N
-25.58836,-61.35927,332.92,0.6,0.53,2026-02-28,0444,N,VIIRS,n,2.0NRT,291.83,8.79,N
-25.58968,-61.35325,342.85,0.6,0.53,2026-02-28,0444,N,VIIRS,n,2.0NRT,292.44,8.79,N
-25.58524,-61.35248,354.58,0.6,0.53,2026-02-28,0444,N,VIIRS,n,2.0NRT,293.19,13.52,N
-25.58389,-61.35849,303.19,0.6,0.53,2026-02-28,0444,N,VIIRS,n,2.0NRT,290.08,3.46,N
-25.58875,-61.35981,326.8,0.6,0.53,2026-02-28,0444,N,VIIRS,n,2.0NRT,291.74,9.08,N
-25.59011,-61.3538,343.83,0.6,0.53,2026-02-28,0444,N,VIIRS,n,2.0NRT,292.5,12.03,N
-26.21208,-58.67858,328.11,0.41,0.45,2026-02-28,0444,N,VIIRS,n,2.0NRT,287.38,2.39,N
-26.21618,-58.67961,332.22,0.41,0.45,2026-02-28,0444,N,VIIRS,n,2.0NRT,285.63,3.17,N
-26.21701,-58.67551,315.94,0.41,0.45,2026-02-28,0444,N,VIIRS,n,2.0NRT,285.92,1.13,N
-26.13544,-60.12883,301.7,0.5,0.49,2026-02-28,0444,N,VIIRS,n,2.0NRT,288.06,1.41,N
-26.21783,-58.67141,298.48,0.41,0.45,2026-02-28,0444,N,VIIRS,n,2.0NRT,285.57,1.13,N
-26.61128,-59.98922,301.63,0.48,0.48,2026-02-28,0444,N,VIIRS,n,2.0NRT,288.9,0.52,N
-26.33019,-60.95775,327.77,0.55,0.51,2026-02-28,0444,N,VIIRS,n,2.0NRT,289.67,3.99,N
-26.15036,-60.84858,302.83,0.55,0.51,2026-02-28,0444,N,VIIRS,n,2.0NRT,288.93,1.1,N
-26.14569,-60.84733,309.26,0.55,0.51,2026-02-28,0444,N,VIIRS,n,2.0NRT,288.14,1.28,N
-26.14925,-60.85193,302.68,0.55,0.51,2026-02-28,0444,N,VIIRS,n,2.0NRT,289.12,0.97,N
-26.14458,-60.85067,306.24,0.55,0.51,2026-02-28,0444,N,VIIRS,n,2.0NRT,287.81,0.53,N
-25.48934,-57.75923,300.5,0.56,0.43,2026-02-28,0444,N,VIIRS,n,2.0NRT,290.1,1.52,N
-25.04877,-60.2457,354.23,0.53,0.5,2026-02-28,0444,N,VIIRS,n,2.0NRT,295.65,14.13,N
-25.05337,-60.24691,367,0.53,0.5,2026-02-28,0444,N,VIIRS,h,2.0NRT,291.68,14.13,N
-25.65803,-57.77188,312.41,0.56,0.43,2026-02-28,0444,N,VIIRS,n,2.0NRT,289.15,1.23,N
-25.66197,-57.77283,301.69,0.56,0.43,2026-02-28,0444,N,VIIRS,n,2.0NRT,288.64,1.23,N
-34.14903,-58.99055,320.63,0.47,0.4,2026-02-28,0446,N,VIIRS,n,2.0NRT,290.6,2.8,N
-26.95429,-60.38909,308,0.5,0.49,2026-02-28,0446,N,VIIRS,n,2.0NRT,289.74,1.35,N
-27.52171,-57.96402,299.78,0.53,0.42,2026-02-28,0446,N,VIIRS,n,2.0NRT,273.95,1.36,N
-26.99872,-60.82753,309.19,0.52,0.5,2026-02-28,0446,N,VIIRS,n,2.0NRT,289.37,0.98,N
-29.44146,-57.07488,307.94,0.46,0.39,2026-02-28,0446,N,VIIRS,n,2.0NRT,267.19,1.56,N
-29.5515,-62.11525,299.39,0.55,0.51,2026-02-28,0446,N,VIIRS,n,2.0NRT,288.7,1.7,N
-29.55277,-62.10956,313.82,0.55,0.51,2026-02-28,0446,N,VIIRS,n,2.0NRT,288.76,1.25,N
-29.55744,-62.11095,302.08,0.55,0.51,2026-02-28,0446,N,VIIRS,n,2.0NRT,288.66,1.25,N
-29.51238,-62.77078,344.25,0.6,0.53,2026-02-28,0446,N,VIIRS,n,2.0NRT,290.39,4.14,N
-29.51095,-62.777,309.68,0.6,0.53,2026-02-28,0446,N,VIIRS,n,2.0NRT,290.82,4.14,N
-29.51723,-62.77227,308.35,0.6,0.53,2026-02-28,0446,N,VIIRS,n,2.0NRT,290.12,4.14,N
-30.96755,-59.19338,321.56,0.54,0.42,2026-02-28,0446,N,VIIRS,n,2.0NRT,288.22,3.53,N
-30.97365,-59.18311,308.24,0.54,0.42,2026-02-28,0446,N,VIIRS,n,2.0NRT,286.38,1.04,N
-30.97477,-59.17744,298.66,0.54,0.42,2026-02-28,0446,N,VIIRS,n,2.0NRT,284,1.04,N
-30.97752,-59.18414,300,0.54,0.42,2026-02-28,0446,N,VIIRS,n,2.0NRT,283.93,0.62,N
-30.96666,-59.19455,321.91,0.54,0.42,2026-02-28,0446,N,VIIRS,n,2.0NRT,288.26,4.52,N
-30.96781,-59.1889,306.13,0.54,0.42,2026-02-28,0446,N,VIIRS,n,2.0NRT,287.06,1.67,N
-30.97398,-59.17864,305.95,0.54,0.42,2026-02-28,0446,N,VIIRS,n,2.0NRT,283.77,0.58,N
-30.9767,-59.18533,296.63,0.54,0.42,2026-02-28,0446,N,VIIRS,n,2.0NRT,284.91,1.88,N
-30.97784,-59.1797,299.78,0.54,0.42,2026-02-28,0446,N,VIIRS,n,2.0NRT,279.67,0.58,N
-31.48874,-59.62284,309.09,0.56,0.43,2026-02-28,0446,N,VIIRS,n,2.0NRT,287.71,1.15,N
-31.49266,-59.62393,298.21,0.56,0.43,2026-02-28,0446,N,VIIRS,n,2.0NRT,287.12,1.15,N
-32.48683,-58.26312,324.9,0.47,0.39,2026-02-28,0446,N,VIIRS,n,2.0NRT,289.22,1.82,N
-32.17209,-61.73608,302.96,0.46,0.47,2026-02-28,0446,N,VIIRS,n,2.0NRT,287.32,1,N
-32.68375,-61.8625,307.81,0.46,0.47,2026-02-28,0446,N,VIIRS,n,2.0NRT,288.21,1.18,N
-33.25608,-60.28895,322.92,0.56,0.43,2026-02-28,0446,N,VIIRS,n,2.0NRT,291.79,3.19,N
-33.25706,-60.28983,311.88,0.56,0.43,2026-02-28,0446,N,VIIRS,n,2.0NRT,290.37,1.92,N
-33.35914,-60.15637,300.85,0.55,0.43,2026-02-28,0446,N,VIIRS,n,2.0NRT,290.47,1.52,N
-33.36034,-60.15046,304.64,0.55,0.43,2026-02-28,0446,N,VIIRS,n,2.0NRT,291.09,2.14,N
-33.36694,-60.15857,322.6,0.55,0.43,2026-02-28,0446,N,VIIRS,n,2.0NRT,291.06,2.43,N
-33.36574,-60.16447,313.63,0.55,0.43,2026-02-28,0446,N,VIIRS,n,2.0NRT,290.98,2.43,N
-33.37083,-60.15969,306.34,0.55,0.43,2026-02-28,0446,N,VIIRS,n,2.0NRT,290.85,2.43,N
-33.3771,-60.14906,317.96,0.55,0.42,2026-02-28,0446,N,VIIRS,n,2.0NRT,289.1,2.07,N
-34.04174,-58.81937,296.6,0.47,0.4,2026-02-28,0446,N,VIIRS,n,2.0NRT,286.37,0.6,N
-34.15001,-58.98543,323.01,0.47,0.4,2026-02-28,0446,N,VIIRS,n,2.0NRT,290.92,2.8,N
-34.65519,-58.32574,303.82,0.44,0.38,2026-02-28,0446,N,VIIRS,n,2.0NRT,292.68,0.73,N
-34.85479,-57.89595,304.3,0.42,0.38,2026-02-28,0446,N,VIIRS,n,2.0NRT,290.47,0.64,N
-34.85826,-57.89688,328.23,0.42,0.38,2026-02-28,0446,N,VIIRS,n,2.0NRT,289.73,2.32,N
-34.82745,-58.34442,305.55,0.44,0.38,2026-02-28,0446,N,VIIRS,n,2.0NRT,287.94,0.66,N
-37.42399,-69.174,331.05,0.43,0.62,2026-02-28,0448,N,VIIRS,n,2.0NRT,288.11,1.84,N
-37.08461,-69.47578,299.28,0.46,0.63,2026-02-28,0448,N,VIIRS,n,2.0NRT,287.26,1.16,N
-37.08328,-69.48045,301.29,0.46,0.63,2026-02-28,0448,N,VIIRS,n,2.0NRT,283.58,3.12,N
-37.2478,-56.999,295.26,0.39,0.36,2026-02-28,0448,N,VIIRS,n,2.0NRT,282.61,0.46,N
-37.42454,-69.17211,320.52,0.43,0.62,2026-02-28,0448,N,VIIRS,n,2.0NRT,287.59,1.59,N
-38.01141,-68.59434,304.21,0.39,0.59,2026-02-28,0448,N,VIIRS,n,2.0NRT,287.64,1.15,N
-37.43017,-69.17425,311.75,0.43,0.62,2026-02-28,0448,N,VIIRS,n,2.0NRT,286.93,1.59,N
-38.74437,-68.84007,338.89,0.38,0.59,2026-02-28,0448,N,VIIRS,n,2.0NRT,286.13,2.64,N
-38.74598,-68.8373,297.42,0.38,0.59,2026-02-28,0448,N,VIIRS,n,2.0NRT,285.07,1.63,N
-38.74479,-68.84165,334.54,0.38,0.59,2026-02-28,0448,N,VIIRS,n,2.0NRT,286.06,1.63,N
-38.01022,-68.59874,304.98,0.39,0.59,2026-02-28,0448,N,VIIRS,n,2.0NRT,287.62,1.15,N
-37.42963,-69.17609,313.45,0.43,0.62,2026-02-28,0448,N,VIIRS,n,2.0NRT,286.95,1.84,N
-37.7121,-69.14414,297.4,0.42,0.61,2026-02-28,0448,N,VIIRS,n,2.0NRT,282.71,0.53,N
-37.71347,-69.13926,303.47,0.42,0.61,2026-02-28,0448,N,VIIRS,n,2.0NRT,282.52,0.53,N
-38.69976,-68.70384,324.13,0.38,0.59,2026-02-28,0448,N,VIIRS,n,2.0NRT,286.47,2.03,N
-38.27589,-68.7026,301.33,0.39,0.59,2026-02-28,0448,N,VIIRS,n,2.0NRT,286.95,0.7,N
-38.2705,-68.70052,307.04,0.39,0.59,2026-02-28,0448,N,VIIRS,n,2.0NRT,287.85,1.09,N
-37.42322,-69.17688,302.05,0.43,0.62,2026-02-28,0448,N,VIIRS,n,2.0NRT,287.07,1.59,N
-29.51262,-62.7691,314.54,0.79,0.78,2026-02-28,0626,N,VIIRS,n,2.0NRT,285.74,3.99,N
-37.15309,-69.66023,336.35,0.37,0.58,2026-02-28,0629,N,VIIRS,n,2.0NRT,288.14,2.47,N
-33.0619,-68.97537,297.96,0.37,0.58,2026-02-28,0629,N,VIIRS,n,2.0NRT,287.42,1.17,N
-37.08678,-69.48135,305.75,0.38,0.58,2026-02-28,0629,N,VIIRS,n,2.0NRT,286.91,0.62,N
-37.08706,-69.47664,298.15,0.38,0.58,2026-02-28,0629,N,VIIRS,n,2.0NRT,286.73,0.62,N
-37.15337,-69.65582,327.09,0.37,0.58,2026-02-28,0629,N,VIIRS,n,2.0NRT,287.23,2.47,N
-37.15395,-69.65984,332.5,0.37,0.58,2026-02-28,0629,N,VIIRS,n,2.0NRT,288.14,2.43,N
-37.1542,-69.65543,328.54,0.37,0.58,2026-02-28,0629,N,VIIRS,n,2.0NRT,287.16,2.43,N
-37.42911,-69.17828,300.26,0.39,0.6,2026-02-28,0629,N,VIIRS,n,2.0NRT,286.43,1.2,N
-37.42937,-69.17349,318.95,0.39,0.6,2026-02-28,0629,N,VIIRS,n,2.0NRT,286.78,1.2,N
-37.71009,-69.13596,298.8,0.4,0.6,2026-02-28,0629,N,VIIRS,n,2.0NRT,284.95,1.23,N
-37.71574,-69.13643,349.44,0.4,0.6,2026-02-28,0629,N,VIIRS,n,2.0NRT,285.6,2.57,N
-37.7155,-69.14099,295.09,0.4,0.6,2026-02-28,0629,N,VIIRS,n,2.0NRT,284.48,2.57,N
-37.71851,-69.1917,321.59,0.39,0.6,2026-02-28,0629,N,VIIRS,n,2.0NRT,285.51,1.68,N
-38.01479,-68.59856,315.62,0.43,0.62,2026-02-28,0629,N,VIIRS,n,2.0NRT,286.86,1.66,N
-38.74346,-68.83939,332.98,0.42,0.61,2026-02-28,0631,N,VIIRS,n,2.0NRT,285.85,2.94,N
-38.74416,-68.83888,341.24,0.42,0.61,2026-02-28,0631,N,VIIRS,n,2.0NRT,285.92,3.37,N
-38.69773,-68.7143,295.24,0.43,0.62,2026-02-28,0631,N,VIIRS,n,2.0NRT,285.2,1.09,N
-38.69822,-68.70367,324.97,0.43,0.62,2026-02-28,0631,N,VIIRS,n,2.0NRT,286.36,1.32,N
-38.4288,-62.30676,337.69,0.57,0.69,2026-02-28,1709,N,VIIRS,n,2.0NRT,298.47,8.98,D
-38.42205,-62.30009,355.4,0.57,0.69,2026-02-28,1709,N,VIIRS,n,2.0NRT,297.91,13.97,D
-38.42222,-62.30686,341.93,0.57,0.69,2026-02-28,1709,N,VIIRS,n,2.0NRT,297.67,8.98,D
-36.70545,-57.56599,349.76,0.61,0.54,2026-02-28,1709,N,VIIRS,n,2.0NRT,284.18,14.71,D
-34.85596,-58.40963,332.57,0.33,0.55,2026-02-28,1709,N,VIIRS,n,2.0NRT,294.69,3.18,D
-34.85579,-58.41023,335.98,0.33,0.55,2026-02-28,1709,N,VIIRS,n,2.0NRT,294.06,3.62,D
-34.04317,-58.81592,343.48,0.34,0.56,2026-02-28,1709,N,VIIRS,n,2.0NRT,294.64,5.49,D
-34.04393,-58.82729,339.2,0.34,0.56,2026-02-28,1709,N,VIIRS,n,2.0NRT,293.88,3.9,D
-34.04528,-58.82562,341.81,0.34,0.56,2026-02-28,1709,N,VIIRS,n,2.0NRT,294.86,3.95,D
-33.95855,-58.87623,350.27,0.34,0.56,2026-02-28,1709,N,VIIRS,n,2.0NRT,294.19,4.57,D
-38.4352,-62.29992,341.23,0.57,0.69,2026-02-28,1709,N,VIIRS,n,2.0NRT,296.88,4.57,D
-38.42862,-62.29999,367,0.57,0.69,2026-02-28,1709,N,VIIRS,h,2.0NRT,298.13,13.97,D
-26.2091,-58.48673,349.46,0.54,0.51,2026-02-28,1711,N,VIIRS,n,2.0NRT,302.67,13.43,D
-26.20491,-58.49278,348.75,0.54,0.51,2026-02-28,1711,N,VIIRS,n,2.0NRT,303.38,13.43,D
-26.21286,-58.67705,343.6,0.55,0.51,2026-02-28,1711,N,VIIRS,n,2.0NRT,300.38,9.05,D
-26.20753,-58.47814,354.73,0.53,0.5,2026-02-28,1711,N,VIIRS,n,2.0NRT,305.22,19.08,D
-26.2081,-58.4836,341.24,0.54,0.5,2026-02-28,1711,N,VIIRS,n,2.0NRT,302.75,11.43,D
-26.20867,-58.48908,340.29,0.54,0.5,2026-02-28,1711,N,VIIRS,n,2.0NRT,300.33,11.43,D
-26.20451,-58.49511,343.84,0.54,0.51,2026-02-28,1711,N,VIIRS,n,2.0NRT,302.43,11.25,D
-26.21372,-58.67907,351.24,0.55,0.51,2026-02-28,1711,N,VIIRS,n,2.0NRT,300.32,12.09,D
-26.15559,-58.25093,344.19,0.52,0.5,2026-02-28,1711,N,VIIRS,n,2.0NRT,309,6.61,D
-27.35776,-59.54475,332.23,0.32,0.55,2026-02-28,1711,N,VIIRS,n,2.0NRT,295.58,2.72,D
-27.26445,-58.19143,338.24,0.53,0.5,2026-02-28,1711,N,VIIRS,n,2.0NRT,306.23,4.53,D
-33.69184,-59.35545,333.79,0.36,0.58,2026-02-28,1711,N,VIIRS,n,2.0NRT,296.66,3.1,D
-33.67018,-59.35745,367,0.36,0.58,2026-02-28,1711,N,VIIRS,h,2.0NRT,298.52,6.68,D
-33.66502,-59.36198,367,0.36,0.58,2026-02-28,1711,N,VIIRS,h,2.0NRT,299.95,6.68,D
-33.65987,-59.36652,348.57,0.36,0.58,2026-02-28,1711,N,VIIRS,n,2.0NRT,298.4,6.98,D
-33.66393,-59.35996,338.38,0.36,0.58,2026-02-28,1711,N,VIIRS,n,2.0NRT,297.92,6.56,D
-33.66421,-59.36398,345.86,0.36,0.58,2026-02-28,1711,N,VIIRS,n,2.0NRT,297.81,6.11,D
-33.65908,-59.3685,353.54,0.36,0.58,2026-02-28,1711,N,VIIRS,n,2.0NRT,299.05,6.11,D
-32.57356,-59.05418,341.93,0.34,0.56,2026-02-28,1711,N,VIIRS,n,2.0NRT,299.19,2.29,D
-32.56955,-59.05484,347.27,0.34,0.56,2026-02-28,1711,N,VIIRS,n,2.0NRT,298.69,3.64,D
-31.27334,-57.99339,332.73,0.57,0.52,2026-02-28,1711,N,VIIRS,n,2.0NRT,297.25,4.07,D
-31.20654,-59.53467,336.98,0.35,0.57,2026-02-28,1711,N,VIIRS,n,2.0NRT,299.46,3.32,D
-30.92203,-60.42282,332.65,0.39,0.6,2026-02-28,1711,N,VIIRS,n,2.0NRT,294.2,3.95,D
-30.42105,-58.33193,329.63,0.58,0.52,2026-02-28,1711,N,VIIRS,n,2.0NRT,299.05,3.9,D
-30.04564,-57.81141,340.98,0.54,0.51,2026-02-28,1711,N,VIIRS,n,2.0NRT,298.35,4.47,D
-29.93485,-58.17568,332.82,0.57,0.52,2026-02-28,1711,N,VIIRS,n,2.0NRT,295.75,2.6,D
-29.45511,-57.09054,348.55,0.48,0.48,2026-02-28,1711,N,VIIRS,n,2.0NRT,302.29,6.49,D
-29.45559,-57.09561,340.06,0.48,0.48,2026-02-28,1711,N,VIIRS,n,2.0NRT,299.34,6.49,D
-29.44868,-57.07084,354.71,0.48,0.48,2026-02-28,1711,N,VIIRS,n,2.0NRT,300.87,12.46,D
-29.45843,-57.08791,331.7,0.48,0.48,2026-02-28,1711,N,VIIRS,n,2.0NRT,299.26,3.84,D
-29.45895,-57.09298,342.72,0.48,0.48,2026-02-28,1711,N,VIIRS,n,2.0NRT,299.64,3.84,D
-29.45444,-57.09354,330.81,0.48,0.48,2026-02-28,1711,N,VIIRS,n,2.0NRT,300.25,6.46,D
-29.44736,-57.06882,340.32,0.48,0.48,2026-02-28,1711,N,VIIRS,n,2.0NRT,299.31,5.68,D
-29.44788,-57.07387,345.57,0.48,0.48,2026-02-28,1711,N,VIIRS,n,2.0NRT,301.65,5.68,D
-29.85033,-62.66249,333.18,0.52,0.67,2026-02-28,1711,N,VIIRS,n,2.0NRT,285.03,3.33,D
-29.59671,-59.21135,367,0.32,0.55,2026-02-28,1711,N,VIIRS,h,2.0NRT,298.29,5.71,D
-29.6707,-60.21673,330.82,0.37,0.58,2026-02-28,1711,N,VIIRS,n,2.0NRT,298.71,2.15,D
-29.38195,-57.00583,346.55,0.48,0.48,2026-02-28,1711,N,VIIRS,n,2.0NRT,301.89,6.38,D
-29.72877,-61.46509,367,0.44,0.62,2026-02-28,1711,N,VIIRS,h,2.0NRT,296.89,16.15,D
-29.36705,-56.99256,340.85,0.48,0.48,2026-02-28,1711,N,VIIRS,n,2.0NRT,301.38,6.67,D
-29.81741,-62.99397,330.33,0.55,0.68,2026-02-28,1711,N,VIIRS,n,2.0NRT,294.13,8.73,D
-29.81772,-62.99986,354.59,0.55,0.68,2026-02-28,1711,N,VIIRS,n,2.0NRT,294.03,6.78,D
-29.81802,-63.00576,330.8,0.55,0.68,2026-02-28,1711,N,VIIRS,n,2.0NRT,293.47,6.78,D
-29.36013,-56.96822,330.17,0.47,0.48,2026-02-28,1711,N,VIIRS,l,2.0NRT,300.64,8.62,D
-29.8116,-63.0062,336.37,0.55,0.68,2026-02-28,1711,N,VIIRS,n,2.0NRT,294.19,4.98,D
-29.35616,-56.97379,347.21,0.47,0.48,2026-02-28,1711,N,VIIRS,n,2.0NRT,303.19,8.62,D
-29.35169,-56.97437,356.3,0.47,0.48,2026-02-28,1711,N,VIIRS,n,2.0NRT,299.75,12.81,D
-29.72434,-61.46389,339.93,0.44,0.62,2026-02-28,1711,N,VIIRS,n,2.0NRT,292.91,3.14,D
-29.81628,-62.99608,330.02,0.54,0.68,2026-02-28,1711,N,VIIRS,n,2.0NRT,294.23,7.36,D
-29.81662,-63.00196,341.38,0.55,0.68,2026-02-28,1711,N,VIIRS,n,2.0NRT,292.93,7.36,D
-29.81697,-63.00785,339.18,0.55,0.68,2026-02-28,1711,N,VIIRS,n,2.0NRT,294.28,7.08,D
-29.42579,-58.56706,330.02,0.59,0.53,2026-02-28,1711,N,VIIRS,l,2.0NRT,302.49,7.46,D
-29.24916,-57.68178,341.2,0.52,0.5,2026-02-28,1711,N,VIIRS,n,2.0NRT,300.7,8.47,D
-29.24968,-57.68723,341.91,0.52,0.5,2026-02-28,1711,N,VIIRS,n,2.0NRT,300.84,8.47,D
-29.52507,-61.10734,332.88,0.42,0.61,2026-02-28,1711,N,VIIRS,n,2.0NRT,296.45,4.83,D
-29.51932,-61.10783,348.56,0.42,0.61,2026-02-28,1711,N,VIIRS,n,2.0NRT,294.87,4.83,D
-29.5536,-62.10819,331.46,0.48,0.65,2026-02-28,1711,N,VIIRS,n,2.0NRT,294.41,8.41,D
-29.55391,-62.11335,334.86,0.48,0.65,2026-02-28,1711,N,VIIRS,n,2.0NRT,292.76,4.54,D
-29.48438,-61.19228,331.76,0.42,0.61,2026-02-28,1711,N,VIIRS,n,2.0NRT,295.62,6.34,D
-29.55322,-62.11052,349.59,0.48,0.65,2026-02-28,1711,N,VIIRS,n,2.0NRT,293.76,5.3,D
-29.17509,-57.82068,332.8,0.53,0.5,2026-02-28,1711,N,VIIRS,n,2.0NRT,298.95,1.89,D
-29.58214,-63.45869,367,0.58,0.7,2026-02-28,1711,N,VIIRS,h,2.0NRT,294.87,17.3,D
-29.52424,-62.75686,367,0.52,0.67,2026-02-28,1711,N,VIIRS,h,2.0NRT,291.95,21.83,D
-29.5236,-62.74557,332.26,0.52,0.67,2026-02-28,1711,N,VIIRS,n,2.0NRT,292.91,8.98,D
-29.52392,-62.75122,355.71,0.52,0.67,2026-02-28,1711,N,VIIRS,n,2.0NRT,293.39,21.83,D
-29.51792,-62.75729,367,0.52,0.67,2026-02-28,1711,N,VIIRS,h,2.0NRT,294.69,21.83,D
-29.51728,-62.74601,345.12,0.52,0.67,2026-02-28,1711,N,VIIRS,n,2.0NRT,293.06,8.98,D
-29.51824,-62.76294,352.78,0.53,0.67,2026-02-28,1711,N,VIIRS,n,2.0NRT,292.16,23.25,D
-29.51192,-62.76337,343.84,0.53,0.67,2026-02-28,1711,N,VIIRS,n,2.0NRT,293.73,7.95,D
-28.94471,-56.53773,337.41,0.44,0.46,2026-02-28,1711,N,VIIRS,n,2.0NRT,304.09,3.45,D
-28.9452,-56.54235,338.63,0.44,0.46,2026-02-28,1711,N,VIIRS,n,2.0NRT,304.42,3.45,D
-29.14489,-58.57694,346.04,0.59,0.53,2026-02-28,1711,N,VIIRS,n,2.0NRT,305.51,19.55,D
-28.77892,-56.98729,336.67,0.47,0.48,2026-02-28,1711,N,VIIRS,n,2.0NRT,303.27,12.62,D
-28.31386,-56.65329,367,0.44,0.46,2026-02-28,1711,N,VIIRS,h,2.0NRT,307.49,11.39,D
-28.24036,-58.3191,336.68,0.55,0.51,2026-02-28,1711,N,VIIRS,n,2.0NRT,300.21,3.33,D
-28.23557,-58.31967,330.78,0.55,0.51,2026-02-28,1711,N,VIIRS,n,2.0NRT,298.13,2.45,D
-28.31706,-59.2886,333.2,0.63,0.54,2026-02-28,1711,N,VIIRS,n,2.0NRT,302.32,4.87,D
-28.31763,-59.29522,332.85,0.63,0.54,2026-02-28,1711,N,VIIRS,n,2.0NRT,300.15,1.39,D
-28.31254,-59.29578,342.58,0.63,0.54,2026-02-28,1711,N,VIIRS,n,2.0NRT,304.04,11.73,D
-28.21943,-59.63311,367,0.33,0.55,2026-02-28,1711,N,VIIRS,h,2.0NRT,302.93,11.55,D
-27.99895,-58.31067,341.09,0.55,0.51,2026-02-28,1711,N,VIIRS,n,2.0NRT,301.78,10.32,D
-28.21682,-61.27636,336.09,0.42,0.61,2026-02-28,1711,N,VIIRS,n,2.0NRT,300.19,3.79,D
-27.91886,-58.5427,343.18,0.57,0.52,2026-02-28,1711,N,VIIRS,n,2.0NRT,303.87,6.81,D
-27.71262,-56.92169,349.6,0.45,0.47,2026-02-28,1711,N,VIIRS,n,2.0NRT,307.61,5.35,D
-27.71312,-56.92633,340.53,0.45,0.47,2026-02-28,1711,N,VIIRS,n,2.0NRT,307.52,5.35,D
-27.70875,-56.92691,336.39,0.45,0.47,2026-02-28,1711,N,VIIRS,n,2.0NRT,306.68,4.09,D
-28.09448,-61.69116,333.72,0.44,0.62,2026-02-28,1711,N,VIIRS,n,2.0NRT,297.55,3.3,D
-27.81837,-59.33327,338.75,0.63,0.54,2026-02-28,1711,N,VIIRS,n,2.0NRT,301.15,4.64,D
-27.56589,-56.83672,346.26,0.44,0.46,2026-02-28,1711,N,VIIRS,n,2.0NRT,307.81,7.53,D
-27.56638,-56.84129,341.38,0.44,0.46,2026-02-28,1711,N,VIIRS,n,2.0NRT,304.09,7.53,D
-27.56253,-56.84643,344.04,0.44,0.46,2026-02-28,1711,N,VIIRS,n,2.0NRT,302.05,5.79,D
-27.25794,-54.26769,336.02,0.48,0.4,2026-02-28,1711,N,VIIRS,l,2.0NRT,307.86,29.84,D
-27.52124,-56.78726,339.44,0.44,0.46,2026-02-28,1711,N,VIIRS,n,2.0NRT,304.66,5.31,D
-27.52172,-56.7918,349.09,0.44,0.46,2026-02-28,1711,N,VIIRS,n,2.0NRT,306.12,5.31,D
-27.52219,-56.79634,336.68,0.44,0.46,2026-02-28,1711,N,VIIRS,n,2.0NRT,305.04,2.95,D
-27.51693,-56.78784,336.49,0.44,0.46,2026-02-28,1711,N,VIIRS,n,2.0NRT,305.2,4.12,D
-27.40429,-55.95248,343.06,0.39,0.44,2026-02-28,1711,N,VIIRS,n,2.0NRT,302.74,2.82,D
-27.40476,-55.95652,333.49,0.39,0.44,2026-02-28,1711,N,VIIRS,n,2.0NRT,302.4,2.82,D
-27.48017,-56.82378,349.29,0.44,0.46,2026-02-28,1711,N,VIIRS,n,2.0NRT,305.29,6.76,D
-27.4282,-56.91399,335.65,0.45,0.47,2026-02-28,1711,N,VIIRS,n,2.0NRT,305.06,4.29,D
-27.42385,-56.91459,341.38,0.45,0.47,2026-02-28,1711,N,VIIRS,n,2.0NRT,299.84,8.04,D
-27.52891,-57.97327,346.45,0.52,0.5,2026-02-28,1711,N,VIIRS,n,2.0NRT,307.08,12.3,D
-27.52942,-57.97861,337.41,0.52,0.5,2026-02-28,1711,N,VIIRS,n,2.0NRT,304.9,3.03,D
-27.52477,-57.97918,335.67,0.52,0.5,2026-02-28,1711,N,VIIRS,l,2.0NRT,307.36,3.03,D
-27.52528,-57.98452,331.17,0.52,0.5,2026-02-28,1711,N,VIIRS,n,2.0NRT,303.76,3.03,D
-27.52012,-57.97976,343.52,0.52,0.5,2026-02-28,1711,N,VIIRS,n,2.0NRT,306.03,5.99,D
-27.52063,-57.98508,341.12,0.52,0.5,2026-02-28,1711,N,VIIRS,n,2.0NRT,302.91,5.99,D
-27.5308,-57.97552,354.33,0.52,0.5,2026-02-28,1711,N,VIIRS,n,2.0NRT,305.98,7.03,D
-27.52205,-57.98198,367,0.52,0.5,2026-02-28,1711,N,VIIRS,h,2.0NRT,308.67,17.59,D
-27.49028,-57.76247,340.83,0.5,0.49,2026-02-28,1711,N,VIIRS,n,2.0NRT,305.81,5.76,D
-27.55432,-58.86365,351.63,0.59,0.52,2026-02-28,1711,N,VIIRS,n,2.0NRT,301.04,12.42,D
-27.36629,-57.72223,340.17,0.5,0.49,2026-02-28,1711,N,VIIRS,n,2.0NRT,302.51,7.12,D
-27.36278,-57.73306,344.04,0.5,0.49,2026-02-28,1711,N,VIIRS,n,2.0NRT,303.01,14.32,D
-27.35301,-57.68259,335.33,0.49,0.49,2026-02-28,1711,N,VIIRS,n,2.0NRT,306.24,4.41,D
-27.34897,-57.68826,342.77,0.49,0.49,2026-02-28,1711,N,VIIRS,n,2.0NRT,303.05,15.7,D
-27.34949,-57.69334,338.89,0.49,0.49,2026-02-28,1711,N,VIIRS,n,2.0NRT,302.59,15.7,D
-26.84147,-54.30748,338.18,0.48,0.4,2026-02-28,1711,N,VIIRS,n,2.0NRT,302.42,4.72,D
-27.26393,-58.18599,335.9,0.53,0.5,2026-02-28,1711,N,VIIRS,n,2.0NRT,305.7,4.53,D
-27.26134,-58.20839,333.63,0.53,0.5,2026-02-28,1711,N,VIIRS,l,2.0NRT,305.82,13.92,D
-27.356,-59.5462,336.41,0.32,0.55,2026-02-28,1711,N,VIIRS,n,2.0NRT,291.56,2.31,D
-27.24438,-58.62797,334.78,0.56,0.52,2026-02-28,1711,N,VIIRS,n,2.0NRT,302.35,5.51,D
-26.72213,-58.40446,336.15,0.54,0.51,2026-02-28,1711,N,VIIRS,n,2.0NRT,299.6,3.4,D
-26.59017,-58.18717,336.2,0.52,0.5,2026-02-28,1711,N,VIIRS,n,2.0NRT,296.67,5.16,D
-26.58599,-58.35325,342.59,0.53,0.5,2026-02-28,1711,N,VIIRS,n,2.0NRT,304.63,7.29,D
-26.58654,-58.35869,331.84,0.53,0.5,2026-02-28,1711,N,VIIRS,l,2.0NRT,304.95,7.29,D
-26.00729,-53.91471,332.47,0.45,0.39,2026-02-28,1711,N,VIIRS,n,2.0NRT,294.8,1.68,D
-25.95817,-54.56313,333.83,0.48,0.4,2026-02-28,1711,N,VIIRS,l,2.0NRT,305.97,4.08,D
-26.54219,-61.09526,347.72,0.39,0.59,2026-02-28,1711,N,VIIRS,n,2.0NRT,308.03,6.99,D
-26.5363,-61.09176,347.92,0.39,0.59,2026-02-28,1711,N,VIIRS,n,2.0NRT,308.91,13.9,D
-26.53662,-61.09581,347.63,0.39,0.59,2026-02-28,1711,N,VIIRS,n,2.0NRT,310.46,6.99,D
-26.53786,-61.09546,367,0.39,0.59,2026-02-28,1711,N,VIIRS,h,2.0NRT,312.99,13.41,D
-26.53752,-61.09142,349.61,0.39,0.59,2026-02-28,1711,N,VIIRS,n,2.0NRT,309.86,9.74,D
-26.1943,-58.23844,330.14,0.52,0.5,2026-02-28,1711,N,VIIRS,l,2.0NRT,304.11,0.84,D
-26.20805,-58.47579,342.05,0.54,0.5,2026-02-28,1711,N,VIIRS,n,2.0NRT,306.3,13.71,D
-26.20857,-58.48126,339.04,0.54,0.5,2026-02-28,1711,N,VIIRS,n,2.0NRT,302.08,13.71,D
-26.19135,-59.20669,346.05,0.59,0.53,2026-02-28,1713,N,VIIRS,n,2.0NRT,306.71,5.08,D
-26.18642,-59.20726,340.77,0.59,0.53,2026-02-28,1713,N,VIIRS,n,2.0NRT,304.2,5.08,D
-26.33215,-60.95462,333.7,0.38,0.59,2026-02-28,1713,N,VIIRS,l,2.0NRT,305.71,6.68,D
-26.02718,-57.94861,337.54,0.49,0.49,2026-02-28,1713,N,VIIRS,n,2.0NRT,305.09,6.33,D
-26.02673,-57.9501,332.78,0.49,0.49,2026-02-28,1713,N,VIIRS,l,2.0NRT,305.15,2.48,D
-26.02994,-57.98032,332.67,0.5,0.49,2026-02-28,1713,N,VIIRS,l,2.0NRT,304.57,7.54,D
-26.01445,-57.92115,340.32,0.49,0.49,2026-02-28,1713,N,VIIRS,n,2.0NRT,306.09,5.74,D
-26.00832,-57.9067,331.04,0.49,0.49,2026-02-28,1713,N,VIIRS,l,2.0NRT,304.71,5.08,D
-26.00938,-57.91671,348.25,0.49,0.49,2026-02-28,1713,N,VIIRS,n,2.0NRT,304.94,9.53,D
-25.95235,-57.89858,349.08,0.49,0.49,2026-02-28,1713,N,VIIRS,n,2.0NRT,304.24,5.87,D
-25.85249,-57.86884,355.05,0.49,0.48,2026-02-28,1713,N,VIIRS,n,2.0NRT,305.86,8.39,D
-25.79197,-57.8292,344.15,0.48,0.48,2026-02-28,1713,N,VIIRS,n,2.0NRT,306.08,14.96,D
-25.78747,-57.82976,344.47,0.48,0.48,2026-02-28,1713,N,VIIRS,n,2.0NRT,310.16,14.96,D
-25.78245,-57.82545,337.36,0.48,0.48,2026-02-28,1713,N,VIIRS,n,2.0NRT,302.43,7.1,D
-25.78297,-57.83032,343.72,0.48,0.48,2026-02-28,1713,N,VIIRS,n,2.0NRT,305.39,7.1,D
-25.76186,-57.80326,355.38,0.48,0.48,2026-02-28,1713,N,VIIRS,n,2.0NRT,315.92,56.63,D
-25.76238,-57.80815,339.52,0.48,0.48,2026-02-28,1713,N,VIIRS,n,2.0NRT,304.5,6.59,D
-25.69946,-57.81609,343.14,0.48,0.48,2026-02-28,1713,N,VIIRS,n,2.0NRT,309.33,8.64,D
-25.69847,-57.81919,343.76,0.48,0.48,2026-02-28,1713,N,VIIRS,n,2.0NRT,309.2,7.21,D
-25.68371,-57.76694,357.14,0.48,0.48,2026-02-28,1713,N,VIIRS,n,2.0NRT,313.82,20.48,D
-25.88613,-59.86943,367,0.32,0.55,2026-02-28,1713,N,VIIRS,h,2.0NRT,309.96,7.53,D
-25.60019,-58.91908,367,0.56,0.52,2026-02-28,1713,N,VIIRS,h,2.0NRT,308.09,15.91,D
-25.59591,-58.92536,344.99,0.56,0.52,2026-02-28,1713,N,VIIRS,n,2.0NRT,306.69,11.62,D
-25.59645,-58.93106,342.54,0.56,0.52,2026-02-28,1713,N,VIIRS,n,2.0NRT,307.34,30.92,D
-25.59163,-58.93164,367,0.56,0.52,2026-02-28,1713,N,VIIRS,h,2.0NRT,311.03,30.92,D
-25.59109,-58.92593,341.59,0.56,0.52,2026-02-28,1713,N,VIIRS,n,2.0NRT,307.5,11.62,D
-25.60187,-58.92114,344.72,0.56,0.51,2026-02-28,1713,N,VIIRS,n,2.0NRT,305.48,15.05,D
-25.59648,-58.91601,331.27,0.56,0.51,2026-02-28,1713,N,VIIRS,l,2.0NRT,304.68,15.85,D
-25.59764,-58.9274,330.31,0.56,0.52,2026-02-28,1713,N,VIIRS,l,2.0NRT,302.72,12.63,D
-25.59821,-58.93309,355.57,0.56,0.52,2026-02-28,1713,N,VIIRS,n,2.0NRT,305.26,12.63,D
-25.59282,-58.92796,355.07,0.56,0.52,2026-02-28,1713,N,VIIRS,n,2.0NRT,307.52,12.63,D
-25.5934,-58.93367,350.62,0.56,0.52,2026-02-28,1713,N,VIIRS,n,2.0NRT,309.73,12.63,D
-25.58858,-58.93423,340.06,0.56,0.52,2026-02-28,1713,N,VIIRS,l,2.0NRT,311.03,11.76,D
-25.6245,-59.34582,339.72,0.6,0.53,2026-02-28,1713,N,VIIRS,n,2.0NRT,301.07,5.32,D
-25.43695,-57.66249,337.04,0.47,0.48,2026-02-28,1713,N,VIIRS,n,2.0NRT,307.49,6.5,D
-25.43747,-57.66722,338.73,0.47,0.48,2026-02-28,1713,N,VIIRS,n,2.0NRT,306.83,4.21,D
-25.43252,-57.66307,345.43,0.47,0.48,2026-02-28,1713,N,VIIRS,n,2.0NRT,312.04,6.5,D
-25.43303,-57.66779,342.11,0.47,0.48,2026-02-28,1713,N,VIIRS,n,2.0NRT,307.79,4.21,D
-25.42568,-57.68312,356.13,0.47,0.48,2026-02-28,1713,N,VIIRS,n,2.0NRT,310.1,15.41,D
-25.49816,-58.65711,367,0.54,0.51,2026-02-28,1713,N,VIIRS,h,2.0NRT,311.8,18.9,D
-25.49762,-58.65165,346.15,0.54,0.51,2026-02-28,1713,N,VIIRS,n,2.0NRT,306.36,19.47,D
-25.4987,-58.66257,344.71,0.54,0.51,2026-02-28,1713,N,VIIRS,n,2.0NRT,306.32,18.9,D
-25.49924,-58.66805,341.96,0.54,0.51,2026-02-28,1713,N,VIIRS,n,2.0NRT,306.14,6.86,D
-25.49289,-58.65222,347.1,0.54,0.51,2026-02-28,1713,N,VIIRS,n,2.0NRT,308.12,9.26,D
-25.49343,-58.65768,355.08,0.54,0.51,2026-02-28,1713,N,VIIRS,n,2.0NRT,308.03,16.83,D
-25.49397,-58.66314,333.86,0.54,0.51,2026-02-28,1713,N,VIIRS,n,2.0NRT,302.23,16.83,D
-25.48816,-58.65278,332.59,0.54,0.51,2026-02-28,1713,N,VIIRS,l,2.0NRT,304.55,9.26,D
-25.50762,-58.99176,336.45,0.56,0.52,2026-02-28,1713,N,VIIRS,n,2.0NRT,302.07,4.4,D
-25.35161,-57.86042,342.87,0.48,0.48,2026-02-28,1713,N,VIIRS,n,2.0NRT,305.32,4.61,D
-25.29433,-57.92191,357.04,0.48,0.48,2026-02-28,1713,N,VIIRS,n,2.0NRT,311.62,7.81,D
-25.29633,-57.94144,334.23,0.48,0.48,2026-02-28,1713,N,VIIRS,l,2.0NRT,306.59,4.13,D
-25.28933,-57.91759,331.4,0.48,0.48,2026-02-28,1713,N,VIIRS,l,2.0NRT,302.59,7.81,D
-25.28983,-57.92248,356.76,0.48,0.48,2026-02-28,1713,N,VIIRS,n,2.0NRT,313.87,7.81,D
-25.29752,-57.91958,331.87,0.48,0.48,2026-02-28,1713,N,VIIRS,l,2.0NRT,306.32,4.92,D
-25.29805,-57.92443,332.62,0.48,0.48,2026-02-28,1713,N,VIIRS,l,2.0NRT,305.98,4.65,D
-25.29302,-57.92014,345.19,0.48,0.48,2026-02-28,1713,N,VIIRS,n,2.0NRT,309.18,4.92,D
-25.29516,-57.93961,338.78,0.48,0.48,2026-02-28,1713,N,VIIRS,n,2.0NRT,310.03,4.64,D
-25.28852,-57.9207,347.38,0.48,0.48,2026-02-28,1713,N,VIIRS,n,2.0NRT,308.79,8.81,D
-25.28906,-57.92556,338.84,0.48,0.48,2026-02-28,1713,N,VIIRS,l,2.0NRT,312.43,4.22,D
-25.59077,-61.34774,367,0.4,0.6,2026-02-28,1713,N,VIIRS,h,2.0NRT,310.77,28.67,D
-25.59112,-61.3518,346.88,0.4,0.6,2026-02-28,1713,N,VIIRS,n,2.0NRT,311.9,15.06,D
-25.59146,-61.35586,336.96,0.4,0.6,2026-02-28,1713,N,VIIRS,l,2.0NRT,307.28,15.06,D
-25.58517,-61.34828,367,0.4,0.6,2026-02-28,1713,N,VIIRS,h,2.0NRT,301.55,28.67,D
-25.58483,-61.34422,349.48,0.4,0.6,2026-02-28,1713,N,VIIRS,n,2.0NRT,299.23,28.67,D
-25.58551,-61.35234,330.38,0.4,0.6,2026-02-28,1713,N,VIIRS,n,2.0NRT,301.21,15.06,D
-25.22615,-58.24649,334.1,0.5,0.49,2026-02-28,1713,N,VIIRS,n,2.0NRT,303.18,6.53,D
-25.21132,-58.14581,344.59,0.5,0.49,2026-02-28,1713,N,VIIRS,n,2.0NRT,305.28,5.76,D
-25.22673,-58.24888,337.22,0.5,0.49,2026-02-28,1713,N,VIIRS,n,2.0NRT,303.61,5.97,D
-25.21121,-58.14836,342.91,0.5,0.49,2026-02-28,1713,N,VIIRS,n,2.0NRT,305.13,7.03,D
-25.17665,-57.9572,349.07,0.48,0.48,2026-02-28,1713,N,VIIRS,n,2.0NRT,307.99,8.18,D
-25.2175,-58.4701,341.7,0.52,0.5,2026-02-28,1713,N,VIIRS,n,2.0NRT,303.23,7.5,D
-25.21806,-58.47537,340.93,0.52,0.5,2026-02-28,1713,N,VIIRS,n,2.0NRT,304.66,7.77,D
-25.16461,-58.27719,336.01,0.51,0.49,2026-02-28,1713,N,VIIRS,n,2.0NRT,307.13,4.15,D
-25.16567,-58.28743,333.22,0.51,0.49,2026-02-28,1713,N,VIIRS,l,2.0NRT,307.8,6.48,D
-25.1662,-58.29254,334.24,0.51,0.49,2026-02-28,1713,N,VIIRS,l,2.0NRT,304.57,3.14,D
-25.15949,-58.27266,339.49,0.51,0.49,2026-02-28,1713,N,VIIRS,n,2.0NRT,305.59,4.15,D
-25.16002,-58.27777,337.94,0.51,0.49,2026-02-28,1713,N,VIIRS,n,2.0NRT,307.95,4.15,D
-25.16707,-58.39159,333.58,0.51,0.5,2026-02-28,1713,N,VIIRS,l,2.0NRT,308.12,7.47,D
-25.46457,-62.29876,331.59,0.45,0.63,2026-02-28,1713,N,VIIRS,n,2.0NRT,299.88,3.87,D
-25.04994,-60.24488,339,0.33,0.56,2026-02-28,1713,N,VIIRS,n,2.0NRT,306.25,6.47,D
-24.73092,-59.18066,343.98,0.57,0.52,2026-02-28,1713,N,VIIRS,n,2.0NRT,306.02,9.85,D
-24.72607,-59.18123,335.62,0.57,0.52,2026-02-28,1713,N,VIIRS,l,2.0NRT,305.77,10.78,D
-24.8522,-60.68812,331.16,0.35,0.57,2026-02-28,1713,N,VIIRS,n,2.0NRT,300.49,1.61,D
-24.8195,-61.08328,350.71,0.37,0.58,2026-02-28,1713,N,VIIRS,n,2.0NRT,293.9,7.04,D
-24.81983,-61.08708,342.47,0.37,0.58,2026-02-28,1713,N,VIIRS,n,2.0NRT,296.93,7.04,D
-38.13429,-60.95194,331.92,0.35,0.56,2026-02-28,1847,N,VIIRS,n,2.0NRT,298.09,3.09,D
-38.41984,-62.29764,335.57,0.58,0.52,2026-02-28,1847,N,VIIRS,n,2.0NRT,302.18,2.7,D
-38.41679,-62.30622,338.93,0.58,0.52,2026-02-28,1847,N,VIIRS,n,2.0NRT,302.3,7.66,D
-38.41815,-62.29991,339.7,0.58,0.52,2026-02-28,1847,N,VIIRS,n,2.0NRT,302.28,5.54,D
-38.41978,-62.3066,345.67,0.58,0.52,2026-02-28,1847,N,VIIRS,n,2.0NRT,303.78,5.54,D
-38.74525,-68.8361,339.71,0.44,0.38,2026-02-28,1847,N,VIIRS,n,2.0NRT,297.92,3.42,D
-37.42701,-69.17089,339.9,0.44,0.39,2026-02-28,1849,N,VIIRS,n,2.0NRT,308.17,3.24,D
-34.05581,-58.69409,332.11,0.57,0.69,2026-02-28,1849,N,VIIRS,n,2.0NRT,300.37,9.63,D
-36.20831,-70.53464,334.49,0.42,0.37,2026-02-28,1849,N,VIIRS,n,2.0NRT,304.55,0.97,D
-33.27334,-60.86044,348.01,0.46,0.64,2026-02-28,1849,N,VIIRS,n,2.0NRT,293.26,7.63,D
-33.27803,-60.86353,367,0.46,0.64,2026-02-28,1849,N,VIIRS,h,2.0NRT,293.91,6.36,D
-33.27469,-60.86539,354.78,0.46,0.64,2026-02-28,1849,N,VIIRS,n,2.0NRT,293.83,7.63,D
-28.61018,-61.17602,333.95,0.58,0.7,2026-02-28,1849,N,VIIRS,n,2.0NRT,294.74,4.66,D
-29.01817,-61.26461,340.8,0.56,0.69,2026-02-28,1849,N,VIIRS,n,2.0NRT,296.84,14.64,D
-29.01661,-61.25882,367,0.56,0.69,2026-02-28,1849,N,VIIRS,h,2.0NRT,297.42,18.62,D
-29.509,-62.7638,339.18,0.45,0.63,2026-02-28,1849,N,VIIRS,n,2.0NRT,294.36,5.09,D
-29.51473,-62.76193,338.61,0.45,0.63,2026-02-28,1849,N,VIIRS,n,2.0NRT,293.33,5.09,D
-29.63844,-62.51025,331.64,0.46,0.64,2026-02-28,1849,N,VIIRS,n,2.0NRT,296.95,3.22,D
-29.81495,-63.0064,342.7,0.43,0.62,2026-02-28,1849,N,VIIRS,n,2.0NRT,296.32,7.82,D
-29.81383,-63.00196,350.51,0.43,0.62,2026-02-28,1849,N,VIIRS,n,2.0NRT,295.08,11.76,D
-29.85046,-62.66494,331.4,0.45,0.63,2026-02-28,1849,N,VIIRS,n,2.0NRT,293.81,3.99,D
-31.43819,-68.42562,346.24,0.4,0.44,2026-02-28,1849,N,VIIRS,n,2.0NRT,309.52,12.03,D
-30.21404,-62.82088,330.05,0.43,0.62,2026-02-28,1849,N,VIIRS,n,2.0NRT,296.88,4.15,D
-30.2208,-62.82349,343.47,0.43,0.62,2026-02-28,1849,N,VIIRS,n,2.0NRT,299.28,4.86,D
-30.22642,-62.82164,332.73,0.43,0.62,2026-02-28,1849,N,VIIRS,n,2.0NRT,296.04,4.86,D
-29.99597,-61.33084,335.58,0.53,0.67,2026-02-28,1849,N,VIIRS,n,2.0NRT,292.47,6.8,D
-29.99882,-61.32673,335.23,0.52,0.67,2026-02-28,1849,N,VIIRS,n,2.0NRT,292.72,4.04,D
-30.40188,-59.49843,344.75,0.64,0.72,2026-02-28,1849,N,VIIRS,n,2.0NRT,293.53,8.6,D
-31.3532,-58.9636,335.2,0.65,0.73,2026-02-28,1849,N,VIIRS,n,2.0NRT,292.94,4.03,D
-31.35978,-58.96103,326.91,0.65,0.73,2026-02-28,1849,N,VIIRS,n,2.0NRT,292.53,4.03,D
-33.27671,-60.85854,327.92,0.46,0.64,2026-02-28,1849,N,VIIRS,n,2.0NRT,292.57,6.36,D
-26.53775,-61.09465,330.88,0.65,0.73,2026-02-28,1851,N,VIIRS,l,2.0NRT,301.15,6.63,D
-27.16959,-60.46623,367,0.68,0.74,2026-02-28,1851,N,VIIRS,h,2.0NRT,294.71,21.85,D
-27.17151,-60.47324,336.81,0.68,0.74,2026-02-28,1851,N,VIIRS,n,2.0NRT,293.84,10.9,D
-27.00275,-60.81672,341.83,0.66,0.73,2026-02-28,1851,N,VIIRS,n,2.0NRT,296.89,4.43,D
-26.99607,-60.81888,334.25,0.66,0.73,2026-02-28,1851,N,VIIRS,n,2.0NRT,295.01,4.99,D
-26.99792,-60.82564,343.36,0.66,0.73,2026-02-28,1851,N,VIIRS,n,2.0NRT,294.52,4.99,D
-27.00233,-60.81857,341.25,0.66,0.73,2026-02-28,1851,N,VIIRS,n,2.0NRT,296.43,8.81,D
-26.99566,-60.82078,339.28,0.66,0.73,2026-02-28,1851,N,VIIRS,n,2.0NRT,294.85,8.81,D
-26.69048,-60.98445,335.09,0.66,0.73,2026-02-28,1851,N,VIIRS,n,2.0NRT,297.54,10.43,D
-26.69233,-60.99119,338.16,0.66,0.73,2026-02-28,1851,N,VIIRS,n,2.0NRT,301.02,10.94,D
-26.69197,-60.99084,343.73,0.66,0.73,2026-02-28,1851,N,VIIRS,n,2.0NRT,302.05,11.75,D
-26.1904,-59.75272,335.19,0.79,0.78,2026-02-28,1851,N,VIIRS,n,2.0NRT,297.52,6.82,D
-26.61536,-61.36504,340.52,0.63,0.72,2026-02-28,1851,N,VIIRS,n,2.0NRT,304.63,12.69,D
-26.53638,-61.09195,332.25,0.65,0.73,2026-02-28,1851,N,VIIRS,n,2.0NRT,301.58,9.13,D
-26.25664,-61.18793,344.61,0.66,0.73,2026-02-28,1851,N,VIIRS,n,2.0NRT,298.59,10.91,D
-26.06966,-60.92767,367,0.68,0.74,2026-02-28,1851,N,VIIRS,h,2.0NRT,299.02,48.89,D
-26.07155,-60.93463,351.99,0.68,0.74,2026-02-28,1851,N,VIIRS,n,2.0NRT,302.9,41.68,D
-25.59342,-61.34899,338.43,0.66,0.73,2026-02-28,1851,N,VIIRS,n,2.0NRT,298.72,10.66,D
-25.58489,-61.34435,354.47,0.67,0.73,2026-02-28,1851,N,VIIRS,n,2.0NRT,296.86,10.66,D
-25.5867,-61.35107,340.55,0.66,0.73,2026-02-28,1851,N,VIIRS,n,2.0NRT,296.96,10.66,D
-25.59179,-61.34464,341.64,0.67,0.73,2026-02-28,1851,N,VIIRS,n,2.0NRT,298.38,13.34,D
-25.59357,-61.35139,333.25,0.67,0.73,2026-02-28,1851,N,VIIRS,n,2.0NRT,298.69,16.13,D
-25.58509,-61.34675,347.95,0.67,0.73,2026-02-28,1851,N,VIIRS,n,2.0NRT,295.93,12.42,D
-24.10927,-66.69727,343.6,0.35,0.57,2026-02-28,1851,N,VIIRS,n,2.0NRT,314.34,4.75,D
-25.82164,-58.01925,308.31,0.36,0.58,2026-03-01,0425,N,VIIRS,n,2.0NRT,290.41,1.94,N
-25.82331,-58.01197,310.64,0.36,0.58,2026-03-01,0425,N,VIIRS,n,2.0NRT,290.76,1.07,N
-25.86058,-57.8737,302.05,0.35,0.57,2026-03-01,0425,N,VIIRS,n,2.0NRT,291.09,0.57,N
-25.9671,-57.93585,324.79,0.36,0.57,2026-03-01,0425,N,VIIRS,n,2.0NRT,291.83,8.77,N
-25.96791,-57.9323,367,0.36,0.57,2026-03-01,0425,N,VIIRS,h,2.0NRT,294,5.37,N
-25.97312,-57.93382,334.45,0.36,0.57,2026-03-01,0425,N,VIIRS,n,2.0NRT,290.88,5.37,N
-25.71095,-59.11436,316,0.42,0.61,2026-03-01,0425,N,VIIRS,n,2.0NRT,289.57,1.34,N
-25.96554,-57.9338,333.78,0.36,0.57,2026-03-01,0425,N,VIIRS,n,2.0NRT,291.95,4.91,N
-25.96637,-57.93026,336.13,0.35,0.57,2026-03-01,0425,N,VIIRS,n,2.0NRT,291.74,4.98,N
-25.97158,-57.93177,367,0.35,0.57,2026-03-01,0425,N,VIIRS,h,2.0NRT,292.47,4.98,N
-25.97075,-57.93532,302.32,0.36,0.57,2026-03-01,0425,N,VIIRS,n,2.0NRT,290.63,4.91,N
-25.04626,-60.24388,301.03,0.51,0.66,2026-03-01,0425,N,VIIRS,n,2.0NRT,290.36,0.49,N
-26.77856,-54.3176,309.75,0.42,0.45,2026-03-01,0425,N,VIIRS,n,2.0NRT,288.97,0.85,N
-25.05229,-60.24575,317.73,0.51,0.66,2026-03-01,0425,N,VIIRS,n,2.0NRT,291.35,1.99,N
-25.15903,-58.19459,309.43,0.38,0.59,2026-03-01,0425,N,VIIRS,n,2.0NRT,291.72,0.8,N
-25.1599,-58.19076,307.48,0.38,0.59,2026-03-01,0425,N,VIIRS,n,2.0NRT,290.79,0.8,N
-25.82248,-58.0156,325.85,0.36,0.58,2026-03-01,0425,N,VIIRS,n,2.0NRT,291.09,1.94,N
-25.05356,-60.24065,316.54,0.51,0.66,2026-03-01,0425,N,VIIRS,n,2.0NRT,291.2,1.99,N
-25.7117,-59.11576,307,0.42,0.61,2026-03-01,0425,N,VIIRS,n,2.0NRT,290.11,0.72,N
-25.71273,-59.11152,307.5,0.42,0.61,2026-03-01,0425,N,VIIRS,n,2.0NRT,288.89,0.72,N
-25.71731,-59.1174,305.67,0.42,0.61,2026-03-01,0425,N,VIIRS,n,2.0NRT,290.24,0.96,N
-25.71834,-59.11318,311.17,0.42,0.61,2026-03-01,0425,N,VIIRS,n,2.0NRT,290.51,0.96,N
-26.92476,-55.0996,313.6,0.46,0.47,2026-03-01,0425,N,VIIRS,n,2.0NRT,290.69,1.47,N
-26.92912,-55.10066,323.99,0.46,0.47,2026-03-01,0425,N,VIIRS,n,2.0NRT,292.36,4.02,N
-26.92958,-55.09792,333.09,0.46,0.47,2026-03-01,0425,N,VIIRS,n,2.0NRT,292.18,4.05,N
-25.58929,-61.34022,304.55,0.57,0.69,2026-03-01,0425,N,VIIRS,n,2.0NRT,289.54,1.13,N
-25.59414,-61.34806,309.87,0.57,0.69,2026-03-01,0425,N,VIIRS,n,2.0NRT,289.92,1.38,N
-25.58709,-61.34444,305.22,0.57,0.69,2026-03-01,0425,N,VIIRS,n,2.0NRT,289.86,1.48,N
-25.59341,-61.34647,315.38,0.57,0.69,2026-03-01,0425,N,VIIRS,n,2.0NRT,289.6,2.19,N
-26.19218,-59.20657,304.51,0.42,0.61,2026-03-01,0425,N,VIIRS,n,2.0NRT,290.36,1.32,N
-26.19318,-59.20237,301.77,0.42,0.61,2026-03-01,0425,N,VIIRS,n,2.0NRT,290.12,0.64,N
-26.19386,-59.7542,324.08,0.45,0.63,2026-03-01,0425,N,VIIRS,n,2.0NRT,290.35,1.42,N
-26.1996,-59.756,300.54,0.45,0.63,2026-03-01,0425,N,VIIRS,n,2.0NRT,288.79,1.42,N
-26.191,-59.75601,309.66,0.45,0.63,2026-03-01,0425,N,VIIRS,n,2.0NRT,290.27,1.67,N
-26.19674,-59.75777,309.43,0.45,0.63,2026-03-01,0425,N,VIIRS,n,2.0NRT,289.44,1.67,N
-26.19786,-59.75326,305.58,0.45,0.63,2026-03-01,0425,N,VIIRS,n,2.0NRT,289.31,1.86,N
-26.07518,-61.16556,322.76,0.55,0.68,2026-03-01,0425,N,VIIRS,n,2.0NRT,289.86,3.42,N
-26.07657,-61.16004,325.47,0.55,0.68,2026-03-01,0425,N,VIIRS,n,2.0NRT,289.92,3.42,N
-26.07762,-61.16302,338.98,0.55,0.68,2026-03-01,0425,N,VIIRS,n,2.0NRT,290.59,4.96,N
-27.34765,-56.02043,310.74,0.51,0.5,2026-03-01,0425,N,VIIRS,n,2.0NRT,292.44,2.65,N
-27.34875,-56.01528,314.03,0.51,0.5,2026-03-01,0425,N,VIIRS,n,2.0NRT,293.14,2.65,N
-27.45586,-57.26074,308.85,0.6,0.53,2026-03-01,0425,N,VIIRS,n,2.0NRT,293.53,2.06,N
-27.46073,-57.26211,302.78,0.6,0.53,2026-03-01,0425,N,VIIRS,n,2.0NRT,291.01,2.06,N
-27.42522,-57.46313,337.96,0.62,0.54,2026-03-01,0425,N,VIIRS,n,2.0NRT,291.51,6.36,N
-27.42665,-57.45686,321.52,0.62,0.54,2026-03-01,0425,N,VIIRS,n,2.0NRT,290.89,6.36,N
-27.42377,-57.46943,315.46,0.62,0.54,2026-03-01,0425,N,VIIRS,n,2.0NRT,290.64,2.46,N
-26.61357,-61.36517,343.17,0.54,0.68,2026-03-01,0425,N,VIIRS,n,2.0NRT,292.5,3.71,N
-26.61975,-61.3672,301.26,0.54,0.68,2026-03-01,0425,N,VIIRS,n,2.0NRT,290.1,3.71,N
-26.99755,-60.8202,345.48,0.5,0.66,2026-03-01,0425,N,VIIRS,n,2.0NRT,292.59,3.34,N
-26.99628,-60.82524,309.52,0.5,0.66,2026-03-01,0425,N,VIIRS,n,2.0NRT,291.8,3.34,N
-26.99883,-60.81515,302.11,0.5,0.66,2026-03-01,0425,N,VIIRS,n,2.0NRT,291.05,3.93,N
-27.00352,-60.82212,323.94,0.5,0.66,2026-03-01,0425,N,VIIRS,n,2.0NRT,290.66,3.34,N
-27.00225,-60.82717,302.6,0.5,0.66,2026-03-01,0425,N,VIIRS,n,2.0NRT,290.68,3.34,N
-27.00194,-60.82405,330.88,0.5,0.66,2026-03-01,0425,N,VIIRS,n,2.0NRT,290.91,2.96,N
-27.00063,-60.82909,302.92,0.5,0.66,2026-03-01,0425,N,VIIRS,n,2.0NRT,290.81,2.82,N
-27.00324,-60.81902,308.66,0.5,0.65,2026-03-01,0425,N,VIIRS,n,2.0NRT,290.59,2.96,N
-29.36085,-56.98913,304.7,0.53,0.5,2026-03-01,0425,N,VIIRS,n,2.0NRT,289.68,0.9,N
-25.25702,-58.21717,318.08,0.38,0.59,2026-03-01,0425,N,VIIRS,n,2.0NRT,292.02,1.93,N
-25.25793,-58.21449,303.58,0.38,0.59,2026-03-01,0425,N,VIIRS,n,2.0NRT,291.13,1.01,N
-25.25706,-58.21831,315.43,0.38,0.59,2026-03-01,0425,N,VIIRS,n,2.0NRT,292.01,2.23,N
-25.15927,-58.19431,317.3,0.38,0.59,2026-03-01,0425,N,VIIRS,n,2.0NRT,291.65,1.91,N
-25.85537,-57.87218,321.59,0.35,0.57,2026-03-01,0425,N,VIIRS,n,2.0NRT,291.88,2.01,N
-36.87431,-56.71345,300.31,0.55,0.42,2026-03-01,0427,N,VIIRS,n,2.0NRT,288.8,0.83,N
-29.50043,-62.76427,324.93,0.56,0.69,2026-03-01,0427,N,VIIRS,n,2.0NRT,289.76,2.81,N
-29.50223,-62.76223,333.53,0.56,0.69,2026-03-01,0427,N,VIIRS,n,2.0NRT,290.11,3.86,N
-29.50065,-62.76804,307.32,0.56,0.69,2026-03-01,0427,N,VIIRS,n,2.0NRT,289.55,3.54,N
-29.50845,-62.76448,317.67,0.56,0.69,2026-03-01,0427,N,VIIRS,n,2.0NRT,290.18,3.14,N
-29.51003,-62.75869,317.82,0.56,0.69,2026-03-01,0427,N,VIIRS,n,2.0NRT,290.03,3.14,N
-29.5116,-62.75292,315.1,0.56,0.69,2026-03-01,0427,N,VIIRS,n,2.0NRT,289.91,2.81,N
-29.51624,-62.76095,318.1,0.56,0.69,2026-03-01,0427,N,VIIRS,n,2.0NRT,289.71,3.14,N
-31.35579,-58.96571,305.83,0.62,0.54,2026-03-01,0427,N,VIIRS,n,2.0NRT,287.53,2.19,N
-33.2548,-60.2892,320.33,0.33,0.55,2026-03-01,0427,N,VIIRS,n,2.0NRT,290.88,2.42,N
-33.25567,-60.28569,305.74,0.33,0.55,2026-03-01,0427,N,VIIRS,n,2.0NRT,289.74,1.97,N
-33.36868,-60.16389,326.44,0.33,0.55,2026-03-01,0427,N,VIIRS,n,2.0NRT,290.85,1.37,N
-33.36956,-60.16033,301.89,0.32,0.55,2026-03-01,0427,N,VIIRS,n,2.0NRT,290.02,1.37,N
-34.14453,-58.98574,300.58,0.54,0.51,2026-03-01,0427,N,VIIRS,n,2.0NRT,289.75,1.52,N
-34.14914,-58.98732,300.6,0.54,0.51,2026-03-01,0427,N,VIIRS,n,2.0NRT,289.83,1.34,N
-34.23997,-58.92574,314.02,0.53,0.5,2026-03-01,0427,N,VIIRS,n,2.0NRT,288.21,2.08,N
-34.85793,-57.89654,326.95,0.46,0.47,2026-03-01,0427,N,VIIRS,n,2.0NRT,291.52,2.9,N
-36.87556,-56.70734,298.83,0.55,0.42,2026-03-01,0427,N,VIIRS,n,2.0NRT,288.69,0.54,N
-38.74683,-68.84101,307.87,0.65,0.73,2026-03-01,0429,N,VIIRS,n,2.0NRT,286.63,1.53,N
-38.01011,-68.59734,323.71,0.66,0.73,2026-03-01,0429,N,VIIRS,n,2.0NRT,288.88,4.36,N
-38.74037,-68.83774,316.35,0.65,0.73,2026-03-01,0429,N,VIIRS,n,2.0NRT,287.08,1.53,N
-25.04622,-60.25182,310.12,0.54,0.68,2026-03-01,0605,N,VIIRS,n,2.0NRT,289.84,1.51,N
-25.58745,-61.35707,307.79,0.46,0.64,2026-03-01,0605,N,VIIRS,n,2.0NRT,291,1.55,N
-25.58784,-61.3523,315.91,0.46,0.64,2026-03-01,0605,N,VIIRS,n,2.0NRT,290.52,1.55,N
-25.58361,-61.35173,301.55,0.46,0.64,2026-03-01,0605,N,VIIRS,n,2.0NRT,290.52,1.01,N
-25.58925,-61.3571,304.48,0.46,0.64,2026-03-01,0605,N,VIIRS,n,2.0NRT,290.79,1.67,N
-25.58961,-61.35232,314.82,0.46,0.64,2026-03-01,0605,N,VIIRS,n,2.0NRT,290.63,1.78,N
-26.07116,-61.16298,306.45,0.48,0.65,2026-03-01,0605,N,VIIRS,n,2.0NRT,290.14,2.93,N
-26.07688,-61.16856,327.51,0.48,0.65,2026-03-01,0605,N,VIIRS,n,2.0NRT,290.39,2.93,N
-26.07725,-61.16358,334.51,0.48,0.65,2026-03-01,0605,N,VIIRS,n,2.0NRT,290.53,2.93,N
-26.18851,-59.75988,299.5,0.59,0.7,2026-03-01,0605,N,VIIRS,n,2.0NRT,288.31,0.63,N
-26.19511,-59.7604,310.43,0.59,0.7,2026-03-01,0605,N,VIIRS,n,2.0NRT,288.54,1.81,N
-26.19346,-59.7593,311.4,0.59,0.7,2026-03-01,0605,N,VIIRS,n,2.0NRT,288.85,1.38,N
-26.19383,-59.75313,298,0.59,0.7,2026-03-01,0605,N,VIIRS,n,2.0NRT,287.91,1.38,N
-25.04317,-60.25934,305.38,0.54,0.68,2026-03-01,0605,N,VIIRS,n,2.0NRT,289.83,1.12,N
-26.61632,-61.36369,320.59,0.47,0.64,2026-03-01,0605,N,VIIRS,n,2.0NRT,291.04,2.88,N
-26.61045,-61.36512,324.92,0.47,0.64,2026-03-01,0605,N,VIIRS,n,2.0NRT,291.66,2.18,N
-26.6165,-61.3657,321.77,0.47,0.64,2026-03-01,0605,N,VIIRS,n,2.0NRT,290.99,2.18,N
-25.15635,-58.21241,308.88,0.72,0.75,2026-03-01,0605,N,VIIRS,n,2.0NRT,288.4,2.48,N
-27.0004,-60.81915,348.65,0.51,0.66,2026-03-01,0605,N,VIIRS,n,2.0NRT,291.89,5.27,N
-27.00079,-60.81375,321.37,0.52,0.66,2026-03-01,0605,N,VIIRS,n,2.0NRT,290.56,5.27,N
-27.00001,-60.82455,300.35,0.51,0.66,2026-03-01,0605,N,VIIRS,n,2.0NRT,290.27,4.49,N
-26.99805,-60.81717,332.93,0.52,0.66,2026-03-01,0605,N,VIIRS,n,2.0NRT,291.16,5.07,N
-26.99769,-60.82258,305.89,0.52,0.66,2026-03-01,0605,N,VIIRS,n,2.0NRT,290.43,3.19,N
-27.00432,-60.81774,338.04,0.52,0.66,2026-03-01,0605,N,VIIRS,n,2.0NRT,290.36,5.07,N
-27.00396,-60.82316,300.5,0.52,0.66,2026-03-01,0605,N,VIIRS,n,2.0NRT,289.88,3.19,N
-26.61027,-61.36312,319.75,0.47,0.64,2026-03-01,0605,N,VIIRS,n,2.0NRT,290.87,2.6,N
-25.04952,-60.25992,313.95,0.54,0.68,2026-03-01,0605,N,VIIRS,n,2.0NRT,290.32,2.54,N
-25.04584,-60.25735,309.44,0.54,0.68,2026-03-01,0605,N,VIIRS,n,2.0NRT,290.13,2.08,N
-29.51244,-62.75587,337.39,0.42,0.61,2026-03-01,0607,N,VIIRS,n,2.0NRT,290.61,2.14,N
-29.51276,-62.75143,305.18,0.42,0.61,2026-03-01,0607,N,VIIRS,n,2.0NRT,290.18,2.14,N
-29.50671,-62.75531,303.55,0.42,0.61,2026-03-01,0607,N,VIIRS,n,2.0NRT,289.72,2.17,N
-29.51308,-62.74699,309.58,0.42,0.61,2026-03-01,0607,N,VIIRS,n,2.0NRT,289.95,1.79,N
-29.51818,-62.75641,336.92,0.42,0.61,2026-03-01,0607,N,VIIRS,n,2.0NRT,290.99,2.14,N
-29.5185,-62.75197,303.98,0.42,0.61,2026-03-01,0607,N,VIIRS,n,2.0NRT,290.08,2.14,N
-29.8095,-62.99882,304.97,0.41,0.6,2026-03-01,0607,N,VIIRS,n,2.0NRT,289.66,0.42,N
-29.81517,-62.99938,300.72,0.41,0.6,2026-03-01,0607,N,VIIRS,n,2.0NRT,289.13,0.42,N
-33.25966,-60.28975,297.76,0.62,0.71,2026-03-01,0607,N,VIIRS,n,2.0NRT,287.74,1.78,N
-33.25996,-60.28274,305.05,0.62,0.71,2026-03-01,0607,N,VIIRS,n,2.0NRT,288.13,1.78,N
-29.50639,-62.75975,347.37,0.42,0.61,2026-03-01,0607,N,VIIRS,n,2.0NRT,290.99,5.2,N
-37.41211,-69.17091,305.18,0.44,0.46,2026-03-01,0609,N,VIIRS,n,2.0NRT,286.07,0.83,N
-37.42931,-69.17393,326.27,0.44,0.46,2026-03-01,0609,N,VIIRS,n,2.0NRT,287.39,2.46,N
-37.71171,-69.14035,301.67,0.44,0.46,2026-03-01,0609,N,VIIRS,n,2.0NRT,284.64,0.98,N
-37.71218,-69.13531,318.3,0.44,0.46,2026-03-01,0609,N,VIIRS,n,2.0NRT,285.87,1.75,N
-37.71651,-69.13594,298.66,0.44,0.46,2026-03-01,0609,N,VIIRS,n,2.0NRT,285.02,0.6,N
-38.11941,-68.53732,323.95,0.48,0.48,2026-03-01,0609,N,VIIRS,n,2.0NRT,285.27,2.43,N
-38.27591,-68.70132,310.6,0.47,0.48,2026-03-01,0609,N,VIIRS,n,2.0NRT,286.21,0.99,N
-38.74603,-68.84002,337.53,0.47,0.48,2026-03-01,0609,N,VIIRS,n,2.0NRT,288.3,4.93,N
-37.08567,-69.47616,319.23,0.42,0.45,2026-03-01,0609,N,VIIRS,n,2.0NRT,289.02,1.51,N
-38.1484,-58.4991,341.74,0.64,0.72,2026-03-01,1647,N,VIIRS,n,2.0NRT,288.22,9.87,D
-38.14141,-58.49151,335.08,0.64,0.72,2026-03-01,1647,N,VIIRS,n,2.0NRT,286.04,9.87,D
-38.14153,-58.49922,353.74,0.64,0.72,2026-03-01,1647,N,VIIRS,n,2.0NRT,286.73,9.87,D
-38.14828,-58.49138,367,0.64,0.72,2026-03-01,1647,N,VIIRS,h,2.0NRT,290.68,9.87,D
-37.33085,-59.06623,331.36,0.68,0.74,2026-03-01,1649,N,VIIRS,n,2.0NRT,298.3,7.32,D
-34.67486,-58.57608,330.23,0.62,0.71,2026-03-01,1649,N,VIIRS,n,2.0NRT,298.8,2.31,D
-33.46466,-60.01994,332.31,0.73,0.76,2026-03-01,1649,N,VIIRS,n,2.0NRT,295.41,9.21,D
-33.46484,-60.02803,355.17,0.73,0.76,2026-03-01,1649,N,VIIRS,n,2.0NRT,298.19,9.21,D
-33.46384,-60.02832,367,0.73,0.76,2026-03-01,1649,N,VIIRS,h,2.0NRT,298.02,13.69,D
-33.40291,-60.19881,331.33,0.75,0.77,2026-03-01,1649,N,VIIRS,n,2.0NRT,298.35,0.99,D
-32.88833,-60.42954,329.11,0.76,0.77,2026-03-01,1649,N,VIIRS,n,2.0NRT,295.43,3.76,D
-32.25597,-58.87568,335.73,0.62,0.71,2026-03-01,1649,N,VIIRS,n,2.0NRT,297.26,7,D
-32.01561,-59.65896,334.88,0.68,0.74,2026-03-01,1649,N,VIIRS,n,2.0NRT,296.01,4.3,D
-32.01865,-59.6601,336.75,0.68,0.74,2026-03-01,1649,N,VIIRS,n,2.0NRT,296.11,6.44,D
-37.33453,-59.06155,343.65,0.68,0.74,2026-03-01,1649,N,VIIRS,n,2.0NRT,298.92,11.28,D
-25.46508,-57.65581,333.41,0.46,0.63,2026-03-01,1652,N,VIIRS,n,2.0NRT,298.31,6.35,D
-29.36194,-56.98559,334.61,0.46,0.63,2026-03-01,1652,N,VIIRS,n,2.0NRT,297.8,5.85,D
-29.12282,-56.71962,353.87,0.44,0.62,2026-03-01,1652,N,VIIRS,n,2.0NRT,298.81,5.64,D
-28.61994,-56.68567,341.66,0.43,0.62,2026-03-01,1652,N,VIIRS,n,2.0NRT,298.04,4.85,D
-28.62019,-56.68417,342.96,0.43,0.62,2026-03-01,1652,N,VIIRS,n,2.0NRT,299.13,4.83,D
-28.53586,-56.23936,350.15,0.4,0.6,2026-03-01,1652,N,VIIRS,n,2.0NRT,297.02,6.58,D
-28.53019,-56.23986,348.83,0.4,0.6,2026-03-01,1652,N,VIIRS,n,2.0NRT,297.05,6.58,D
-28.46377,-56.94965,329.76,0.45,0.63,2026-03-01,1652,N,VIIRS,n,2.0NRT,298.89,2.47,D
-28.45535,-59.01103,343.32,0.59,0.7,2026-03-01,1652,N,VIIRS,n,2.0NRT,297.48,5.58,D
-28.45203,-59.01324,343.06,0.59,0.7,2026-03-01,1652,N,VIIRS,n,2.0NRT,298.05,6.07,D
-28.04133,-56.03649,332.88,0.39,0.59,2026-03-01,1652,N,VIIRS,n,2.0NRT,298.37,2.46,D
-28.28816,-60.39457,336.25,0.71,0.75,2026-03-01,1652,N,VIIRS,n,2.0NRT,296.34,6.37,D
-27.42122,-54.72101,336.1,0.32,0.54,2026-03-01,1652,N,VIIRS,n,2.0NRT,299.73,2.83,D
-27.56739,-56.69613,332.2,0.42,0.61,2026-03-01,1652,N,VIIRS,n,2.0NRT,297.24,5.52,D
-27.52779,-56.78883,335.1,0.43,0.62,2026-03-01,1652,N,VIIRS,n,2.0NRT,297.63,5.65,D
-27.52199,-56.78934,347.11,0.43,0.62,2026-03-01,1652,N,VIIRS,n,2.0NRT,298.59,5.65,D
-27.74546,-61.11026,344.4,0.78,0.78,2026-03-01,1652,N,VIIRS,n,2.0NRT,296.82,12.49,D
-27.5036,-56.85877,330.81,0.43,0.62,2026-03-01,1652,N,VIIRS,n,2.0NRT,295.99,4.28,D
-27.49652,-56.84128,334.52,0.43,0.62,2026-03-01,1652,N,VIIRS,n,2.0NRT,295.31,2.06,D
-27.56297,-57.93544,343,0.5,0.66,2026-03-01,1652,N,VIIRS,n,2.0NRT,299.77,6.6,D
-27.5571,-57.94122,335.33,0.5,0.66,2026-03-01,1652,N,VIIRS,n,2.0NRT,302.09,5.72,D
-27.55743,-57.9465,348.93,0.5,0.66,2026-03-01,1652,N,VIIRS,n,2.0NRT,300.69,5.72,D
-27.55091,-57.94171,350.43,0.5,0.66,2026-03-01,1652,N,VIIRS,n,2.0NRT,300.35,5.72,D
-27.55123,-57.947,334.83,0.5,0.66,2026-03-01,1652,N,VIIRS,n,2.0NRT,298.96,5.72,D
-27.50756,-56.82134,334.35,0.43,0.62,2026-03-01,1652,N,VIIRS,n,2.0NRT,296.78,2.08,D
-27.49734,-56.84029,334.33,0.43,0.62,2026-03-01,1652,N,VIIRS,n,2.0NRT,295.44,2.51,D
-27.56517,-57.93819,333.52,0.5,0.66,2026-03-01,1652,N,VIIRS,n,2.0NRT,300.28,7.04,D
-27.74647,-61.11061,344.58,0.78,0.78,2026-03-01,1652,N,VIIRS,n,2.0NRT,296.63,10.32,D
-27.55933,-57.94392,354.48,0.5,0.66,2026-03-01,1652,N,VIIRS,n,2.0NRT,301.83,7.04,D
-27.55313,-57.94439,367,0.5,0.66,2026-03-01,1652,N,VIIRS,h,2.0NRT,302.06,14.65,D
-27.55242,-57.93388,337.11,0.5,0.66,2026-03-01,1652,N,VIIRS,n,2.0NRT,300.75,5.78,D
-27.47568,-57.02056,333.62,0.44,0.62,2026-03-01,1652,N,VIIRS,n,2.0NRT,294.93,2.93,D
-27.7005,-60.90702,338.41,0.75,0.77,2026-03-01,1652,N,VIIRS,n,2.0NRT,295.28,1.3,D
-27.50765,-58.98515,367,0.58,0.7,2026-03-01,1652,N,VIIRS,h,2.0NRT,299.56,17.54,D
-27.50732,-58.97903,338.11,0.58,0.7,2026-03-01,1652,N,VIIRS,n,2.0NRT,297.91,17.54,D
-27.50856,-58.98044,367,0.58,0.7,2026-03-01,1652,N,VIIRS,h,2.0NRT,299.55,25.21,D
-27.50892,-58.98652,356.38,0.58,0.7,2026-03-01,1652,N,VIIRS,n,2.0NRT,298.4,21.29,D
-27.15054,-54.89769,350.35,0.32,0.55,2026-03-01,1652,N,VIIRS,n,2.0NRT,302.59,3.55,D
-27.38633,-58.99643,367,0.58,0.7,2026-03-01,1652,N,VIIRS,h,2.0NRT,296.31,9.49,D
-26.92502,-55.09452,367,0.33,0.55,2026-03-01,1652,N,VIIRS,h,2.0NRT,300.16,15.91,D
-26.92531,-55.0979,354.82,0.33,0.55,2026-03-01,1652,N,VIIRS,n,2.0NRT,308.39,16.95,D
-26.92491,-55.09697,367,0.33,0.55,2026-03-01,1652,N,VIIRS,h,2.0NRT,307.79,10.23,D
-26.92521,-55.10035,337.07,0.33,0.55,2026-03-01,1652,N,VIIRS,n,2.0NRT,301.21,10.23,D
-27.00028,-59.85988,335.13,0.65,0.73,2026-03-01,1652,N,VIIRS,n,2.0NRT,296.48,5.27,D
-26.97248,-61.08592,341.52,0.76,0.77,2026-03-01,1652,N,VIIRS,n,2.0NRT,296.99,10.8,D
-26.43959,-60.72773,340.11,0.72,0.76,2026-03-01,1652,N,VIIRS,n,2.0NRT,297.26,8.26,D
-26.00772,-57.9014,367,0.48,0.65,2026-03-01,1652,N,VIIRS,h,2.0NRT,302.38,13.07,D
-26.00737,-57.89643,342.11,0.48,0.65,2026-03-01,1652,N,VIIRS,n,2.0NRT,301.3,13.27,D
-26.00876,-57.91639,335.37,0.48,0.65,2026-03-01,1652,N,VIIRS,n,2.0NRT,300.64,10.59,D
-26.01406,-57.91353,341.32,0.48,0.65,2026-03-01,1652,N,VIIRS,n,2.0NRT,299.09,4.13,D
-26.00683,-57.89909,367,0.48,0.65,2026-03-01,1652,N,VIIRS,h,2.0NRT,301.91,7.86,D
-26.00721,-57.90406,339.71,0.48,0.65,2026-03-01,1652,N,VIIRS,n,2.0NRT,301.26,7.86,D
-26.00797,-57.91404,336.88,0.48,0.65,2026-03-01,1652,N,VIIRS,n,2.0NRT,299.96,5.77,D
-25.98637,-59.40036,333.27,0.59,0.7,2026-03-01,1652,N,VIIRS,n,2.0NRT,301.67,4.24,D
-26.07827,-61.15088,345.22,0.76,0.77,2026-03-01,1652,N,VIIRS,n,2.0NRT,298.52,11.79,D
-26.07864,-61.15889,349.05,0.76,0.77,2026-03-01,1652,N,VIIRS,n,2.0NRT,299.29,11.79,D
-26.07901,-61.16691,334.45,0.76,0.77,2026-03-01,1652,N,VIIRS,n,2.0NRT,296.98,6.24,D
-26.07098,-61.15132,367,0.76,0.77,2026-03-01,1652,N,VIIRS,h,2.0NRT,300.4,22.01,D
-26.07135,-61.15933,367,0.76,0.77,2026-03-01,1652,N,VIIRS,h,2.0NRT,302.77,22.01,D
-26.07821,-61.15094,345.94,0.76,0.77,2026-03-01,1652,N,VIIRS,n,2.0NRT,298.56,16.95,D
-26.07862,-61.15894,350.48,0.76,0.77,2026-03-01,1652,N,VIIRS,n,2.0NRT,299.77,10.68,D
-26.07904,-61.16693,335.49,0.76,0.77,2026-03-01,1652,N,VIIRS,n,2.0NRT,297.24,10.68,D
-26.07091,-61.15134,367,0.76,0.77,2026-03-01,1652,N,VIIRS,h,2.0NRT,299.76,33.79,D
-26.07133,-61.15934,367,0.76,0.77,2026-03-01,1652,N,VIIRS,h,2.0NRT,302.19,29.33,D
-25.8581,-57.87469,352.68,0.48,0.65,2026-03-01,1652,N,VIIRS,n,2.0NRT,298.23,11.3,D
-25.67202,-57.763,343.52,0.47,0.64,2026-03-01,1652,N,VIIRS,n,2.0NRT,299.76,8.51,D
-25.67716,-57.76581,336,0.47,0.64,2026-03-01,1652,N,VIIRS,n,2.0NRT,301.87,7.21,D
-25.69379,-57.98175,339.81,0.48,0.65,2026-03-01,1652,N,VIIRS,n,2.0NRT,296.05,3.9,D
-25.6516,-57.74855,367,0.47,0.64,2026-03-01,1652,N,VIIRS,h,2.0NRT,300.91,9.13,D
-25.66982,-58.15658,342.96,0.5,0.65,2026-03-01,1652,N,VIIRS,n,2.0NRT,298.71,5.93,D
-25.67381,-58.95243,343.3,0.55,0.68,2026-03-01,1652,N,VIIRS,n,2.0NRT,299.88,9.5,D
-25.67957,-58.95422,347.04,0.55,0.68,2026-03-01,1652,N,VIIRS,n,2.0NRT,299.88,7.82,D
-25.46691,-57.65228,344.89,0.46,0.64,2026-03-01,1652,N,VIIRS,n,2.0NRT,297.71,4.15,D
-25.45716,-57.60099,367,0.46,0.63,2026-03-01,1652,N,VIIRS,h,2.0NRT,300.94,9.87,D
-25.45681,-57.5963,344.14,0.46,0.63,2026-03-01,1652,N,VIIRS,n,2.0NRT,302.17,9.87,D
-25.46094,-57.65281,345.42,0.46,0.64,2026-03-01,1652,N,VIIRS,n,2.0NRT,298.37,5.79,D
-25.44696,-57.62558,354.23,0.46,0.63,2026-03-01,1652,N,VIIRS,n,2.0NRT,297.84,8.3,D
-25.44133,-57.63082,367,0.46,0.63,2026-03-01,1652,N,VIIRS,h,2.0NRT,297.28,8.3,D
-25.52834,-58.9197,332.44,0.55,0.68,2026-03-01,1652,N,VIIRS,n,2.0NRT,300.21,4.96,D
-25.46057,-57.59936,353.64,0.46,0.63,2026-03-01,1652,N,VIIRS,n,2.0NRT,300.33,8.06,D
-25.4647,-57.6511,354.49,0.46,0.63,2026-03-01,1652,N,VIIRS,n,2.0NRT,298.81,6.35,D
-25.45462,-57.59987,349.98,0.46,0.63,2026-03-01,1652,N,VIIRS,n,2.0NRT,301.83,8.06,D
-25.45499,-57.60456,333.47,0.46,0.63,2026-03-01,1652,N,VIIRS,n,2.0NRT,299.55,3.6,D
-25.45536,-57.60925,335.29,0.46,0.63,2026-03-01,1652,N,VIIRS,n,2.0NRT,298.71,3.6,D
-25.44383,-57.61498,330.6,0.46,0.63,2026-03-01,1652,N,VIIRS,n,2.0NRT,298.34,6.81,D
-25.44457,-57.62435,346.49,0.46,0.63,2026-03-01,1652,N,VIIRS,n,2.0NRT,297.81,5.2,D
-25.44494,-57.62907,334.31,0.46,0.63,2026-03-01,1652,N,VIIRS,n,2.0NRT,296.39,5.2,D
-25.43787,-57.61549,341.56,0.46,0.63,2026-03-01,1652,N,VIIRS,n,2.0NRT,300.06,7.58,D
-25.43898,-57.62959,348.14,0.46,0.63,2026-03-01,1652,N,VIIRS,n,2.0NRT,296.68,8.27,D
-25.49856,-58.50259,342.16,0.52,0.67,2026-03-01,1652,N,VIIRS,n,2.0NRT,299.48,7.11,D
-25.52825,-58.9222,336.45,0.55,0.68,2026-03-01,1652,N,VIIRS,n,2.0NRT,301.19,4.25,D
-25.53049,-60.36986,349.9,0.67,0.74,2026-03-01,1652,N,VIIRS,n,2.0NRT,299.65,11.22,D
-25.27257,-58.11477,367,0.49,0.65,2026-03-01,1652,N,VIIRS,h,2.0NRT,303.54,27.12,D
-25.27313,-58.11251,367,0.49,0.65,2026-03-01,1652,N,VIIRS,h,2.0NRT,303.25,17.85,D
-25.27351,-58.11754,347.38,0.49,0.65,2026-03-01,1652,N,VIIRS,n,2.0NRT,299.13,17.85,D
-25.26234,-58.21519,343.53,0.5,0.65,2026-03-01,1652,N,VIIRS,n,2.0NRT,299.94,7.54,D
-25.25619,-58.21572,330.19,0.5,0.65,2026-03-01,1652,N,VIIRS,n,2.0NRT,299.55,7.54,D
-25.16435,-58.39209,367,0.51,0.66,2026-03-01,1652,N,VIIRS,h,2.0NRT,302.7,30.98,D
-25.16473,-58.39731,352.81,0.51,0.66,2026-03-01,1652,N,VIIRS,n,2.0NRT,300.3,15.38,D
-25.29878,-60.527,332.64,0.69,0.74,2026-03-01,1652,N,VIIRS,n,2.0NRT,297.36,3.74,D
-25.15187,-58.84283,330.65,0.54,0.68,2026-03-01,1652,N,VIIRS,n,2.0NRT,294.61,4.24,D
-48.17657,-69.41772,332.93,0.48,0.4,2026-03-01,1828,N,VIIRS,n,2.0NRT,293.76,6.4,D
-38.32472,-57.93778,341.57,0.56,0.51,2026-03-01,1830,N,VIIRS,n,2.0NRT,293.94,13.25,D
-38.31853,-57.9333,343.69,0.56,0.51,2026-03-01,1830,N,VIIRS,n,2.0NRT,293.11,16.74,D
-38.15982,-58.49059,367,0.53,0.5,2026-03-01,1830,N,VIIRS,h,2.0NRT,295.37,15,D
-38.15385,-58.48633,335.76,0.53,0.5,2026-03-01,1830,N,VIIRS,n,2.0NRT,292.96,8.95,D
-38.15527,-58.49232,352.48,0.53,0.5,2026-03-01,1830,N,VIIRS,n,2.0NRT,295.63,8.95,D
-38.1493,-58.48807,346.23,0.53,0.5,2026-03-01,1830,N,VIIRS,n,2.0NRT,293.94,8.95,D
-38.14476,-58.48981,343.91,0.53,0.5,2026-03-01,1830,N,VIIRS,n,2.0NRT,291.04,6.67,D
-38.14021,-58.49155,333.61,0.53,0.5,2026-03-01,1830,N,VIIRS,n,2.0NRT,289.73,6.67,D
-37.48407,-57.4277,352,0.62,0.54,2026-03-01,1830,N,VIIRS,n,2.0NRT,295.47,12.58,D
-37.48523,-57.42848,352.83,0.62,0.54,2026-03-01,1830,N,VIIRS,n,2.0NRT,295.8,10.6,D
-37.48036,-57.43036,339.17,0.62,0.54,2026-03-01,1830,N,VIIRS,n,2.0NRT,294.92,10.6,D
-37.91885,-64.27103,330.51,0.44,0.39,2026-03-01,1830,N,VIIRS,n,2.0NRT,295.37,3.72,D
-37.91344,-64.26194,367,0.44,0.39,2026-03-01,1830,N,VIIRS,h,2.0NRT,293.01,9.03,D
-37.91251,-64.2569,335.25,0.44,0.39,2026-03-01,1830,N,VIIRS,n,2.0NRT,286.64,8.25,D
-37.91438,-64.26697,338.32,0.44,0.39,2026-03-01,1830,N,VIIRS,n,2.0NRT,294.95,9.03,D
-37.91531,-64.272,334.9,0.44,0.39,2026-03-01,1830,N,VIIRS,n,2.0NRT,295.05,3.72,D
-37.91083,-64.26794,367,0.44,0.39,2026-03-01,1830,N,VIIRS,h,2.0NRT,298.53,9.3,D
-37.90896,-64.25789,335.01,0.44,0.39,2026-03-01,1830,N,VIIRS,n,2.0NRT,288.9,6.01,D
-37.9099,-64.26292,350.54,0.44,0.39,2026-03-01,1830,N,VIIRS,n,2.0NRT,292.32,9.3,D
-37.91177,-64.27299,352.86,0.44,0.39,2026-03-01,1830,N,VIIRS,n,2.0NRT,296.57,7.47,D
-37.90636,-64.26391,338.01,0.44,0.39,2026-03-01,1830,N,VIIRS,n,2.0NRT,289.85,9.3,D
-37.90729,-64.26894,345.07,0.44,0.39,2026-03-01,1830,N,VIIRS,n,2.0NRT,293.58,9.3,D
-37.90823,-64.27399,345.55,0.44,0.39,2026-03-01,1830,N,VIIRS,n,2.0NRT,293.1,7.47,D
-37.90188,-64.25986,336.36,0.44,0.39,2026-03-01,1830,N,VIIRS,n,2.0NRT,286.54,4.08,D
-37.8974,-64.25583,333.25,0.44,0.39,2026-03-01,1830,N,VIIRS,n,2.0NRT,282.91,4.08,D
-37.89386,-64.25684,340.9,0.44,0.39,2026-03-01,1830,N,VIIRS,n,2.0NRT,280.31,12.63,D
-37.89031,-64.25784,350.76,0.44,0.39,2026-03-01,1830,N,VIIRS,n,2.0NRT,280.96,12.63,D
-37.89125,-64.26288,351.54,0.44,0.39,2026-03-01,1830,N,VIIRS,n,2.0NRT,288.6,12.63,D
-37.89314,-64.27297,344.26,0.44,0.39,2026-03-01,1830,N,VIIRS,n,2.0NRT,289.73,11.08,D
-37.88771,-64.26389,355.19,0.44,0.39,2026-03-01,1830,N,VIIRS,n,2.0NRT,287.97,28.35,D
-37.88865,-64.26894,355.38,0.44,0.39,2026-03-01,1830,N,VIIRS,n,2.0NRT,290.19,23.44,D
-37.8896,-64.27398,353.52,0.44,0.39,2026-03-01,1830,N,VIIRS,n,2.0NRT,296.36,23.44,D
-34.859,-57.89072,338.2,0.34,0.56,2026-03-01,1830,N,VIIRS,n,2.0NRT,301.03,3.02,D
-35.29412,-61.42994,342.58,0.43,0.46,2026-03-01,1830,N,VIIRS,n,2.0NRT,306.48,18.06,D
-34.56612,-58.81116,337.75,0.62,0.54,2026-03-01,1830,N,VIIRS,n,2.0NRT,304.15,4.03,D
-34.47924,-59.37033,331.48,0.58,0.52,2026-03-01,1830,N,VIIRS,n,2.0NRT,304.51,2.78,D
-34.03983,-58.81537,336.56,0.63,0.54,2026-03-01,1830,N,VIIRS,n,2.0NRT,304.69,13.02,D
-34.0401,-58.80905,331.25,0.64,0.54,2026-03-01,1830,N,VIIRS,n,2.0NRT,300.59,6.45,D
-34.04176,-58.81591,333.04,0.63,0.54,2026-03-01,1830,N,VIIRS,n,2.0NRT,304.59,9.34,D
-33.73618,-58.86485,367,0.32,0.55,2026-03-01,1830,N,VIIRS,h,2.0NRT,306.66,9.91,D
-33.73853,-58.86257,367,0.32,0.55,2026-03-01,1830,N,VIIRS,h,2.0NRT,302.49,3.7,D
-33.73936,-58.86602,330.09,0.32,0.55,2026-03-01,1830,N,VIIRS,n,2.0NRT,304.63,3.7,D
-33.73605,-58.87463,337.3,0.32,0.55,2026-03-01,1830,N,VIIRS,n,2.0NRT,303.86,2.82,D
-33.67497,-58.93279,332.85,0.32,0.54,2026-03-01,1830,N,VIIRS,l,2.0NRT,307.79,4.54,D
-33.46386,-60.02131,341.61,0.56,0.52,2026-03-01,1830,N,VIIRS,n,2.0NRT,304.63,18.34,D
-38.32318,-57.93145,343.86,0.56,0.51,2026-03-01,1830,N,VIIRS,n,2.0NRT,295.99,16.74,D
-33.46526,-60.02304,350.64,0.56,0.52,2026-03-01,1830,N,VIIRS,n,2.0NRT,307.9,34.02,D
-33.37693,-60.14227,337.05,0.56,0.51,2026-03-01,1830,N,VIIRS,n,2.0NRT,306.96,6.28,D
-33.37836,-60.14454,337.69,0.56,0.51,2026-03-01,1830,N,VIIRS,n,2.0NRT,306.1,5.19,D
-33.36705,-60.161,334.65,0.56,0.51,2026-03-01,1830,N,VIIRS,l,2.0NRT,306.62,7.53,D
-33.2556,-60.28672,331.98,0.55,0.51,2026-03-01,1830,N,VIIRS,l,2.0NRT,305.93,4.58,D
-33.46531,-60.02742,339.78,0.56,0.52,2026-03-01,1830,N,VIIRS,n,2.0NRT,304.4,15.29,D
-26.02857,-57.93335,340.51,0.54,0.68,2026-03-01,1832,N,VIIRS,n,2.0NRT,300.49,6.75,D
-32.97427,-60.06621,336.88,0.57,0.52,2026-03-01,1832,N,VIIRS,n,2.0NRT,305.17,7.72,D
-32.89563,-60.41659,337.8,0.55,0.51,2026-03-01,1832,N,VIIRS,n,2.0NRT,305.62,7.56,D
-32.88958,-60.41218,338.58,0.55,0.51,2026-03-01,1832,N,VIIRS,n,2.0NRT,301.59,7.89,D
-32.8863,-60.41955,337.65,0.55,0.51,2026-03-01,1832,N,VIIRS,n,2.0NRT,303.08,7.79,D
-32.88767,-60.42542,350.12,0.55,0.51,2026-03-01,1832,N,VIIRS,n,2.0NRT,306.18,7.79,D
-32.88904,-60.43127,332.23,0.55,0.51,2026-03-01,1832,N,VIIRS,n,2.0NRT,301.5,2.95,D
-32.8942,-60.41134,331.46,0.55,0.51,2026-03-01,1832,N,VIIRS,l,2.0NRT,301.96,4.12,D
-32.89554,-60.41724,337.99,0.55,0.51,2026-03-01,1832,N,VIIRS,n,2.0NRT,305.62,4.12,D
-32.88954,-60.41283,338.41,0.55,0.51,2026-03-01,1832,N,VIIRS,n,2.0NRT,301.8,4.12,D
-32.88622,-60.42023,339.58,0.55,0.51,2026-03-01,1832,N,VIIRS,n,2.0NRT,303.16,7.72,D
-32.88755,-60.42612,351.48,0.55,0.51,2026-03-01,1832,N,VIIRS,n,2.0NRT,306.33,12.17,D
-33.13236,-62.05791,333.72,0.44,0.46,2026-03-01,1832,N,VIIRS,n,2.0NRT,298.67,2.53,D
-32.72467,-61.27695,330.16,0.5,0.49,2026-03-01,1832,N,VIIRS,l,2.0NRT,303.22,4.47,D
-32.51842,-61.04168,338.15,0.52,0.5,2026-03-01,1832,N,VIIRS,n,2.0NRT,299.44,6.79,D
-32.01836,-59.65819,339.1,0.64,0.54,2026-03-01,1832,N,VIIRS,n,2.0NRT,301.09,6.26,D
-31.24504,-61.37163,332.64,0.53,0.5,2026-03-01,1832,N,VIIRS,n,2.0NRT,303.09,3.89,D
-29.57877,-57.46102,339.08,0.48,0.65,2026-03-01,1832,N,VIIRS,n,2.0NRT,297.77,3.86,D
-29.36281,-56.98168,344.02,0.52,0.66,2026-03-01,1832,N,VIIRS,n,2.0NRT,300.2,7.32,D
-29.12073,-56.71924,332.33,0.54,0.68,2026-03-01,1832,N,VIIRS,n,2.0NRT,300,3.37,D
-29.25646,-57.36658,338.97,0.49,0.65,2026-03-01,1832,N,VIIRS,n,2.0NRT,296.04,5.9,D
-29.24917,-57.36343,350.88,0.49,0.65,2026-03-01,1832,N,VIIRS,n,2.0NRT,297.59,9.1,D
-29.23059,-57.34174,336.28,0.5,0.65,2026-03-01,1832,N,VIIRS,n,2.0NRT,295.56,6.64,D
-29.24537,-57.66928,334.12,0.47,0.64,2026-03-01,1832,N,VIIRS,n,2.0NRT,297.42,7.03,D
-29.20091,-57.74953,335.84,0.47,0.64,2026-03-01,1832,N,VIIRS,n,2.0NRT,300.12,6.06,D
-28.53331,-56.24273,336.23,0.59,0.7,2026-03-01,1832,N,VIIRS,n,2.0NRT,297.04,7.47,D
-30.05293,-62.39994,343.06,0.49,0.49,2026-03-01,1832,N,VIIRS,n,2.0NRT,303,6.37,D
-30.05257,-62.40312,344.8,0.49,0.49,2026-03-01,1832,N,VIIRS,n,2.0NRT,301.21,6.4,D
-28.53386,-56.23853,331.15,0.59,0.7,2026-03-01,1832,N,VIIRS,n,2.0NRT,298.32,9.59,D
-30.10594,-62.80942,337.36,0.47,0.47,2026-03-01,1832,N,VIIRS,n,2.0NRT,303.98,4.22,D
-30.12617,-62.90554,332.8,0.46,0.47,2026-03-01,1832,N,VIIRS,l,2.0NRT,304.4,3.07,D
-28.52746,-56.24072,338.3,0.59,0.7,2026-03-01,1832,N,VIIRS,n,2.0NRT,297.66,6.73,D
-28.61802,-56.68301,331.26,0.56,0.69,2026-03-01,1832,N,VIIRS,n,2.0NRT,297.77,3.37,D
-30.05026,-62.85044,343.04,0.46,0.47,2026-03-01,1832,N,VIIRS,n,2.0NRT,304.29,3.61,D
-29.97976,-62.98896,332.25,0.46,0.47,2026-03-01,1832,N,VIIRS,l,2.0NRT,304.26,2.34,D
-29.98077,-62.99369,332.86,0.46,0.47,2026-03-01,1832,N,VIIRS,l,2.0NRT,303.72,2.34,D
-29.9227,-62.74418,330.07,0.47,0.48,2026-03-01,1832,N,VIIRS,n,2.0NRT,298.28,1.77,D
-29.97646,-62.99488,336.51,0.46,0.47,2026-03-01,1832,N,VIIRS,n,2.0NRT,304.12,5.49,D
-29.78043,-62.22334,342.02,0.51,0.49,2026-03-01,1832,N,VIIRS,n,2.0NRT,302.22,7.32,D
-29.77474,-62.21936,353.23,0.51,0.49,2026-03-01,1832,N,VIIRS,n,2.0NRT,307.86,7.32,D
-29.77591,-62.22461,345.04,0.51,0.49,2026-03-01,1832,N,VIIRS,n,2.0NRT,306.64,7.32,D
-29.776,-62.22196,367,0.51,0.49,2026-03-01,1832,N,VIIRS,h,2.0NRT,309.2,10.54,D
-29.77486,-62.2167,333.76,0.51,0.49,2026-03-01,1832,N,VIIRS,n,2.0NRT,304.28,10.54,D
-29.77712,-62.22721,336.11,0.51,0.49,2026-03-01,1832,N,VIIRS,n,2.0NRT,303.78,5.25,D
-29.77033,-62.21796,349.21,0.51,0.49,2026-03-01,1832,N,VIIRS,n,2.0NRT,309.32,10.54,D
-29.88221,-62.93848,343.86,0.46,0.47,2026-03-01,1832,N,VIIRS,n,2.0NRT,304.18,10.07,D
-29.75472,-62.51913,337.37,0.49,0.49,2026-03-01,1832,N,VIIRS,n,2.0NRT,301.26,3.96,D
-29.14474,-60.2551,334.13,0.34,0.56,2026-03-01,1832,N,VIIRS,n,2.0NRT,301.19,1.7,D
-29.54196,-62.11571,336.99,0.52,0.5,2026-03-01,1832,N,VIIRS,n,2.0NRT,303.39,3.2,D
-29.51311,-62.74574,345.66,0.48,0.48,2026-03-01,1832,N,VIIRS,n,2.0NRT,309.06,14.93,D
-28.45185,-59.01185,336.66,0.42,0.61,2026-03-01,1832,N,VIIRS,n,2.0NRT,301.19,5.91,D
-28.45289,-59.01611,348.19,0.42,0.61,2026-03-01,1832,N,VIIRS,n,2.0NRT,300.33,6.11,D
-28.5718,-59.5531,333.02,0.38,0.59,2026-03-01,1832,N,VIIRS,n,2.0NRT,302.84,2.61,D
-27.52789,-56.68185,342.33,0.59,0.7,2026-03-01,1832,N,VIIRS,n,2.0NRT,296.34,8.22,D
-27.49921,-56.83438,367,0.58,0.7,2026-03-01,1832,N,VIIRS,h,2.0NRT,298.71,17.13,D
-27.49284,-56.83643,337.38,0.58,0.7,2026-03-01,1832,N,VIIRS,n,2.0NRT,294.87,5.16,D
-28.59907,-61.27519,344.78,0.61,0.54,2026-03-01,1832,N,VIIRS,n,2.0NRT,303.14,35.93,D
-28.59417,-61.27659,355.43,0.61,0.54,2026-03-01,1832,N,VIIRS,n,2.0NRT,298.59,35.93,D
-28.59849,-61.27117,343.74,0.61,0.54,2026-03-01,1832,N,VIIRS,n,2.0NRT,305.04,26.04,D
-28.59359,-61.27258,343.94,0.61,0.54,2026-03-01,1832,N,VIIRS,n,2.0NRT,302.74,50.32,D
-27.49978,-56.8317,367,0.58,0.7,2026-03-01,1832,N,VIIRS,h,2.0NRT,297.03,11.08,D
-27.49342,-56.83378,351.72,0.58,0.7,2026-03-01,1832,N,VIIRS,n,2.0NRT,294.8,10.32,D
-28.28876,-60.39206,342.09,0.35,0.57,2026-03-01,1832,N,VIIRS,n,2.0NRT,303.83,5.03,D
-28.28961,-60.39563,342.55,0.35,0.57,2026-03-01,1832,N,VIIRS,n,2.0NRT,303.04,4.8,D
-28.28274,-60.39,331.14,0.35,0.57,2026-03-01,1832,N,VIIRS,l,2.0NRT,305.29,5.99,D
-28.28384,-60.39067,332.1,0.35,0.57,2026-03-01,1832,N,VIIRS,l,2.0NRT,305.05,5.93,D
-27.55531,-57.93008,336.78,0.5,0.66,2026-03-01,1832,N,VIIRS,n,2.0NRT,301.65,9.35,D
-27.55929,-57.94543,355.14,0.5,0.66,2026-03-01,1832,N,VIIRS,n,2.0NRT,302.02,13.92,D
-27.55328,-57.9473,367,0.5,0.66,2026-03-01,1832,N,VIIRS,h,2.0NRT,299.55,23.46,D
-27.55461,-57.9524,367,0.5,0.66,2026-03-01,1832,N,VIIRS,h,2.0NRT,299.26,17.6,D
-28.64882,-62.55857,341.46,0.51,0.5,2026-03-01,1832,N,VIIRS,n,2.0NRT,299.85,4.68,D
-28.64194,-62.54926,336.35,0.52,0.5,2026-03-01,1832,N,VIIRS,l,2.0NRT,306.4,9.78,D
-28.64311,-62.55454,343.5,0.51,0.5,2026-03-01,1832,N,VIIRS,n,2.0NRT,300.81,9.78,D
-28.65104,-62.56147,332.85,0.51,0.5,2026-03-01,1832,N,VIIRS,n,2.0NRT,299.25,4.21,D
-28.64424,-62.55216,355.4,0.52,0.5,2026-03-01,1832,N,VIIRS,n,2.0NRT,302.8,20.3,D
-27.55618,-57.92905,331.5,0.5,0.66,2026-03-01,1832,N,VIIRS,l,2.0NRT,301.85,7.53,D
-27.56007,-57.94446,341.04,0.5,0.66,2026-03-01,1832,N,VIIRS,n,2.0NRT,301.84,15.79,D
-27.56136,-57.94959,335.63,0.5,0.66,2026-03-01,1832,N,VIIRS,n,2.0NRT,298.84,12.48,D
-27.55406,-57.94635,355.5,0.5,0.66,2026-03-01,1832,N,VIIRS,n,2.0NRT,300.13,15.79,D
-27.55536,-57.95148,356.82,0.5,0.66,2026-03-01,1832,N,VIIRS,n,2.0NRT,300.65,12.48,D
-28.18914,-60.90079,337.27,0.33,0.55,2026-03-01,1832,N,VIIRS,n,2.0NRT,301.12,2.25,D
-27.32335,-57.77031,332.95,0.52,0.67,2026-03-01,1832,N,VIIRS,n,2.0NRT,297.72,6.66,D
-27.59152,-59.20154,339.98,0.42,0.61,2026-03-01,1832,N,VIIRS,n,2.0NRT,300.79,2.98,D
-27.50668,-58.98169,356.86,0.44,0.62,2026-03-01,1832,N,VIIRS,n,2.0NRT,301.96,5.56,D
-27.5078,-58.98616,338.54,0.44,0.62,2026-03-01,1832,N,VIIRS,n,2.0NRT,299.65,5.56,D
-27.59098,-59.32148,330.42,0.42,0.61,2026-03-01,1832,N,VIIRS,n,2.0NRT,299.02,2.58,D
-27.5021,-58.98786,334.78,0.44,0.62,2026-03-01,1832,N,VIIRS,n,2.0NRT,300.23,4.81,D
-27.50694,-58.98112,367,0.44,0.62,2026-03-01,1832,N,VIIRS,h,2.0NRT,301.99,4.73,D
-27.50802,-58.9856,333.31,0.44,0.62,2026-03-01,1832,N,VIIRS,n,2.0NRT,300.71,4.73,D
-27.50233,-58.98734,345.73,0.44,0.62,2026-03-01,1832,N,VIIRS,n,2.0NRT,301.04,4.83,D
-27.38284,-58.99952,367,0.44,0.62,2026-03-01,1832,N,VIIRS,h,2.0NRT,299.31,11.88,D
-27.38172,-58.99505,330.97,0.44,0.62,2026-03-01,1832,N,VIIRS,n,2.0NRT,296.76,8.28,D
-27.38385,-58.99947,367,0.44,0.62,2026-03-01,1832,N,VIIRS,h,2.0NRT,300.22,14.19,D
-27.38275,-58.99498,347.95,0.44,0.62,2026-03-01,1832,N,VIIRS,n,2.0NRT,297.51,12.42,D
-27.74923,-61.11282,367,0.33,0.55,2026-03-01,1832,N,VIIRS,h,2.0NRT,306.46,9.11,D
-27.74998,-61.11613,342.2,0.33,0.55,2026-03-01,1832,N,VIIRS,n,2.0NRT,303.32,9.11,D
-27.63317,-60.75019,336.1,0.34,0.56,2026-03-01,1832,N,VIIRS,n,2.0NRT,301.71,2.45,D
-27.01014,-58.76284,333.84,0.46,0.64,2026-03-01,1832,N,VIIRS,n,2.0NRT,300.41,4.31,D
-27.00175,-59.85766,342.19,0.4,0.6,2026-03-01,1832,N,VIIRS,n,2.0NRT,300.56,5.88,D
-27.00272,-59.86174,333.16,0.4,0.6,2026-03-01,1832,N,VIIRS,n,2.0NRT,300.38,3.29,D
-26.99626,-59.85926,330.82,0.4,0.6,2026-03-01,1832,N,VIIRS,n,2.0NRT,298.65,4.03,D
-26.99723,-59.86332,332.21,0.4,0.6,2026-03-01,1832,N,VIIRS,n,2.0NRT,298.99,3.35,D
-27.15148,-60.8175,331.79,0.35,0.57,2026-03-01,1832,N,VIIRS,l,2.0NRT,302,1.12,D
-27.0034,-60.81866,335.93,0.35,0.57,2026-03-01,1832,N,VIIRS,n,2.0NRT,303.35,2.18,D
-26.99819,-60.82013,331.74,0.35,0.57,2026-03-01,1832,N,VIIRS,n,2.0NRT,300.8,2.18,D
-26.97922,-61.09202,334.89,0.34,0.56,2026-03-01,1832,N,VIIRS,n,2.0NRT,304.54,3.15,D
-26.9733,-61.09,339.85,0.34,0.56,2026-03-01,1832,N,VIIRS,n,2.0NRT,303.63,3.15,D
-26.97409,-61.09344,347.71,0.34,0.56,2026-03-01,1832,N,VIIRS,n,2.0NRT,303.16,3.15,D
-26.03,-57.93887,345.79,0.54,0.68,2026-03-01,1832,N,VIIRS,n,2.0NRT,304.31,6.75,D
-26.00469,-57.89298,355.52,0.55,0.68,2026-03-01,1832,N,VIIRS,n,2.0NRT,299.26,6.31,D
-26.00613,-57.89851,335.33,0.55,0.68,2026-03-01,1832,N,VIIRS,n,2.0NRT,299.99,6.31,D
-26.009,-57.90957,343.89,0.55,0.68,2026-03-01,1832,N,VIIRS,n,2.0NRT,299.94,9.06,D
-26.03415,-57.93601,344.55,0.54,0.68,2026-03-01,1832,N,VIIRS,n,2.0NRT,303.67,8.46,D
-26.02794,-57.93795,340.23,0.54,0.68,2026-03-01,1832,N,VIIRS,n,2.0NRT,301.02,7.48,D
-26.00293,-57.89195,340.81,0.55,0.68,2026-03-01,1832,N,VIIRS,n,2.0NRT,297.29,5.06,D
-26.00433,-57.8975,332.54,0.55,0.68,2026-03-01,1832,N,VIIRS,n,2.0NRT,298.44,5.06,D
-26.00854,-57.91412,330.16,0.55,0.68,2026-03-01,1832,N,VIIRS,l,2.0NRT,300.52,6.79,D
-26.31055,-59.25922,331.24,0.45,0.63,2026-03-01,1832,N,VIIRS,n,2.0NRT,301.47,2.54,D
-26.29327,-59.2643,330.22,0.45,0.63,2026-03-01,1832,N,VIIRS,n,2.0NRT,300.3,2.51,D
-26.50158,-60.39524,338.04,0.38,0.59,2026-03-01,1832,N,VIIRS,n,2.0NRT,306.04,2.88,D
-25.77629,-57.83301,337.89,0.56,0.69,2026-03-01,1832,N,VIIRS,n,2.0NRT,296.79,5.05,D
-26.61479,-61.36541,338.04,0.33,0.56,2026-03-01,1832,N,VIIRS,l,2.0NRT,309.65,9.8,D
-26.61555,-61.36876,335.78,0.33,0.56,2026-03-01,1832,N,VIIRS,l,2.0NRT,309.05,6.5,D
-26.43968,-60.72041,367,0.37,0.58,2026-03-01,1832,N,VIIRS,h,2.0NRT,304.46,11.08,D
-26.44139,-60.72778,367,0.37,0.58,2026-03-01,1832,N,VIIRS,h,2.0NRT,307.39,21.74,D
-26.44225,-60.73146,367,0.37,0.58,2026-03-01,1832,N,VIIRS,h,2.0NRT,309.96,21.74,D
-26.44054,-60.7241,354.09,0.37,0.58,2026-03-01,1832,N,VIIRS,n,2.0NRT,306.57,11.08,D
-26.4431,-60.73516,344.05,0.37,0.58,2026-03-01,1832,N,VIIRS,n,2.0NRT,302.37,12.81,D
-26.5231,-61.42051,330.46,0.33,0.55,2026-03-01,1832,N,VIIRS,l,2.0NRT,304.36,2.69,D
-26.12643,-59.78088,337.09,0.42,0.61,2026-03-01,1832,N,VIIRS,n,2.0NRT,300.67,13.24,D
-26.11979,-59.77824,367,0.42,0.61,2026-03-01,1832,N,VIIRS,h,2.0NRT,301.18,13.24,D
-26.12082,-59.78252,352.86,0.42,0.61,2026-03-01,1832,N,VIIRS,n,2.0NRT,300.91,13.24,D
-25.58668,-57.65203,342.85,0.58,0.7,2026-03-01,1832,N,VIIRS,n,2.0NRT,297.64,10.12,D
-25.98549,-59.39917,335.62,0.45,0.63,2026-03-01,1832,N,VIIRS,n,2.0NRT,304.89,3.8,D
-25.44813,-57.61645,331.6,0.59,0.7,2026-03-01,1832,N,VIIRS,n,2.0NRT,294.72,6.06,D
-25.45571,-57.64587,342.12,0.58,0.7,2026-03-01,1832,N,VIIRS,n,2.0NRT,295.72,12.29,D
-25.68207,-58.95166,341.94,0.48,0.65,2026-03-01,1832,N,VIIRS,n,2.0NRT,298.11,8.68,D
-25.67614,-58.95341,358.06,0.48,0.65,2026-03-01,1832,N,VIIRS,n,2.0NRT,288.99,8.68,D
-25.67735,-58.95832,341.71,0.48,0.65,2026-03-01,1832,N,VIIRS,n,2.0NRT,296.6,7.66,D
-25.88232,-59.94903,334.92,0.42,0.61,2026-03-01,1832,N,VIIRS,n,2.0NRT,299.81,4.47,D
-25.88333,-59.95322,335.68,0.42,0.61,2026-03-01,1832,N,VIIRS,n,2.0NRT,300.45,4.33,D
-25.87773,-59.9548,340.47,0.42,0.61,2026-03-01,1832,N,VIIRS,n,2.0NRT,301.55,5.13,D
-25.49709,-58.49748,367,0.52,0.67,2026-03-01,1832,N,VIIRS,h,2.0NRT,301.61,15.41,D
-25.88106,-59.94982,345.93,0.42,0.61,2026-03-01,1832,N,VIIRS,n,2.0NRT,300.39,7.9,D
-25.88204,-59.95401,341.36,0.42,0.61,2026-03-01,1832,N,VIIRS,n,2.0NRT,300.67,6.88,D
-25.49907,-58.49563,348.28,0.52,0.67,2026-03-01,1832,N,VIIRS,n,2.0NRT,300.05,7.78,D
-25.49296,-58.49744,341.47,0.52,0.67,2026-03-01,1832,N,VIIRS,n,2.0NRT,298.65,7.78,D
-26.07975,-61.15141,341.47,0.35,0.57,2026-03-01,1832,N,VIIRS,n,2.0NRT,304.99,3.28,D
-26.07454,-61.15284,367,0.35,0.57,2026-03-01,1832,N,VIIRS,h,2.0NRT,317.57,49.79,D
-26.07617,-61.15992,367,0.35,0.57,2026-03-01,1832,N,VIIRS,h,2.0NRT,311.34,32.83,D
-26.07699,-61.16346,367,0.35,0.57,2026-03-01,1832,N,VIIRS,h,2.0NRT,308.78,12.1,D
-26.07536,-61.15638,353.02,0.35,0.57,2026-03-01,1832,N,VIIRS,n,2.0NRT,312.66,32.83,D
-25.40858,-58.70315,331.17,0.51,0.66,2026-03-01,1832,N,VIIRS,n,2.0NRT,298.2,4.32,D
-25.40507,-58.71512,331.84,0.51,0.66,2026-03-01,1832,N,VIIRS,n,2.0NRT,299.12,4.53,D
-25.4527,-58.98497,330.48,0.49,0.65,2026-03-01,1832,N,VIIRS,n,2.0NRT,296.73,4.2,D
-25.2729,-58.42407,343.47,0.53,0.67,2026-03-01,1832,N,VIIRS,n,2.0NRT,301.72,6.06,D
-25.27593,-58.42207,336.25,0.53,0.67,2026-03-01,1832,N,VIIRS,n,2.0NRT,301.4,5.6,D
-25.16243,-58.39224,333.48,0.54,0.68,2026-03-01,1832,N,VIIRS,n,2.0NRT,302.49,14.03,D
-25.15624,-58.39404,367,0.54,0.68,2026-03-01,1832,N,VIIRS,h,2.0NRT,301.57,14.03,D
-25.15761,-58.39941,354.84,0.54,0.67,2026-03-01,1832,N,VIIRS,n,2.0NRT,300.3,14.03,D
-25.39347,-59.36507,333.39,0.46,0.64,2026-03-01,1832,N,VIIRS,n,2.0NRT,302.97,4.23,D
-25.15972,-58.39403,356.37,0.54,0.68,2026-03-01,1832,N,VIIRS,n,2.0NRT,302.3,18.78,D
-25.16105,-58.39943,352.8,0.54,0.68,2026-03-01,1832,N,VIIRS,n,2.0NRT,301.92,24.55,D
-25.15354,-58.39585,346.02,0.54,0.68,2026-03-01,1832,N,VIIRS,n,2.0NRT,296.96,18.78,D
-25.43267,-59.77209,332.76,0.44,0.62,2026-03-01,1832,N,VIIRS,n,2.0NRT,301.69,2.76,D
-25.53368,-60.36805,337.27,0.4,0.6,2026-03-01,1832,N,VIIRS,n,2.0NRT,301.89,3.72,D
-25.52817,-60.36958,367,0.4,0.6,2026-03-01,1832,N,VIIRS,h,2.0NRT,304.59,8.57,D
-25.15261,-58.83852,338.34,0.5,0.66,2026-03-01,1832,N,VIIRS,n,2.0NRT,297.36,5.59,D
-25.5309,-60.37033,367,0.4,0.6,2026-03-01,1832,N,VIIRS,h,2.0NRT,304.47,7.56,D
-25.52538,-60.37186,340.53,0.4,0.6,2026-03-01,1832,N,VIIRS,n,2.0NRT,302.4,3.32,D
-25.1536,-58.83802,338.99,0.51,0.66,2026-03-01,1832,N,VIIRS,n,2.0NRT,295.74,3.08,D
-26.25122,-64.37091,342.03,0.45,0.47,2026-03-01,1832,N,VIIRS,n,2.0NRT,301.41,4.98,D
-25.59595,-61.35411,331.26,0.35,0.57,2026-03-01,1832,N,VIIRS,l,2.0NRT,305.83,6.26,D
-26.24693,-64.37198,342.01,0.45,0.47,2026-03-01,1832,N,VIIRS,n,2.0NRT,302.02,7.21,D
-24.91028,-58.56247,332.48,0.53,0.67,2026-03-01,1832,N,VIIRS,n,2.0NRT,299.32,6.14,D
-25.29809,-60.32346,339.28,0.41,0.61,2026-03-01,1832,N,VIIRS,n,2.0NRT,300.33,3.39,D
-25.29505,-60.32153,335.02,0.41,0.61,2026-03-01,1832,N,VIIRS,n,2.0NRT,301.23,4.93,D
-25.29601,-60.32565,333.61,0.41,0.61,2026-03-01,1832,N,VIIRS,n,2.0NRT,300.75,3.36,D
-24.96779,-59.75136,333.63,0.45,0.63,2026-03-01,1834,N,VIIRS,n,2.0NRT,301.68,3.66,D
-25.06034,-60.37737,342.38,0.41,0.61,2026-03-01,1834,N,VIIRS,n,2.0NRT,304.33,3.96,D
-25.46409,-62.29746,332.39,0.62,0.54,2026-03-01,1834,N,VIIRS,l,2.0NRT,307.22,7.18,D
-24.84348,-60.68192,367,0.4,0.6,2026-03-01,1834,N,VIIRS,h,2.0NRT,306.41,13.28,D
-24.84254,-60.67793,336.41,0.4,0.6,2026-03-01,1834,N,VIIRS,n,2.0NRT,303.35,9.2,D
-24.83798,-60.6834,341.1,0.4,0.6,2026-03-01,1834,N,VIIRS,n,2.0NRT,302.88,6.8,D
-24.84518,-60.68069,356.94,0.4,0.6,2026-03-01,1834,N,VIIRS,n,2.0NRT,305.29,9,D
-24.83968,-60.68219,367,0.4,0.6,2026-03-01,1834,N,VIIRS,h,2.0NRT,304.11,9,D
-24.83877,-60.6782,342.33,0.4,0.6,2026-03-01,1834,N,VIIRS,n,2.0NRT,303.99,13.69,D
-25.64443,-64.71236,340.85,0.44,0.46,2026-03-01,1834,N,VIIRS,n,2.0NRT,298.93,4.96,D
-24.81879,-61.09072,347.32,0.38,0.59,2026-03-01,1834,N,VIIRS,n,2.0NRT,304.19,6.24,D
-24.81836,-61.09022,341.65,0.38,0.59,2026-03-01,1834,N,VIIRS,n,2.0NRT,304.67,5.69,D
-24.81128,-61.08413,336.41,0.38,0.59,2026-03-01,1834,N,VIIRS,n,2.0NRT,301.72,7.19,D
-25.69064,-58.95084,309.63,0.78,0.78,2026-03-02,0408,N,VIIRS,n,2.0NRT,290.09,3.35,N
-28.83451,-57.43105,304.63,0.54,0.68,2026-03-02,0408,N,VIIRS,n,2.0NRT,290.31,0.81,N
-28.83599,-57.42549,300.53,0.54,0.68,2026-03-02,0408,N,VIIRS,n,2.0NRT,289.9,0.81,N
-33.25572,-60.29067,311.69,0.6,0.7,2026-03-02,0410,N,VIIRS,n,2.0NRT,291.91,2.59,N
-33.2576,-60.28433,304.57,0.59,0.7,2026-03-02,0410,N,VIIRS,n,2.0NRT,290.66,1.79,N
-33.36336,-60.16492,305.41,0.58,0.7,2026-03-02,0410,N,VIIRS,n,2.0NRT,291.26,1.43,N
-33.36705,-60.15222,306.16,0.58,0.7,2026-03-02,0410,N,VIIRS,n,2.0NRT,291.91,3.5,N
-33.36963,-60.16755,307.25,0.58,0.7,2026-03-02,0410,N,VIIRS,n,2.0NRT,291.81,1.43,N
-33.37516,-60.14853,302.09,0.58,0.7,2026-03-02,0410,N,VIIRS,n,2.0NRT,290.76,1.42,N
-34.14838,-58.99357,305.23,0.48,0.65,2026-03-02,0410,N,VIIRS,n,2.0NRT,290.49,2.45,N
-34.14985,-58.98832,318.03,0.48,0.65,2026-03-02,0410,N,VIIRS,n,2.0NRT,291.17,3.02,N
-34.85606,-57.89796,323.12,0.41,0.6,2026-03-02,0410,N,VIIRS,n,2.0NRT,292.49,2.19,N
-25.52434,-58.90766,332.41,0.33,0.55,2026-03-02,0548,N,VIIRS,n,2.0NRT,292.81,2.04,N
-25.52466,-58.90426,317.71,0.33,0.55,2026-03-02,0548,N,VIIRS,n,2.0NRT,292.63,2.04,N
-25.52091,-58.90272,310.83,0.33,0.56,2026-03-02,0548,N,VIIRS,n,2.0NRT,292.26,2.09,N
-25.5261,-58.90335,337.54,0.33,0.56,2026-03-02,0548,N,VIIRS,n,2.0NRT,292.61,2.09,N
-25.68539,-58.95004,315.63,0.33,0.55,2026-03-02,0548,N,VIIRS,n,2.0NRT,292.75,0.74,N
-25.68571,-58.94664,310.64,0.33,0.55,2026-03-02,0548,N,VIIRS,n,2.0NRT,291.93,0.74,N
-25.69059,-58.95064,303.05,0.33,0.55,2026-03-02,0548,N,VIIRS,n,2.0NRT,291.8,0.74,N
-25.60203,-61.35159,328.54,0.47,0.48,2026-03-02,0548,N,VIIRS,n,2.0NRT,294.92,6.08,N
-25.60254,-61.3468,338.91,0.47,0.48,2026-03-02,0548,N,VIIRS,n,2.0NRT,295.11,6.16,N
-25.65322,-62.0137,308.08,0.43,0.46,2026-03-02,0548,N,VIIRS,n,2.0NRT,293.7,1.39,N
-26.12283,-59.78087,318.92,0.6,0.53,2026-03-02,0548,N,VIIRS,n,2.0NRT,293.65,3.44,N
-26.07923,-61.15659,340.26,0.49,0.49,2026-03-02,0548,N,VIIRS,n,2.0NRT,290.29,7.47,N
-26.07817,-61.1666,312.84,0.49,0.49,2026-03-02,0548,N,VIIRS,n,2.0NRT,293.59,2.41,N
-26.0787,-61.16161,317.2,0.49,0.49,2026-03-02,0548,N,VIIRS,n,2.0NRT,287.01,7.47,N
-26.0827,-61.16721,318.87,0.49,0.49,2026-03-02,0548,N,VIIRS,n,2.0NRT,293.78,2.41,N
-27.32489,-57.77927,319.96,0.41,0.6,2026-03-02,0548,N,VIIRS,n,2.0NRT,292.7,2.38,N
-27.74851,-61.11291,341.08,0.52,0.5,2026-03-02,0548,N,VIIRS,n,2.0NRT,295.54,8.15,N
-27.74606,-61.11315,336.8,0.52,0.5,2026-03-02,0548,N,VIIRS,n,2.0NRT,294.23,6.46,N
-27.75071,-61.11375,337.5,0.52,0.5,2026-03-02,0548,N,VIIRS,n,2.0NRT,294.61,6.46,N
-27.49948,-64.17628,303.6,0.52,0.41,2026-03-02,0548,N,VIIRS,n,2.0NRT,292.81,0.7,N
-27.50015,-64.17096,312.43,0.52,0.42,2026-03-02,0548,N,VIIRS,n,2.0NRT,293.17,1.39,N
-27.8381,-62.20397,308.07,0.45,0.47,2026-03-02,0548,N,VIIRS,n,2.0NRT,291.96,0.95,N
-28.46712,-65.22942,306.42,0.48,0.4,2026-03-02,0548,N,VIIRS,n,2.0NRT,293.08,0.98,N
-29.95048,-62.34417,307.5,0.47,0.47,2026-03-02,0548,N,VIIRS,n,2.0NRT,293.22,1.23,N
-29.95082,-62.64696,308.36,0.45,0.47,2026-03-02,0548,N,VIIRS,n,2.0NRT,292.94,0.68,N
-32.9031,-60.4162,301.01,0.32,0.55,2026-03-02,0550,N,VIIRS,n,2.0NRT,289.53,0.9,N
-32.84633,-61.36814,301.69,0.57,0.52,2026-03-02,0550,N,VIIRS,n,2.0NRT,289.75,0.67,N
-33.36414,-60.14684,308.62,0.34,0.56,2026-03-02,0550,N,VIIRS,n,2.0NRT,291.53,2.1,N
-33.36856,-60.15871,325.13,0.34,0.56,2026-03-02,0550,N,VIIRS,n,2.0NRT,292.68,2.19,N
-33.36968,-60.14368,302.44,0.34,0.56,2026-03-02,0550,N,VIIRS,n,2.0NRT,291.71,0.97,N
-33.37494,-60.14429,315.17,0.34,0.56,2026-03-02,0550,N,VIIRS,n,2.0NRT,291.41,0.97,N
-33.38019,-60.14488,307.88,0.34,0.56,2026-03-02,0550,N,VIIRS,n,2.0NRT,290.38,0.58,N
-32.6354,-68.64671,305.08,0.4,0.37,2026-03-02,0550,N,VIIRS,n,2.0NRT,293.44,0.66,N
-32.73922,-68.84569,309.86,0.4,0.37,2026-03-02,0550,N,VIIRS,n,2.0NRT,296.29,1.15,N
-33.06648,-68.97225,305.1,0.39,0.37,2026-03-02,0550,N,VIIRS,n,2.0NRT,295.07,1.5,N
-34.85919,-57.87812,319.8,0.47,0.64,2026-03-02,0550,N,VIIRS,n,2.0NRT,292.42,1.98,N
-34.58476,-69.8464,297.23,0.39,0.36,2026-03-02,0550,N,VIIRS,n,2.0NRT,280.4,0.87,N
-37.08601,-69.479,312.65,0.41,0.37,2026-03-02,0550,N,VIIRS,n,2.0NRT,290.19,1.17,N
-37.4105,-69.1693,308.29,0.42,0.37,2026-03-02,0550,N,VIIRS,n,2.0NRT,288.84,0.95,N
-37.4278,-69.17315,331.72,0.42,0.37,2026-03-02,0550,N,VIIRS,n,2.0NRT,289.85,4.07,N
-37.71335,-69.13279,327.99,0.42,0.38,2026-03-02,0552,N,VIIRS,n,2.0NRT,288.73,1.79,N
-37.71208,-69.14231,313.13,0.42,0.38,2026-03-02,0552,N,VIIRS,n,2.0NRT,288.15,0.87,N
-37.71271,-69.13755,310.8,0.42,0.38,2026-03-02,0552,N,VIIRS,n,2.0NRT,288.35,1.79,N
-38.2729,-68.70123,328.7,0.44,0.38,2026-03-02,0552,N,VIIRS,n,2.0NRT,286.97,2.02,N
-38.43617,-68.56156,315.82,0.44,0.38,2026-03-02,0552,N,VIIRS,n,2.0NRT,287.82,1.1,N
-38.43975,-68.56226,310.91,0.44,0.38,2026-03-02,0552,N,VIIRS,n,2.0NRT,287.86,1.1,N
-38.4954,-68.32449,297.45,0.45,0.39,2026-03-02,0552,N,VIIRS,n,2.0NRT,286.73,0.3,N
-38.49901,-68.32521,296.45,0.45,0.39,2026-03-02,0552,N,VIIRS,n,2.0NRT,286.44,0.3,N
-38.69863,-68.70448,328.69,0.44,0.38,2026-03-02,0552,N,VIIRS,n,2.0NRT,289.49,4.06,N
-38.74193,-68.83623,301.79,0.44,0.38,2026-03-02,0552,N,VIIRS,n,2.0NRT,286.23,0.93,N
-38.74548,-68.83699,332.14,0.44,0.38,2026-03-02,0552,N,VIIRS,n,2.0NRT,293.46,11.75,N
-38.74483,-68.84206,295.6,0.44,0.38,2026-03-02,0552,N,VIIRS,n,2.0NRT,284.48,11.75,N
-27.85092,-55.82195,342.19,0.72,0.76,2026-03-02,1632,N,VIIRS,n,2.0NRT,289.78,7.95,D
-27.80289,-56.04545,351.88,0.75,0.77,2026-03-02,1632,N,VIIRS,n,2.0NRT,293.72,12.11,D
-27.80847,-56.04597,345.7,0.75,0.77,2026-03-02,1632,N,VIIRS,n,2.0NRT,293.61,8.11,D
-27.80121,-56.04622,332.09,0.75,0.77,2026-03-02,1632,N,VIIRS,n,2.0NRT,293.38,8.11,D
-27.40705,-54.66501,352.98,0.61,0.71,2026-03-02,1632,N,VIIRS,n,2.0NRT,293.75,11.61,D
-27.40518,-54.66709,367,0.61,0.71,2026-03-02,1632,N,VIIRS,h,2.0NRT,293.79,11.68,D
-27.34941,-54.39685,335.03,0.59,0.7,2026-03-02,1632,N,VIIRS,n,2.0NRT,283.26,2.27,D
-27.34278,-54.39704,357.17,0.59,0.7,2026-03-02,1632,N,VIIRS,l,2.0NRT,286.95,19.5,D
-27.34808,-55.41354,345.04,0.68,0.74,2026-03-02,1632,N,VIIRS,n,2.0NRT,291.25,8.06,D
-27.34106,-55.41348,355.53,0.68,0.74,2026-03-02,1632,N,VIIRS,n,2.0NRT,291.67,13.63,D
-27.34251,-55.41499,367,0.68,0.74,2026-03-02,1632,N,VIIRS,h,2.0NRT,291.78,23.06,D
-27.29114,-54.50006,329.73,0.6,0.7,2026-03-02,1632,N,VIIRS,n,2.0NRT,292.78,3.81,D
-27.19198,-54.27782,346.6,0.58,0.7,2026-03-02,1632,N,VIIRS,n,2.0NRT,293.05,12.64,D
-27.19391,-54.27465,345.4,0.58,0.7,2026-03-02,1632,N,VIIRS,n,2.0NRT,293.08,9.66,D
-26.92565,-55.09521,345.43,0.65,0.73,2026-03-02,1632,N,VIIRS,n,2.0NRT,289.97,11.86,D
-26.92488,-55.09501,350.55,0.64,0.72,2026-03-02,1634,N,VIIRS,n,2.0NRT,291.81,10.24,D
-26.41178,-54.14621,339.7,0.56,0.69,2026-03-02,1634,N,VIIRS,n,2.0NRT,291.98,7.62,D
-37.90487,-57.54135,343.94,0.53,0.42,2026-03-02,1810,N,VIIRS,n,2.0NRT,303.07,5.64,D
-37.48655,-57.4253,338.07,0.54,0.42,2026-03-02,1810,N,VIIRS,n,2.0NRT,304.68,4.28,D
-30.66987,-60.14225,348.97,0.53,0.42,2026-03-02,1810,N,VIIRS,n,2.0NRT,308.41,6.36,D
-29.94159,-58.16388,333.81,0.46,0.47,2026-03-02,1810,N,VIIRS,n,2.0NRT,301.61,3.61,D
-30.18967,-59.18705,341.68,0.4,0.44,2026-03-02,1810,N,VIIRS,n,2.0NRT,301.99,4.95,D
-30.19375,-59.18595,334.34,0.4,0.44,2026-03-02,1810,N,VIIRS,n,2.0NRT,302.51,2.68,D
-30.40129,-59.50985,367,0.38,0.44,2026-03-02,1810,N,VIIRS,h,2.0NRT,304.55,10.24,D
-30.40166,-59.50988,355.16,0.38,0.43,2026-03-02,1810,N,VIIRS,n,2.0NRT,304.43,7.65,D
-30.66711,-60.14878,348,0.53,0.42,2026-03-02,1810,N,VIIRS,n,2.0NRT,305.31,9.59,D
-30.66603,-60.14324,347.92,0.53,0.42,2026-03-02,1810,N,VIIRS,n,2.0NRT,305.16,9.59,D
-30.67095,-60.14778,343.74,0.53,0.42,2026-03-02,1810,N,VIIRS,n,2.0NRT,306.71,6.36,D
-33.73704,-58.86216,335.01,0.54,0.42,2026-03-02,1810,N,VIIRS,l,2.0NRT,308.19,10.39,D
-33.2031,-59.31426,333.47,0.53,0.42,2026-03-02,1810,N,VIIRS,l,2.0NRT,306.77,2.56,D
-33.36942,-60.16113,337.77,0.48,0.4,2026-03-02,1810,N,VIIRS,n,2.0NRT,308.54,2.52,D
-33.36778,-60.15876,338.96,0.48,0.4,2026-03-02,1810,N,VIIRS,n,2.0NRT,308.29,4.92,D
-33.20306,-59.31648,335.14,0.53,0.42,2026-03-02,1810,N,VIIRS,n,2.0NRT,308.07,1.25,D
-33.25528,-60.28372,332.09,0.48,0.4,2026-03-02,1810,N,VIIRS,l,2.0NRT,304.61,6.07,D
-32.98901,-60.47675,331.27,0.47,0.4,2026-03-02,1810,N,VIIRS,n,2.0NRT,301.93,2.03,D
-32.99117,-60.47901,330.27,0.47,0.4,2026-03-02,1810,N,VIIRS,n,2.0NRT,302.34,2.63,D
-32.65695,-58.99354,336.23,0.56,0.43,2026-03-02,1810,N,VIIRS,n,2.0NRT,307.95,6.31,D
-32.90939,-60.43127,343.83,0.48,0.4,2026-03-02,1810,N,VIIRS,n,2.0NRT,305.22,8.02,D
-32.90284,-60.41695,348.57,0.48,0.4,2026-03-02,1810,N,VIIRS,n,2.0NRT,312.54,8.3,D
-32.89917,-60.41792,337.61,0.48,0.4,2026-03-02,1810,N,VIIRS,n,2.0NRT,309.36,8.3,D
-32.90207,-60.4332,334.64,0.48,0.4,2026-03-02,1810,N,VIIRS,l,2.0NRT,307.4,10.05,D
-32.90303,-60.43829,352.97,0.48,0.4,2026-03-02,1810,N,VIIRS,n,2.0NRT,306.81,10.05,D
-32.89841,-60.43415,334.05,0.48,0.4,2026-03-02,1810,N,VIIRS,l,2.0NRT,306.96,3.98,D
-32.89937,-60.43924,337.87,0.48,0.4,2026-03-02,1810,N,VIIRS,n,2.0NRT,305.22,3.98,D
-32.89281,-60.42494,354.27,0.48,0.4,2026-03-02,1810,N,VIIRS,n,2.0NRT,311.02,7.44,D
-32.89378,-60.43003,336.51,0.48,0.4,2026-03-02,1810,N,VIIRS,l,2.0NRT,307.91,7.44,D
-32.87039,-60.47649,332.11,0.47,0.4,2026-03-02,1810,N,VIIRS,n,2.0NRT,301.07,3.02,D
-32.5717,-59.05082,333.29,0.56,0.43,2026-03-02,1810,N,VIIRS,n,2.0NRT,306.36,2.49,D
-32.77491,-60.45886,331.56,0.48,0.4,2026-03-02,1810,N,VIIRS,n,2.0NRT,301.16,1.68,D
-32.77283,-60.45684,335.06,0.48,0.4,2026-03-02,1810,N,VIIRS,n,2.0NRT,301.31,2.69,D
-32.77377,-60.46194,330.22,0.48,0.4,2026-03-02,1810,N,VIIRS,n,2.0NRT,300.6,2.44,D
-32.67542,-60.58036,342.29,0.47,0.4,2026-03-02,1810,N,VIIRS,n,2.0NRT,302.75,4.89,D
-32.67176,-60.58131,343.37,0.47,0.4,2026-03-02,1810,N,VIIRS,n,2.0NRT,302.25,4.89,D
-32.24697,-58.71427,337.81,0.39,0.44,2026-03-02,1810,N,VIIRS,n,2.0NRT,305.92,3.86,D
-32.16658,-58.52319,340.46,0.4,0.44,2026-03-02,1810,N,VIIRS,n,2.0NRT,302.23,2.15,D
-32.06691,-59.02803,332.76,0.57,0.43,2026-03-02,1810,N,VIIRS,n,2.0NRT,302.33,8.67,D
-32.06651,-59.02989,346.38,0.57,0.43,2026-03-02,1810,N,VIIRS,n,2.0NRT,304.18,9.26,D
-32.17604,-59.67325,332.37,0.53,0.42,2026-03-02,1810,N,VIIRS,l,2.0NRT,305.16,4.39,D
-32.38597,-60.80585,330.32,0.47,0.4,2026-03-02,1810,N,VIIRS,l,2.0NRT,301.63,0.95,D
-32.28952,-60.535,335.59,0.48,0.4,2026-03-02,1810,N,VIIRS,n,2.0NRT,301.5,3.38,D
-31.99222,-61.17974,346.06,0.46,0.39,2026-03-02,1810,N,VIIRS,n,2.0NRT,303.97,5.77,D
-31.98862,-61.18065,347.91,0.46,0.39,2026-03-02,1810,N,VIIRS,n,2.0NRT,302.43,5.77,D
-31.64884,-59.52461,347.13,0.55,0.42,2026-03-02,1810,N,VIIRS,n,2.0NRT,305.1,12.48,D
-31.34834,-58.08391,335.02,0.44,0.46,2026-03-02,1810,N,VIIRS,l,2.0NRT,305.1,3.3,D
-31.64494,-59.52565,336.29,0.55,0.42,2026-03-02,1810,N,VIIRS,n,2.0NRT,301.47,11.61,D
-31.53087,-59.12557,332.42,0.38,0.43,2026-03-02,1810,N,VIIRS,n,2.0NRT,303.16,3.39,D
-31.36203,-58.95483,356.8,0.39,0.44,2026-03-02,1810,N,VIIRS,n,2.0NRT,305.33,5.7,D
-31.358,-58.95595,342.59,0.39,0.44,2026-03-02,1810,N,VIIRS,n,2.0NRT,302.81,5.7,D
-31.49003,-59.61954,336.29,0.55,0.42,2026-03-02,1810,N,VIIRS,n,2.0NRT,303.83,3.98,D
-31.35563,-58.96533,343.83,0.39,0.44,2026-03-02,1810,N,VIIRS,n,2.0NRT,305.96,4.7,D
-32.93314,-68.81456,336.5,0.48,0.4,2026-03-02,1810,N,VIIRS,l,2.0NRT,307.39,1.74,D
-30.88924,-57.96497,331,0.45,0.47,2026-03-02,1810,N,VIIRS,n,2.0NRT,301.98,1.94,D
-31.69697,-62.60289,351.84,0.41,0.37,2026-03-02,1810,N,VIIRS,n,2.0NRT,311.96,29.54,D
-31.69353,-62.60369,347.26,0.41,0.37,2026-03-02,1810,N,VIIRS,n,2.0NRT,306.2,8.11,D
-30.78827,-59.07347,334.29,0.4,0.44,2026-03-02,1810,N,VIIRS,n,2.0NRT,302.66,2.5,D
-30.36847,-57.71188,341.5,0.48,0.48,2026-03-02,1810,N,VIIRS,n,2.0NRT,305.27,5.26,D
-30.36636,-57.71055,342.29,0.48,0.48,2026-03-02,1810,N,VIIRS,n,2.0NRT,307.52,5.57,D
-30.40787,-58.33963,330.17,0.44,0.46,2026-03-02,1810,N,VIIRS,l,2.0NRT,302.59,2.84,D
-30.73035,-59.99642,332.56,0.54,0.42,2026-03-02,1810,N,VIIRS,l,2.0NRT,304.01,5.76,D
-30.72648,-59.99743,346.11,0.54,0.42,2026-03-02,1810,N,VIIRS,n,2.0NRT,304.44,5.76,D
-30.72759,-60.00303,341.68,0.54,0.42,2026-03-02,1810,N,VIIRS,n,2.0NRT,303.29,7.5,D
-30.7287,-60.00864,349.64,0.54,0.42,2026-03-02,1810,N,VIIRS,n,2.0NRT,302.84,7.5,D
-30.72261,-59.99843,352.16,0.54,0.42,2026-03-02,1810,N,VIIRS,n,2.0NRT,304.11,11.02,D
-30.72372,-60.00404,348.91,0.54,0.42,2026-03-02,1810,N,VIIRS,n,2.0NRT,304.86,11.83,D
-30.72707,-59.99853,337.8,0.54,0.42,2026-03-02,1810,N,VIIRS,n,2.0NRT,303.56,8.02,D
-30.72815,-60.00415,341.52,0.54,0.42,2026-03-02,1810,N,VIIRS,n,2.0NRT,303.53,8.02,D
-30.72923,-60.00977,345.82,0.54,0.42,2026-03-02,1810,N,VIIRS,n,2.0NRT,302.44,7.67,D
-30.72429,-60.00516,367,0.54,0.42,2026-03-02,1810,N,VIIRS,h,2.0NRT,304.8,8.02,D
-30.72321,-59.99954,350.29,0.54,0.42,2026-03-02,1810,N,VIIRS,n,2.0NRT,304.5,8.02,D
-30.64607,-59.74985,336.87,0.56,0.43,2026-03-02,1810,N,VIIRS,n,2.0NRT,302.13,5.49,D
-30.64215,-59.75089,333.51,0.56,0.43,2026-03-02,1810,N,VIIRS,n,2.0NRT,300.6,5.49,D
-30.57711,-59.52712,334.86,0.57,0.43,2026-03-02,1810,N,VIIRS,n,2.0NRT,301.48,4.17,D
-30.67864,-60.1458,335.6,0.53,0.42,2026-03-02,1810,N,VIIRS,l,2.0NRT,305.79,4.93,D
-30.67371,-60.14126,332.58,0.53,0.42,2026-03-02,1810,N,VIIRS,l,2.0NRT,306.5,6.36,D
-30.64912,-60.03649,331.28,0.54,0.42,2026-03-02,1810,N,VIIRS,l,2.0NRT,301.81,3.58,D
-24.82225,-61.08209,367,0.4,0.44,2026-03-02,1813,N,VIIRS,h,2.0NRT,321.03,42.18,D
-37.427,-69.16992,339.79,0.56,0.43,2026-03-02,1813,N,VIIRS,n,2.0NRT,306.04,4.93,D
-35.27191,-58.95678,334.13,0.51,0.41,2026-03-02,1813,N,VIIRS,l,2.0NRT,307.29,2.45,D
-34.94571,-58.1521,343.3,0.56,0.43,2026-03-02,1813,N,VIIRS,n,2.0NRT,306.49,4.62,D
-34.88556,-57.91727,333.54,0.38,0.43,2026-03-02,1813,N,VIIRS,l,2.0NRT,305.65,3.82,D
-34.85967,-57.89395,333.93,0.38,0.43,2026-03-02,1813,N,VIIRS,n,2.0NRT,302.62,3.51,D
-34.87116,-58.17433,336.45,0.56,0.43,2026-03-02,1813,N,VIIRS,n,2.0NRT,302.74,4.58,D
-34.86724,-58.17551,335.11,0.56,0.43,2026-03-02,1813,N,VIIRS,n,2.0NRT,302.46,2.7,D
-34.64138,-59.41179,337.68,0.5,0.41,2026-03-02,1813,N,VIIRS,n,2.0NRT,306.04,3.29,D
-34.64152,-59.40873,333.43,0.5,0.41,2026-03-02,1813,N,VIIRS,l,2.0NRT,305.28,1.88,D
-30.27255,-60.03149,337.91,0.55,0.42,2026-03-02,1813,N,VIIRS,n,2.0NRT,304.61,7.18,D
-30.18995,-59.799,334.04,0.56,0.43,2026-03-02,1813,N,VIIRS,n,2.0NRT,301.79,8.67,D
-29.71178,-57.62968,337.14,0.5,0.49,2026-03-02,1813,N,VIIRS,n,2.0NRT,303.6,3.48,D
-29.6259,-57.53981,346.95,0.51,0.49,2026-03-02,1813,N,VIIRS,n,2.0NRT,304.94,8.97,D
-29.56124,-57.50767,341.83,0.51,0.49,2026-03-02,1813,N,VIIRS,n,2.0NRT,302.79,7.41,D
-29.41632,-57.08261,335.09,0.55,0.51,2026-03-02,1813,N,VIIRS,n,2.0NRT,303.98,6.01,D
-29.35206,-57.28724,338.78,0.53,0.5,2026-03-02,1813,N,VIIRS,n,2.0NRT,305.3,5.98,D
-29.35326,-57.29272,351.24,0.53,0.5,2026-03-02,1813,N,VIIRS,n,2.0NRT,305.99,6.02,D
-29.35446,-57.2982,336.45,0.53,0.5,2026-03-02,1813,N,VIIRS,n,2.0NRT,305.79,6.02,D
-29.39108,-57.46611,334.48,0.52,0.5,2026-03-02,1813,N,VIIRS,l,2.0NRT,305.98,3.52,D
-29.37857,-57.47528,334.03,0.52,0.5,2026-03-02,1813,N,VIIRS,n,2.0NRT,304.17,4.14,D
-29.37973,-57.48062,332.69,0.52,0.5,2026-03-02,1813,N,VIIRS,n,2.0NRT,306.01,3.62,D
-29.09951,-56.57447,338.99,0.59,0.53,2026-03-02,1813,N,VIIRS,n,2.0NRT,302.37,3.96,D
-29.09469,-56.57586,352.66,0.59,0.53,2026-03-02,1813,N,VIIRS,n,2.0NRT,304.61,16.25,D
-29.30238,-57.71736,333.86,0.5,0.49,2026-03-02,1813,N,VIIRS,n,2.0NRT,302.91,1.83,D
-29.29788,-57.71862,338.26,0.5,0.49,2026-03-02,1813,N,VIIRS,n,2.0NRT,301.67,3.56,D
-29.5437,-58.87355,332.68,0.43,0.46,2026-03-02,1813,N,VIIRS,n,2.0NRT,302.04,1.77,D
-29.24154,-57.67534,343.16,0.51,0.49,2026-03-02,1813,N,VIIRS,n,2.0NRT,302.65,8.61,D
-29.41356,-58.55671,350.61,0.45,0.47,2026-03-02,1813,N,VIIRS,n,2.0NRT,306.66,8.81,D
-29.40928,-58.55787,346.33,0.45,0.47,2026-03-02,1813,N,VIIRS,n,2.0NRT,305.9,8.81,D
-28.97434,-56.66333,343.06,0.59,0.53,2026-03-02,1813,N,VIIRS,n,2.0NRT,304.15,6.91,D
-30.19774,-62.81532,340.15,0.42,0.38,2026-03-02,1813,N,VIIRS,n,2.0NRT,310.12,3.09,D
-30.19427,-62.81611,339.13,0.42,0.38,2026-03-02,1813,N,VIIRS,l,2.0NRT,311.06,2.64,D
-30.19503,-62.82049,338.43,0.42,0.38,2026-03-02,1813,N,VIIRS,l,2.0NRT,311.53,2.74,D
-30.19579,-62.82486,334.8,0.42,0.38,2026-03-02,1813,N,VIIRS,l,2.0NRT,309.25,2.74,D
-30.19005,-62.81253,335.59,0.42,0.38,2026-03-02,1813,N,VIIRS,l,2.0NRT,310.2,2.64,D
-30.18659,-62.81332,345.76,0.42,0.38,2026-03-02,1813,N,VIIRS,n,2.0NRT,312.33,9.06,D
-29.09234,-57.34701,332.98,0.53,0.5,2026-03-02,1813,N,VIIRS,n,2.0NRT,302.77,4.08,D
-30.18531,-62.86809,338.95,0.42,0.38,2026-03-02,1813,N,VIIRS,l,2.0NRT,310.17,2.85,D
-29.08772,-57.34832,336.09,0.53,0.5,2026-03-02,1813,N,VIIRS,n,2.0NRT,303.77,4.48,D
-30.16273,-62.93085,344.65,0.42,0.37,2026-03-02,1813,N,VIIRS,n,2.0NRT,309.2,4.22,D
-30.15853,-62.92729,335.57,0.42,0.37,2026-03-02,1813,N,VIIRS,l,2.0NRT,308.83,4.22,D
-30.15508,-62.92808,337.12,0.42,0.37,2026-03-02,1813,N,VIIRS,l,2.0NRT,309.32,5.7,D
-30.11387,-62.75122,339.38,0.42,0.38,2026-03-02,1813,N,VIIRS,n,2.0NRT,308.99,3.59,D
-30.14546,-62.93478,338.88,0.42,0.37,2026-03-02,1813,N,VIIRS,n,2.0NRT,308.53,5.06,D
-30.1462,-62.93913,333.61,0.42,0.37,2026-03-02,1813,N,VIIRS,l,2.0NRT,308.01,1.91,D
-30.11039,-62.75202,344.65,0.42,0.38,2026-03-02,1813,N,VIIRS,n,2.0NRT,311,4,D
-28.89968,-56.75101,332.47,0.58,0.52,2026-03-02,1813,N,VIIRS,l,2.0NRT,302.57,4.68,D
-28.89489,-56.75239,340.93,0.58,0.52,2026-03-02,1813,N,VIIRS,n,2.0NRT,303.13,6.64,D
-28.89202,-56.78503,334.13,0.58,0.52,2026-03-02,1813,N,VIIRS,n,2.0NRT,302.54,4.59,D
-29.83228,-61.49028,348.13,0.47,0.4,2026-03-02,1813,N,VIIRS,n,2.0NRT,311.93,3.49,D
-29.82862,-61.49116,339.45,0.47,0.4,2026-03-02,1813,N,VIIRS,l,2.0NRT,312.71,3.49,D
-29.69832,-60.84313,335.85,0.51,0.41,2026-03-02,1813,N,VIIRS,l,2.0NRT,309.07,2.78,D
-29.26871,-58.75407,333.14,0.44,0.46,2026-03-02,1813,N,VIIRS,n,2.0NRT,302.47,3.54,D
-29.95861,-62.34546,348.29,0.44,0.38,2026-03-02,1813,N,VIIRS,n,2.0NRT,310.73,5.06,D
-29.95509,-62.34629,342.13,0.44,0.38,2026-03-02,1813,N,VIIRS,n,2.0NRT,311.62,5.06,D
-30.0656,-62.97097,339.82,0.42,0.37,2026-03-02,1813,N,VIIRS,n,2.0NRT,307.87,3.86,D
-30.06814,-62.96958,337.35,0.42,0.37,2026-03-02,1813,N,VIIRS,n,2.0NRT,307.07,3.75,D
-29.9565,-62.34474,353.86,0.44,0.38,2026-03-02,1813,N,VIIRS,n,2.0NRT,312.7,12.33,D
-30.01066,-62.96912,334.48,0.42,0.37,2026-03-02,1813,N,VIIRS,l,2.0NRT,308.7,1.88,D
-29.45009,-60.04654,340.68,0.56,0.43,2026-03-02,1813,N,VIIRS,l,2.0NRT,311.04,4.71,D
-28.83071,-57.42853,351.48,0.54,0.51,2026-03-02,1813,N,VIIRS,n,2.0NRT,302.21,11.56,D
-28.82609,-57.42982,337.86,0.54,0.51,2026-03-02,1813,N,VIIRS,n,2.0NRT,300.03,4.52,D
-29.56511,-61.06163,338.19,0.5,0.41,2026-03-02,1813,N,VIIRS,n,2.0NRT,310.56,3.88,D
-28.62011,-56.82277,331.08,0.59,0.53,2026-03-02,1813,N,VIIRS,l,2.0NRT,301.2,5.65,D
-29.0165,-58.63946,337.53,0.45,0.47,2026-03-02,1813,N,VIIRS,n,2.0NRT,303.01,4.62,D
-29.75794,-62.51546,345.09,0.43,0.38,2026-03-02,1813,N,VIIRS,n,2.0NRT,311.74,4.61,D
-29.01613,-58.6386,342.49,0.45,0.47,2026-03-02,1813,N,VIIRS,n,2.0NRT,303.46,5.05,D
-28.61892,-56.82598,330.83,0.59,0.53,2026-03-02,1813,N,VIIRS,n,2.0NRT,300.41,3.45,D
-29.18962,-59.68787,351.48,0.4,0.44,2026-03-02,1813,N,VIIRS,n,2.0NRT,306.95,16.21,D
-29.18557,-59.6889,354.46,0.4,0.44,2026-03-02,1813,N,VIIRS,n,2.0NRT,310.38,16.21,D
-29.19046,-59.75574,346.4,0.39,0.44,2026-03-02,1813,N,VIIRS,n,2.0NRT,310.94,13.35,D
-29.19127,-59.75977,337.99,0.39,0.44,2026-03-02,1813,N,VIIRS,n,2.0NRT,306.85,13.35,D
-29.69271,-62.93357,353.8,0.42,0.38,2026-03-02,1813,N,VIIRS,n,2.0NRT,310.3,11.61,D
-28.97725,-59.24277,355.73,0.42,0.45,2026-03-02,1813,N,VIIRS,n,2.0NRT,306.63,12.51,D
-29.30493,-61.00525,336.68,0.51,0.41,2026-03-02,1813,N,VIIRS,l,2.0NRT,310.65,2.97,D
-29.06114,-59.88472,332.73,0.39,0.44,2026-03-02,1813,N,VIIRS,l,2.0NRT,307.4,2.04,D
-29.50652,-62.30067,347.7,0.44,0.39,2026-03-02,1813,N,VIIRS,n,2.0NRT,312.12,15.75,D
-29.55918,-62.87206,339.36,0.42,0.38,2026-03-02,1813,N,VIIRS,n,2.0NRT,305.51,5.28,D
-28.90375,-59.45947,341.97,0.41,0.45,2026-03-02,1813,N,VIIRS,n,2.0NRT,303.74,3.71,D
-28.90461,-59.46368,333.27,0.41,0.45,2026-03-02,1813,N,VIIRS,l,2.0NRT,303.33,3.34,D
-29.1347,-60.96483,338.57,0.51,0.41,2026-03-02,1813,N,VIIRS,n,2.0NRT,307.67,5.34,D
-29.32285,-62.00705,340.51,0.46,0.39,2026-03-02,1813,N,VIIRS,n,2.0NRT,312.31,20.42,D
-28.80069,-59.4053,343.1,0.42,0.45,2026-03-02,1813,N,VIIRS,n,2.0NRT,305.67,5.24,D
-28.80156,-59.40956,331.77,0.42,0.45,2026-03-02,1813,N,VIIRS,n,2.0NRT,303.34,2.21,D
-28.79569,-59.4021,340.86,0.42,0.45,2026-03-02,1813,N,VIIRS,n,2.0NRT,304.43,4.5,D
-29.08319,-60.94427,337.05,0.51,0.41,2026-03-02,1813,N,VIIRS,l,2.0NRT,310.28,4.63,D
-29.03439,-60.79431,335.93,0.52,0.42,2026-03-02,1813,N,VIIRS,l,2.0NRT,310.4,8.21,D
-28.52794,-58.43485,333.31,0.48,0.48,2026-03-02,1813,N,VIIRS,n,2.0NRT,299.69,1.91,D
-28.75617,-59.74604,337.77,0.4,0.44,2026-03-02,1813,N,VIIRS,n,2.0NRT,302.58,5.21,D
-28.75129,-59.743,332.49,0.4,0.44,2026-03-02,1813,N,VIIRS,n,2.0NRT,301.94,2.27,D
-28.75211,-59.74708,349.79,0.4,0.44,2026-03-02,1813,N,VIIRS,n,2.0NRT,303.12,5.21,D
-28.75292,-59.75118,330.83,0.4,0.44,2026-03-02,1813,N,VIIRS,l,2.0NRT,301.38,5.21,D
-28.62632,-59.17142,338.04,0.43,0.46,2026-03-02,1813,N,VIIRS,n,2.0NRT,303.29,2.25,D
-28.6533,-59.30267,352.4,0.42,0.45,2026-03-02,1813,N,VIIRS,n,2.0NRT,305.89,6.61,D
-28.65419,-59.30701,340.68,0.42,0.45,2026-03-02,1813,N,VIIRS,n,2.0NRT,301.5,6.61,D
-28.50749,-58.62331,343.36,0.47,0.47,2026-03-02,1813,N,VIIRS,n,2.0NRT,303.91,5.69,D
-28.5085,-58.62806,351.26,0.46,0.47,2026-03-02,1813,N,VIIRS,n,2.0NRT,304.48,5.69,D
-28.87206,-60.60287,335.69,0.54,0.42,2026-03-02,1813,N,VIIRS,l,2.0NRT,309.92,3.36,D
-28.87263,-60.60419,339.42,0.54,0.42,2026-03-02,1813,N,VIIRS,n,2.0NRT,310.96,5.11,D
-27.71506,-55.38412,354.54,0.37,0.58,2026-03-02,1813,N,VIIRS,n,2.0NRT,295.15,5.07,D
-27.80933,-56.04653,339.76,0.34,0.56,2026-03-02,1813,N,VIIRS,n,2.0NRT,298.99,3.27,D
-27.80262,-56.04121,349.51,0.34,0.56,2026-03-02,1813,N,VIIRS,n,2.0NRT,293.76,7.1,D
-27.80422,-56.04802,347.69,0.34,0.56,2026-03-02,1813,N,VIIRS,n,2.0NRT,300.07,5.85,D
-28.60679,-59.71794,346.45,0.4,0.44,2026-03-02,1813,N,VIIRS,n,2.0NRT,308.57,5.65,D
-27.79831,-56.04612,330.11,0.34,0.56,2026-03-02,1813,N,VIIRS,n,2.0NRT,299.52,5.85,D
-28.44908,-59.01758,337.88,0.44,0.46,2026-03-02,1813,N,VIIRS,n,2.0NRT,306.39,7.96,D
-28.45098,-59.02663,353.89,0.44,0.46,2026-03-02,1813,N,VIIRS,n,2.0NRT,309.24,16.98,D
-28.44482,-59.0187,344.14,0.44,0.46,2026-03-02,1813,N,VIIRS,n,2.0NRT,305.51,8.55,D
-28.44057,-59.0198,345.78,0.44,0.46,2026-03-02,1813,N,VIIRS,n,2.0NRT,307.77,8.55,D
-28.45475,-59.02976,337.81,0.44,0.46,2026-03-02,1813,N,VIIRS,n,2.0NRT,304.82,9.14,D
-28.44773,-59.01727,342.91,0.44,0.46,2026-03-02,1813,N,VIIRS,n,2.0NRT,305.46,7.1,D
-28.44865,-59.02181,344.08,0.44,0.46,2026-03-02,1813,N,VIIRS,n,2.0NRT,307.33,7.1,D
-28.44957,-59.02634,352.01,0.44,0.46,2026-03-02,1813,N,VIIRS,n,2.0NRT,307.29,9.14,D
-28.88727,-61.2827,338.18,0.5,0.41,2026-03-02,1813,N,VIIRS,n,2.0NRT,304.12,4.78,D
-27.80386,-56.04665,331.45,0.34,0.56,2026-03-02,1813,N,VIIRS,n,2.0NRT,298.95,4.85,D
-27.80463,-56.05004,338.85,0.34,0.56,2026-03-02,1813,N,VIIRS,n,2.0NRT,298.72,4.85,D
-28.44347,-59.01839,330.56,0.44,0.46,2026-03-02,1813,N,VIIRS,l,2.0NRT,304.85,5.16,D
-27.79797,-56.04472,339.88,0.34,0.56,2026-03-02,1813,N,VIIRS,n,2.0NRT,296.56,9.35,D
-28.43922,-59.01951,341.21,0.44,0.46,2026-03-02,1813,N,VIIRS,n,2.0NRT,307.75,5.16,D
-27.60293,-55.29854,347.45,0.38,0.59,2026-03-02,1813,N,VIIRS,n,2.0NRT,296.19,6.11,D
-27.60382,-55.30234,354.22,0.38,0.59,2026-03-02,1813,N,VIIRS,n,2.0NRT,296.75,6.11,D
-28.41607,-59.01601,333.1,0.44,0.46,2026-03-02,1813,N,VIIRS,l,2.0NRT,305.04,5.5,D
-28.41087,-59.01258,332.49,0.44,0.46,2026-03-02,1813,N,VIIRS,l,2.0NRT,306.04,6.2,D
-28.38819,-58.98975,333.29,0.45,0.47,2026-03-02,1813,N,VIIRS,n,2.0NRT,304.09,1.46,D
-28.50989,-59.60716,333.35,0.41,0.45,2026-03-02,1813,N,VIIRS,l,2.0NRT,306.19,3.51,D
-27.40546,-54.66901,331.21,0.42,0.61,2026-03-02,1813,N,VIIRS,n,2.0NRT,296.65,3.15,D
-27.3292,-54.55396,367,0.42,0.61,2026-03-02,1813,N,VIIRS,h,2.0NRT,297.42,20.95,D
-27.33344,-54.55212,367,0.42,0.61,2026-03-02,1813,N,VIIRS,h,2.0NRT,298.06,9.58,D
-27.32787,-54.55395,354.98,0.42,0.61,2026-03-02,1813,N,VIIRS,n,2.0NRT,294.76,9.58,D
-27.26398,-54.53913,353.83,0.43,0.62,2026-03-02,1813,N,VIIRS,n,2.0NRT,291.82,12.21,D
-27.19404,-54.27942,367,0.44,0.63,2026-03-02,1813,N,VIIRS,h,2.0NRT,297.49,4.96,D
-27.19521,-54.28413,330.27,0.44,0.63,2026-03-02,1813,N,VIIRS,n,2.0NRT,296.19,4.96,D
-28.29721,-59.1878,342.88,0.44,0.46,2026-03-02,1813,N,VIIRS,n,2.0NRT,306.07,4.56,D
-28.25286,-59.19871,334.25,0.44,0.46,2026-03-02,1813,N,VIIRS,n,2.0NRT,303.8,1.99,D
-27.15713,-54.5734,348.9,0.43,0.62,2026-03-02,1813,N,VIIRS,n,2.0NRT,293.75,7.56,D
-28.25416,-59.46602,331.43,0.42,0.45,2026-03-02,1813,N,VIIRS,l,2.0NRT,302.57,4.35,D
-27.34743,-55.41,367,0.38,0.59,2026-03-02,1813,N,VIIRS,h,2.0NRT,296.48,18.04,D
-27.34833,-55.41378,357.2,0.38,0.59,2026-03-02,1813,N,VIIRS,n,2.0NRT,296.13,15.3,D
-27.34302,-55.41553,367,0.38,0.59,2026-03-02,1813,N,VIIRS,h,2.0NRT,298.63,15.3,D
-27.34212,-55.41176,340.69,0.38,0.59,2026-03-02,1813,N,VIIRS,n,2.0NRT,293.54,18.04,D
-28.82515,-62.65694,345.31,0.44,0.38,2026-03-02,1813,N,VIIRS,n,2.0NRT,311.35,4.43,D
-27.6995,-57.13209,357.06,0.59,0.53,2026-03-02,1813,N,VIIRS,n,2.0NRT,303.16,56.28,D
-27.70085,-57.13805,348.53,0.59,0.53,2026-03-02,1813,N,VIIRS,n,2.0NRT,305.78,56.28,D
-27.70221,-57.14402,304.48,0.59,0.53,2026-03-02,1813,N,VIIRS,l,2.0NRT,306.37,74.91,D
-27.7023,-57.13195,345.17,0.59,0.53,2026-03-02,1813,N,VIIRS,n,2.0NRT,301.63,10.68,D
-27.70361,-57.13794,339.07,0.59,0.53,2026-03-02,1813,N,VIIRS,n,2.0NRT,300.81,6.73,D
-27.70492,-57.14392,332.9,0.59,0.53,2026-03-02,1813,N,VIIRS,n,2.0NRT,301.2,6.73,D
-27.69616,-57.1273,339.8,0.59,0.53,2026-03-02,1813,N,VIIRS,n,2.0NRT,303.35,11.33,D
-27.69748,-57.13329,350.32,0.59,0.53,2026-03-02,1813,N,VIIRS,n,2.0NRT,302.86,11.33,D
-27.69879,-57.13927,350,0.59,0.53,2026-03-02,1813,N,VIIRS,n,2.0NRT,307.22,83.99,D
-28.21881,-59.61689,332.36,0.42,0.45,2026-03-02,1813,N,VIIRS,l,2.0NRT,304.27,5.26,D
-27.70011,-57.14525,301.29,0.59,0.53,2026-03-02,1813,N,VIIRS,l,2.0NRT,303.98,83.99,D
-27.08828,-54.64262,337.33,0.42,0.61,2026-03-02,1813,N,VIIRS,n,2.0NRT,296.14,3.96,D
-27.22214,-55.32126,330.32,0.38,0.59,2026-03-02,1813,N,VIIRS,n,2.0NRT,293.85,2.3,D
-28.12693,-59.40082,333.75,0.43,0.46,2026-03-02,1813,N,VIIRS,n,2.0NRT,303.32,4.98,D
-28.12782,-59.40518,330.81,0.43,0.46,2026-03-02,1813,N,VIIRS,l,2.0NRT,302.87,3.9,D
-27.93259,-58.53534,351.89,0.48,0.48,2026-03-02,1813,N,VIIRS,n,2.0NRT,308.5,6.57,D
-27.93363,-58.54025,337.64,0.48,0.48,2026-03-02,1813,N,VIIRS,l,2.0NRT,309,5.48,D
-27.92712,-58.53159,337.46,0.48,0.48,2026-03-02,1813,N,VIIRS,n,2.0NRT,306.38,6.57,D
-27.92817,-58.5365,343.34,0.48,0.48,2026-03-02,1813,N,VIIRS,n,2.0NRT,307.29,6.57,D
-27.92921,-58.5414,339,0.48,0.48,2026-03-02,1813,N,VIIRS,n,2.0NRT,307.46,5.48,D
-27.92374,-58.53766,341.76,0.48,0.48,2026-03-02,1813,N,VIIRS,n,2.0NRT,305.09,9.31,D
-27.03409,-54.74054,367,0.42,0.61,2026-03-02,1813,N,VIIRS,h,2.0NRT,297.36,7.95,D
-27.03306,-54.73637,330.24,0.42,0.61,2026-03-02,1813,N,VIIRS,n,2.0NRT,296.21,8.13,D
-27.52639,-56.80943,333.35,0.62,0.54,2026-03-02,1813,N,VIIRS,n,2.0NRT,300.71,6.1,D
-28.10027,-59.48524,342.24,0.42,0.45,2026-03-02,1813,N,VIIRS,n,2.0NRT,304.46,5.86,D
-28.10116,-59.48956,349.58,0.42,0.45,2026-03-02,1813,N,VIIRS,n,2.0NRT,304.76,5.86,D
-28.10182,-59.48905,348.02,0.42,0.45,2026-03-02,1813,N,VIIRS,n,2.0NRT,305.36,12.9,D
-28.19316,-59.95017,349.93,0.4,0.44,2026-03-02,1813,N,VIIRS,n,2.0NRT,307.36,9.96,D
-28.1891,-59.9512,354.87,0.4,0.44,2026-03-02,1813,N,VIIRS,n,2.0NRT,307.59,9.96,D
-27.52627,-56.80534,333.25,0.62,0.54,2026-03-02,1813,N,VIIRS,n,2.0NRT,301,9.46,D
-27.03301,-54.74161,367,0.42,0.61,2026-03-02,1813,N,VIIRS,h,2.0NRT,296.93,11.09,D
-27.03201,-54.73744,339.6,0.42,0.61,2026-03-02,1813,N,VIIRS,n,2.0NRT,295.92,12.32,D
-27.93136,-58.98199,337.05,0.46,0.47,2026-03-02,1813,N,VIIRS,n,2.0NRT,305.01,4.67,D
-28.01518,-59.38762,343.62,0.43,0.46,2026-03-02,1813,N,VIIRS,n,2.0NRT,304.8,6.47,D
-27.43714,-56.94283,330.19,0.61,0.53,2026-03-02,1813,N,VIIRS,n,2.0NRT,302.78,2.81,D
-28.24187,-61.0015,340.78,0.53,0.42,2026-03-02,1813,N,VIIRS,l,2.0NRT,311.82,6.79,D
-27.4608,-57.26029,330.71,0.59,0.52,2026-03-02,1813,N,VIIRS,l,2.0NRT,302.2,3.89,D
-27.45034,-57.282,342.06,0.58,0.52,2026-03-02,1813,N,VIIRS,n,2.0NRT,301.45,5.96,D
-27.87673,-59.44058,336.47,0.43,0.46,2026-03-02,1813,N,VIIRS,n,2.0NRT,305.4,2.93,D
-27.87399,-59.44101,331.35,0.43,0.46,2026-03-02,1813,N,VIIRS,l,2.0NRT,303.3,2.44,D
-28.22067,-61.27538,339.37,0.51,0.41,2026-03-02,1813,N,VIIRS,l,2.0NRT,313.26,6.75,D
-28.03088,-60.30072,350.77,0.38,0.44,2026-03-02,1813,N,VIIRS,n,2.0NRT,306.08,4.45,D
-27.82975,-59.33157,345.76,0.44,0.46,2026-03-02,1813,N,VIIRS,n,2.0NRT,306.26,6.18,D
-27.83065,-59.33602,341.62,0.44,0.46,2026-03-02,1813,N,VIIRS,n,2.0NRT,307.41,6.18,D
-28.02136,-60.29487,340.86,0.38,0.44,2026-03-02,1813,N,VIIRS,n,2.0NRT,310.72,4.62,D
-27.82641,-59.3371,367,0.44,0.46,2026-03-02,1813,N,VIIRS,h,2.0NRT,309.77,7.54,D
-27.82551,-59.33265,333.48,0.44,0.46,2026-03-02,1813,N,VIIRS,n,2.0NRT,307.8,7.54,D
-27.49121,-57.75956,342.54,0.55,0.51,2026-03-02,1813,N,VIIRS,n,2.0NRT,306.63,11.26,D
-27.82037,-59.32929,344.39,0.44,0.46,2026-03-02,1813,N,VIIRS,n,2.0NRT,309.97,10.11,D
-27.82128,-59.33373,341.57,0.44,0.46,2026-03-02,1813,N,VIIRS,n,2.0NRT,307.26,7.54,D
-27.82218,-59.33818,343.7,0.44,0.46,2026-03-02,1813,N,VIIRS,n,2.0NRT,307.35,7.54,D
-28.29406,-61.77711,331.91,0.48,0.4,2026-03-02,1813,N,VIIRS,l,2.0NRT,306.34,1.25,D
-27.71278,-58.93814,330.3,0.46,0.47,2026-03-02,1813,N,VIIRS,l,2.0NRT,304.7,4.95,D
-27.7041,-58.9404,343.05,0.46,0.47,2026-03-02,1813,N,VIIRS,n,2.0NRT,304.73,10.18,D
-28.45988,-62.90614,334.16,0.43,0.38,2026-03-02,1813,N,VIIRS,n,2.0NRT,306.31,4.9,D
-27.6514,-58.79911,333,0.47,0.48,2026-03-02,1813,N,VIIRS,l,2.0NRT,304.54,5.17,D
-28.05442,-60.84516,334.56,0.54,0.42,2026-03-02,1813,N,VIIRS,l,2.0NRT,307.5,3.44,D
-28.20774,-61.94316,332.44,0.48,0.4,2026-03-02,1813,N,VIIRS,l,2.0NRT,307.19,1.81,D
-27.92513,-60.49017,335.7,0.57,0.43,2026-03-02,1813,N,VIIRS,l,2.0NRT,308.11,5.94,D
-27.32472,-57.77119,330.55,0.55,0.51,2026-03-02,1813,N,VIIRS,l,2.0NRT,303.61,9.44,D
-27.33707,-57.84987,332.15,0.54,0.51,2026-03-02,1813,N,VIIRS,n,2.0NRT,301.53,5.41,D
-27.33828,-57.85536,335.16,0.54,0.51,2026-03-02,1813,N,VIIRS,n,2.0NRT,300.45,3.26,D
-27.33018,-57.86335,333.56,0.54,0.51,2026-03-02,1813,N,VIIRS,n,2.0NRT,301.52,3.25,D
-27.33689,-57.85162,341.35,0.54,0.51,2026-03-02,1813,N,VIIRS,n,2.0NRT,301.77,5.95,D
-27.45028,-58.88202,337.8,0.47,0.48,2026-03-02,1813,N,VIIRS,n,2.0NRT,303.69,3.93,D
-27.27917,-58.65797,330.98,0.49,0.49,2026-03-02,1813,N,VIIRS,n,2.0NRT,300.56,2.5,D
-27.34502,-59.18329,337.77,0.46,0.47,2026-03-02,1813,N,VIIRS,n,2.0NRT,303.61,3.55,D
-26.15078,-54.36012,338.13,0.46,0.64,2026-03-02,1813,N,VIIRS,n,2.0NRT,294.59,4.95,D
-26.124,-54.5293,333.62,0.45,0.63,2026-03-02,1813,N,VIIRS,n,2.0NRT,294.82,6.28,D
-26.12665,-54.5312,338.06,0.45,0.63,2026-03-02,1813,N,VIIRS,n,2.0NRT,296.91,5.56,D
-26.9817,-58.53279,349.98,0.5,0.49,2026-03-02,1813,N,VIIRS,n,2.0NRT,300.84,23.82,D
-27.28402,-60.47079,335.73,0.39,0.44,2026-03-02,1813,N,VIIRS,n,2.0NRT,307.04,2.9,D
-26.76282,-58.41679,344.1,0.52,0.5,2026-03-02,1813,N,VIIRS,n,2.0NRT,293.22,14.56,D
-26.75716,-58.41275,351.96,0.52,0.5,2026-03-02,1813,N,VIIRS,n,2.0NRT,299.33,46.44,D
-26.75826,-58.41799,343.53,0.52,0.5,2026-03-02,1813,N,VIIRS,n,2.0NRT,302.39,14.56,D
-26.7526,-58.41396,355.94,0.52,0.5,2026-03-02,1813,N,VIIRS,n,2.0NRT,300.08,28.97,D
-26.79021,-58.72736,341.36,0.5,0.49,2026-03-02,1813,N,VIIRS,n,2.0NRT,299.81,10.03,D
-26.73396,-58.4846,345.87,0.51,0.5,2026-03-02,1813,N,VIIRS,n,2.0NRT,302.69,7.44,D
-26.78574,-58.72852,348.27,0.5,0.49,2026-03-02,1813,N,VIIRS,n,2.0NRT,300.87,10.03,D
-27.05848,-60.88695,344.79,0.56,0.43,2026-03-02,1813,N,VIIRS,n,2.0NRT,314.7,86.57,D
-26.99734,-60.59021,367,0.39,0.44,2026-03-02,1813,N,VIIRS,h,2.0NRT,311.13,11.02,D
-27.05454,-60.8879,367,0.56,0.43,2026-03-02,1813,N,VIIRS,h,2.0NRT,333.36,86.57,D
-26.67204,-59.31672,341.79,0.46,0.47,2026-03-02,1813,N,VIIRS,n,2.0NRT,304.9,2.9,D
-26.49378,-58.60729,340.25,0.51,0.49,2026-03-02,1813,N,VIIRS,n,2.0NRT,302.81,6.62,D
-26.49468,-58.60886,334.81,0.51,0.49,2026-03-02,1813,N,VIIRS,n,2.0NRT,301.96,2.68,D
-26.53086,-58.89663,331.25,0.49,0.49,2026-03-02,1813,N,VIIRS,n,2.0NRT,300.46,3.42,D
-26.53188,-58.90154,341.76,0.49,0.49,2026-03-02,1813,N,VIIRS,n,2.0NRT,298.81,3.42,D
-26.52641,-58.89777,341.73,0.49,0.49,2026-03-02,1813,N,VIIRS,n,2.0NRT,300.83,22.11,D
-26.52947,-58.91252,342.87,0.49,0.49,2026-03-02,1813,N,VIIRS,n,2.0NRT,300.98,4.97,D
-26.53049,-58.91743,330.36,0.49,0.49,2026-03-02,1813,N,VIIRS,l,2.0NRT,302.67,3.64,D
-26.52502,-58.91365,335.84,0.49,0.49,2026-03-02,1813,N,VIIRS,n,2.0NRT,300,4.97,D
-26.52159,-58.9197,330.21,0.49,0.49,2026-03-02,1813,N,VIIRS,l,2.0NRT,301.56,2.45,D
-26.48593,-58.77174,331.81,0.5,0.49,2026-03-02,1813,N,VIIRS,l,2.0NRT,303.81,7,D
-26.33885,-58.31441,331.21,0.54,0.5,2026-03-02,1813,N,VIIRS,n,2.0NRT,300.88,5.4,D
-26.43784,-59.06288,340.69,0.48,0.48,2026-03-02,1813,N,VIIRS,n,2.0NRT,303.66,6.38,D
-26.43442,-59.06885,338.48,0.48,0.48,2026-03-02,1813,N,VIIRS,n,2.0NRT,304.67,6.7,D
-26.15933,-58.23783,339.85,0.55,0.51,2026-03-02,1813,N,VIIRS,n,2.0NRT,300.3,7.32,D
-26.60286,-60.56946,331.81,0.39,0.44,2026-03-02,1813,N,VIIRS,l,2.0NRT,306.71,4.74,D
-26.09614,-58.21949,339.02,0.55,0.51,2026-03-02,1813,N,VIIRS,n,2.0NRT,300.17,4.82,D
-26.03628,-57.96917,342.97,0.57,0.52,2026-03-02,1813,N,VIIRS,n,2.0NRT,300.89,15.18,D
-26.03153,-57.97041,333.14,0.57,0.52,2026-03-02,1813,N,VIIRS,n,2.0NRT,297.61,11.17,D
-26.04652,-58.03841,331.73,0.56,0.52,2026-03-02,1813,N,VIIRS,l,2.0NRT,302.12,3.9,D
-26.02803,-57.97734,354.31,0.57,0.52,2026-03-02,1813,N,VIIRS,n,2.0NRT,299.95,11.17,D
-26.04178,-58.03964,340.93,0.56,0.52,2026-03-02,1813,N,VIIRS,n,2.0NRT,304.51,3.9,D
-26.09546,-58.21727,337.7,0.55,0.51,2026-03-02,1813,N,VIIRS,n,2.0NRT,301.48,4.9,D
-26.03374,-57.97311,343.11,0.57,0.52,2026-03-02,1813,N,VIIRS,n,2.0NRT,300.26,27.71,D
-26.0302,-57.98008,339.44,0.57,0.52,2026-03-02,1813,N,VIIRS,n,2.0NRT,300.62,6.89,D
-26.04232,-58.03688,343.72,0.56,0.52,2026-03-02,1813,N,VIIRS,n,2.0NRT,300.18,8.22,D
-26.20897,-58.98913,351.94,0.49,0.49,2026-03-02,1813,N,VIIRS,n,2.0NRT,303.31,13.09,D
-26.20451,-58.99025,352.76,0.49,0.49,2026-03-02,1813,N,VIIRS,n,2.0NRT,303.91,13.09,D
-26.23741,-59.37083,339,0.47,0.47,2026-03-02,1813,N,VIIRS,n,2.0NRT,301.64,5.1,D
-26.23305,-59.37192,336.68,0.47,0.47,2026-03-02,1813,N,VIIRS,n,2.0NRT,305.54,7.62,D
-26.68174,-61.66338,339.19,0.52,0.41,2026-03-02,1813,N,VIIRS,n,2.0NRT,308.98,3.87,D
-26.68273,-61.66858,337.23,0.52,0.41,2026-03-02,1813,N,VIIRS,l,2.0NRT,308.12,3.89,D
-26.67794,-61.66426,339.08,0.52,0.41,2026-03-02,1813,N,VIIRS,n,2.0NRT,306.15,3.87,D
-26.68024,-61.66536,344.11,0.52,0.41,2026-03-02,1813,N,VIIRS,n,2.0NRT,307.89,8.96,D
-26.23409,-59.37367,346.87,0.47,0.47,2026-03-02,1813,N,VIIRS,n,2.0NRT,308.53,8.55,D
-26.30633,-59.86884,342.02,0.44,0.46,2026-03-02,1813,N,VIIRS,n,2.0NRT,304.63,6.29,D
-25.95927,-58.2303,342.19,0.55,0.51,2026-03-02,1813,N,VIIRS,n,2.0NRT,304.56,22,D
-26.51704,-60.99047,338.09,0.56,0.43,2026-03-02,1813,N,VIIRS,l,2.0NRT,311.11,5.1,D
-25.86237,-57.87247,334.62,0.58,0.52,2026-03-02,1813,N,VIIRS,n,2.0NRT,296.99,12.2,D
-25.85884,-57.87955,348.02,0.58,0.52,2026-03-02,1813,N,VIIRS,n,2.0NRT,301.44,12.2,D
-26.0257,-58.65903,342.35,0.52,0.5,2026-03-02,1813,N,VIIRS,n,2.0NRT,301.35,22.89,D
-26.0268,-58.66422,338.04,0.52,0.5,2026-03-02,1813,N,VIIRS,n,2.0NRT,300.88,16.26,D
-25.85404,-57.88081,341.9,0.58,0.52,2026-03-02,1813,N,VIIRS,n,2.0NRT,299.32,10.01,D
-26.43857,-60.73552,335.26,0.39,0.44,2026-03-02,1813,N,VIIRS,l,2.0NRT,309.58,7.12,D
-26.43303,-60.72869,336.6,0.39,0.44,2026-03-02,1813,N,VIIRS,l,2.0NRT,309.98,5.82,D
-26.43379,-60.73259,351.75,0.39,0.44,2026-03-02,1813,N,VIIRS,n,2.0NRT,312.85,4.8,D
-26.43455,-60.73649,342.95,0.39,0.44,2026-03-02,1813,N,VIIRS,n,2.0NRT,305.08,4.8,D
-26.53471,-61.42343,339.98,0.53,0.42,2026-03-02,1813,N,VIIRS,l,2.0NRT,310.86,37.75,D
-26.53574,-61.42879,347.82,0.53,0.42,2026-03-02,1813,N,VIIRS,n,2.0NRT,314.98,37.75,D
-26.52982,-61.41897,353.36,0.53,0.42,2026-03-02,1813,N,VIIRS,n,2.0NRT,317.83,43.66,D
-26.53085,-61.42433,343.68,0.53,0.42,2026-03-02,1813,N,VIIRS,n,2.0NRT,314.51,37.75,D
-26.53188,-61.42968,367,0.53,0.42,2026-03-02,1813,N,VIIRS,l,2.0NRT,328.32,37.75,D
-26.52596,-61.41987,367,0.53,0.42,2026-03-02,1813,N,VIIRS,h,2.0NRT,339.87,95.32,D
-26.52389,-61.40912,340.15,0.53,0.42,2026-03-02,1813,N,VIIRS,l,2.0NRT,311.05,27.31,D
-26.52699,-61.42522,335.62,0.53,0.42,2026-03-02,1813,N,VIIRS,n,2.0NRT,309.23,26.04,D
-26.52802,-61.43058,355.33,0.53,0.42,2026-03-02,1813,N,VIIRS,n,2.0NRT,315.41,26.04,D
-26.52002,-61.41002,341.42,0.53,0.42,2026-03-02,1813,N,VIIRS,n,2.0NRT,309.36,27.31,D
-26.52106,-61.41539,339.19,0.53,0.42,2026-03-02,1813,N,VIIRS,n,2.0NRT,307.46,95.32,D
-26.52209,-61.42077,367,0.53,0.42,2026-03-02,1813,N,VIIRS,l,2.0NRT,325.8,95.32,D
-26.5296,-61.4163,337.5,0.53,0.42,2026-03-02,1813,N,VIIRS,n,2.0NRT,311.46,69.95,D
-26.5306,-61.42168,339.93,0.53,0.42,2026-03-02,1813,N,VIIRS,n,2.0NRT,313.27,55.74,D
-26.53159,-61.42704,367,0.53,0.42,2026-03-02,1813,N,VIIRS,l,2.0NRT,327.55,55.74,D
-26.52673,-61.42257,367,0.53,0.42,2026-03-02,1813,N,VIIRS,h,2.0NRT,326.3,55.74,D
-26.52473,-61.41182,341.7,0.54,0.42,2026-03-02,1813,N,VIIRS,n,2.0NRT,309.96,69.95,D
-26.52773,-61.42794,344.56,0.53,0.42,2026-03-02,1813,N,VIIRS,n,2.0NRT,313.1,55.74,D
-26.52086,-61.41272,347.68,0.54,0.42,2026-03-02,1813,N,VIIRS,n,2.0NRT,310.62,116.23,D
-25.76533,-57.83295,352.4,0.59,0.53,2026-03-02,1813,N,VIIRS,n,2.0NRT,302.74,29.33,D
-25.76051,-57.8342,344.31,0.59,0.53,2026-03-02,1813,N,VIIRS,n,2.0NRT,301.07,29.33,D
-26.02582,-59.22523,331.94,0.48,0.48,2026-03-02,1813,N,VIIRS,l,2.0NRT,303.29,2.6,D
-26.01812,-59.2775,343.52,0.48,0.48,2026-03-02,1813,N,VIIRS,n,2.0NRT,305.2,9.5,D
-26.08035,-59.60039,333.31,0.46,0.47,2026-03-02,1813,N,VIIRS,n,2.0NRT,303.4,2.65,D
-25.70075,-57.88695,341.22,0.58,0.52,2026-03-02,1813,N,VIIRS,n,2.0NRT,301.65,8.62,D
-25.69594,-57.8882,342.92,0.58,0.52,2026-03-02,1813,N,VIIRS,n,2.0NRT,301.55,9.73,D
-25.68983,-57.88362,334.26,0.58,0.52,2026-03-02,1813,N,VIIRS,n,2.0NRT,301.62,8.56,D
-25.68664,-57.88074,330.07,0.59,0.53,2026-03-02,1813,N,VIIRS,l,2.0NRT,300.91,6.81,D
-25.68308,-57.88786,333.48,0.59,0.52,2026-03-02,1813,N,VIIRS,n,2.0NRT,302.37,5.78,D
-25.82283,-59.1404,351.22,0.49,0.49,2026-03-02,1813,N,VIIRS,n,2.0NRT,311.3,12.84,D
-25.82384,-59.1453,340.57,0.49,0.49,2026-03-02,1813,N,VIIRS,n,2.0NRT,304.78,12.65,D
-25.81635,-59.13169,343.5,0.49,0.49,2026-03-02,1813,N,VIIRS,n,2.0NRT,308.87,19.2,D
-25.81736,-59.13659,342.36,0.49,0.49,2026-03-02,1813,N,VIIRS,n,2.0NRT,311.59,12.84,D
-25.81837,-59.1415,333.65,0.49,0.49,2026-03-02,1813,N,VIIRS,l,2.0NRT,308.21,12.84,D
-25.8129,-59.1377,338.74,0.49,0.49,2026-03-02,1813,N,VIIRS,n,2.0NRT,307.6,9.4,D
-25.47826,-57.77567,335.64,0.6,0.53,2026-03-02,1813,N,VIIRS,l,2.0NRT,306.97,8.02,D
-25.70072,-58.94062,345.21,0.51,0.49,2026-03-02,1813,N,VIIRS,n,2.0NRT,301.48,6.93,D
-25.89426,-59.86648,343.47,0.44,0.46,2026-03-02,1813,N,VIIRS,n,2.0NRT,307.58,11.58,D
-25.89516,-59.8709,332.25,0.44,0.46,2026-03-02,1813,N,VIIRS,l,2.0NRT,305.12,8.7,D
-25.88999,-59.8675,345.34,0.44,0.46,2026-03-02,1813,N,VIIRS,n,2.0NRT,307.4,15.11,D
-25.8909,-59.87193,332.1,0.44,0.46,2026-03-02,1813,N,VIIRS,l,2.0NRT,305.03,8.13,D
-25.89214,-59.86575,335.93,0.44,0.46,2026-03-02,1813,N,VIIRS,n,2.0NRT,305.62,13.36,D
-25.89302,-59.87019,342.26,0.44,0.46,2026-03-02,1813,N,VIIRS,n,2.0NRT,308.68,18.62,D
-25.70025,-58.93824,333.8,0.51,0.49,2026-03-02,1813,N,VIIRS,n,2.0NRT,299.27,13.51,D
-25.70129,-58.94333,343.26,0.51,0.49,2026-03-02,1813,N,VIIRS,n,2.0NRT,301.95,13.2,D
-25.39576,-57.63905,333.41,0.61,0.54,2026-03-02,1813,N,VIIRS,n,2.0NRT,302.84,7.4,D
-26.08009,-61.15616,353.21,0.56,0.43,2026-03-02,1813,N,VIIRS,n,2.0NRT,305.13,15.35,D
-26.07722,-61.1627,351.76,0.56,0.43,2026-03-02,1813,N,VIIRS,n,2.0NRT,309.52,17.61,D
-25.843,-60.02065,345.08,0.44,0.46,2026-03-02,1813,N,VIIRS,n,2.0NRT,310.28,5.71,D
-25.49998,-58.49284,341.89,0.54,0.51,2026-03-02,1813,N,VIIRS,n,2.0NRT,302.98,9.23,D
-25.50114,-58.49826,343.99,0.54,0.51,2026-03-02,1813,N,VIIRS,n,2.0NRT,305.81,11.19,D
-26.36215,-62.85503,335.12,0.46,0.39,2026-03-02,1813,N,VIIRS,n,2.0NRT,301.86,2.84,D
-26.35854,-62.85582,345.68,0.46,0.39,2026-03-02,1813,N,VIIRS,n,2.0NRT,310.97,17.44,D
-26.35492,-62.85661,348.97,0.46,0.39,2026-03-02,1813,N,VIIRS,n,2.0NRT,309.15,17.44,D
-26.35576,-62.8592,340.1,0.46,0.39,2026-03-02,1813,N,VIIRS,l,2.0NRT,310.28,8.8,D
-25.50429,-58.49375,335.65,0.54,0.51,2026-03-02,1813,N,VIIRS,n,2.0NRT,303.42,4.87,D
-25.49963,-58.49493,346.1,0.54,0.51,2026-03-02,1813,N,VIIRS,n,2.0NRT,304.54,7.83,D
-25.50076,-58.50037,331.12,0.54,0.51,2026-03-02,1813,N,VIIRS,l,2.0NRT,304.84,7.83,D
-25.75204,-59.86568,340.46,0.45,0.47,2026-03-02,1813,N,VIIRS,n,2.0NRT,304.9,4.05,D
-25.75293,-59.87013,337.16,0.45,0.47,2026-03-02,1813,N,VIIRS,n,2.0NRT,307,4.05,D
-25.32224,-57.82589,333.12,0.6,0.53,2026-03-02,1813,N,VIIRS,n,2.0NRT,301.26,6.62,D
-25.467,-58.50326,331.22,0.54,0.51,2026-03-02,1813,N,VIIRS,n,2.0NRT,294.72,1.5,D
-25.46234,-58.50446,367,0.54,0.51,2026-03-02,1813,N,VIIRS,h,2.0NRT,306.06,11.18,D
-25.342,-57.96467,335.97,0.59,0.53,2026-03-02,1813,N,VIIRS,n,2.0NRT,302.88,8.48,D
-25.45767,-58.50563,331.47,0.54,0.51,2026-03-02,1813,N,VIIRS,n,2.0NRT,303.69,11.18,D
-25.33717,-57.96593,333.92,0.59,0.53,2026-03-02,1813,N,VIIRS,n,2.0NRT,303.58,6.36,D
-25.33844,-57.97178,335.35,0.59,0.53,2026-03-02,1813,N,VIIRS,l,2.0NRT,306.39,6.36,D
-25.34097,-57.98349,338.31,0.59,0.53,2026-03-02,1813,N,VIIRS,n,2.0NRT,303.82,19.15,D
-25.34224,-57.98934,335.74,0.59,0.53,2026-03-02,1813,N,VIIRS,n,2.0NRT,305.04,26.17,D
-25.33615,-57.98473,337.82,0.59,0.53,2026-03-02,1813,N,VIIRS,n,2.0NRT,305.29,19.15,D
-25.33742,-57.99058,344.88,0.59,0.53,2026-03-02,1813,N,VIIRS,n,2.0NRT,306.8,26.17,D
-25.55385,-59.00929,335.49,0.5,0.49,2026-03-02,1813,N,VIIRS,n,2.0NRT,300.6,3.68,D
-25.32879,-57.97428,336.54,0.59,0.53,2026-03-02,1813,N,VIIRS,n,2.0NRT,305.96,7.34,D
-25.33006,-57.98014,330.98,0.59,0.53,2026-03-02,1813,N,VIIRS,l,2.0NRT,305.36,4.82,D
-25.33133,-57.98598,339.64,0.59,0.53,2026-03-02,1813,N,VIIRS,n,2.0NRT,307.53,4.82,D
-25.30731,-57.89894,342.16,0.59,0.53,2026-03-02,1813,N,VIIRS,n,2.0NRT,304.28,7.51,D
-25.3086,-57.90488,343.28,0.59,0.53,2026-03-02,1813,N,VIIRS,n,2.0NRT,304.23,7.51,D
-25.32651,-57.98721,331.17,0.59,0.53,2026-03-02,1813,N,VIIRS,l,2.0NRT,305.02,4.82,D
-25.30762,-57.92385,332.77,0.59,0.53,2026-03-02,1813,N,VIIRS,l,2.0NRT,305.34,8.26,D
-25.30891,-57.92977,343.57,0.59,0.53,2026-03-02,1813,N,VIIRS,n,2.0NRT,308.48,8.26,D
-25.29502,-57.88957,356.41,0.6,0.53,2026-03-02,1813,N,VIIRS,n,2.0NRT,304.45,26.44,D
-25.30407,-57.93101,349.83,0.59,0.53,2026-03-02,1813,N,VIIRS,n,2.0NRT,307.8,8.26,D
-25.28887,-57.88489,335.09,0.6,0.53,2026-03-02,1813,N,VIIRS,n,2.0NRT,304.24,22.51,D
-25.29016,-57.89082,345.12,0.6,0.53,2026-03-02,1813,N,VIIRS,n,2.0NRT,303.51,20.47,D
-25.69643,-59.87915,337.38,0.45,0.47,2026-03-02,1813,N,VIIRS,n,2.0NRT,303.98,3.58,D
-26.1482,-62.47623,334.96,0.48,0.4,2026-03-02,1813,N,VIIRS,l,2.0NRT,308.68,1.98,D
-25.2765,-58.21561,340.13,0.57,0.52,2026-03-02,1813,N,VIIRS,n,2.0NRT,307.16,16.84,D
-25.27772,-58.22128,355.52,0.57,0.52,2026-03-02,1813,N,VIIRS,n,2.0NRT,305.25,31.8,D
-25.27174,-58.21682,348.5,0.57,0.52,2026-03-02,1813,N,VIIRS,n,2.0NRT,311.9,21.1,D
-25.27296,-58.2225,347.24,0.57,0.52,2026-03-02,1813,N,VIIRS,n,2.0NRT,309.9,53.68,D
-25.26575,-58.21238,336.41,0.57,0.52,2026-03-02,1813,N,VIIRS,l,2.0NRT,308.07,21.1,D
-25.26698,-58.21805,335.39,0.57,0.52,2026-03-02,1813,N,VIIRS,l,2.0NRT,308.38,21.1,D
-25.28035,-58.2802,349.34,0.56,0.52,2026-03-02,1813,N,VIIRS,n,2.0NRT,305.56,17.28,D
-25.43139,-59.26223,342.64,0.49,0.49,2026-03-02,1813,N,VIIRS,n,2.0NRT,303.05,4.98,D
-25.20347,-58.17114,335.99,0.58,0.52,2026-03-02,1813,N,VIIRS,n,2.0NRT,303.52,6.46,D
-25.43111,-59.26604,341.41,0.49,0.49,2026-03-02,1813,N,VIIRS,n,2.0NRT,302.08,4.19,D
-25.24286,-58.40472,335.75,0.56,0.51,2026-03-02,1813,N,VIIRS,l,2.0NRT,307.1,7.15,D
-25.24402,-58.41026,333.27,0.56,0.51,2026-03-02,1813,N,VIIRS,l,2.0NRT,304.14,7.15,D
-25.24636,-58.42133,336.58,0.55,0.51,2026-03-02,1813,N,VIIRS,n,2.0NRT,302.11,8.39,D
-25.42218,-59.2682,341.96,0.49,0.49,2026-03-02,1813,N,VIIRS,n,2.0NRT,302.7,9.46,D
-25.42319,-59.27309,335.19,0.49,0.49,2026-03-02,1813,N,VIIRS,n,2.0NRT,302.4,9.46,D
-25.42419,-59.278,330.17,0.49,0.49,2026-03-02,1813,N,VIIRS,l,2.0NRT,304.22,3.95,D
-25.23578,-58.41821,336.67,0.56,0.51,2026-03-02,1813,N,VIIRS,n,2.0NRT,301.89,7.46,D
-25.15564,-58.18336,344.96,0.58,0.52,2026-03-02,1813,N,VIIRS,n,2.0NRT,304.12,21.28,D
-25.48649,-59.78699,341.81,0.46,0.47,2026-03-02,1813,N,VIIRS,n,2.0NRT,310.27,7.22,D
-25.78121,-61.27938,338.62,0.56,0.43,2026-03-02,1813,N,VIIRS,l,2.0NRT,309.86,33.96,D
-25.77332,-61.2812,333.86,0.56,0.43,2026-03-02,1813,N,VIIRS,l,2.0NRT,307.89,65.24,D
-25.16146,-58.39613,345.42,0.56,0.51,2026-03-02,1813,N,VIIRS,n,2.0NRT,308.19,7.79,D
-25.15554,-58.39177,334.84,0.56,0.51,2026-03-02,1813,N,VIIRS,l,2.0NRT,306.77,7.79,D
-25.15674,-58.39732,346.19,0.56,0.51,2026-03-02,1813,N,VIIRS,n,2.0NRT,308.33,7.79,D
-25.16105,-58.39308,342.55,0.56,0.51,2026-03-02,1813,N,VIIRS,n,2.0NRT,306.12,10.21,D
-25.15632,-58.39427,340.32,0.56,0.51,2026-03-02,1813,N,VIIRS,n,2.0NRT,306.94,10.21,D
-25.15749,-58.39985,342.96,0.56,0.51,2026-03-02,1813,N,VIIRS,n,2.0NRT,308.33,8.84,D
-25.53301,-60.36605,334.9,0.42,0.45,2026-03-02,1813,N,VIIRS,l,2.0NRT,306.06,6.9,D
-25.36361,-59.60759,335.92,0.47,0.48,2026-03-02,1813,N,VIIRS,l,2.0NRT,306.6,2.77,D
-25.32914,-59.59631,343.9,0.47,0.48,2026-03-02,1813,N,VIIRS,n,2.0NRT,309.29,11.66,D
-25.32219,-59.91864,340.86,0.45,0.47,2026-03-02,1813,N,VIIRS,n,2.0NRT,305.06,2.55,D
-25.31789,-59.91968,337.89,0.45,0.47,2026-03-02,1813,N,VIIRS,n,2.0NRT,304.5,4.36,D
-25.59448,-61.35573,334.2,0.56,0.43,2026-03-02,1813,N,VIIRS,l,2.0NRT,308.98,6.54,D
-25.59159,-61.36219,344.89,0.56,0.43,2026-03-02,1813,N,VIIRS,l,2.0NRT,315.25,14.66,D
-25.36064,-60.53205,337,0.42,0.45,2026-03-02,1813,N,VIIRS,n,2.0NRT,308.98,13.24,D
-25.36144,-60.53618,355.18,0.42,0.45,2026-03-02,1813,N,VIIRS,n,2.0NRT,317.09,13.24,D
-25.3573,-60.53716,367,0.42,0.45,2026-03-02,1813,N,VIIRS,h,2.0NRT,318.32,6.85,D
-25.35649,-60.53303,334.05,0.42,0.45,2026-03-02,1813,N,VIIRS,n,2.0NRT,308.86,6.85,D
-25.64759,-62.07302,342.03,0.51,0.41,2026-03-02,1813,N,VIIRS,n,2.0NRT,311.05,8,D
-25.35316,-60.53815,341.68,0.42,0.45,2026-03-02,1813,N,VIIRS,n,2.0NRT,310.81,6.85,D
-25.52119,-61.6093,338.37,0.54,0.42,2026-03-02,1813,N,VIIRS,l,2.0NRT,312.41,5.95,D
-25.3027,-60.50234,345.02,0.42,0.45,2026-03-02,1813,N,VIIRS,n,2.0NRT,310.37,5.97,D
-25.04664,-59.30791,347.22,0.5,0.49,2026-03-02,1813,N,VIIRS,n,2.0NRT,307.72,9.91,D
-24.89448,-58.82244,332.15,0.53,0.5,2026-03-02,1813,N,VIIRS,l,2.0NRT,302.6,6.86,D
-24.88986,-58.8236,349.53,0.53,0.5,2026-03-02,1813,N,VIIRS,n,2.0NRT,306.45,6.86,D
-24.88523,-58.82475,340.88,0.53,0.5,2026-03-02,1813,N,VIIRS,n,2.0NRT,304.54,6.63,D
-25.46377,-62.29865,334.28,0.5,0.41,2026-03-02,1813,N,VIIRS,l,2.0NRT,306.14,6.91,D
-24.86803,-60.05062,340.05,0.45,0.47,2026-03-02,1813,N,VIIRS,n,2.0NRT,307.45,4.91,D
-25.58751,-63.92028,338.31,0.43,0.38,2026-03-02,1813,N,VIIRS,n,2.0NRT,307.36,3.35,D
-24.84579,-60.68125,345.39,0.42,0.45,2026-03-02,1813,N,VIIRS,n,2.0NRT,310.36,18.59,D
-24.84659,-60.68538,339.99,0.42,0.45,2026-03-02,1813,N,VIIRS,n,2.0NRT,307.53,10.63,D
-24.84084,-60.67808,343,0.42,0.45,2026-03-02,1813,N,VIIRS,n,2.0NRT,306.26,36.07,D
-24.84164,-60.68222,347.35,0.42,0.45,2026-03-02,1813,N,VIIRS,n,2.0NRT,311.92,36.07,D
-24.82533,-61.08136,347.6,0.4,0.44,2026-03-02,1813,N,VIIRS,l,2.0NRT,321.04,31.53,D
-24.8205,-61.07837,334.35,0.4,0.44,2026-03-02,1813,N,VIIRS,l,2.0NRT,309.26,31.53,D
-24.82127,-61.08229,356.99,0.4,0.44,2026-03-02,1813,N,VIIRS,n,2.0NRT,320.16,31.53,D
-24.82631,-61.08115,342.96,0.4,0.44,2026-03-02,1813,N,VIIRS,n,2.0NRT,316.53,42.18,D
-24.823,-61.08601,340.68,0.4,0.44,2026-03-02,1813,N,VIIRS,n,2.0NRT,312.46,10.88,D
-24.8182,-61.08302,348.19,0.4,0.44,2026-03-02,1813,N,VIIRS,n,2.0NRT,312.74,9.48,D
-24.84711,-64.64875,330.94,0.41,0.37,2026-03-02,1813,N,VIIRS,n,2.0NRT,293.87,0.35,D
-23.38496,-61.51358,341.36,0.4,0.44,2026-03-02,1813,N,VIIRS,n,2.0NRT,304.12,4.25,D
-23.38592,-61.51384,335.38,0.4,0.44,2026-03-02,1813,N,VIIRS,n,2.0NRT,304.31,4.2,D
-23.38186,-61.51474,332.73,0.4,0.44,2026-03-02,1813,N,VIIRS,l,2.0NRT,303.99,4.2,D
-22.26881,-65.88809,344.4,0.4,0.37,2026-03-02,1815,N,VIIRS,n,2.0NRT,316.84,4.97,D
-34.85388,-57.89559,302.48,0.71,0.75,2026-03-03,0349,N,VIIRS,n,2.0NRT,291.8,2.13,N
-25.66842,-58.1734,311.62,0.38,0.43,2026-03-03,0529,N,VIIRS,n,2.0NRT,294.94,1.55,N
-31.35457,-58.97002,303.02,0.4,0.45,2026-03-03,0529,N,VIIRS,n,2.0NRT,290.87,0.79,N
-24.84934,-60.68965,326.31,0.43,0.38,2026-03-03,0529,N,VIIRS,n,2.0NRT,297.44,2,N
-24.84994,-60.68536,319.82,0.43,0.38,2026-03-03,0529,N,VIIRS,n,2.0NRT,297.28,2,N
-24.85286,-60.69024,309.36,0.43,0.38,2026-03-03,0529,N,VIIRS,n,2.0NRT,296.71,1.83,N
-25.0537,-59.35237,313.35,0.49,0.4,2026-03-03,0529,N,VIIRS,n,2.0NRT,296.72,2.62,N
-24.82906,-61.08383,312.7,0.42,0.38,2026-03-03,0529,N,VIIRS,n,2.0NRT,296.18,2.39,N
-24.83253,-61.08443,306.83,0.42,0.38,2026-03-03,0529,N,VIIRS,n,2.0NRT,296.04,1.33,N
-25.2429,-58.65462,306.54,0.54,0.42,2026-03-03,0529,N,VIIRS,n,2.0NRT,294.75,1.86,N
-25.66437,-58.1728,305.62,0.38,0.43,2026-03-03,0529,N,VIIRS,n,2.0NRT,295.02,0.88,N
-25.66796,-58.17728,311.93,0.38,0.43,2026-03-03,0529,N,VIIRS,n,2.0NRT,295.14,1.85,N
-25.68692,-58.96601,310.47,0.52,0.42,2026-03-03,0529,N,VIIRS,n,2.0NRT,294.72,1.55,N
-25.08447,-63.6821,306.54,0.38,0.36,2026-03-03,0529,N,VIIRS,n,2.0NRT,294.28,1.72,N
-25.94791,-57.96457,312.85,0.4,0.44,2026-03-03,0529,N,VIIRS,n,2.0NRT,294.22,1.21,N
-25.95717,-58.23115,309.69,0.38,0.43,2026-03-03,0529,N,VIIRS,n,2.0NRT,294.9,1.29,N
-25.9573,-58.23029,308.4,0.38,0.43,2026-03-03,0529,N,VIIRS,n,2.0NRT,294.92,1.11,N
-26.02477,-58.66851,305.92,0.55,0.42,2026-03-03,0529,N,VIIRS,n,2.0NRT,293.99,1.21,N
-26.09081,-58.21568,327.15,0.39,0.44,2026-03-03,0529,N,VIIRS,n,2.0NRT,295.55,2.82,N
-26.09035,-58.2196,314.6,0.39,0.44,2026-03-03,0529,N,VIIRS,n,2.0NRT,295.13,2.44,N
-25.45605,-63.38771,324.14,0.38,0.36,2026-03-03,0529,N,VIIRS,n,2.0NRT,296.26,3.46,N
-25.45938,-63.38835,338.3,0.38,0.36,2026-03-03,0529,N,VIIRS,n,2.0NRT,296.44,3.46,N
-25.77593,-61.28576,307.8,0.42,0.38,2026-03-03,0529,N,VIIRS,n,2.0NRT,297.15,1.3,N
-25.77654,-61.28156,313.01,0.42,0.38,2026-03-03,0529,N,VIIRS,n,2.0NRT,297.24,1.3,N
-25.7745,-61.28368,308.89,0.42,0.38,2026-03-03,0529,N,VIIRS,n,2.0NRT,297.18,1.69,N
-25.77798,-61.28429,319.5,0.42,0.38,2026-03-03,0529,N,VIIRS,n,2.0NRT,297.65,1.69,N
-25.78146,-61.28489,311.93,0.42,0.38,2026-03-03,0529,N,VIIRS,n,2.0NRT,297.3,2.09,N
-26.05132,-60.1426,322.77,0.46,0.39,2026-03-03,0529,N,VIIRS,n,2.0NRT,296.48,2.28,N
-26.06017,-60.9344,310.82,0.43,0.38,2026-03-03,0529,N,VIIRS,n,2.0NRT,296.79,3.58,N
-26.06076,-60.93005,315.33,0.43,0.38,2026-03-03,0529,N,VIIRS,n,2.0NRT,297.17,3.58,N
-26.0637,-60.935,348.31,0.43,0.38,2026-03-03,0529,N,VIIRS,n,2.0NRT,300.5,3.58,N
-26.06429,-60.93065,330.58,0.43,0.38,2026-03-03,0529,N,VIIRS,n,2.0NRT,298.15,3.58,N
-26.0631,-60.93935,315.92,0.43,0.38,2026-03-03,0529,N,VIIRS,n,2.0NRT,296.75,4.31,N
-26.06663,-60.93995,342.07,0.43,0.38,2026-03-03,0529,N,VIIRS,n,2.0NRT,299.14,9.04,N
-26.06723,-60.9356,352.46,0.43,0.38,2026-03-03,0529,N,VIIRS,n,2.0NRT,300.25,6.8,N
-26.06783,-60.93124,327.83,0.43,0.38,2026-03-03,0529,N,VIIRS,n,2.0NRT,298.05,6.8,N
-26.0753,-61.16214,309.94,0.42,0.38,2026-03-03,0529,N,VIIRS,n,2.0NRT,297.36,4.3,N
-26.0759,-61.15786,309.75,0.42,0.38,2026-03-03,0529,N,VIIRS,n,2.0NRT,297.66,4.72,N
-26.0788,-61.16274,323.41,0.42,0.38,2026-03-03,0529,N,VIIRS,n,2.0NRT,298.69,7.18,N
-26.0794,-61.15846,327.45,0.42,0.38,2026-03-03,0529,N,VIIRS,n,2.0NRT,298.72,6.6,N
-26.5011,-58.6759,316.45,0.55,0.43,2026-03-03,0529,N,VIIRS,n,2.0NRT,294.39,1.78,N
-26.50507,-58.67649,317.62,0.55,0.43,2026-03-03,0529,N,VIIRS,n,2.0NRT,294.12,2.18,N
-25.64178,-64.71507,306.54,0.39,0.36,2026-03-03,0529,N,VIIRS,n,2.0NRT,292.79,0.77,N
-26.25029,-61.19321,328.12,0.43,0.38,2026-03-03,0529,N,VIIRS,n,2.0NRT,298.84,3.44,N
-26.25319,-61.1981,322.32,0.42,0.38,2026-03-03,0529,N,VIIRS,n,2.0NRT,297.65,1.87,N
-26.25379,-61.19382,341.21,0.43,0.38,2026-03-03,0529,N,VIIRS,n,2.0NRT,299.8,3.07,N
-26.25438,-61.18953,323.05,0.43,0.38,2026-03-03,0529,N,VIIRS,n,2.0NRT,297.55,3.07,N
-26.25729,-61.19442,339.23,0.43,0.38,2026-03-03,0529,N,VIIRS,n,2.0NRT,299.28,3.07,N
-26.25789,-61.19014,325.33,0.43,0.38,2026-03-03,0529,N,VIIRS,n,2.0NRT,297.58,3.07,N
-26.25669,-61.19871,311.52,0.42,0.38,2026-03-03,0529,N,VIIRS,n,2.0NRT,297.11,1.87,N
-26.26079,-61.19503,315.97,0.43,0.38,2026-03-03,0529,N,VIIRS,n,2.0NRT,297.52,1.79,N
-26.30037,-61.09164,313.29,0.43,0.38,2026-03-03,0529,N,VIIRS,n,2.0NRT,296.95,5.52,N
-26.39113,-60.51229,310.24,0.45,0.39,2026-03-03,0529,N,VIIRS,n,2.0NRT,296.64,1.09,N
-26.39474,-60.51289,317.84,0.45,0.39,2026-03-03,0529,N,VIIRS,n,2.0NRT,296.46,1.09,N
-26.52172,-61.40608,332.56,0.42,0.38,2026-03-03,0529,N,VIIRS,n,2.0NRT,296.26,6.45,N
-26.52053,-61.41457,311.41,0.42,0.38,2026-03-03,0529,N,VIIRS,n,2.0NRT,295.46,4.06,N
-26.52283,-61.42367,308.41,0.42,0.38,2026-03-03,0529,N,VIIRS,n,2.0NRT,296.08,2.61,N
-26.52342,-61.41943,317.34,0.42,0.38,2026-03-03,0529,N,VIIRS,n,2.0NRT,296.42,2.33,N
-26.52402,-61.41518,314.11,0.42,0.38,2026-03-03,0529,N,VIIRS,n,2.0NRT,296.24,2.33,N
-26.52461,-61.41093,308.96,0.42,0.38,2026-03-03,0529,N,VIIRS,n,2.0NRT,295.49,2.6,N
-26.5252,-61.40668,308.48,0.42,0.38,2026-03-03,0529,N,VIIRS,n,2.0NRT,295.93,2.6,N
-26.52579,-61.40244,310.36,0.42,0.38,2026-03-03,0529,N,VIIRS,n,2.0NRT,295.54,4.44,N
-26.52631,-61.42428,311.43,0.42,0.38,2026-03-03,0529,N,VIIRS,n,2.0NRT,295.98,2.61,N
-26.52691,-61.42003,318.85,0.42,0.38,2026-03-03,0529,N,VIIRS,n,2.0NRT,296.34,2.33,N
-26.52861,-61.43336,314.11,0.42,0.38,2026-03-03,0529,N,VIIRS,n,2.0NRT,296.27,4.76,N
-26.5292,-61.42912,318.84,0.42,0.38,2026-03-03,0529,N,VIIRS,n,2.0NRT,296.36,3.55,N
-26.53039,-61.42064,309.21,0.42,0.38,2026-03-03,0529,N,VIIRS,n,2.0NRT,296.36,4.13,N
-26.53217,-61.4079,308.06,0.42,0.38,2026-03-03,0529,N,VIIRS,n,2.0NRT,295.59,4.02,N
-26.53268,-61.42973,323.56,0.42,0.38,2026-03-03,0529,N,VIIRS,n,2.0NRT,296.6,3.55,N
-26.53803,-61.3915,319.59,0.42,0.38,2026-03-03,0529,N,VIIRS,n,2.0NRT,296.38,5.48,N
-26.96099,-58.84215,304.79,0.55,0.43,2026-03-03,0529,N,VIIRS,n,2.0NRT,294.18,1.22,N
-26.69719,-60.99543,316.25,0.44,0.38,2026-03-03,0529,N,VIIRS,n,2.0NRT,295.63,4.8,N
-27.34928,-55.41434,305.44,0.58,0.52,2026-03-03,0529,N,VIIRS,n,2.0NRT,290.94,1.67,N
-26.26747,-64.37493,306.03,0.39,0.36,2026-03-03,0529,N,VIIRS,n,2.0NRT,294.46,1.01,N
-27.10143,-58.85414,308.24,0.55,0.43,2026-03-03,0529,N,VIIRS,n,2.0NRT,294.6,1.72,N
-27.42294,-57.59612,311.66,0.43,0.46,2026-03-03,0529,N,VIIRS,n,2.0NRT,292.9,2.6,N
-27.42431,-57.59838,313.22,0.43,0.46,2026-03-03,0529,N,VIIRS,n,2.0NRT,292.63,2.39,N
-27.05254,-60.88581,309.38,0.44,0.39,2026-03-03,0529,N,VIIRS,n,2.0NRT,296.6,3.34,N
-27.05611,-60.88642,323.59,0.44,0.39,2026-03-03,0529,N,VIIRS,n,2.0NRT,297.28,2.7,N
-27.0555,-60.89091,312.43,0.44,0.39,2026-03-03,0529,N,VIIRS,n,2.0NRT,296.33,4.79,N
-27.05969,-60.88701,316.03,0.44,0.39,2026-03-03,0529,N,VIIRS,n,2.0NRT,296.79,2.7,N
-27.17885,-60.71922,317.09,0.45,0.39,2026-03-03,0529,N,VIIRS,n,2.0NRT,295.4,1.95,N
-27.18246,-60.71982,316.66,0.45,0.39,2026-03-03,0529,N,VIIRS,n,2.0NRT,295.74,1.95,N
-27.42791,-59.07239,312.33,0.54,0.42,2026-03-03,0529,N,VIIRS,n,2.0NRT,294.51,4.19,N
-27.50399,-58.89117,312.04,0.55,0.43,2026-03-03,0529,N,VIIRS,n,2.0NRT,295,4.94,N
-27.52902,-59.11726,316.38,0.54,0.42,2026-03-03,0529,N,VIIRS,n,2.0NRT,295.01,4.38,N
-27.95689,-55.64623,313.14,0.57,0.52,2026-03-03,0529,N,VIIRS,n,2.0NRT,292.35,2.83,N
-27.60829,-59.34315,312.76,0.53,0.42,2026-03-03,0529,N,VIIRS,n,2.0NRT,294.97,2.83,N
-27.60896,-59.33776,311.6,0.53,0.42,2026-03-03,0529,N,VIIRS,n,2.0NRT,294.84,1.85,N
-27.60963,-59.33236,310.77,0.53,0.42,2026-03-03,0529,N,VIIRS,n,2.0NRT,294.67,1.85,N
-27.37534,-61.61247,310.2,0.42,0.38,2026-03-03,0529,N,VIIRS,n,2.0NRT,296.03,4.72,N
-27.37883,-61.61309,337.77,0.42,0.38,2026-03-03,0529,N,VIIRS,n,2.0NRT,297.18,4.34,N
-27.38231,-61.6137,311.57,0.42,0.38,2026-03-03,0529,N,VIIRS,n,2.0NRT,295.87,4.34,N
-24.14493,-60.22379,309.25,0.44,0.39,2026-03-03,0529,N,VIIRS,n,2.0NRT,296.1,0.4,N
-24.12016,-60.75786,315.38,0.42,0.38,2026-03-03,0529,N,VIIRS,n,2.0NRT,296.05,3.03,N
-24.26425,-63.20537,320.65,0.38,0.36,2026-03-03,0529,N,VIIRS,n,2.0NRT,296.74,1.21,N
-24.26758,-63.20599,318.27,0.38,0.36,2026-03-03,0529,N,VIIRS,n,2.0NRT,297,1.17,N
-25.09513,-58.50381,310.81,0.54,0.42,2026-03-03,0529,N,VIIRS,n,2.0NRT,295.06,2.52,N
-25.09579,-58.49835,307.29,0.54,0.42,2026-03-03,0529,N,VIIRS,n,2.0NRT,294.55,1.3,N
-24.84289,-60.68418,312.21,0.43,0.38,2026-03-03,0529,N,VIIRS,n,2.0NRT,296.42,1.6,N
-24.84349,-60.67989,308.07,0.43,0.38,2026-03-03,0529,N,VIIRS,n,2.0NRT,296.29,1.47,N
-24.84641,-60.68478,314.55,0.43,0.38,2026-03-03,0529,N,VIIRS,n,2.0NRT,296.84,2,N
-38.74483,-68.83787,334.18,0.39,0.36,2026-03-03,0531,N,VIIRS,n,2.0NRT,297.84,28.85,N
-34.55085,-67.37151,300.57,0.39,0.36,2026-03-03,0531,N,VIIRS,n,2.0NRT,282.91,0.89,N
-37.08421,-69.47691,313.36,0.42,0.37,2026-03-03,0531,N,VIIRS,n,2.0NRT,284.11,1.21,N
-37.08764,-69.47789,306.2,0.42,0.37,2026-03-03,0531,N,VIIRS,n,2.0NRT,283,1.21,N
-37.4113,-69.16875,303.04,0.41,0.37,2026-03-03,0531,N,VIIRS,n,2.0NRT,282.93,0.7,N
-37.42633,-69.17472,309.94,0.41,0.37,2026-03-03,0531,N,VIIRS,n,2.0NRT,282.84,1.39,N
-37.42714,-69.17014,319.4,0.41,0.37,2026-03-03,0531,N,VIIRS,n,2.0NRT,283.23,1.39,N
-37.8829,-67.76373,306.69,0.39,0.36,2026-03-03,0531,N,VIIRS,n,2.0NRT,282.07,0.98,N
-37.71172,-69.1389,301.5,0.4,0.37,2026-03-03,0531,N,VIIRS,n,2.0NRT,281.93,0.72,N
-37.71254,-69.13428,303.68,0.4,0.37,2026-03-03,0531,N,VIIRS,n,2.0NRT,282.46,0.9,N
-37.71511,-69.13985,297.69,0.4,0.37,2026-03-03,0531,N,VIIRS,n,2.0NRT,281.1,0.72,N
-37.72057,-69.18978,331.52,0.41,0.37,2026-03-03,0531,N,VIIRS,n,2.0NRT,281.88,3.39,N
-38.01336,-68.59592,328.16,0.39,0.36,2026-03-03,0531,N,VIIRS,n,2.0NRT,287.83,2.17,N
-37.89633,-69.2688,304.42,0.41,0.37,2026-03-03,0531,N,VIIRS,n,2.0NRT,286.17,0.62,N
-38.1576,-68.6972,311.53,0.39,0.37,2026-03-03,0531,N,VIIRS,n,2.0NRT,283.71,1.05,N
-38.22865,-68.52808,300.58,0.39,0.36,2026-03-03,0531,N,VIIRS,n,2.0NRT,282.48,0.64,N
-38.28595,-68.74888,313.31,0.39,0.37,2026-03-03,0531,N,VIIRS,n,2.0NRT,281.58,0.74,N
-38.31977,-68.77713,299.94,0.39,0.37,2026-03-03,0531,N,VIIRS,n,2.0NRT,283.19,0.6,N
-38.49778,-68.32547,304.57,0.39,0.36,2026-03-03,0531,N,VIIRS,n,2.0NRT,283.26,0.65,N
-38.69702,-68.70428,327.53,0.39,0.36,2026-03-03,0531,N,VIIRS,n,2.0NRT,284.36,2.26,N
-38.69788,-68.70211,330.87,0.39,0.36,2026-03-03,0531,N,VIIRS,n,2.0NRT,284.31,3.74,N
-39.1162,-66.33454,298.82,0.39,0.36,2026-03-03,0531,N,VIIRS,n,2.0NRT,283.82,0.66,N
-34.54749,-67.37067,309.67,0.39,0.36,2026-03-03,0531,N,VIIRS,n,2.0NRT,283.54,0.89,N
-32.83363,-68.65372,317.66,0.44,0.38,2026-03-03,0531,N,VIIRS,n,2.0NRT,287.2,1.59,N
-32.73674,-68.84601,302.56,0.44,0.39,2026-03-03,0531,N,VIIRS,n,2.0NRT,290.65,0.74,N
-28.02877,-59.20808,318.43,0.54,0.42,2026-03-03,0531,N,VIIRS,n,2.0NRT,293.23,5.63,N
-28.43244,-59.70283,313.99,0.52,0.41,2026-03-03,0531,N,VIIRS,n,2.0NRT,294.26,6.22,N
-28.15848,-64.01489,305.95,0.38,0.36,2026-03-03,0531,N,VIIRS,n,2.0NRT,293.8,0.93,N
-28.16181,-64.01555,310.98,0.38,0.36,2026-03-03,0531,N,VIIRS,n,2.0NRT,293.02,0.93,N
-29.08049,-58.35869,322.03,0.41,0.45,2026-03-03,0531,N,VIIRS,n,2.0NRT,293.58,2.21,N
-29.08096,-58.35439,305.22,0.41,0.45,2026-03-03,0531,N,VIIRS,n,2.0NRT,293.06,0.58,N
-29.40887,-57.08499,304.02,0.49,0.49,2026-03-03,0531,N,VIIRS,n,2.0NRT,292.85,1.71,N
-29.40938,-57.07984,314.62,0.49,0.49,2026-03-03,0531,N,VIIRS,n,2.0NRT,292.9,1.87,N
-28.46766,-65.2284,311.34,0.39,0.36,2026-03-03,0531,N,VIIRS,n,2.0NRT,295.48,1.17,N
-28.99267,-61.78094,309.08,0.43,0.38,2026-03-03,0531,N,VIIRS,n,2.0NRT,294.91,1.85,N
-28.99619,-61.78157,311.5,0.43,0.38,2026-03-03,0531,N,VIIRS,n,2.0NRT,295.07,1.85,N
-29.28774,-59.84417,307.35,0.52,0.41,2026-03-03,0531,N,VIIRS,n,2.0NRT,294.37,1.45,N
-29.29159,-59.84477,323.52,0.52,0.41,2026-03-03,0531,N,VIIRS,n,2.0NRT,294.49,3.3,N
-29.28829,-59.84615,320.72,0.52,0.41,2026-03-03,0531,N,VIIRS,n,2.0NRT,294.58,1.71,N
-29.29214,-59.84675,308.36,0.52,0.41,2026-03-03,0531,N,VIIRS,n,2.0NRT,294.13,1.71,N
-29.30551,-65.0608,312.73,0.39,0.36,2026-03-03,0531,N,VIIRS,n,2.0NRT,295.14,2.37,N
-41.10067,-71.16853,317.69,0.42,0.38,2026-03-03,0533,N,VIIRS,n,2.0NRT,275.99,0.16,N
-41.09627,-71.17249,308.56,0.42,0.38,2026-03-03,0533,N,VIIRS,n,2.0NRT,275.87,0.16,N
-37.08829,-69.47401,342.08,0.34,0.56,2026-03-03,1751,N,VIIRS,n,2.0NRT,313.93,2.36,D
-38.28544,-68.74902,355.06,0.32,0.55,2026-03-03,1751,N,VIIRS,n,2.0NRT,313.46,2.23,D
-38.277,-68.69756,367,0.32,0.55,2026-03-03,1751,N,VIIRS,h,2.0NRT,314.46,6.08,D
-38.15614,-68.69592,349.19,0.32,0.54,2026-03-03,1751,N,VIIRS,n,2.0NRT,313.68,2.96,D
-38.01413,-68.59267,343.04,0.63,0.54,2026-03-03,1751,N,VIIRS,n,2.0NRT,314.57,4.84,D
-37.72061,-69.18951,339.62,0.34,0.56,2026-03-03,1751,N,VIIRS,l,2.0NRT,311.76,2.1,D
-37.43066,-69.16909,340.12,0.33,0.56,2026-03-03,1751,N,VIIRS,n,2.0NRT,310.15,1.58,D
-40.73375,-65.00992,338.47,0.44,0.46,2026-03-03,1751,N,VIIRS,n,2.0NRT,307.12,2,D
-38.74699,-68.83443,367,0.33,0.55,2026-03-03,1751,N,VIIRS,h,2.0NRT,310.92,15.62,D
-38.74724,-68.83833,350.27,0.33,0.55,2026-03-03,1751,N,VIIRS,n,2.0NRT,307.27,11.85,D
-38.70222,-68.7021,347.4,0.32,0.55,2026-03-03,1751,N,VIIRS,n,2.0NRT,309.02,3.05,D
-37.43061,-69.16904,339.09,0.33,0.56,2026-03-03,1751,N,VIIRS,l,2.0NRT,309.75,1.74,D
-38.69706,-68.7026,341.51,0.32,0.55,2026-03-03,1751,N,VIIRS,n,2.0NRT,306.8,2.39,D
-37.26213,-69.23742,334.24,0.34,0.56,2026-03-03,1751,N,VIIRS,n,2.0NRT,307.71,0.76,D
-27.60551,-59.34113,340.14,0.41,0.37,2026-03-03,1753,N,VIIRS,n,2.0NRT,286.9,4.72,D
-27.60279,-59.34599,334.65,0.41,0.37,2026-03-03,1753,N,VIIRS,n,2.0NRT,285.83,2.73,D
-27.7311,-60.41019,345.88,0.39,0.36,2026-03-03,1753,N,VIIRS,n,2.0NRT,296.69,9.49,D
-27.7039,-60.3912,333.66,0.39,0.36,2026-03-03,1753,N,VIIRS,n,2.0NRT,296.15,3.86,D
-27.70055,-60.39188,334.28,0.39,0.36,2026-03-03,1753,N,VIIRS,n,2.0NRT,296.65,3.86,D
-34.55604,-67.36091,332.92,0.5,0.49,2026-03-03,1753,N,VIIRS,n,2.0NRT,306.02,9.01,D
-34.55148,-67.3615,346.13,0.5,0.49,2026-03-03,1753,N,VIIRS,n,2.0NRT,315.61,9.01,D
-34.55194,-67.36702,347.1,0.5,0.49,2026-03-03,1753,N,VIIRS,n,2.0NRT,315.96,7.67,D
-34.5516,-67.36224,352.68,0.5,0.49,2026-03-03,1753,N,VIIRS,n,2.0NRT,317.05,12.51,D
-34.5521,-67.36776,341.63,0.5,0.49,2026-03-03,1753,N,VIIRS,l,2.0NRT,314.85,12.51,D
-33.37871,-60.14481,332.33,0.39,0.36,2026-03-03,1753,N,VIIRS,n,2.0NRT,300.06,2.23,D
-28.49441,-59.34625,332.95,0.4,0.37,2026-03-03,1753,N,VIIRS,n,2.0NRT,295.29,2.64,D
-33.25687,-60.2851,334.98,0.39,0.36,2026-03-03,1753,N,VIIRS,n,2.0NRT,300.78,5.96,D
-28.85544,-59.32684,328.38,0.4,0.37,2026-03-03,1753,N,VIIRS,n,2.0NRT,293.32,2.5,D
-28.68213,-59.06727,330.02,0.41,0.37,2026-03-03,1753,N,VIIRS,n,2.0NRT,285.62,2.5,D
-27.77376,-55.03352,342.81,0.41,0.45,2026-03-03,1753,N,VIIRS,n,2.0NRT,303.54,6.12,D
-28.49849,-59.34963,332.87,0.4,0.37,2026-03-03,1753,N,VIIRS,n,2.0NRT,295.61,2.66,D
-33.36722,-60.16014,337,0.39,0.36,2026-03-03,1753,N,VIIRS,n,2.0NRT,300.06,3.29,D
-28.49509,-59.35035,332.48,0.4,0.37,2026-03-03,1753,N,VIIRS,n,2.0NRT,294.58,1.92,D
-27.69689,-55.17206,344.6,0.41,0.45,2026-03-03,1753,N,VIIRS,n,2.0NRT,311.07,30.24,D
-27.6977,-55.17615,334.39,0.41,0.45,2026-03-03,1753,N,VIIRS,n,2.0NRT,302.25,30.24,D
-27.7203,-55.31193,334.77,0.4,0.44,2026-03-03,1753,N,VIIRS,n,2.0NRT,302.62,1.42,D
-27.6459,-54.96001,340.4,0.42,0.45,2026-03-03,1753,N,VIIRS,n,2.0NRT,297.79,12.15,D
-27.64678,-54.96443,336.13,0.42,0.45,2026-03-03,1753,N,VIIRS,n,2.0NRT,298.91,8.72,D
-27.62684,-55.14544,340.74,0.41,0.45,2026-03-03,1753,N,VIIRS,n,2.0NRT,302.44,2.32,D
-27.69609,-57.14364,349.6,0.49,0.4,2026-03-03,1753,N,VIIRS,n,2.0NRT,274.36,13.47,D
-27.69239,-57.14449,346.71,0.49,0.4,2026-03-03,1753,N,VIIRS,n,2.0NRT,275.85,14.94,D
-27.19864,-54.86092,331.28,0.43,0.46,2026-03-03,1753,N,VIIRS,n,2.0NRT,302.27,1.39,D
-27.55368,-56.77467,338.18,0.51,0.41,2026-03-03,1753,N,VIIRS,n,2.0NRT,286.24,4.25,D
-26.8298,-54.41282,337.58,0.47,0.47,2026-03-03,1753,N,VIIRS,n,2.0NRT,302.88,4.61,D
-27.42301,-57.59804,333.95,0.47,0.4,2026-03-03,1753,N,VIIRS,n,2.0NRT,286.38,2.36,D
-27.41991,-57.59703,342.75,0.47,0.4,2026-03-03,1753,N,VIIRS,n,2.0NRT,282.87,8.58,D
-27.42076,-57.60178,334.47,0.47,0.4,2026-03-03,1753,N,VIIRS,n,2.0NRT,281.93,8.58,D
-26.31559,-59.85511,355.2,0.4,0.37,2026-03-03,1756,N,VIIRS,n,2.0NRT,305.05,27.34,D
-26.31871,-54.58168,332.1,0.47,0.47,2026-03-03,1756,N,VIIRS,l,2.0NRT,304.71,5.48,D
-27.02599,-58.54939,340.36,0.44,0.38,2026-03-03,1756,N,VIIRS,n,2.0NRT,288.19,3.85,D
-26.27927,-54.62988,342.34,0.46,0.47,2026-03-03,1756,N,VIIRS,n,2.0NRT,305.7,14.84,D
-26.2749,-54.63091,345.88,0.46,0.47,2026-03-03,1756,N,VIIRS,n,2.0NRT,304.75,14.84,D
-26.22158,-54.41585,334.13,0.48,0.48,2026-03-03,1756,N,VIIRS,l,2.0NRT,306.13,6.2,D
-27.13926,-59.38088,336.55,0.41,0.37,2026-03-03,1756,N,VIIRS,n,2.0NRT,295.11,3.36,D
-27.14903,-59.48125,339.58,0.41,0.37,2026-03-03,1756,N,VIIRS,n,2.0NRT,301.08,6.12,D
-26.99517,-58.72802,341.53,0.43,0.38,2026-03-03,1756,N,VIIRS,n,2.0NRT,300.88,6.6,D
-26.9443,-58.52146,344.92,0.44,0.38,2026-03-03,1756,N,VIIRS,n,2.0NRT,297.7,8.34,D
-27.01668,-59.15122,334.36,0.42,0.37,2026-03-03,1756,N,VIIRS,n,2.0NRT,299.8,5.84,D
-27.01323,-59.15195,331.2,0.42,0.37,2026-03-03,1756,N,VIIRS,n,2.0NRT,300.06,4.22,D
-27.04996,-59.45441,333.94,0.41,0.37,2026-03-03,1756,N,VIIRS,n,2.0NRT,299,3.11,D
-27.04654,-59.45513,331.37,0.41,0.37,2026-03-03,1756,N,VIIRS,n,2.0NRT,296.33,3.11,D
-27.17843,-60.71764,336.89,0.39,0.36,2026-03-03,1756,N,VIIRS,n,2.0NRT,283.35,4.69,D
-26.77201,-58.46484,346.44,0.44,0.38,2026-03-03,1756,N,VIIRS,n,2.0NRT,292.29,7.1,D
-25.9419,-54.34488,348.4,0.49,0.49,2026-03-03,1756,N,VIIRS,n,2.0NRT,303.24,10.81,D
-26.72594,-58.39159,337.16,0.44,0.39,2026-03-03,1756,N,VIIRS,n,2.0NRT,296.63,4.52,D
-26.7216,-58.38789,335.47,0.44,0.39,2026-03-03,1756,N,VIIRS,n,2.0NRT,298.73,5.97,D
-27.0579,-60.88143,337.24,0.39,0.36,2026-03-03,1756,N,VIIRS,n,2.0NRT,282.48,37.4,D
-27.05851,-60.88534,350.02,0.39,0.36,2026-03-03,1756,N,VIIRS,n,2.0NRT,294.89,37.4,D
-27.05456,-60.88209,345.6,0.39,0.36,2026-03-03,1756,N,VIIRS,n,2.0NRT,281.29,37.4,D
-27.05518,-60.88599,342.16,0.39,0.36,2026-03-03,1756,N,VIIRS,n,2.0NRT,305.62,37.4,D
-27.05579,-60.88989,332.16,0.39,0.36,2026-03-03,1756,N,VIIRS,n,2.0NRT,285.5,4.8,D
-27.05123,-60.88274,336.1,0.39,0.36,2026-03-03,1756,N,VIIRS,n,2.0NRT,280.37,19.93,D
-27.05184,-60.88664,353.88,0.39,0.36,2026-03-03,1756,N,VIIRS,n,2.0NRT,286.77,19.93,D
-26.99169,-60.74549,334.98,0.39,0.36,2026-03-03,1756,N,VIIRS,n,2.0NRT,299.93,3.67,D
-27.00345,-60.81976,335.07,0.39,0.36,2026-03-03,1756,N,VIIRS,n,2.0NRT,300.42,3.43,D
-26.9995,-60.81651,347.48,0.39,0.36,2026-03-03,1756,N,VIIRS,n,2.0NRT,300.48,6.14,D
-27.00012,-60.82042,347.52,0.39,0.36,2026-03-03,1756,N,VIIRS,n,2.0NRT,299.97,7.2,D
-26.99616,-60.81717,335.59,0.39,0.36,2026-03-03,1756,N,VIIRS,n,2.0NRT,299.76,6.14,D
-26.52754,-59.2901,332.44,0.42,0.37,2026-03-03,1756,N,VIIRS,n,2.0NRT,298.7,1.77,D
-26.52636,-59.28981,333.11,0.42,0.37,2026-03-03,1756,N,VIIRS,n,2.0NRT,299.29,2.73,D
-26.72527,-60.72121,332.55,0.39,0.36,2026-03-03,1756,N,VIIRS,n,2.0NRT,299.91,3.63,D
-26.69977,-60.99551,337.94,0.39,0.36,2026-03-03,1756,N,VIIRS,n,2.0NRT,301.47,5.35,D
-26.69782,-60.99501,352.13,0.39,0.36,2026-03-03,1756,N,VIIRS,n,2.0NRT,311.43,71.39,D
-26.08542,-58.00019,333.63,0.47,0.4,2026-03-03,1756,N,VIIRS,n,2.0NRT,302.38,5.78,D
-26.08263,-58.00568,335.14,0.47,0.4,2026-03-03,1756,N,VIIRS,l,2.0NRT,305.76,5.78,D
-26.08366,-58.00385,336.22,0.47,0.4,2026-03-03,1756,N,VIIRS,n,2.0NRT,305.47,8.92,D
-26.08002,-58.00465,339.79,0.47,0.4,2026-03-03,1756,N,VIIRS,n,2.0NRT,305.5,8.92,D
-26.08085,-58.00933,334.32,0.47,0.4,2026-03-03,1756,N,VIIRS,n,2.0NRT,307,10.39,D
-26.07887,-58.01952,337.72,0.47,0.4,2026-03-03,1756,N,VIIRS,n,2.0NRT,306.41,14.26,D
-26.06348,-58.01802,339.37,0.47,0.4,2026-03-03,1756,N,VIIRS,n,2.0NRT,305.68,5.51,D
-26.24746,-59.34596,344.43,0.42,0.37,2026-03-03,1756,N,VIIRS,n,2.0NRT,302.53,26.89,D
-26.5175,-60.99392,341.26,0.39,0.36,2026-03-03,1756,N,VIIRS,n,2.0NRT,300.12,4.18,D
-26.31151,-59.85176,336.61,0.4,0.37,2026-03-03,1756,N,VIIRS,n,2.0NRT,297.66,27.34,D
-26.31219,-59.85581,339.63,0.4,0.37,2026-03-03,1756,N,VIIRS,n,2.0NRT,306.99,27.34,D
-26.31286,-59.85985,354.81,0.4,0.37,2026-03-03,1756,N,VIIRS,n,2.0NRT,300.45,25.22,D
-26.30878,-59.85649,348.47,0.4,0.37,2026-03-03,1756,N,VIIRS,n,2.0NRT,297.62,12.55,D
-26.31081,-59.86864,340.43,0.4,0.37,2026-03-03,1756,N,VIIRS,n,2.0NRT,297.28,4.08,D
-26.30741,-59.86934,335.84,0.4,0.37,2026-03-03,1756,N,VIIRS,n,2.0NRT,294.25,4.08,D
-26.55127,-61.38664,347.64,0.38,0.36,2026-03-03,1756,N,VIIRS,n,2.0NRT,298.51,5.76,D
-26.54794,-61.38728,350.49,0.38,0.36,2026-03-03,1756,N,VIIRS,n,2.0NRT,303.56,34.28,D
-26.5458,-61.39566,347.38,0.38,0.36,2026-03-03,1756,N,VIIRS,n,2.0NRT,303.21,13.28,D
-26.54371,-61.39606,347.31,0.38,0.36,2026-03-03,1756,N,VIIRS,n,2.0NRT,299.6,8.37,D
-26.39417,-60.51037,330.48,0.39,0.36,2026-03-03,1756,N,VIIRS,n,2.0NRT,300.1,3.34,D
-26.53431,-61.40184,340.07,0.38,0.36,2026-03-03,1756,N,VIIRS,n,2.0NRT,299.02,11.66,D
-26.39145,-60.51497,333.62,0.39,0.36,2026-03-03,1756,N,VIIRS,n,2.0NRT,299.08,4.33,D
-26.53217,-61.41022,334.32,0.38,0.36,2026-03-03,1756,N,VIIRS,n,2.0NRT,297.21,4.18,D
-26.52372,-61.39988,336.46,0.38,0.36,2026-03-03,1756,N,VIIRS,n,2.0NRT,296.62,3.11,D
-26.52431,-61.40375,333.14,0.38,0.36,2026-03-03,1756,N,VIIRS,n,2.0NRT,297.14,3.11,D
-26.52098,-61.40438,331.88,0.38,0.36,2026-03-03,1756,N,VIIRS,n,2.0NRT,295.84,3.11,D
-26.18627,-60.71706,339.84,0.39,0.36,2026-03-03,1756,N,VIIRS,n,2.0NRT,304.02,8.31,D
-26.2605,-61.18735,342.54,0.39,0.36,2026-03-03,1756,N,VIIRS,n,2.0NRT,302.59,3.69,D
-26.18292,-60.71772,341.48,0.39,0.36,2026-03-03,1756,N,VIIRS,n,2.0NRT,304.5,8.31,D
-26.25717,-61.18799,343.77,0.39,0.36,2026-03-03,1756,N,VIIRS,n,2.0NRT,304.05,3.69,D
-26.25777,-61.19186,338.25,0.39,0.36,2026-03-03,1756,N,VIIRS,n,2.0NRT,304.29,3.69,D
-26.25838,-61.19574,331.21,0.39,0.36,2026-03-03,1756,N,VIIRS,l,2.0NRT,303.47,2.27,D
-26.25383,-61.18863,367,0.39,0.36,2026-03-03,1756,N,VIIRS,h,2.0NRT,305.84,10.25,D
-26.17957,-60.71838,339,0.39,0.36,2026-03-03,1756,N,VIIRS,n,2.0NRT,300.38,4.09,D
-26.25323,-61.18476,335.61,0.39,0.36,2026-03-03,1756,N,VIIRS,n,2.0NRT,301.24,6.69,D
-26.25444,-61.1925,355.66,0.39,0.36,2026-03-03,1756,N,VIIRS,n,2.0NRT,307.02,10.25,D
-26.25504,-61.19638,331.3,0.39,0.36,2026-03-03,1756,N,VIIRS,l,2.0NRT,301.77,4.33,D
-26.2505,-61.18927,347.9,0.39,0.36,2026-03-03,1756,N,VIIRS,n,2.0NRT,302.7,10.25,D
-26.2511,-61.19315,351.43,0.39,0.36,2026-03-03,1756,N,VIIRS,n,2.0NRT,305.39,10.25,D
-26.24777,-61.19379,349.12,0.39,0.36,2026-03-03,1756,N,VIIRS,n,2.0NRT,302.25,7.1,D
-25.61208,-57.66859,340.72,0.49,0.4,2026-03-03,1756,N,VIIRS,n,2.0NRT,305.38,4.93,D
-26.14531,-60.84977,342.31,0.39,0.36,2026-03-03,1756,N,VIIRS,n,2.0NRT,308.52,61.76,D
-25.69305,-58.23244,337.77,0.46,0.39,2026-03-03,1756,N,VIIRS,l,2.0NRT,308.98,4.65,D
-25.66871,-58.17992,336.09,0.47,0.39,2026-03-03,1756,N,VIIRS,l,2.0NRT,308,5.65,D
-26.14281,-61.03777,338.3,0.39,0.36,2026-03-03,1756,N,VIIRS,n,2.0NRT,301.41,5.49,D
-26.06762,-60.93233,367,0.39,0.36,2026-03-03,1756,N,VIIRS,h,2.0NRT,305.4,6.97,D
-26.06701,-60.92844,335.99,0.39,0.36,2026-03-03,1756,N,VIIRS,n,2.0NRT,303.54,6.97,D
-26.06824,-60.93621,330.82,0.39,0.36,2026-03-03,1756,N,VIIRS,n,2.0NRT,301.6,4.49,D
-26.06366,-60.92909,344.1,0.39,0.36,2026-03-03,1756,N,VIIRS,n,2.0NRT,313.49,22.26,D
-26.06428,-60.93298,353.39,0.39,0.36,2026-03-03,1756,N,VIIRS,n,2.0NRT,304.94,22.26,D
-26.0649,-60.93686,336.44,0.39,0.36,2026-03-03,1756,N,VIIRS,n,2.0NRT,303.69,4.4,D
-26.06032,-60.92974,352.84,0.39,0.36,2026-03-03,1756,N,VIIRS,n,2.0NRT,301.89,22.26,D
-25.50471,-57.9345,339.15,0.48,0.4,2026-03-03,1756,N,VIIRS,l,2.0NRT,309.15,5.62,D
-25.53639,-58.70569,337.54,0.45,0.39,2026-03-03,1756,N,VIIRS,n,2.0NRT,304.67,2.53,D
-25.58628,-59.33126,339.47,0.42,0.38,2026-03-03,1756,N,VIIRS,n,2.0NRT,304.48,3.07,D
-25.4256,-58.6307,344.46,0.45,0.39,2026-03-03,1756,N,VIIRS,n,2.0NRT,298.97,15.62,D
-25.2911,-57.91267,336.04,0.48,0.4,2026-03-03,1756,N,VIIRS,n,2.0NRT,301.38,7.82,D
-25.43369,-58.86795,340.25,0.44,0.38,2026-03-03,1756,N,VIIRS,n,2.0NRT,303.22,4.09,D
-25.50861,-59.30274,350.39,0.42,0.38,2026-03-03,1756,N,VIIRS,n,2.0NRT,307.17,15.01,D
-25.27676,-58.10915,338.29,0.47,0.4,2026-03-03,1756,N,VIIRS,n,2.0NRT,304.5,6.59,D
-25.18302,-58.19073,336.85,0.47,0.4,2026-03-03,1756,N,VIIRS,n,2.0NRT,305.82,4.53,D
-25.15767,-58.17666,347.18,0.47,0.4,2026-03-03,1756,N,VIIRS,n,2.0NRT,307.89,13.42,D
-25.32289,-59.31707,334.33,0.43,0.38,2026-03-03,1756,N,VIIRS,l,2.0NRT,305.49,4.27,D
-25.32361,-59.32131,335.39,0.43,0.38,2026-03-03,1756,N,VIIRS,l,2.0NRT,305.54,8.1,D
-25.32433,-59.32555,356.11,0.43,0.38,2026-03-03,1756,N,VIIRS,n,2.0NRT,308.98,8.1,D
-25.15995,-58.39666,335.24,0.46,0.39,2026-03-03,1756,N,VIIRS,l,2.0NRT,309.97,6,D
-25.32084,-59.32626,341.16,0.43,0.38,2026-03-03,1756,N,VIIRS,n,2.0NRT,307.51,7.67,D
-25.15633,-58.39742,337.06,0.46,0.39,2026-03-03,1756,N,VIIRS,l,2.0NRT,310.69,6,D
-25.60531,-61.34688,345.3,0.39,0.36,2026-03-03,1756,N,VIIRS,n,2.0NRT,302.78,6.83,D
-25.60591,-61.35073,349.66,0.39,0.36,2026-03-03,1756,N,VIIRS,n,2.0NRT,304.66,7.99,D
-25.60137,-61.34366,340.51,0.39,0.36,2026-03-03,1756,N,VIIRS,n,2.0NRT,303.15,15.43,D
-25.60197,-61.34751,357.02,0.39,0.36,2026-03-03,1756,N,VIIRS,n,2.0NRT,310.08,15.43,D
-25.60258,-61.35136,345,0.39,0.36,2026-03-03,1756,N,VIIRS,n,2.0NRT,303.29,7.25,D
-25.59864,-61.34814,341.37,0.39,0.36,2026-03-03,1756,N,VIIRS,n,2.0NRT,300.42,15.43,D
-25.09704,-58.4862,337.07,0.46,0.39,2026-03-03,1756,N,VIIRS,n,2.0NRT,306.2,100.76,D
-25.09343,-58.48697,330.05,0.46,0.39,2026-03-03,1756,N,VIIRS,l,2.0NRT,304.9,19.27,D
-25.09425,-58.49153,350.4,0.46,0.39,2026-03-03,1756,N,VIIRS,n,2.0NRT,313.14,19.27,D
-25.09064,-58.49229,338.65,0.46,0.39,2026-03-03,1756,N,VIIRS,n,2.0NRT,307.3,19.27,D
-25.09146,-58.49685,344.5,0.46,0.39,2026-03-03,1756,N,VIIRS,n,2.0NRT,310.38,15.32,D
-25.08867,-58.50217,367,0.46,0.39,2026-03-03,1756,N,VIIRS,h,2.0NRT,308.26,27.87,D
-25.08785,-58.49762,351.17,0.46,0.39,2026-03-03,1756,N,VIIRS,n,2.0NRT,309.89,27.87,D
-25.0915,-58.49572,349.52,0.46,0.39,2026-03-03,1756,N,VIIRS,n,2.0NRT,311.02,25.94,D
-25.08869,-58.50106,367,0.46,0.39,2026-03-03,1756,N,VIIRS,h,2.0NRT,308.16,25.94,D
-25.08789,-58.49649,341.73,0.46,0.39,2026-03-03,1756,N,VIIRS,n,2.0NRT,309.02,25.94,D
-25.08949,-58.50562,337.67,0.46,0.39,2026-03-03,1756,N,VIIRS,n,2.0NRT,305.63,5.56,D
-25.12855,-58.77285,349.61,0.45,0.39,2026-03-03,1756,N,VIIRS,n,2.0NRT,311.95,36.16,D
-25.12498,-58.77361,353.4,0.45,0.39,2026-03-03,1756,N,VIIRS,n,2.0NRT,312.9,15.21,D
-25.12653,-58.7825,337.54,0.45,0.39,2026-03-03,1756,N,VIIRS,n,2.0NRT,307.29,5.15,D
-25.12219,-58.77882,345.54,0.45,0.39,2026-03-03,1756,N,VIIRS,n,2.0NRT,308.3,5.15,D
-25.04962,-58.38554,350.12,0.47,0.39,2026-03-03,1756,N,VIIRS,n,2.0NRT,307.92,11.76,D
-25.11708,-58.77067,349.92,0.45,0.39,2026-03-03,1756,N,VIIRS,n,2.0NRT,312.94,21.99,D
-25.11351,-58.77142,340.82,0.45,0.39,2026-03-03,1756,N,VIIRS,n,2.0NRT,308.56,21.99,D
-25.06021,-58.57317,346.5,0.46,0.39,2026-03-03,1756,N,VIIRS,n,2.0NRT,307.31,6.22,D
-25.05501,-58.56486,338.2,0.46,0.39,2026-03-03,1756,N,VIIRS,l,2.0NRT,309.04,9.16,D
-25.05581,-58.5694,342.11,0.46,0.39,2026-03-03,1756,N,VIIRS,n,2.0NRT,310.18,6.22,D
-25.05661,-58.57393,340.21,0.46,0.39,2026-03-03,1756,N,VIIRS,n,2.0NRT,307.24,6.22,D
-25.05221,-58.57016,347.03,0.46,0.39,2026-03-03,1756,N,VIIRS,n,2.0NRT,306.97,4.43,D
-25.08799,-59.14744,332.12,0.43,0.38,2026-03-03,1756,N,VIIRS,n,2.0NRT,294.85,3.49,D
-25.08374,-59.14386,330.26,0.43,0.38,2026-03-03,1756,N,VIIRS,l,2.0NRT,302.3,4.56,D
-25.08521,-59.15247,335,0.43,0.38,2026-03-03,1756,N,VIIRS,n,2.0NRT,304.98,3.49,D
-25.08595,-59.15677,335.11,0.43,0.38,2026-03-03,1756,N,VIIRS,n,2.0NRT,305.22,6,D
-25.08169,-59.1532,367,0.43,0.38,2026-03-03,1756,N,VIIRS,h,2.0NRT,311.37,24.15,D
-25.08096,-59.14889,339.41,0.43,0.38,2026-03-03,1756,N,VIIRS,n,2.0NRT,308.08,24.15,D
-25.07279,-59.18623,346.13,0.43,0.38,2026-03-03,1756,N,VIIRS,n,2.0NRT,306.26,7.34,D
-24.97755,-58.78493,343.82,0.45,0.39,2026-03-03,1756,N,VIIRS,n,2.0NRT,308.19,7.29,D
-24.99111,-59.42641,341.25,0.43,0.38,2026-03-03,1756,N,VIIRS,n,2.0NRT,302.04,7.91,D
-24.8568,-58.84069,337.25,0.45,0.39,2026-03-03,1756,N,VIIRS,n,2.0NRT,303.73,25.84,D
-25.05831,-60.03598,336.77,0.41,0.37,2026-03-03,1756,N,VIIRS,n,2.0NRT,305.37,27.55,D
-24.82276,-58.77396,331.14,0.45,0.39,2026-03-03,1756,N,VIIRS,l,2.0NRT,304.32,2.59,D
-24.81918,-58.77471,356.99,0.45,0.39,2026-03-03,1756,N,VIIRS,n,2.0NRT,306.94,7.62,D
-24.8156,-58.77546,332.34,0.45,0.39,2026-03-03,1756,N,VIIRS,l,2.0NRT,306.47,7.62,D
-24.81639,-58.77993,342.07,0.45,0.39,2026-03-03,1756,N,VIIRS,n,2.0NRT,305.99,7.62,D
-24.81123,-58.77174,337.18,0.45,0.39,2026-03-03,1756,N,VIIRS,l,2.0NRT,308.75,4.06,D
-24.80765,-58.7725,341.77,0.45,0.39,2026-03-03,1756,N,VIIRS,n,2.0NRT,310.16,4.06,D
-24.81501,-58.77898,338.32,0.45,0.39,2026-03-03,1756,N,VIIRS,n,2.0NRT,304.8,4.69,D
-24.80988,-58.77078,340.28,0.45,0.39,2026-03-03,1756,N,VIIRS,n,2.0NRT,308.39,7.3,D
-24.80785,-58.78048,334.72,0.45,0.39,2026-03-03,1756,N,VIIRS,n,2.0NRT,304.53,5.25,D
-24.97606,-59.76939,340.86,0.41,0.37,2026-03-03,1756,N,VIIRS,n,2.0NRT,302.58,4.71,D
-24.97675,-59.77351,333.91,0.41,0.37,2026-03-03,1756,N,VIIRS,n,2.0NRT,303.51,4.71,D
-24.8035,-58.77676,342.01,0.45,0.39,2026-03-03,1756,N,VIIRS,n,2.0NRT,309.85,5.25,D
-24.80427,-58.78123,350.47,0.45,0.39,2026-03-03,1756,N,VIIRS,n,2.0NRT,309.34,5.25,D
-24.97261,-59.77008,356.85,0.41,0.37,2026-03-03,1756,N,VIIRS,n,2.0NRT,305.61,4.71,D
-24.85014,-60.68449,348.87,0.4,0.37,2026-03-03,1756,N,VIIRS,n,2.0NRT,302.76,21.57,D
-24.85078,-60.68841,338.62,0.39,0.37,2026-03-03,1756,N,VIIRS,n,2.0NRT,304.25,5.7,D
-24.6745,-60.40114,335.51,0.4,0.37,2026-03-03,1756,N,VIIRS,l,2.0NRT,306.3,5.71,D
-24.60778,-61.26202,334.95,0.39,0.36,2026-03-03,1756,N,VIIRS,n,2.0NRT,304.66,5.43,D
-24.60839,-61.26586,331.4,0.39,0.36,2026-03-03,1756,N,VIIRS,l,2.0NRT,305.38,5.43,D
-24.23373,-61.10613,352.28,0.39,0.36,2026-03-03,1756,N,VIIRS,n,2.0NRT,310.41,16.54,D
-24.23099,-61.11063,347.93,0.39,0.36,2026-03-03,1756,N,VIIRS,n,2.0NRT,305.39,8.49,D
-38.69746,-68.69691,349.46,0.49,0.65,2026-03-03,1932,N,VIIRS,n,2.0NRT,305.79,5.71,D
-38.74387,-68.8308,367,0.48,0.65,2026-03-03,1932,N,VIIRS,h,2.0NRT,305.16,16.56,D
-38.7429,-68.8315,367,0.48,0.65,2026-03-03,1932,N,VIIRS,h,2.0NRT,305.31,13.32,D
-38.74451,-68.83703,353.03,0.48,0.65,2026-03-03,1932,N,VIIRS,n,2.0NRT,305.87,13.32,D
-38.74551,-68.83633,356.36,0.48,0.65,2026-03-03,1932,N,VIIRS,n,2.0NRT,304.52,10.65,D
-38.6972,-68.69707,354.66,0.49,0.65,2026-03-03,1932,N,VIIRS,n,2.0NRT,305.32,7.77,D
-38.49545,-68.32358,333.44,0.52,0.67,2026-03-03,1932,N,VIIRS,n,2.0NRT,306.85,2.07,D
-38.01054,-68.59299,338.08,0.52,0.67,2026-03-03,1932,N,VIIRS,n,2.0NRT,308.37,1.78,D
-32.11777,-68.59108,336.27,0.74,0.76,2026-03-03,1934,N,VIIRS,n,2.0NRT,303.67,9.96,D
-27.46681,-57.25558,312.1,0.41,0.37,2026-03-04,0510,N,VIIRS,n,2.0NRT,293.08,2.13,N
-26.20107,-54.35671,306.07,0.52,0.42,2026-03-04,0510,N,VIIRS,n,2.0NRT,292.14,1.68,N
-25.66261,-58.18644,330.06,0.39,0.36,2026-03-04,0510,N,VIIRS,n,2.0NRT,286.7,1.81,N
-26.20062,-54.35509,304.35,0.52,0.42,2026-03-04,0510,N,VIIRS,n,2.0NRT,292.5,1.35,N
-25.43238,-57.82713,303.64,0.39,0.36,2026-03-04,0510,N,VIIRS,n,2.0NRT,291.13,0.45,N
-25.32309,-57.71933,311.91,0.39,0.36,2026-03-04,0510,N,VIIRS,n,2.0NRT,289.82,0.61,N
-30.83884,-57.86761,311.9,0.42,0.37,2026-03-04,0510,N,VIIRS,n,2.0NRT,291,0.97,N
-28.84134,-65.7714,301.91,0.4,0.45,2026-03-04,0510,N,VIIRS,n,2.0NRT,288.77,0.5,N
-29.07556,-59.94301,298.54,0.38,0.36,2026-03-04,0510,N,VIIRS,n,2.0NRT,287.6,0.3,N
-29.07493,-59.94696,304.18,0.38,0.36,2026-03-04,0510,N,VIIRS,n,2.0NRT,287.57,0.85,N
-29.07381,-59.94397,299.97,0.38,0.36,2026-03-04,0510,N,VIIRS,n,2.0NRT,287.73,0.32,N
-28.19182,-59.58841,334.54,0.38,0.36,2026-03-04,0510,N,VIIRS,n,2.0NRT,290.36,3.21,N
-27.89306,-55.7363,314.12,0.47,0.4,2026-03-04,0510,N,VIIRS,n,2.0NRT,291.46,1.95,N
-27.468,-57.24723,307.57,0.41,0.37,2026-03-04,0510,N,VIIRS,n,2.0NRT,291.75,2.13,N
-34.75565,-58.80468,305.3,0.42,0.38,2026-03-04,0512,N,VIIRS,n,2.0NRT,279.65,0.99,N
-35.9952,-63.22136,295.67,0.39,0.37,2026-03-04,0512,N,VIIRS,n,2.0NRT,284.71,0.29,N
-36.92535,-60.15968,300.16,0.4,0.37,2026-03-04,0512,N,VIIRS,n,2.0NRT,287.62,0.55,N
-36.98281,-60.24551,314.19,0.4,0.37,2026-03-04,0512,N,VIIRS,n,2.0NRT,289.1,1.9,N
-36.99253,-60.27567,305.63,0.4,0.37,2026-03-04,0512,N,VIIRS,n,2.0NRT,289.01,1.3,N
-37.03765,-60.2972,303.27,0.4,0.37,2026-03-04,0512,N,VIIRS,n,2.0NRT,288.98,1.34,N
-35.99856,-63.22224,297.02,0.39,0.37,2026-03-04,0512,N,VIIRS,n,2.0NRT,285.47,0.71,N
-33.25478,-60.28413,304.15,0.39,0.36,2026-03-04,0512,N,VIIRS,n,2.0NRT,280.81,1.09,N
-33.25813,-60.28485,329.47,0.39,0.36,2026-03-04,0512,N,VIIRS,n,2.0NRT,281.62,0.92,N
-33.25876,-60.28069,295.53,0.39,0.36,2026-03-04,0512,N,VIIRS,n,2.0NRT,280.79,0.92,N
-31.85753,-68.29295,309.67,0.48,0.48,2026-03-04,0512,N,VIIRS,n,2.0NRT,287.75,1.58,N
-33.36063,-60.15606,304.99,0.39,0.36,2026-03-04,0512,N,VIIRS,n,2.0NRT,286.95,1.17,N
-33.36126,-60.15188,305.92,0.39,0.36,2026-03-04,0512,N,VIIRS,n,2.0NRT,286.5,1.43,N
-33.36253,-60.14351,307.73,0.39,0.36,2026-03-04,0512,N,VIIRS,n,2.0NRT,282.72,0.65,N
-33.36668,-60.16169,337.99,0.39,0.36,2026-03-04,0512,N,VIIRS,n,2.0NRT,290.91,2.07,N
-33.36859,-60.14913,299.1,0.39,0.36,2026-03-04,0512,N,VIIRS,n,2.0NRT,286.28,0.9,N
-33.37003,-60.1624,310.97,0.39,0.36,2026-03-04,0512,N,VIIRS,n,2.0NRT,288.63,2.07,N
-33.37066,-60.15822,308.34,0.39,0.36,2026-03-04,0512,N,VIIRS,n,2.0NRT,289.77,2.07,N
-33.37041,-60.16494,304.02,0.39,0.36,2026-03-04,0512,N,VIIRS,n,2.0NRT,286.01,0.4,N
-33.37104,-60.16076,307.43,0.39,0.36,2026-03-04,0512,N,VIIRS,n,2.0NRT,288.62,1.52,N
-33.37629,-60.14892,328.74,0.39,0.36,2026-03-04,0512,N,VIIRS,n,2.0NRT,287.79,4.83,N
-33.37692,-60.14473,325.04,0.39,0.36,2026-03-04,0512,N,VIIRS,n,2.0NRT,287.82,3.05,N
-31.85855,-68.29446,308.16,0.48,0.48,2026-03-04,0512,N,VIIRS,n,2.0NRT,286.49,1.62,N
-33.73743,-58.86552,304.32,0.41,0.37,2026-03-04,0512,N,VIIRS,n,2.0NRT,287.48,1.04,N
-34.14824,-58.98552,305.61,0.41,0.37,2026-03-04,0512,N,VIIRS,n,2.0NRT,280.39,0.74,N
-34.24316,-58.92356,304.31,0.41,0.37,2026-03-04,0512,N,VIIRS,n,2.0NRT,272.72,0.89,N
-34.74551,-58.3138,295.64,0.43,0.38,2026-03-04,0512,N,VIIRS,n,2.0NRT,277.77,0.32,N
-34.85865,-57.89696,300.77,0.45,0.39,2026-03-04,0512,N,VIIRS,n,2.0NRT,279.58,1.05,N
-34.85929,-57.892,312.51,0.45,0.39,2026-03-04,0512,N,VIIRS,n,2.0NRT,280.92,1.09,N
-31.20711,-58.03691,299.7,0.41,0.37,2026-03-04,0512,N,VIIRS,n,2.0NRT,285.41,0.59,N
-31.33621,-58.08607,305.6,0.41,0.37,2026-03-04,0512,N,VIIRS,n,2.0NRT,282.18,0.67,N
-31.33967,-58.08671,298.3,0.41,0.37,2026-03-04,0512,N,VIIRS,n,2.0NRT,281.76,0.46,N
-31.39067,-58.1279,300.95,0.41,0.37,2026-03-04,0512,N,VIIRS,n,2.0NRT,282.19,0.51,N
-33.00364,-60.81834,320.87,0.38,0.36,2026-03-04,0512,N,VIIRS,n,2.0NRT,292.14,1.7,N
-38.74197,-68.83904,342.9,0.56,0.43,2026-03-04,0514,N,VIIRS,n,2.0NRT,290.95,11.52,N
-37.71455,-69.14246,298.16,0.41,0.45,2026-03-04,0514,N,VIIRS,n,2.0NRT,284.78,0.8,N
-37.71151,-69.13636,316.12,0.41,0.45,2026-03-04,0514,N,VIIRS,n,2.0NRT,286.56,1.44,N
-37.71051,-69.14102,309.46,0.41,0.45,2026-03-04,0514,N,VIIRS,n,2.0NRT,286.04,0.8,N
-37.42607,-69.17294,337.11,0.41,0.45,2026-03-04,0514,N,VIIRS,n,2.0NRT,288.62,3.58,N
-38.69611,-61.25898,299.38,0.39,0.36,2026-03-04,0514,N,VIIRS,n,2.0NRT,285.41,0.72,N
-38.69273,-61.25817,300.84,0.39,0.36,2026-03-04,0514,N,VIIRS,n,2.0NRT,284.88,0.44,N
-37.08654,-69.4759,317.47,0.43,0.46,2026-03-04,0514,N,VIIRS,n,2.0NRT,285.9,1.85,N
-38.91827,-68.15248,296.51,0.52,0.42,2026-03-04,0514,N,VIIRS,n,2.0NRT,286.46,0.63,N
-39.41244,-65.71047,311.59,0.42,0.38,2026-03-04,0514,N,VIIRS,n,2.0NRT,285.76,1.03,N
-39.41589,-65.71152,307.57,0.42,0.38,2026-03-04,0514,N,VIIRS,n,2.0NRT,285.46,1.03,N
-38.01384,-68.59554,311.2,0.57,0.43,2026-03-04,0514,N,VIIRS,n,2.0NRT,290.74,1.36,N
-38.42443,-68.71749,298.93,0.56,0.43,2026-03-04,0514,N,VIIRS,n,2.0NRT,286.55,0.48,N
-38.49908,-68.3251,299.73,0.54,0.42,2026-03-04,0514,N,VIIRS,n,2.0NRT,286.37,0.6,N
-38.49524,-68.32378,301.17,0.54,0.42,2026-03-04,0514,N,VIIRS,n,2.0NRT,286.45,0.6,N
-38.74589,-68.8404,343.74,0.56,0.43,2026-03-04,0514,N,VIIRS,n,2.0NRT,285.99,11.52,N
-38.28613,-68.7511,303.75,0.57,0.43,2026-03-04,0514,N,VIIRS,n,2.0NRT,287.7,0.96,N
-38.2664,-68.62739,297.42,0.56,0.43,2026-03-04,0514,N,VIIRS,n,2.0NRT,286.69,0.65,N
-38.15828,-68.69411,302.16,0.57,0.43,2026-03-04,0514,N,VIIRS,n,2.0NRT,288.56,0.89,N
-39.11387,-66.33067,300.33,0.44,0.39,2026-03-04,0514,N,VIIRS,n,2.0NRT,285.68,2.55,N
-39.11739,-66.33179,332.74,0.44,0.39,2026-03-04,0514,N,VIIRS,n,2.0NRT,287.1,2.55,N
-38.69838,-68.70155,331.57,0.56,0.43,2026-03-04,0514,N,VIIRS,n,2.0NRT,290.78,7.22,N
-38.69987,-68.70257,335.57,0.56,0.43,2026-03-04,0514,N,VIIRS,n,2.0NRT,288.22,5.69,N
-46.79979,-67.91453,298.5,0.4,0.37,2026-03-04,0516,N,VIIRS,n,2.0NRT,277.75,0.74,N
-36.78864,-59.90705,330.49,0.57,0.43,2026-03-04,1734,N,VIIRS,l,2.0NRT,301.05,3.34,D
-36.62019,-60.02231,334.09,0.38,0.43,2026-03-04,1734,N,VIIRS,n,2.0NRT,300.77,3.57,D
-36.62062,-60.02667,335.35,0.38,0.43,2026-03-04,1734,N,VIIRS,n,2.0NRT,301.5,3.57,D
-36.61656,-60.02732,347.35,0.38,0.43,2026-03-04,1734,N,VIIRS,n,2.0NRT,302.04,3.57,D
-36.62095,-60.02546,341.45,0.38,0.43,2026-03-04,1734,N,VIIRS,n,2.0NRT,301.93,6.88,D
-36.6169,-60.02609,341.98,0.38,0.43,2026-03-04,1734,N,VIIRS,n,2.0NRT,301.09,6.88,D
-36.61736,-60.03045,336.14,0.38,0.43,2026-03-04,1734,N,VIIRS,n,2.0NRT,301.81,2.36,D
-36.01728,-57.40525,343.54,0.44,0.38,2026-03-04,1734,N,VIIRS,n,2.0NRT,307.94,3.95,D
-34.95646,-57.89053,330.96,0.45,0.39,2026-03-04,1734,N,VIIRS,l,2.0NRT,304.33,2.12,D
-35.17767,-60.2927,331.83,0.57,0.43,2026-03-04,1734,N,VIIRS,n,2.0NRT,301.64,3.83,D
-34.85994,-57.89084,334.51,0.45,0.39,2026-03-04,1734,N,VIIRS,n,2.0NRT,301.48,3.69,D
-34.88978,-58.43253,337.9,0.47,0.4,2026-03-04,1734,N,VIIRS,l,2.0NRT,310.7,3.73,D
-34.8861,-58.43318,340.08,0.47,0.4,2026-03-04,1734,N,VIIRS,l,2.0NRT,310.15,3.73,D
-34.8704,-58.65654,337.53,0.48,0.4,2026-03-04,1734,N,VIIRS,l,2.0NRT,309.44,2.92,D
-34.76402,-58.75851,338.52,0.48,0.4,2026-03-04,1734,N,VIIRS,l,2.0NRT,312.64,3.23,D
-34.17419,-58.55921,332.36,0.46,0.39,2026-03-04,1734,N,VIIRS,l,2.0NRT,303.39,4.69,D
-34.14919,-58.98377,335.16,0.48,0.4,2026-03-04,1734,N,VIIRS,n,2.0NRT,308.92,3.15,D
-34.14891,-58.98606,333.35,0.48,0.4,2026-03-04,1734,N,VIIRS,l,2.0NRT,306.26,4.77,D
-34.10826,-58.90124,340.75,0.48,0.4,2026-03-04,1734,N,VIIRS,n,2.0NRT,302.65,4.23,D
-34.04814,-58.81005,335.25,0.47,0.4,2026-03-04,1734,N,VIIRS,n,2.0NRT,304.51,3.84,D
-34.02283,-58.81975,332.24,0.47,0.4,2026-03-04,1734,N,VIIRS,l,2.0NRT,303.31,16.1,D
-34.02578,-58.82104,340.85,0.47,0.4,2026-03-04,1734,N,VIIRS,n,2.0NRT,309.51,29,D
-33.25783,-60.28328,344.02,0.54,0.42,2026-03-04,1734,N,VIIRS,n,2.0NRT,308.82,4.77,D
-34.02654,-58.81911,337.02,0.47,0.4,2026-03-04,1734,N,VIIRS,n,2.0NRT,308.16,16.1,D
-33.08412,-59.58479,333.33,0.5,0.41,2026-03-04,1734,N,VIIRS,n,2.0NRT,304.32,2.88,D
-32.73901,-58.58865,336.75,0.45,0.39,2026-03-04,1734,N,VIIRS,n,2.0NRT,309.93,4.42,D
-32.73539,-58.58928,336.59,0.45,0.39,2026-03-04,1734,N,VIIRS,n,2.0NRT,308.89,3.64,D
-32.61224,-58.40191,347.81,0.44,0.39,2026-03-04,1734,N,VIIRS,n,2.0NRT,309.77,9.38,D
-30.59057,-58.01326,338.64,0.41,0.37,2026-03-04,1734,N,VIIRS,n,2.0NRT,300.09,3.8,D
-38.74905,-68.83637,367,0.59,0.7,2026-03-04,1734,N,VIIRS,h,2.0NRT,308.66,14.39,D
-38.7424,-68.83665,367,0.59,0.7,2026-03-04,1734,N,VIIRS,h,2.0NRT,307.72,14.39,D
-38.74606,-68.83089,334.22,0.59,0.7,2026-03-04,1734,N,VIIRS,n,2.0NRT,307.41,20.24,D
-38.74623,-68.83799,355.75,0.59,0.7,2026-03-04,1734,N,VIIRS,n,2.0NRT,311.43,27.69,D
-38.70313,-68.70316,334.35,0.58,0.7,2026-03-04,1734,N,VIIRS,l,2.0NRT,308.19,2.81,D
-38.69653,-68.70335,340.75,0.58,0.7,2026-03-04,1734,N,VIIRS,n,2.0NRT,307.63,3.86,D
-38.12729,-60.95909,340.1,0.44,0.46,2026-03-04,1734,N,VIIRS,n,2.0NRT,298.16,5.28,D
-37.21468,-57.5506,367,0.46,0.39,2026-03-04,1734,N,VIIRS,h,2.0NRT,312.89,15.48,D
-37.21405,-57.54539,338.75,0.46,0.39,2026-03-04,1734,N,VIIRS,n,2.0NRT,307.7,4.61,D
-37.2153,-57.55581,352.09,0.46,0.39,2026-03-04,1734,N,VIIRS,n,2.0NRT,317.31,15.48,D
-37.21042,-57.54609,355.29,0.46,0.39,2026-03-04,1734,N,VIIRS,n,2.0NRT,306.69,8.82,D
-37.21104,-57.55129,334.36,0.46,0.39,2026-03-04,1734,N,VIIRS,n,2.0NRT,304.86,4.52,D
-37.21167,-57.5565,343.86,0.46,0.39,2026-03-04,1734,N,VIIRS,n,2.0NRT,309.32,4.52,D
-37.20803,-57.55719,337.88,0.46,0.39,2026-03-04,1734,N,VIIRS,l,2.0NRT,310.83,4.52,D
-37.71136,-69.13326,330.95,0.6,0.71,2026-03-04,1734,N,VIIRS,l,2.0NRT,304.25,2.11,D
-37.71617,-69.13426,334.06,0.6,0.71,2026-03-04,1734,N,VIIRS,l,2.0NRT,304.41,2.94,D
-37.31068,-64.2659,344.35,0.33,0.55,2026-03-04,1734,N,VIIRS,n,2.0NRT,300.72,2.43,D
-37.42741,-69.16751,331.96,0.6,0.71,2026-03-04,1734,N,VIIRS,l,2.0NRT,305.49,2.66,D
-28.72029,-60.06888,330.36,0.47,0.4,2026-03-04,1736,N,VIIRS,n,2.0NRT,291.95,6.71,D
-29.57438,-57.95377,346.26,0.41,0.37,2026-03-04,1736,N,VIIRS,n,2.0NRT,302.27,8.64,D
-29.57095,-57.9544,340.58,0.41,0.37,2026-03-04,1736,N,VIIRS,n,2.0NRT,298.54,6.83,D
-29.40294,-57.08655,338.94,0.39,0.36,2026-03-04,1736,N,VIIRS,n,2.0NRT,299.16,3.48,D
-29.39957,-57.08718,332.86,0.39,0.36,2026-03-04,1736,N,VIIRS,n,2.0NRT,299.77,2.92,D
-29.36951,-57.12558,342.69,0.39,0.36,2026-03-04,1736,N,VIIRS,n,2.0NRT,296.9,3.31,D
-29.3701,-57.12962,330.87,0.39,0.36,2026-03-04,1736,N,VIIRS,n,2.0NRT,298.29,2.71,D
-29.36615,-57.12621,338.47,0.39,0.36,2026-03-04,1736,N,VIIRS,n,2.0NRT,295.4,2.99,D
-29.35824,-57.11938,337.45,0.39,0.36,2026-03-04,1736,N,VIIRS,n,2.0NRT,296.77,24.77,D
-29.35883,-57.12343,340.75,0.39,0.36,2026-03-04,1736,N,VIIRS,n,2.0NRT,297.73,5.42,D
-29.35488,-57.12002,346.2,0.39,0.36,2026-03-04,1736,N,VIIRS,n,2.0NRT,306.75,24.77,D
-29.35547,-57.12407,343.74,0.39,0.36,2026-03-04,1736,N,VIIRS,n,2.0NRT,301.13,5.42,D
-29.35151,-57.12066,340.12,0.39,0.36,2026-03-04,1736,N,VIIRS,n,2.0NRT,300.76,23.55,D
-29.3521,-57.1247,351.98,0.39,0.36,2026-03-04,1736,N,VIIRS,n,2.0NRT,298.54,11.79,D
-29.34815,-57.12129,337.51,0.39,0.36,2026-03-04,1736,N,VIIRS,n,2.0NRT,298.34,23.55,D
-29.34874,-57.12534,342.01,0.39,0.36,2026-03-04,1736,N,VIIRS,n,2.0NRT,303.31,11.79,D
-29.34932,-57.12939,352.9,0.39,0.36,2026-03-04,1736,N,VIIRS,n,2.0NRT,300.09,11.79,D
-29.35344,-57.15776,336.33,0.39,0.36,2026-03-04,1736,N,VIIRS,n,2.0NRT,297.87,2.14,D
-29.34478,-57.12193,336.93,0.39,0.36,2026-03-04,1736,N,VIIRS,n,2.0NRT,298.22,16.99,D
-29.34537,-57.12597,353.98,0.39,0.36,2026-03-04,1736,N,VIIRS,n,2.0NRT,301.79,19.39,D
-29.34596,-57.13002,341.13,0.39,0.36,2026-03-04,1736,N,VIIRS,n,2.0NRT,296.42,19.39,D
-29.34713,-57.13813,346.66,0.39,0.36,2026-03-04,1736,N,VIIRS,n,2.0NRT,297.67,5.66,D
-29.34948,-57.15434,337.51,0.39,0.36,2026-03-04,1736,N,VIIRS,n,2.0NRT,298.17,4.74,D
-29.35007,-57.15839,334.93,0.39,0.36,2026-03-04,1736,N,VIIRS,n,2.0NRT,297.39,3.14,D
-29.3923,-57.45216,333.07,0.4,0.37,2026-03-04,1736,N,VIIRS,n,2.0NRT,304.51,1.82,D
-29.34318,-57.13471,334.92,0.39,0.36,2026-03-04,1736,N,VIIRS,n,2.0NRT,298.16,5.66,D
-29.34377,-57.13876,341.8,0.39,0.36,2026-03-04,1736,N,VIIRS,n,2.0NRT,299.62,5.66,D
-29.34436,-57.14281,330.75,0.39,0.36,2026-03-04,1736,N,VIIRS,n,2.0NRT,297.5,2.75,D
-29.33982,-57.13535,335.68,0.39,0.36,2026-03-04,1736,N,VIIRS,n,2.0NRT,297.39,7.53,D
-29.3404,-57.1394,341.06,0.39,0.36,2026-03-04,1736,N,VIIRS,n,2.0NRT,297.95,7.53,D
-29.34173,-57.17246,350.07,0.39,0.36,2026-03-04,1736,N,VIIRS,n,2.0NRT,299.39,7.01,D
-30.00677,-62.90615,332.18,0.46,0.47,2026-03-04,1736,N,VIIRS,n,2.0NRT,295.13,4.1,D
-30.00236,-62.90673,335.74,0.46,0.47,2026-03-04,1736,N,VIIRS,n,2.0NRT,294.71,5.4,D
-30.00315,-62.90479,351,0.46,0.47,2026-03-04,1736,N,VIIRS,n,2.0NRT,295.32,8.66,D
-29.78223,-62.48172,344.34,0.43,0.46,2026-03-04,1736,N,VIIRS,n,2.0NRT,296.05,10.25,D
-29.36964,-59.86147,333.15,0.47,0.4,2026-03-04,1736,N,VIIRS,n,2.0NRT,303.83,4.56,D
-29.37024,-59.86637,347.03,0.47,0.4,2026-03-04,1736,N,VIIRS,n,2.0NRT,305.36,11.88,D
-29.39313,-60.65213,339.12,0.51,0.41,2026-03-04,1736,N,VIIRS,n,2.0NRT,299.2,8.01,D
-28.96642,-59.27781,342.8,0.44,0.39,2026-03-04,1736,N,VIIRS,n,2.0NRT,298.57,7,D
-28.79574,-59.33523,333.78,0.44,0.39,2026-03-04,1736,N,VIIRS,n,2.0NRT,296.18,3.01,D
-28.72185,-60.06595,333.59,0.47,0.4,2026-03-04,1736,N,VIIRS,n,2.0NRT,294.35,3.46,D
-28.71815,-60.06655,342.41,0.47,0.4,2026-03-04,1736,N,VIIRS,n,2.0NRT,293.86,3.46,D
-28.71386,-60.06223,334.42,0.47,0.4,2026-03-04,1736,N,VIIRS,n,2.0NRT,291.45,2.85,D
-28.71016,-60.06282,330.61,0.47,0.4,2026-03-04,1736,N,VIIRS,n,2.0NRT,290.01,2.85,D
-28.71227,-60.06516,347.7,0.47,0.4,2026-03-04,1736,N,VIIRS,n,2.0NRT,291.15,5.36,D
-27.14328,-54.26125,332.46,0.42,0.38,2026-03-04,1736,N,VIIRS,n,2.0NRT,299.29,2.27,D
-27.16528,-54.45293,337.7,0.41,0.37,2026-03-04,1736,N,VIIRS,n,2.0NRT,297.59,5.54,D
-27.05286,-54.15635,334.1,0.42,0.38,2026-03-04,1736,N,VIIRS,n,2.0NRT,303.03,9.21,D
-27.04939,-54.1571,335.26,0.42,0.38,2026-03-04,1736,N,VIIRS,n,2.0NRT,301.75,4.54,D
-27.74375,-61.1119,344.56,0.52,0.41,2026-03-04,1736,N,VIIRS,n,2.0NRT,302.45,45.69,D
-27.7399,-61.11248,335.13,0.52,0.41,2026-03-04,1736,N,VIIRS,n,2.0NRT,297.38,10.36,D
-27.74054,-61.1178,332.4,0.52,0.41,2026-03-04,1736,N,VIIRS,n,2.0NRT,298.51,10.36,D
-28.16807,-66.37405,349.43,0.35,0.57,2026-03-04,1736,N,VIIRS,n,2.0NRT,304.42,3.11,D
-26.43483,-53.91213,331.37,0.44,0.38,2026-03-04,1736,N,VIIRS,n,2.0NRT,300.78,4.44,D
-26.43131,-53.91292,342.64,0.44,0.38,2026-03-04,1736,N,VIIRS,n,2.0NRT,300.12,4.44,D
-26.50331,-54.73591,337.86,0.41,0.37,2026-03-04,1736,N,VIIRS,n,2.0NRT,302.19,5.48,D
-26.30296,-54.6566,334.52,0.41,0.37,2026-03-04,1736,N,VIIRS,n,2.0NRT,301.44,2.36,D
-26.30153,-54.65643,332.28,0.41,0.37,2026-03-04,1736,N,VIIRS,n,2.0NRT,299.63,2.26,D
-26.27946,-54.63114,336.38,0.42,0.37,2026-03-04,1736,N,VIIRS,n,2.0NRT,304.41,2.59,D
-26.72416,-61.40446,334.69,0.52,0.42,2026-03-04,1736,N,VIIRS,n,2.0NRT,298.44,3.27,D
-26.00476,-62.01089,331.19,0.55,0.43,2026-03-04,1736,N,VIIRS,l,2.0NRT,303.56,8.5,D
-25.3526,-57.84579,334.25,0.39,0.36,2026-03-04,1736,N,VIIRS,n,2.0NRT,295.89,2.01,D
-25.32696,-57.85833,354.76,0.39,0.36,2026-03-04,1736,N,VIIRS,n,2.0NRT,290.16,15.99,D
-25.18492,-58.17349,346.94,0.39,0.36,2026-03-04,1736,N,VIIRS,n,2.0NRT,295.09,4.67,D
-25.32244,-60.30576,333.65,0.45,0.39,2026-03-04,1736,N,VIIRS,n,2.0NRT,293.35,7.32,D
-24.84522,-60.68381,342.43,0.46,0.39,2026-03-04,1736,N,VIIRS,n,2.0NRT,296.82,10,D
-24.65915,-66.4798,345.53,0.33,0.55,2026-03-04,1738,N,VIIRS,n,2.0NRT,312.53,0.27,D
-39.11786,-66.33037,330.63,0.36,0.58,2026-03-04,1914,N,VIIRS,n,2.0NRT,300.67,2.44,D
-38.93452,-67.90152,353.04,0.61,0.54,2026-03-04,1914,N,VIIRS,n,2.0NRT,312.69,11.54,D
-38.92971,-67.90363,344.58,0.61,0.54,2026-03-04,1914,N,VIIRS,n,2.0NRT,310.87,8.22,D
-37.74341,-64.40971,335.36,0.49,0.65,2026-03-04,1914,N,VIIRS,n,2.0NRT,303.6,3.59,D
-38.74689,-68.83472,353.07,0.56,0.51,2026-03-04,1914,N,VIIRS,n,2.0NRT,313.34,11.93,D
-38.74224,-68.83649,347.38,0.56,0.51,2026-03-04,1914,N,VIIRS,n,2.0NRT,308.76,11.93,D
-38.69939,-68.70267,342.73,0.57,0.52,2026-03-04,1914,N,VIIRS,n,2.0NRT,312.48,7.8,D
-36.70245,-65.23249,332.55,0.48,0.64,2026-03-04,1914,N,VIIRS,n,2.0NRT,298.08,1.64,D
-37.71265,-69.13329,335.46,0.57,0.52,2026-03-04,1914,N,VIIRS,l,2.0NRT,306.78,2.79,D
-36.70142,-65.2317,342.6,0.48,0.64,2026-03-04,1914,N,VIIRS,n,2.0NRT,298.82,3.81,D
-38.12387,-60.96642,326.59,0.7,0.75,2026-03-04,1914,N,VIIRS,n,2.0NRT,292.69,3.72,D
-39.45558,-65.7244,332.42,0.38,0.59,2026-03-04,1914,N,VIIRS,n,2.0NRT,304.46,3.34,D
-33.95387,-69.0318,345.32,0.36,0.57,2026-03-04,1914,N,VIIRS,n,2.0NRT,306.94,2.68,D
-26.59893,-53.79873,298.29,0.39,0.36,2026-03-05,0450,N,VIIRS,n,2.0NRT,278.1,1.1,N
-28.93899,-61.00299,308.21,0.4,0.44,2026-03-05,0453,N,VIIRS,n,2.0NRT,289.48,0.97,N
-37.2482,-56.99723,297.85,0.38,0.36,2026-03-05,0453,N,VIIRS,n,2.0NRT,287,0.35,N
-36.7849,-59.91124,295.1,0.42,0.38,2026-03-05,0453,N,VIIRS,n,2.0NRT,284.48,0.32,N
-36.78835,-59.9122,295.45,0.42,0.38,2026-03-05,0453,N,VIIRS,n,2.0NRT,285.16,0.36,N
-38.7787,-62.30446,329.12,0.47,0.4,2026-03-05,0453,N,VIIRS,n,2.0NRT,287.38,2.49,N
-38.78233,-62.30563,304.15,0.47,0.4,2026-03-05,0453,N,VIIRS,n,2.0NRT,290.43,2.49,N
-37.68675,-68.92233,308.5,0.34,0.56,2026-03-05,0453,N,VIIRS,n,2.0NRT,282.26,0.57,N
-37.69202,-68.92361,297,0.34,0.56,2026-03-05,0453,N,VIIRS,n,2.0NRT,281.11,0.57,N
-37.70982,-69.13557,298.95,0.35,0.57,2026-03-05,0453,N,VIIRS,n,2.0NRT,284.03,0.79,N
-37.7149,-69.1378,311.47,0.35,0.57,2026-03-05,0453,N,VIIRS,n,2.0NRT,284.12,0.79,N
-37.71149,-69.14395,303.75,0.35,0.57,2026-03-05,0453,N,VIIRS,n,2.0NRT,284.28,0.96,N
-37.71258,-69.1399,304.55,0.35,0.57,2026-03-05,0453,N,VIIRS,n,2.0NRT,283.57,1.1,N
-37.71366,-69.13586,311.66,0.35,0.57,2026-03-05,0453,N,VIIRS,n,2.0NRT,284.34,1.1,N
-25.5928,-61.36398,323.03,0.49,0.48,2026-03-05,0453,N,VIIRS,n,2.0NRT,290.21,2.7,N
-25.46492,-62.30473,309.78,0.56,0.51,2026-03-05,0453,N,VIIRS,n,2.0NRT,289.51,1.98,N
-27.38057,-55.0792,313.3,0.39,0.36,2026-03-05,0453,N,VIIRS,n,2.0NRT,289.98,1.04,N
-27.40057,-58.52808,308.67,0.48,0.4,2026-03-05,0453,N,VIIRS,n,2.0NRT,291.65,1.3,N
-27.94667,-60.64101,305.84,0.4,0.44,2026-03-05,0453,N,VIIRS,n,2.0NRT,289.39,0.82,N
-29.08206,-57.32233,308.71,0.42,0.37,2026-03-05,0453,N,VIIRS,n,2.0NRT,292.88,0.67,N
-29.08282,-57.31806,306.17,0.42,0.37,2026-03-05,0453,N,VIIRS,n,2.0NRT,293.03,0.67,N
-29.0855,-57.32312,306.44,0.42,0.37,2026-03-05,0453,N,VIIRS,n,2.0NRT,292.94,0.67,N
-28.9481,-59.54407,310.63,0.51,0.41,2026-03-05,0453,N,VIIRS,n,2.0NRT,291.04,1.63,N
-29.03817,-59.13319,303.22,0.49,0.4,2026-03-05,0453,N,VIIRS,n,2.0NRT,291.33,0.6,N
-28.92371,-61.00784,305.01,0.4,0.44,2026-03-05,0453,N,VIIRS,n,2.0NRT,289.34,0.58,N
-28.93492,-61.0019,310.67,0.4,0.44,2026-03-05,0453,N,VIIRS,n,2.0NRT,290.36,0.97,N
-29.57487,-57.95048,313.24,0.43,0.38,2026-03-05,0453,N,VIIRS,n,2.0NRT,293.82,1.46,N
-29.6898,-62.41383,304.2,0.47,0.47,2026-03-05,0453,N,VIIRS,n,2.0NRT,289.67,0.58,N
-30.80194,-59.00949,314.06,0.46,0.39,2026-03-05,0453,N,VIIRS,n,2.0NRT,292.92,1.39,N
-33.00298,-60.81744,311.11,0.5,0.41,2026-03-05,0453,N,VIIRS,n,2.0NRT,291.02,1.56,N
-33.00534,-60.81956,311.48,0.5,0.41,2026-03-05,0453,N,VIIRS,n,2.0NRT,290.66,1.41,N
-33.2541,-60.28814,322.39,0.48,0.4,2026-03-05,0453,N,VIIRS,n,2.0NRT,294.41,2.32,N
-33.25508,-60.28307,313.98,0.47,0.4,2026-03-05,0453,N,VIIRS,n,2.0NRT,292.64,2.32,N
-33.25776,-60.28914,314.38,0.48,0.4,2026-03-05,0453,N,VIIRS,n,2.0NRT,291.91,1.52,N
-33.25874,-60.28405,308.3,0.47,0.4,2026-03-05,0453,N,VIIRS,n,2.0NRT,291.39,1.52,N
-33.35903,-60.15368,309.12,0.47,0.4,2026-03-05,0453,N,VIIRS,n,2.0NRT,294.49,2.18,N
-39.11199,-66.33239,309.08,0.47,0.48,2026-03-05,0455,N,VIIRS,n,2.0NRT,279.47,0.67,N
-38.74478,-68.84331,367,0.32,0.55,2026-03-05,0455,N,VIIRS,h,2.0NRT,281.63,18.1,N
-38.74572,-68.83967,347.29,0.32,0.55,2026-03-05,0455,N,VIIRS,n,2.0NRT,287.31,14.96,N
-39.11631,-66.33408,295.83,0.47,0.48,2026-03-05,0455,N,VIIRS,n,2.0NRT,280.56,0.67,N
-34.14849,-58.98767,324.08,0.42,0.38,2026-03-05,0455,N,VIIRS,n,2.0NRT,292.41,2.48,N
-34.24024,-58.9247,321.7,0.42,0.37,2026-03-05,0455,N,VIIRS,n,2.0NRT,290,1.69,N
-34.12546,-61.27241,298.39,0.51,0.41,2026-03-05,0455,N,VIIRS,n,2.0NRT,287.89,0.7,N
-34.12333,-61.27288,301.99,0.51,0.41,2026-03-05,0455,N,VIIRS,n,2.0NRT,287.89,0.68,N
-34.62352,-58.9699,340.09,0.41,0.37,2026-03-05,0455,N,VIIRS,n,2.0NRT,289.97,4.33,N
-34.85575,-57.89511,327.13,0.39,0.36,2026-03-05,0455,N,VIIRS,n,2.0NRT,292,1.94,N
-34.85911,-57.89595,321.59,0.39,0.36,2026-03-05,0455,N,VIIRS,n,2.0NRT,289.95,1.94,N
-34.82803,-58.34423,305.71,0.4,0.37,2026-03-05,0455,N,VIIRS,n,2.0NRT,289.42,0.65,N
-34.8954,-58.60238,300.63,0.4,0.37,2026-03-05,0455,N,VIIRS,n,2.0NRT,289.15,0.38,N
-38.69517,-68.70756,333.22,0.63,0.54,2026-03-05,0455,N,VIIRS,n,2.0NRT,282.05,4.62,N
-38.69696,-68.70056,316.7,0.63,0.54,2026-03-05,0455,N,VIIRS,n,2.0NRT,282.05,4.62,N
-38.70007,-68.70955,297.8,0.63,0.54,2026-03-05,0455,N,VIIRS,n,2.0NRT,279.01,1.4,N
-38.70185,-68.70257,298.5,0.63,0.54,2026-03-05,0455,N,VIIRS,n,2.0NRT,279.42,1.4,N
-38.73986,-68.84129,336.57,0.32,0.55,2026-03-05,0455,N,VIIRS,n,2.0NRT,281.07,4.38,N
-38.7408,-68.83765,338.56,0.32,0.55,2026-03-05,0455,N,VIIRS,n,2.0NRT,284.29,3.4,N
-46.55671,-68.10515,295.21,0.38,0.44,2026-03-05,0457,N,VIIRS,n,2.0NRT,277.68,0.36,N
-33.06482,-68.97752,296.81,0.46,0.63,2026-03-05,0633,N,VIIRS,n,2.0NRT,285.55,2.02,N
-38.69709,-68.70388,326.39,0.52,0.67,2026-03-05,0635,N,VIIRS,n,2.0NRT,274.04,4.33,N
-38.69508,-68.70512,318.29,0.52,0.67,2026-03-05,0635,N,VIIRS,n,2.0NRT,274.25,2.63,N
-38.70137,-68.70554,310.29,0.52,0.67,2026-03-05,0635,N,VIIRS,n,2.0NRT,277.08,2.85,N
-38.22005,-68.63884,298.69,0.52,0.67,2026-03-05,0635,N,VIIRS,n,2.0NRT,279.94,1.69,N
-36.01335,-57.40731,328.85,0.49,0.48,2026-03-05,1713,N,VIIRS,n,2.0NRT,292.64,4.66,D
-36.39334,-56.82184,333.24,0.46,0.47,2026-03-05,1713,N,VIIRS,n,2.0NRT,273.76,5.43,D
-36.39286,-56.81663,357.1,0.46,0.47,2026-03-05,1713,N,VIIRS,l,2.0NRT,278.3,22.44,D
-36.38845,-56.81723,346.61,0.46,0.47,2026-03-05,1713,N,VIIRS,n,2.0NRT,272.15,8.03,D
-36.38893,-56.82244,328.99,0.46,0.47,2026-03-05,1713,N,VIIRS,n,2.0NRT,270.95,3.61,D
-36.01286,-57.40178,333.52,0.49,0.48,2026-03-05,1713,N,VIIRS,n,2.0NRT,293.67,4.66,D
-28.43388,-56.56768,335.43,0.54,0.42,2026-03-05,1715,N,VIIRS,n,2.0NRT,302.17,3.71,D
-34.00102,-58.82945,338.97,0.55,0.51,2026-03-05,1715,N,VIIRS,n,2.0NRT,295.16,8.43,D
-33.93392,-59.37281,340.09,0.59,0.53,2026-03-05,1715,N,VIIRS,n,2.0NRT,296.38,0.85,D
-33.22861,-58.50407,334.34,0.52,0.5,2026-03-05,1715,N,VIIRS,n,2.0NRT,296.87,3.42,D
-33.18119,-58.44669,343.7,0.52,0.5,2026-03-05,1715,N,VIIRS,n,2.0NRT,302.47,6.86,D
-33.18168,-58.45238,340.47,0.52,0.5,2026-03-05,1715,N,VIIRS,n,2.0NRT,305.3,6.86,D
-33.17702,-58.45296,367,0.52,0.5,2026-03-05,1715,N,VIIRS,h,2.0NRT,311.26,25.39,D
-33.17653,-58.44727,344.48,0.52,0.5,2026-03-05,1715,N,VIIRS,n,2.0NRT,303.94,25.39,D
-33.17187,-58.44785,344.99,0.52,0.5,2026-03-05,1715,N,VIIRS,n,2.0NRT,299.67,25.39,D
-33.17235,-58.45353,343.04,0.52,0.5,2026-03-05,1715,N,VIIRS,n,2.0NRT,302.65,25.39,D
-33.17283,-58.45922,353.37,0.52,0.5,2026-03-05,1715,N,VIIRS,n,2.0NRT,300.67,84.93,D
-33.17953,-58.44922,353.91,0.52,0.5,2026-03-05,1715,N,VIIRS,n,2.0NRT,305.51,17.57,D
-33.18005,-58.45491,341.94,0.52,0.5,2026-03-05,1715,N,VIIRS,n,2.0NRT,307.02,13.99,D
-33.17435,-58.44413,334.14,0.52,0.5,2026-03-05,1715,N,VIIRS,n,2.0NRT,299.34,14.23,D
-33.17487,-58.44979,356.89,0.52,0.5,2026-03-05,1715,N,VIIRS,n,2.0NRT,304.49,14.23,D
-33.17539,-58.45548,344.95,0.52,0.5,2026-03-05,1715,N,VIIRS,n,2.0NRT,313.08,161.24,D
-33.00623,-60.39753,331.02,0.33,0.55,2026-03-05,1715,N,VIIRS,n,2.0NRT,295.32,2.72,D
-33.00101,-60.39804,351.96,0.33,0.55,2026-03-05,1715,N,VIIRS,n,2.0NRT,294.8,4.98,D
-32.98919,-60.38076,352.22,0.33,0.55,2026-03-05,1715,N,VIIRS,n,2.0NRT,296.1,7.06,D
-32.98947,-60.38442,334.2,0.33,0.55,2026-03-05,1715,N,VIIRS,n,2.0NRT,293.65,4.5,D
-32.64653,-60.65137,342.11,0.34,0.56,2026-03-05,1715,N,VIIRS,n,2.0NRT,293.64,3.61,D
-29.29721,-57.75755,345.97,0.43,0.46,2026-03-05,1715,N,VIIRS,n,2.0NRT,293.78,9.47,D
-29.29249,-57.75367,341.3,0.43,0.46,2026-03-05,1715,N,VIIRS,n,2.0NRT,295.11,12.06,D
-29.68305,-62.95726,348.82,0.44,0.62,2026-03-05,1715,N,VIIRS,n,2.0NRT,288.69,3.92,D
-29.68336,-62.96194,328.76,0.44,0.62,2026-03-05,1715,N,VIIRS,n,2.0NRT,287.85,3.92,D
-29.1723,-57.33764,335.67,0.4,0.44,2026-03-05,1715,N,VIIRS,n,2.0NRT,301,4.58,D
-29.07369,-56.59428,332.27,0.55,0.43,2026-03-05,1715,N,VIIRS,n,2.0NRT,302.13,4.26,D
-29.05343,-56.64578,330.71,0.55,0.43,2026-03-05,1715,N,VIIRS,l,2.0NRT,303.19,6.81,D
-29.25893,-58.77142,347.55,0.49,0.48,2026-03-05,1715,N,VIIRS,n,2.0NRT,300.03,14.6,D
-28.77947,-57.2248,331.6,0.39,0.44,2026-03-05,1715,N,VIIRS,l,2.0NRT,303.6,2.51,D
-28.77126,-57.22596,343.52,0.39,0.44,2026-03-05,1715,N,VIIRS,n,2.0NRT,303.36,2.79,D
-28.59943,-56.69595,334.09,0.55,0.43,2026-03-05,1715,N,VIIRS,n,2.0NRT,300.81,4.14,D
-28.30927,-56.66113,339.75,0.54,0.42,2026-03-05,1715,N,VIIRS,n,2.0NRT,305.79,10.52,D
-28.30991,-56.66676,334.24,0.55,0.42,2026-03-05,1715,N,VIIRS,n,2.0NRT,305.89,5.61,D
-28.30532,-56.66171,343.27,0.54,0.42,2026-03-05,1715,N,VIIRS,n,2.0NRT,305.7,12.57,D
-28.30596,-56.66735,341.33,0.55,0.42,2026-03-05,1715,N,VIIRS,n,2.0NRT,305.07,9.66,D
-28.30717,-56.6634,355.62,0.54,0.42,2026-03-05,1715,N,VIIRS,n,2.0NRT,309.41,37.19,D
-28.06862,-55.52501,337.23,0.48,0.4,2026-03-05,1715,N,VIIRS,n,2.0NRT,306.66,5.1,D
-28.06923,-55.52991,336.27,0.48,0.4,2026-03-05,1715,N,VIIRS,l,2.0NRT,306.29,5.1,D
-28.07098,-55.52743,339.1,0.48,0.4,2026-03-05,1715,N,VIIRS,n,2.0NRT,306.24,11.9,D
-28.36478,-58.10501,338.31,0.44,0.46,2026-03-05,1715,N,VIIRS,n,2.0NRT,300.3,5.96,D
-28.25225,-57.86333,331.27,0.42,0.45,2026-03-05,1715,N,VIIRS,n,2.0NRT,300.75,4.18,D
-28.31534,-59.26176,334.02,0.51,0.49,2026-03-05,1715,N,VIIRS,n,2.0NRT,294.49,6.93,D
-28.31637,-59.27234,343.94,0.51,0.49,2026-03-05,1715,N,VIIRS,n,2.0NRT,296.82,8.5,D
-27.89502,-55.73413,343.03,0.49,0.4,2026-03-05,1715,N,VIIRS,n,2.0NRT,303.9,3.67,D
-27.36833,-54.35945,333.25,0.42,0.38,2026-03-05,1715,N,VIIRS,n,2.0NRT,290.6,2.61,D
-27.0894,-54.23327,336.66,0.42,0.38,2026-03-05,1715,N,VIIRS,n,2.0NRT,299.62,31.53,D
-27.35719,-57.7518,344.12,0.4,0.45,2026-03-05,1715,N,VIIRS,n,2.0NRT,275.99,5.19,D
-26.50404,-54.67599,334.38,0.43,0.38,2026-03-05,1717,N,VIIRS,n,2.0NRT,302.65,7.36,D
-25.50953,-59.30087,338.45,0.47,0.48,2026-03-05,1717,N,VIIRS,n,2.0NRT,292.77,6.35,D
-26.37241,-54.42171,333.28,0.42,0.38,2026-03-05,1717,N,VIIRS,l,2.0NRT,307.24,6.08,D
-26.50106,-54.73418,332.22,0.43,0.38,2026-03-05,1717,N,VIIRS,l,2.0NRT,307.18,5.04,D
-48.16395,-69.22147,348.87,0.39,0.36,2026-03-05,1851,N,VIIRS,n,2.0NRT,300.31,4.85,D
-48.16063,-69.22269,337.84,0.39,0.36,2026-03-05,1851,N,VIIRS,n,2.0NRT,299.1,4.85,D
-38.74495,-68.83392,337.28,0.5,0.41,2026-03-05,1855,N,VIIRS,n,2.0NRT,305.94,13.22,D
-35.55336,-70.33912,342.96,0.49,0.4,2026-03-05,1855,N,VIIRS,n,2.0NRT,310.62,11.59,D
-34.02106,-58.82215,333.51,0.68,0.74,2026-03-05,1855,N,VIIRS,n,2.0NRT,289.73,4.07,D
-37.42802,-69.1731,333.69,0.51,0.41,2026-03-05,1855,N,VIIRS,n,2.0NRT,303.33,1.67,D
-28.9352,-57.57828,310.34,0.48,0.48,2026-03-06,0431,N,VIIRS,n,2.0NRT,284.59,1.48,N
-27.08116,-54.74284,307.12,0.54,0.42,2026-03-06,0431,N,VIIRS,n,2.0NRT,275.66,1.72,N
-28.87319,-58.60862,301.95,0.55,0.51,2026-03-06,0431,N,VIIRS,n,2.0NRT,289.55,1.66,N
-28.87653,-58.61487,302.97,0.55,0.51,2026-03-06,0431,N,VIIRS,n,2.0NRT,289.32,1.24,N
-28.87192,-58.6142,312.9,0.55,0.51,2026-03-06,0431,N,VIIRS,n,2.0NRT,289.55,1.66,N
-28.87188,-58.61351,317.87,0.55,0.51,2026-03-06,0431,N,VIIRS,n,2.0NRT,289.67,1.24,N
-28.62018,-56.60935,304.84,0.43,0.46,2026-03-06,0431,N,VIIRS,n,2.0NRT,286.15,0.74,N
-37.71409,-69.14101,295.6,0.61,0.71,2026-03-06,0436,N,VIIRS,n,2.0NRT,278.34,1.15,N
-37.70784,-69.13777,295.61,0.61,0.71,2026-03-06,0436,N,VIIRS,n,2.0NRT,281.46,1.34,N
-37.42298,-69.17406,304.84,0.62,0.71,2026-03-06,0436,N,VIIRS,n,2.0NRT,283.42,1.98,N
-46.55632,-68.10675,300.5,0.61,0.53,2026-03-06,0438,N,VIIRS,n,2.0NRT,278.78,0.78,N
-25.59495,-61.35885,324.77,0.58,0.7,2026-03-06,0612,N,VIIRS,n,2.0NRT,286.96,5.55,N
-37.42863,-69.17267,308.39,0.53,0.5,2026-03-06,0616,N,VIIRS,n,2.0NRT,284.28,1.2,N
-38.7013,-68.69936,303.78,0.58,0.52,2026-03-06,0616,N,VIIRS,n,2.0NRT,282.99,1.84,N
-38.70079,-68.70641,314.21,0.58,0.52,2026-03-06,0616,N,VIIRS,n,2.0NRT,283.5,1.84,N
-38.69641,-68.69874,299.27,0.58,0.52,2026-03-06,0616,N,VIIRS,n,2.0NRT,283.23,1.62,N
-38.6959,-68.70576,313.02,0.58,0.52,2026-03-06,0616,N,VIIRS,n,2.0NRT,284.32,1.62,N
-38.21907,-68.63749,302.48,0.57,0.52,2026-03-06,0616,N,VIIRS,n,2.0NRT,286.36,1.54,N
-38.46468,-69.05064,295.26,0.55,0.51,2026-03-06,0616,N,VIIRS,n,2.0NRT,284.59,0.9,N
-38.49701,-68.32857,304.62,0.6,0.53,2026-03-06,0616,N,VIIRS,n,2.0NRT,284.78,1.49,N
-37.08637,-69.47554,314.85,0.5,0.49,2026-03-06,0616,N,VIIRS,n,2.0NRT,283.85,1.92,N
-38.74522,-68.8376,352.54,0.57,0.52,2026-03-06,0616,N,VIIRS,n,2.0NRT,288.9,19.64,N
-25.50751,-58.67012,347.29,0.43,0.62,2026-03-06,1658,N,VIIRS,n,2.0NRT,294.7,4.1,D
-27.23476,-54.72677,337.31,0.51,0.49,2026-03-06,1658,N,VIIRS,n,2.0NRT,292.34,5.07,D
-27.59965,-57.20004,329.4,0.36,0.58,2026-03-06,1658,N,VIIRS,n,2.0NRT,298.3,9.79,D
-27.60538,-57.2033,332.17,0.36,0.58,2026-03-06,1658,N,VIIRS,n,2.0NRT,299.53,5.94,D
-27.60506,-57.19951,332.92,0.36,0.58,2026-03-06,1658,N,VIIRS,n,2.0NRT,299.49,5.94,D
-27.60475,-57.19572,332.17,0.36,0.58,2026-03-06,1658,N,VIIRS,n,2.0NRT,298.98,12.39,D
-27.61047,-57.19898,330.46,0.36,0.58,2026-03-06,1658,N,VIIRS,n,2.0NRT,298.89,5.94,D
-27.11198,-54.29275,343.63,0.48,0.48,2026-03-06,1658,N,VIIRS,n,2.0NRT,297.06,8.5,D
-25.7085,-57.83182,338.74,0.38,0.59,2026-03-06,1658,N,VIIRS,n,2.0NRT,293.32,4.94,D
-25.70882,-57.83569,351.95,0.38,0.59,2026-03-06,1658,N,VIIRS,n,2.0NRT,294.88,4.94,D
-25.32406,-58.20353,337.1,0.4,0.6,2026-03-06,1658,N,VIIRS,n,2.0NRT,289.76,7.17,D
-24.92577,-58.47466,348.47,0.41,0.6,2026-03-06,1658,N,VIIRS,n,2.0NRT,293.98,7.69,D
-25.02682,-60.18348,346.36,0.52,0.67,2026-03-06,1658,N,VIIRS,n,2.0NRT,292.63,7.9,D
-42.26391,-67.06356,339.38,0.39,0.36,2026-03-06,1834,N,VIIRS,n,2.0NRT,310.63,2.81,D
-39.44484,-62.66175,338.85,0.56,0.43,2026-03-06,1836,N,VIIRS,n,2.0NRT,299.68,6.32,D
-39.14131,-62.40681,330.61,0.39,0.44,2026-03-06,1836,N,VIIRS,l,2.0NRT,304.44,1.93,D
-37.28833,-61.46406,355.83,0.47,0.48,2026-03-06,1836,N,VIIRS,n,2.0NRT,299.74,19,D
-37.284,-61.46558,348.03,0.47,0.48,2026-03-06,1836,N,VIIRS,n,2.0NRT,297.94,19,D
-37.28519,-61.47086,347.22,0.47,0.48,2026-03-06,1836,N,VIIRS,n,2.0NRT,297.75,19,D
-37.14543,-61.2988,333.46,0.48,0.48,2026-03-06,1836,N,VIIRS,n,2.0NRT,294.76,2.74,D
-36.92381,-65.22375,367,0.48,0.4,2026-03-06,1836,N,VIIRS,h,2.0NRT,311.28,11.61,D
-36.92277,-65.21838,343.84,0.48,0.4,2026-03-06,1836,N,VIIRS,n,2.0NRT,298.63,9.51,D
-36.92485,-65.22913,348.98,0.48,0.4,2026-03-06,1836,N,VIIRS,n,2.0NRT,306.47,11.61,D
-36.92014,-65.22485,367,0.48,0.4,2026-03-06,1836,N,VIIRS,h,2.0NRT,321.12,18.39,D
-36.91805,-65.21409,340.96,0.48,0.4,2026-03-06,1836,N,VIIRS,n,2.0NRT,303.35,13.72,D
-36.9191,-65.21946,352.79,0.48,0.4,2026-03-06,1836,N,VIIRS,n,2.0NRT,313.78,13.72,D
-36.92119,-65.23021,347.44,0.48,0.4,2026-03-06,1836,N,VIIRS,n,2.0NRT,305.88,18.39,D
-36.91543,-65.22055,367,0.48,0.4,2026-03-06,1836,N,VIIRS,h,2.0NRT,314.77,13.72,D
-36.91438,-65.21517,354.69,0.48,0.4,2026-03-06,1836,N,VIIRS,n,2.0NRT,312.69,13.72,D
-36.91648,-65.22591,355.31,0.48,0.4,2026-03-06,1836,N,VIIRS,n,2.0NRT,306.79,18.39,D
-36.91752,-65.23129,340.04,0.48,0.4,2026-03-06,1836,N,VIIRS,n,2.0NRT,302.48,18.39,D
-39.44536,-62.65968,333.38,0.56,0.43,2026-03-06,1836,N,VIIRS,n,2.0NRT,300.9,4.66,D
-36.91176,-65.22163,338.05,0.48,0.4,2026-03-06,1836,N,VIIRS,n,2.0NRT,299.5,6.81,D
-36.91281,-65.22701,338.05,0.48,0.4,2026-03-06,1836,N,VIIRS,n,2.0NRT,299.78,5.48,D
-36.9081,-65.22271,337.28,0.48,0.4,2026-03-06,1836,N,VIIRS,n,2.0NRT,298.89,6.81,D
-36.90915,-65.22809,346.99,0.48,0.4,2026-03-06,1836,N,VIIRS,n,2.0NRT,300.06,5.48,D
-36.90443,-65.22379,339.13,0.48,0.4,2026-03-06,1836,N,VIIRS,n,2.0NRT,301.92,12.06,D
-36.90548,-65.22916,339.9,0.48,0.4,2026-03-06,1836,N,VIIRS,n,2.0NRT,299.65,4.89,D
-36.90424,-65.22664,338.94,0.48,0.4,2026-03-06,1836,N,VIIRS,n,2.0NRT,300.21,5.81,D
-37.4122,-69.16663,337.71,0.38,0.36,2026-03-06,1836,N,VIIRS,n,2.0NRT,306.78,2.92,D
-37.08577,-69.47614,334.9,0.38,0.36,2026-03-06,1836,N,VIIRS,n,2.0NRT,304.43,2.08,D
-36.97174,-70.71245,336.11,0.39,0.36,2026-03-06,1836,N,VIIRS,n,2.0NRT,310.93,2.23,D
-36.91071,-65.21625,352.41,0.48,0.4,2026-03-06,1836,N,VIIRS,n,2.0NRT,304.05,6.81,D
-26.00077,-58.95367,367,0.59,0.7,2026-03-06,1838,N,VIIRS,h,2.0NRT,293.75,22.79,D
-26.0023,-58.95959,332.32,0.58,0.7,2026-03-06,1838,N,VIIRS,n,2.0NRT,291.82,22.79,D
-25.99438,-58.95565,353.05,0.59,0.7,2026-03-06,1838,N,VIIRS,n,2.0NRT,291.74,10.72,D
-25.99591,-58.96157,330.26,0.58,0.7,2026-03-06,1838,N,VIIRS,n,2.0NRT,291.59,10.72,D
-25.99744,-58.96752,329.65,0.58,0.7,2026-03-06,1838,N,VIIRS,n,2.0NRT,291.25,8.07,D
-26.00012,-58.95607,354.2,0.58,0.7,2026-03-06,1838,N,VIIRS,n,2.0NRT,293.79,43.4,D
-24.94172,-58.46441,344.02,0.66,0.73,2026-03-06,1840,N,VIIRS,n,2.0NRT,289.97,89.48,D
-25.50838,-59.29578,347.96,0.57,0.69,2026-03-06,1840,N,VIIRS,n,2.0NRT,292.37,12.39,D
-25.20697,-58.44133,349.24,0.65,0.73,2026-03-06,1840,N,VIIRS,n,2.0NRT,291.76,12.06,D
-25.33213,-58.91162,352.66,0.61,0.71,2026-03-06,1840,N,VIIRS,n,2.0NRT,292.13,10.12,D
-25.42314,-59.27712,367,0.58,0.7,2026-03-06,1840,N,VIIRS,h,2.0NRT,291.81,16.6,D
-25.20692,-58.43982,338.43,0.65,0.73,2026-03-06,1840,N,VIIRS,n,2.0NRT,291.31,10.46,D
-25.32944,-58.91164,343.79,0.61,0.71,2026-03-06,1840,N,VIIRS,n,2.0NRT,291.57,10.99,D
-25.42163,-59.27124,343.89,0.58,0.7,2026-03-06,1840,N,VIIRS,n,2.0NRT,291.46,10.69,D
-25.41527,-59.27319,336.56,0.58,0.7,2026-03-06,1840,N,VIIRS,n,2.0NRT,291.44,10.69,D
-25.15785,-58.39051,331.26,0.66,0.73,2026-03-06,1840,N,VIIRS,n,2.0NRT,288.97,2.51,D
-24.93894,-58.45408,367,0.66,0.73,2026-03-06,1840,N,VIIRS,h,2.0NRT,292.45,47.84,D
-24.9407,-58.46074,344.2,0.66,0.73,2026-03-06,1840,N,VIIRS,n,2.0NRT,290.82,47.84,D
-24.93223,-58.4561,367,0.66,0.73,2026-03-06,1840,N,VIIRS,h,2.0NRT,291.89,44.3,D
-24.93399,-58.46276,353.71,0.66,0.73,2026-03-06,1840,N,VIIRS,n,2.0NRT,293.42,44.3,D
-24.93576,-58.46945,338.81,0.66,0.73,2026-03-06,1840,N,VIIRS,n,2.0NRT,288.24,22.88,D
-24.92552,-58.45813,337.6,0.66,0.73,2026-03-06,1840,N,VIIRS,n,2.0NRT,289.45,44.3,D
-24.92729,-58.46481,356.86,0.66,0.73,2026-03-06,1840,N,VIIRS,l,2.0NRT,289.98,44.3,D
-24.94,-58.45773,367,0.66,0.73,2026-03-06,1840,N,VIIRS,h,2.0NRT,294.34,120.25,D
-24.9333,-58.45977,367,0.66,0.73,2026-03-06,1840,N,VIIRS,h,2.0NRT,292.76,120.25,D
-24.93503,-58.46647,367,0.66,0.73,2026-03-06,1840,N,VIIRS,h,2.0NRT,292,89.48,D
-24.9266,-58.46184,347.8,0.66,0.73,2026-03-06,1840,N,VIIRS,n,2.0NRT,289.18,16.93,D
-24.92834,-58.46855,335.4,0.66,0.73,2026-03-06,1840,N,VIIRS,n,2.0NRT,287.91,8.1,D
-25.08139,-59.36457,339.03,0.58,0.7,2026-03-06,1840,N,VIIRS,n,2.0NRT,293.4,5.21,D
-25.07351,-59.36064,345.55,0.58,0.7,2026-03-06,1840,N,VIIRS,n,2.0NRT,294.99,12.79,D
-25.07501,-59.3665,342.3,0.58,0.7,2026-03-06,1840,N,VIIRS,n,2.0NRT,293.51,12.32,D
-25.06712,-59.36255,333.73,0.58,0.7,2026-03-06,1840,N,VIIRS,n,2.0NRT,293.42,12.79,D
-25.0248,-60.18201,339.77,0.52,0.67,2026-03-06,1840,N,VIIRS,n,2.0NRT,294.12,10.39,D
-25.02774,-60.17856,341.01,0.52,0.67,2026-03-06,1840,N,VIIRS,n,2.0NRT,293.28,5.68,D
-25.02291,-60.18563,338.84,0.52,0.67,2026-03-06,1840,N,VIIRS,n,2.0NRT,293.86,4.61,D
-33.25693,-60.28626,305.21,0.49,0.65,2026-03-07,0416,N,VIIRS,n,2.0NRT,285.48,1.03,N
-33.25546,-60.29152,301.82,0.49,0.65,2026-03-07,0416,N,VIIRS,n,2.0NRT,285.34,1.25,N
-33.36948,-60.16219,302.84,0.48,0.65,2026-03-07,0416,N,VIIRS,n,2.0NRT,285.42,0.71,N
-33.36801,-60.1675,297.69,0.48,0.65,2026-03-07,0416,N,VIIRS,n,2.0NRT,285.01,0.71,N
-33.25602,-60.2914,305.64,0.49,0.65,2026-03-07,0416,N,VIIRS,n,2.0NRT,285.45,1.03,N
-33.25748,-60.28608,299.39,0.49,0.65,2026-03-07,0416,N,VIIRS,n,2.0NRT,285.32,1.03,N
-39.11418,-66.36993,318.63,0.68,0.74,2026-03-07,0418,N,VIIRS,n,2.0NRT,283.12,2.79,N
-39.10767,-66.36629,315.17,0.68,0.74,2026-03-07,0418,N,VIIRS,n,2.0NRT,283.43,2.79,N
-28.74894,-65.74162,299.22,0.54,0.42,2026-03-07,0554,N,VIIRS,n,2.0NRT,288.6,0.5,N
-28.75286,-65.7422,304.53,0.54,0.42,2026-03-07,0554,N,VIIRS,n,2.0NRT,288.54,0.76,N
-37.71556,-69.13462,296.89,0.47,0.4,2026-03-07,0559,N,VIIRS,n,2.0NRT,285.99,0.67,N
-38.4368,-68.55916,306.03,0.51,0.41,2026-03-07,0559,N,VIIRS,n,2.0NRT,288.33,1.03,N
-38.63408,-68.42738,312.75,0.52,0.41,2026-03-07,0559,N,VIIRS,n,2.0NRT,288.48,1.44,N
-38.73919,-68.15898,298.08,0.53,0.42,2026-03-07,0559,N,VIIRS,n,2.0NRT,287.14,0.5,N
-38.69829,-68.70174,307.12,0.5,0.41,2026-03-07,0559,N,VIIRS,n,2.0NRT,287.56,0.94,N
-38.70076,-68.71435,299.09,0.5,0.41,2026-03-07,0559,N,VIIRS,n,2.0NRT,285.98,0.51,N
-38.74476,-68.83701,336.09,0.5,0.41,2026-03-07,0559,N,VIIRS,n,2.0NRT,293.28,23.06,N
-38.74683,-68.91817,330.18,0.49,0.4,2026-03-07,0559,N,VIIRS,n,2.0NRT,289.75,3.69,N
-39.11233,-66.36516,306.62,0.43,0.46,2026-03-07,0559,N,VIIRS,n,2.0NRT,286.53,1.68,N
-39.11281,-66.36002,319.74,0.43,0.46,2026-03-07,0559,N,VIIRS,n,2.0NRT,286.68,1.68,N
-37.08512,-69.47747,312.18,0.45,0.39,2026-03-07,0559,N,VIIRS,n,2.0NRT,286.71,1.71,N
-37.41203,-69.16953,299.97,0.47,0.39,2026-03-07,0559,N,VIIRS,n,2.0NRT,286.88,0.66,N
-37.42668,-69.17254,320.42,0.47,0.39,2026-03-07,0559,N,VIIRS,n,2.0NRT,286.82,1.51,N
-37.73132,-68.90842,299.58,0.48,0.4,2026-03-07,0559,N,VIIRS,n,2.0NRT,280.3,0.65,N
-37.71492,-69.13999,298.11,0.47,0.4,2026-03-07,0559,N,VIIRS,n,2.0NRT,285.86,0.81,N
-38.01263,-68.596,327.5,0.5,0.41,2026-03-07,0559,N,VIIRS,n,2.0NRT,289.96,3.1,N
-38.23655,-57.86354,340.74,0.39,0.44,2026-03-07,1817,N,VIIRS,n,2.0NRT,301.81,10.6,D
-36.15007,-69.03604,337.14,0.46,0.39,2026-03-07,1817,N,VIIRS,l,2.0NRT,310.67,3.31,D
-36.15279,-69.0331,344.85,0.46,0.39,2026-03-07,1817,N,VIIRS,n,2.0NRT,311.5,6.55,D
-33.36853,-60.15833,335.72,0.57,0.43,2026-03-07,1817,N,VIIRS,n,2.0NRT,301.55,6.04,D
-33.37794,-60.14276,328.7,0.57,0.43,2026-03-07,1817,N,VIIRS,l,2.0NRT,301.06,2.58,D
-33.98187,-58.86857,340.62,0.43,0.46,2026-03-07,1817,N,VIIRS,n,2.0NRT,296.88,10.49,D
-33.9809,-58.86399,343.36,0.43,0.46,2026-03-07,1817,N,VIIRS,n,2.0NRT,298.6,10.49,D
-34.15137,-58.98363,342.35,0.42,0.45,2026-03-07,1817,N,VIIRS,n,2.0NRT,299.25,7.49,D
-34.15123,-58.98459,347.7,0.42,0.45,2026-03-07,1817,N,VIIRS,n,2.0NRT,297.19,7.42,D
-38.22784,-68.52574,337.47,0.46,0.39,2026-03-07,1819,N,VIIRS,n,2.0NRT,306.76,2.76,D
-36.95887,-57.54601,342.82,0.43,0.46,2026-03-07,1819,N,VIIRS,n,2.0NRT,307.93,5.49,D
-38.74748,-68.83518,338.62,0.48,0.4,2026-03-07,1819,N,VIIRS,n,2.0NRT,303.98,3.86,D
-38.7019,-68.70288,333.44,0.47,0.4,2026-03-07,1819,N,VIIRS,n,2.0NRT,302.16,1.34,D
-38.49938,-68.32629,335.91,0.46,0.39,2026-03-07,1819,N,VIIRS,n,2.0NRT,304.72,4.51,D
-38.29402,-68.71557,335.49,0.47,0.4,2026-03-07,1819,N,VIIRS,l,2.0NRT,305.53,3.99,D
-38.01434,-68.59405,340.56,0.46,0.39,2026-03-07,1819,N,VIIRS,n,2.0NRT,308.34,3.15,D
-37.71609,-69.13511,342.41,0.48,0.4,2026-03-07,1819,N,VIIRS,n,2.0NRT,310.23,2.42,D
-37.71301,-69.14138,335.75,0.48,0.4,2026-03-07,1819,N,VIIRS,l,2.0NRT,309.29,2.42,D
-37.55037,-68.42766,340.69,0.45,0.39,2026-03-07,1819,N,VIIRS,n,2.0NRT,304.82,2.84,D
-37.42949,-69.17107,338.71,0.48,0.4,2026-03-07,1819,N,VIIRS,n,2.0NRT,308.53,2.07,D
-37.08688,-69.47652,339.72,0.49,0.4,2026-03-07,1819,N,VIIRS,n,2.0NRT,308.82,3.62,D
-25.00469,-58.50616,302.25,0.44,0.46,2026-03-08,0533,N,VIIRS,n,2.0NRT,290.35,1.08,N
-25.00521,-58.50171,310.58,0.44,0.46,2026-03-08,0533,N,VIIRS,n,2.0NRT,290.55,1.08,N
-25.01385,-58.50289,305.59,0.44,0.46,2026-03-08,0533,N,VIIRS,n,2.0NRT,290.19,0.76,N
-25.67298,-59.2154,299.35,0.41,0.45,2026-03-08,0533,N,VIIRS,n,2.0NRT,278.98,0.68,N
-25.67715,-59.21598,304.59,0.41,0.45,2026-03-08,0533,N,VIIRS,n,2.0NRT,282.53,2.24,N
-25.98034,-59.03503,319.33,0.42,0.45,2026-03-08,0533,N,VIIRS,n,2.0NRT,283.63,2.22,N
-25.98458,-59.03561,304.93,0.42,0.45,2026-03-08,0533,N,VIIRS,n,2.0NRT,284.44,1.39,N
-26.15458,-60.84985,301.16,0.51,0.41,2026-03-08,0533,N,VIIRS,n,2.0NRT,286.52,1.08,N
-29.58927,-60.96877,316.62,0.55,0.43,2026-03-08,0536,N,VIIRS,n,2.0NRT,289.03,4.07,N
-29.59256,-60.97513,347.2,0.55,0.43,2026-03-08,0536,N,VIIRS,n,2.0NRT,289.91,4.07,N
-29.59323,-60.96938,320.05,0.55,0.43,2026-03-08,0536,N,VIIRS,n,2.0NRT,288.2,4.07,N
-29.59188,-60.98087,303.18,0.55,0.43,2026-03-08,0536,N,VIIRS,n,2.0NRT,288.51,2.35,N
-29.59651,-60.97574,330.27,0.55,0.43,2026-03-08,0536,N,VIIRS,n,2.0NRT,288.35,4.68,N
-32.00279,-59.67843,299.57,0.46,0.47,2026-03-08,0536,N,VIIRS,n,2.0NRT,289.11,0.88,N
-32.76457,-60.49767,304.99,0.42,0.45,2026-03-08,0536,N,VIIRS,n,2.0NRT,287.52,0.85,N
-33.25573,-60.28745,334.18,0.44,0.46,2026-03-08,0538,N,VIIRS,n,2.0NRT,290.44,2.81,N
-33.25623,-60.28264,308.51,0.44,0.46,2026-03-08,0538,N,VIIRS,n,2.0NRT,289.17,2.81,N
-33.25761,-60.28464,332.83,0.44,0.46,2026-03-08,0538,N,VIIRS,n,2.0NRT,289.64,4.47,N
-33.25713,-60.28945,303.45,0.44,0.46,2026-03-08,0538,N,VIIRS,n,2.0NRT,289.02,2.54,N
-33.35887,-60.15171,317.96,0.45,0.47,2026-03-08,0538,N,VIIRS,n,2.0NRT,290.59,3.1,N
-33.36322,-60.15239,302.56,0.45,0.47,2026-03-08,0538,N,VIIRS,n,2.0NRT,288.66,1.08,N
-33.36656,-60.16278,338,0.45,0.47,2026-03-08,0538,N,VIIRS,n,2.0NRT,290.29,4.21,N
-33.36807,-60.14815,302.58,0.45,0.47,2026-03-08,0538,N,VIIRS,n,2.0NRT,289.06,1.08,N
-33.37091,-60.16343,304.17,0.45,0.47,2026-03-08,0538,N,VIIRS,n,2.0NRT,289.17,1.67,N
-33.37242,-60.14878,308.66,0.45,0.47,2026-03-08,0538,N,VIIRS,n,2.0NRT,288.62,5.19,N
-33.37677,-60.1494,339.37,0.45,0.47,2026-03-08,0538,N,VIIRS,n,2.0NRT,289.91,5.19,N
-33.37728,-60.1445,316.93,0.45,0.47,2026-03-08,0538,N,VIIRS,n,2.0NRT,288.73,4.29,N
-33.3635,-60.15001,300.3,0.45,0.47,2026-03-08,0538,N,VIIRS,n,2.0NRT,289.24,0.89,N
-33.36691,-60.16046,338.87,0.45,0.47,2026-03-08,0538,N,VIIRS,n,2.0NRT,290.33,3.63,N
-33.36833,-60.14575,302,0.45,0.47,2026-03-08,0538,N,VIIRS,n,2.0NRT,289.28,0.89,N
-33.37126,-60.16111,306.43,0.45,0.47,2026-03-08,0538,N,VIIRS,n,2.0NRT,289.6,1.5,N
-33.3722,-60.15132,308.16,0.45,0.47,2026-03-08,0538,N,VIIRS,n,2.0NRT,288.84,7.01,N
-33.37703,-60.14704,354.94,0.45,0.47,2026-03-08,0538,N,VIIRS,n,2.0NRT,289.77,7.01,N
-33.688,-61.62352,305.77,0.57,0.43,2026-03-08,0538,N,VIIRS,n,2.0NRT,287.26,1.21,N
-34.51985,-59.12224,298.47,0.52,0.5,2026-03-08,0538,N,VIIRS,n,2.0NRT,288.21,1.15,N
-36.98112,-60.24843,302.14,0.48,0.48,2026-03-08,0538,N,VIIRS,n,2.0NRT,285.62,0.82,N
-36.99226,-60.27815,295.18,0.48,0.48,2026-03-08,0538,N,VIIRS,n,2.0NRT,285.1,0.63,N
-35.18465,-58.12341,339.33,0.42,0.37,2026-03-08,1758,N,VIIRS,n,2.0NRT,304.41,6.28,D
-38.10123,-57.63018,356.48,0.41,0.37,2026-03-08,1758,N,VIIRS,n,2.0NRT,300.13,17.81,D
-38.10203,-57.63481,333.7,0.41,0.37,2026-03-08,1758,N,VIIRS,n,2.0NRT,288.52,17.81,D
-38.09783,-57.63111,338.03,0.41,0.37,2026-03-08,1758,N,VIIRS,n,2.0NRT,287.76,5.63,D
-37.91027,-57.86806,343.81,0.4,0.37,2026-03-08,1758,N,VIIRS,n,2.0NRT,294.31,8.7,D
-37.90688,-57.86895,348.75,0.4,0.37,2026-03-08,1758,N,VIIRS,n,2.0NRT,292.05,7,D
-37.99954,-58.50153,336.02,0.39,0.36,2026-03-08,1758,N,VIIRS,n,2.0NRT,290.31,7.52,D
-38.00028,-58.50601,348.83,0.39,0.36,2026-03-08,1758,N,VIIRS,n,2.0NRT,292.95,7.52,D
-35.18545,-58.12799,353.15,0.42,0.37,2026-03-08,1758,N,VIIRS,n,2.0NRT,307.98,6.28,D
-34.87544,-58.28433,330.74,0.42,0.37,2026-03-08,1758,N,VIIRS,l,2.0NRT,302.16,2.79,D
-34.86059,-58.24044,330.4,0.42,0.37,2026-03-08,1758,N,VIIRS,n,2.0NRT,301.21,1.11,D
-34.77585,-58.77276,340.59,0.41,0.37,2026-03-08,1758,N,VIIRS,n,2.0NRT,293.78,8.3,D
-34.71851,-58.69807,334.22,0.41,0.37,2026-03-08,1758,N,VIIRS,n,2.0NRT,299.73,2.24,D
-29.87137,-57.86106,333.39,0.49,0.41,2026-03-08,1800,N,VIIRS,n,2.0NRT,290.1,5.06,D
-29.87041,-57.85595,342.31,0.49,0.41,2026-03-08,1800,N,VIIRS,n,2.0NRT,293.43,10.82,D
-26.61432,-58.19631,334.23,0.53,0.42,2026-03-08,1802,N,VIIRS,n,2.0NRT,296.29,3.8,D
-26.15674,-60.84463,335.32,0.42,0.38,2026-03-08,1802,N,VIIRS,n,2.0NRT,298.25,9.99,D
-26.15328,-60.84535,345.32,0.42,0.38,2026-03-08,1802,N,VIIRS,n,2.0NRT,297.45,9.99,D
-25.73621,-58.58477,349.58,0.53,0.42,2026-03-08,1802,N,VIIRS,n,2.0NRT,298.45,22.74,D
-25.7372,-58.59003,331.89,0.53,0.42,2026-03-08,1802,N,VIIRS,n,2.0NRT,299.36,7.23,D
-25.72952,-58.59177,330.87,0.53,0.42,2026-03-08,1802,N,VIIRS,n,2.0NRT,294.93,3.75,D
-25.81536,-59.13425,331.13,0.49,0.41,2026-03-08,1802,N,VIIRS,l,2.0NRT,301.73,8.77,D
-25.68649,-59.1948,348.41,0.49,0.4,2026-03-08,1802,N,VIIRS,n,2.0NRT,295.66,13.79,D
-25.67993,-59.20135,338.63,0.49,0.4,2026-03-08,1802,N,VIIRS,n,2.0NRT,298.55,4,D
-25.68082,-59.20627,335.89,0.49,0.4,2026-03-08,1802,N,VIIRS,n,2.0NRT,299.3,4,D
-25.68171,-59.21118,337.88,0.49,0.4,2026-03-08,1802,N,VIIRS,n,2.0NRT,300.86,6.01,D
-25.6762,-59.20218,330.96,0.49,0.4,2026-03-08,1802,N,VIIRS,n,2.0NRT,300.75,4,D
-25.67709,-59.2071,330.35,0.49,0.4,2026-03-08,1802,N,VIIRS,l,2.0NRT,302.11,4,D
-25.67799,-59.21201,341.41,0.49,0.4,2026-03-08,1802,N,VIIRS,n,2.0NRT,301.75,6.01,D
-27.67783,-58.9527,337.97,0.47,0.4,2026-03-08,1802,N,VIIRS,n,2.0NRT,288.15,6.05,D
-25.67515,-59.21773,340.46,0.49,0.4,2026-03-08,1802,N,VIIRS,n,2.0NRT,299.15,4.99,D
-25.67143,-59.21856,338.87,0.49,0.4,2026-03-08,1802,N,VIIRS,n,2.0NRT,301.54,4.99,D
-25.55825,-59.32279,345.94,0.49,0.4,2026-03-08,1802,N,VIIRS,n,2.0NRT,299.28,8.89,D
-25.25415,-58.16691,334.61,0.56,0.43,2026-03-08,1802,N,VIIRS,n,2.0NRT,299.59,7.05,D
-25.15423,-58.01536,331.96,0.38,0.43,2026-03-08,1802,N,VIIRS,n,2.0NRT,296.31,4.87,D
-25.41253,-59.37255,337.26,0.49,0.4,2026-03-08,1802,N,VIIRS,n,2.0NRT,294.93,13.02,D
-25.40882,-59.37336,334.17,0.49,0.4,2026-03-08,1802,N,VIIRS,n,2.0NRT,295.37,5.14,D
-25.40972,-59.37821,332.14,0.49,0.4,2026-03-08,1802,N,VIIRS,n,2.0NRT,295.25,1.71,D
-25.4122,-59.37561,338.68,0.49,0.4,2026-03-08,1802,N,VIIRS,n,2.0NRT,297.76,28.72,D
-25.15385,-58.01562,331.31,0.38,0.44,2026-03-08,1802,N,VIIRS,n,2.0NRT,296.35,5.52,D
-25.15832,-58.3875,330.18,0.55,0.43,2026-03-08,1802,N,VIIRS,l,2.0NRT,303.6,6.37,D
-25.1544,-58.38839,342.07,0.55,0.43,2026-03-08,1802,N,VIIRS,n,2.0NRT,305.01,10.08,D
-25.01469,-58.49894,336.25,0.55,0.42,2026-03-08,1802,N,VIIRS,n,2.0NRT,290.71,19.59,D
-25.01079,-58.49982,350.83,0.55,0.42,2026-03-08,1802,N,VIIRS,n,2.0NRT,299.12,19.59,D
-25.00688,-58.50071,341.45,0.55,0.42,2026-03-08,1802,N,VIIRS,n,2.0NRT,299.45,15.6,D
-25.08112,-59.36799,332.93,0.49,0.4,2026-03-08,1802,N,VIIRS,l,2.0NRT,305.33,7.59,D
-25.07648,-59.36391,331.03,0.49,0.41,2026-03-08,1802,N,VIIRS,l,2.0NRT,303.95,7.59,D
-25.08091,-59.36639,332.68,0.49,0.41,2026-03-08,1802,N,VIIRS,l,2.0NRT,304.52,7.28,D
-25.0763,-59.3623,331.43,0.49,0.41,2026-03-08,1802,N,VIIRS,l,2.0NRT,303.48,7.28,D
-24.87929,-58.46439,339.22,0.55,0.43,2026-03-08,1802,N,VIIRS,n,2.0NRT,298.17,7.28,D
-27.6815,-58.95186,342.43,0.47,0.4,2026-03-08,1802,N,VIIRS,n,2.0NRT,289.27,6.95,D
-27.4944,-57.24892,330.03,0.39,0.44,2026-03-08,1802,N,VIIRS,n,2.0NRT,295.41,2.97,D
-27.49364,-57.245,336.82,0.39,0.44,2026-03-08,1802,N,VIIRS,n,2.0NRT,295.36,5.72,D
-27.49916,-57.25185,330.94,0.39,0.44,2026-03-08,1802,N,VIIRS,n,2.0NRT,295.27,2.97,D
-27.49841,-57.24796,340.26,0.39,0.44,2026-03-08,1802,N,VIIRS,n,2.0NRT,296.07,2.97,D
-27.49765,-57.24404,352.29,0.39,0.44,2026-03-08,1802,N,VIIRS,n,2.0NRT,296.07,5.72,D
-27.50891,-57.23718,342.36,0.39,0.44,2026-03-08,1802,N,VIIRS,n,2.0NRT,296.64,3.59,D
-27.50815,-57.23325,334.45,0.39,0.44,2026-03-08,1802,N,VIIRS,n,2.0NRT,295.98,4.18,D
-27.50881,-57.23785,333.72,0.39,0.44,2026-03-08,1802,N,VIIRS,n,2.0NRT,295.85,2.08,D
-27.50803,-57.23392,341.77,0.39,0.44,2026-03-08,1802,N,VIIRS,n,2.0NRT,296.84,4.64,D
-29.21243,-67.36005,335.19,0.53,0.42,2026-03-08,1802,N,VIIRS,n,2.0NRT,303.71,3.79,D
-25.67426,-59.21284,334.1,0.49,0.4,2026-03-08,1802,N,VIIRS,n,2.0NRT,301.67,4.99,D
-26.61457,-58.19896,340.05,0.53,0.42,2026-03-08,1802,N,VIIRS,n,2.0NRT,296.75,5.3,D
-27.68237,-58.95667,343.38,0.47,0.4,2026-03-08,1802,N,VIIRS,n,2.0NRT,288.64,6.95,D
-38.69694,-68.6977,344.76,0.58,0.7,2026-03-08,1938,N,VIIRS,n,2.0NRT,298.1,4.55,D
-38.74503,-68.83117,336.47,0.57,0.69,2026-03-08,1938,N,VIIRS,n,2.0NRT,298.41,2.8,D
-25.98843,-59.39948,326.89,0.39,0.36,2026-03-09,0516,N,VIIRS,n,2.0NRT,275.97,3.08,N
-25.98507,-59.39886,319.66,0.39,0.36,2026-03-09,0516,N,VIIRS,n,2.0NRT,273.71,2.01,N
-26.15517,-60.84597,301.26,0.38,0.36,2026-03-09,0516,N,VIIRS,n,2.0NRT,289.09,0.81,N
-30.28634,-57.73983,302.17,0.47,0.4,2026-03-09,0518,N,VIIRS,n,2.0NRT,288.56,0.59,N
-34.85641,-57.89301,313.06,0.52,0.42,2026-03-09,0518,N,VIIRS,n,2.0NRT,277.47,1.42,N
-34.62241,-58.96624,303.35,0.47,0.39,2026-03-09,0518,N,VIIRS,n,2.0NRT,274.6,1.3,N
-37.90796,-57.86673,306.17,0.56,0.43,2026-03-09,0521,N,VIIRS,n,2.0NRT,282.76,1.29,N
-37.4272,-69.17184,319.9,0.53,0.42,2026-03-09,0521,N,VIIRS,n,2.0NRT,284.58,2.78,N
-37.71383,-69.14064,300.07,0.52,0.41,2026-03-09,0521,N,VIIRS,n,2.0NRT,283.89,1.76,N
-37.71502,-69.13474,306.24,0.52,0.41,2026-03-09,0521,N,VIIRS,n,2.0NRT,281.5,1.14,N
-37.71116,-69.14074,299.2,0.52,0.41,2026-03-09,0521,N,VIIRS,n,2.0NRT,284.08,1.34,N
-37.71239,-69.13484,314.77,0.52,0.41,2026-03-09,0521,N,VIIRS,n,2.0NRT,282.13,1.34,N
-36.99139,-60.27515,298.97,0.44,0.38,2026-03-09,0521,N,VIIRS,n,2.0NRT,285.24,0.75,N
-36.98394,-60.24807,301.8,0.44,0.38,2026-03-09,0521,N,VIIRS,n,2.0NRT,283.3,1.07,N
-36.98038,-60.24734,297.04,0.44,0.38,2026-03-09,0521,N,VIIRS,n,2.0NRT,282.64,0.45,N
-37.90395,-57.86595,304.67,0.56,0.43,2026-03-09,0521,N,VIIRS,n,2.0NRT,283.95,2.14,N
-32.18307,-59.75579,338.24,0.43,0.38,2026-03-09,1739,N,VIIRS,n,2.0NRT,298.37,3.91,D
-38.21638,-57.72295,367,0.42,0.38,2026-03-09,1739,N,VIIRS,h,2.0NRT,305.06,7.25,D
-38.217,-57.72779,357.23,0.42,0.38,2026-03-09,1739,N,VIIRS,n,2.0NRT,303.8,15.73,D
-38.21227,-57.71883,332.69,0.42,0.38,2026-03-09,1739,N,VIIRS,n,2.0NRT,302.23,7.25,D
-38.21289,-57.72368,332.09,0.42,0.38,2026-03-09,1739,N,VIIRS,n,2.0NRT,300.8,7.25,D
-38.10026,-57.63013,339.7,0.42,0.37,2026-03-09,1739,N,VIIRS,n,2.0NRT,300.76,3.86,D
-38.00658,-57.70707,344.08,0.42,0.38,2026-03-09,1739,N,VIIRS,n,2.0NRT,306.51,21.23,D
-37.96442,-57.635,337.46,0.42,0.37,2026-03-09,1739,N,VIIRS,n,2.0NRT,302.14,2.96,D
-37.95024,-57.91014,355.65,0.42,0.38,2026-03-09,1739,N,VIIRS,n,2.0NRT,307.99,7.97,D
-37.91121,-57.85799,331.61,0.42,0.38,2026-03-09,1739,N,VIIRS,n,2.0NRT,299.27,3.48,D
-37.91183,-57.8629,331.76,0.42,0.38,2026-03-09,1739,N,VIIRS,n,2.0NRT,304.06,3.33,D
-37.90772,-57.85878,338.8,0.42,0.38,2026-03-09,1739,N,VIIRS,n,2.0NRT,305.25,3.48,D
-37.90834,-57.8637,331.92,0.42,0.38,2026-03-09,1739,N,VIIRS,l,2.0NRT,305.48,3.33,D
-38.702,-68.69732,330.17,0.48,0.65,2026-03-09,1739,N,VIIRS,l,2.0NRT,301.01,2.15,D
-38.70218,-68.7028,339.29,0.48,0.65,2026-03-09,1739,N,VIIRS,n,2.0NRT,301.55,2.15,D
-38.70211,-68.70208,350.38,0.48,0.65,2026-03-09,1739,N,VIIRS,n,2.0NRT,302.41,3.76,D
-38.46166,-68.49203,337.49,0.46,0.64,2026-03-09,1739,N,VIIRS,n,2.0NRT,301.63,3.37,D
-38.01397,-68.59303,343.58,0.47,0.64,2026-03-09,1739,N,VIIRS,n,2.0NRT,302.7,4.17,D
-37.34306,-60.33031,330.49,0.51,0.41,2026-03-09,1739,N,VIIRS,n,2.0NRT,298.56,3.09,D
-37.34181,-60.32648,330.54,0.51,0.41,2026-03-09,1739,N,VIIRS,n,2.0NRT,297.35,3.13,D
-37.71713,-69.12875,330.32,0.5,0.66,2026-03-09,1739,N,VIIRS,n,2.0NRT,299.07,4.74,D
-37.71735,-69.13488,344.6,0.5,0.66,2026-03-09,1739,N,VIIRS,n,2.0NRT,302.16,4.74,D
-37.43201,-69.17072,332.3,0.5,0.66,2026-03-09,1739,N,VIIRS,n,2.0NRT,299.81,1.74,D
-35.00459,-58.14141,367,0.41,0.37,2026-03-09,1739,N,VIIRS,h,2.0NRT,331.58,83.09,D
-35.00397,-58.1369,352.17,0.41,0.37,2026-03-09,1739,N,VIIRS,n,2.0NRT,317.85,63.34,D
-35.00115,-58.1421,367,0.41,0.37,2026-03-09,1739,N,VIIRS,h,2.0NRT,304.22,14.66,D
-35.00053,-58.13759,341.14,0.41,0.37,2026-03-09,1739,N,VIIRS,n,2.0NRT,302.86,7.68,D
-34.78868,-58.58781,330.23,0.42,0.38,2026-03-09,1739,N,VIIRS,n,2.0NRT,297.75,2.29,D
-34.33414,-58.80872,335.07,0.42,0.38,2026-03-09,1739,N,VIIRS,n,2.0NRT,303.31,1.52,D
-34.11381,-58.90432,330.71,0.42,0.38,2026-03-09,1739,N,VIIRS,n,2.0NRT,299.09,3.5,D
-34.11031,-58.90498,338.13,0.42,0.38,2026-03-09,1739,N,VIIRS,n,2.0NRT,298.03,3.5,D
-34.09827,-58.94991,346.84,0.42,0.38,2026-03-09,1739,N,VIIRS,n,2.0NRT,299.28,3.93,D
-34.09077,-58.97506,334.36,0.42,0.38,2026-03-09,1739,N,VIIRS,n,2.0NRT,298.68,3.76,D
-34.0262,-58.78675,332.6,0.42,0.37,2026-03-09,1739,N,VIIRS,n,2.0NRT,300.76,1.71,D
-33.89574,-58.61517,334.61,0.41,0.37,2026-03-09,1739,N,VIIRS,l,2.0NRT,306.39,4.75,D
-33.83808,-58.98874,338.43,0.42,0.38,2026-03-09,1739,N,VIIRS,n,2.0NRT,299.53,4,D
-33.75402,-59.41407,336.4,0.43,0.38,2026-03-09,1739,N,VIIRS,n,2.0NRT,303.51,5.18,D
-33.75047,-59.41472,347.07,0.43,0.38,2026-03-09,1739,N,VIIRS,n,2.0NRT,304.45,6.68,D
-33.64095,-59.31644,332.17,0.43,0.38,2026-03-09,1739,N,VIIRS,n,2.0NRT,297.12,2.61,D
-33.51874,-58.60968,336.11,0.41,0.37,2026-03-09,1739,N,VIIRS,n,2.0NRT,300.23,5.48,D
-33.42455,-58.57663,341.47,0.41,0.37,2026-03-09,1739,N,VIIRS,n,2.0NRT,302.29,5.24,D
-33.3771,-59.79711,351.77,0.44,0.39,2026-03-09,1739,N,VIIRS,n,2.0NRT,304.56,12.68,D
-33.37352,-59.79775,367,0.44,0.39,2026-03-09,1739,N,VIIRS,h,2.0NRT,304.7,12.68,D
-33.3723,-59.7881,331.17,0.44,0.39,2026-03-09,1739,N,VIIRS,n,2.0NRT,303.3,2.32,D
-33.37291,-59.79292,344.04,0.44,0.39,2026-03-09,1739,N,VIIRS,n,2.0NRT,302.97,12.68,D
-33.37413,-59.80259,330.92,0.44,0.39,2026-03-09,1739,N,VIIRS,n,2.0NRT,298.81,6.56,D
-33.36871,-59.78875,340.62,0.44,0.39,2026-03-09,1739,N,VIIRS,n,2.0NRT,301.82,5.67,D
-33.36932,-59.79357,353.4,0.44,0.39,2026-03-09,1739,N,VIIRS,n,2.0NRT,302.99,6.52,D
-33.36993,-59.79839,340.13,0.44,0.39,2026-03-09,1739,N,VIIRS,n,2.0NRT,301.63,6.52,D
-33.37947,-60.1425,333.33,0.46,0.39,2026-03-09,1739,N,VIIRS,n,2.0NRT,300.44,7.47,D
-33.37038,-60.15939,338.44,0.46,0.39,2026-03-09,1739,N,VIIRS,n,2.0NRT,301.69,6.16,D
-33.2603,-60.2803,330.44,0.46,0.39,2026-03-09,1739,N,VIIRS,n,2.0NRT,297.13,4.27,D
-33.26093,-60.28532,336.73,0.46,0.39,2026-03-09,1739,N,VIIRS,n,2.0NRT,299.09,4.27,D
-33.5474,-64.62261,331.17,0.51,0.5,2026-03-09,1739,N,VIIRS,n,2.0NRT,293.34,0.29,D
-32.00675,-59.91233,332.35,0.44,0.38,2026-03-09,1739,N,VIIRS,n,2.0NRT,294.49,5.63,D
-32.00736,-59.917,332.46,0.44,0.38,2026-03-09,1739,N,VIIRS,n,2.0NRT,294.56,5.63,D
-31.21452,-58.72659,334.49,0.4,0.37,2026-03-09,1741,N,VIIRS,n,2.0NRT,298.29,5.98,D
-31.21511,-58.73082,337.09,0.4,0.37,2026-03-09,1741,N,VIIRS,n,2.0NRT,299.27,5.98,D
-31.00705,-57.89322,334.41,0.39,0.36,2026-03-09,1741,N,VIIRS,n,2.0NRT,297.83,3.07,D
-30.92224,-57.97303,333.44,0.39,0.36,2026-03-09,1741,N,VIIRS,n,2.0NRT,297.89,3.21,D
-30.91889,-57.9737,335.06,0.39,0.36,2026-03-09,1741,N,VIIRS,n,2.0NRT,297.63,3.3,D
-30.84189,-57.90449,336.03,0.39,0.36,2026-03-09,1741,N,VIIRS,n,2.0NRT,296.83,3.18,D
-30.83854,-57.90516,329.58,0.39,0.36,2026-03-09,1741,N,VIIRS,n,2.0NRT,296.25,3.18,D
-29.65479,-61.05568,331.04,0.46,0.39,2026-03-09,1741,N,VIIRS,n,2.0NRT,291.33,4.32,D
-29.66944,-62.69551,335.6,0.55,0.42,2026-03-09,1741,N,VIIRS,n,2.0NRT,290.94,4.75,D
-28.27669,-61.1614,335.78,0.45,0.39,2026-03-09,1741,N,VIIRS,n,2.0NRT,296.79,3.22,D
-27.50819,-57.23226,332.69,0.39,0.36,2026-03-09,1741,N,VIIRS,n,2.0NRT,295.88,6.54,D
-27.50485,-57.23293,346.79,0.39,0.36,2026-03-09,1741,N,VIIRS,n,2.0NRT,297.45,6.54,D
-27.50799,-57.25267,344.14,0.39,0.36,2026-03-09,1741,N,VIIRS,n,2.0NRT,294.01,2.94,D
-27.50862,-57.25661,334.71,0.39,0.36,2026-03-09,1741,N,VIIRS,n,2.0NRT,296.25,2.94,D
-27.50318,-57.26583,331.63,0.39,0.36,2026-03-09,1741,N,VIIRS,n,2.0NRT,297.15,2.39,D
-27.49795,-57.25468,334.7,0.39,0.36,2026-03-09,1741,N,VIIRS,n,2.0NRT,295.23,2.85,D
-27.49921,-57.26257,334.67,0.39,0.36,2026-03-09,1741,N,VIIRS,n,2.0NRT,297.34,4.15,D
-27.49984,-57.26651,337.29,0.39,0.36,2026-03-09,1741,N,VIIRS,n,2.0NRT,297.64,4.15,D
-27.50047,-57.27045,337.03,0.39,0.36,2026-03-09,1741,N,VIIRS,n,2.0NRT,297.18,2.56,D
-27.49302,-57.75731,330.75,0.38,0.36,2026-03-09,1741,N,VIIRS,l,2.0NRT,305.52,6.27,D
-27.4903,-57.76187,331.87,0.38,0.36,2026-03-09,1741,N,VIIRS,l,2.0NRT,306.59,5.29,D
-27.74746,-61.10945,333.28,0.44,0.38,2026-03-09,1741,N,VIIRS,n,2.0NRT,297.99,17.82,D
-26.28051,-54.6174,335.7,0.47,0.4,2026-03-09,1741,N,VIIRS,n,2.0NRT,283.15,5.24,D
-26.46025,-58.45361,338.08,0.38,0.36,2026-03-09,1741,N,VIIRS,n,2.0NRT,286.55,8.58,D
-26.99714,-67.42988,343.06,0.32,0.55,2026-03-09,1741,N,VIIRS,n,2.0NRT,307.02,2.08,D
-24.73043,-66.26989,330.09,0.51,0.49,2026-03-09,1743,N,VIIRS,n,2.0NRT,297.9,5.26,D
-24.76562,-68.10493,341.41,0.33,0.55,2026-03-09,1743,N,VIIRS,n,2.0NRT,311.95,1.09,D
-38.74455,-68.8359,338.06,0.33,0.56,2026-03-09,1919,N,VIIRS,n,2.0NRT,303.78,3.09,D
-38.70243,-68.69656,339.08,0.34,0.56,2026-03-09,1919,N,VIIRS,n,2.0NRT,304.71,3.12,D
-38.69741,-68.69874,367,0.34,0.56,2026-03-09,1919,N,VIIRS,h,2.0NRT,304.85,3.12,D
-38.21912,-68.63497,337.62,0.35,0.57,2026-03-09,1919,N,VIIRS,n,2.0NRT,305.79,1.61,D
-38.01574,-68.58968,345.44,0.36,0.57,2026-03-09,1919,N,VIIRS,n,2.0NRT,305.46,3.34,D
-37.42764,-69.16978,337.48,0.35,0.56,2026-03-09,1919,N,VIIRS,n,2.0NRT,302.29,1.45,D
-37.08867,-69.47238,333.18,0.34,0.56,2026-03-09,1919,N,VIIRS,l,2.0NRT,307.47,1.13,D
-26.47796,-67.85785,334.04,0.77,0.77,2026-03-09,1921,N,VIIRS,n,2.0NRT,308.67,4.76,D
-25.98682,-59.39403,315.96,0.47,0.4,2026-03-10,0457,N,VIIRS,n,2.0NRT,292.08,3.44,N
-31.33828,-58.03823,323.18,0.39,0.36,2026-03-10,0457,N,VIIRS,n,2.0NRT,288.78,2.21,N
-31.20821,-58.72919,302.39,0.4,0.37,2026-03-10,0457,N,VIIRS,n,2.0NRT,288.16,0.67,N
-25.97868,-59.39707,308.77,0.47,0.4,2026-03-10,0457,N,VIIRS,n,2.0NRT,292,1.09,N
-25.98232,-59.39789,345.04,0.47,0.4,2026-03-10,0457,N,VIIRS,n,2.0NRT,293.75,6.04,N
-25.98596,-59.3987,330.46,0.47,0.4,2026-03-10,0457,N,VIIRS,n,2.0NRT,292.47,6.04,N
-30.71822,-57.95452,305.96,0.39,0.36,2026-03-10,0457,N,VIIRS,n,2.0NRT,288.51,0.56,N
-30.71754,-57.9586,301.48,0.39,0.36,2026-03-10,0457,N,VIIRS,n,2.0NRT,288.56,0.68,N
-30.04192,-57.81301,303.14,0.39,0.36,2026-03-10,0457,N,VIIRS,n,2.0NRT,288.22,0.48,N
-30.03857,-57.81228,303.45,0.39,0.36,2026-03-10,0457,N,VIIRS,n,2.0NRT,288.83,0.48,N
-31.20484,-58.7284,298.67,0.4,0.37,2026-03-10,0457,N,VIIRS,n,2.0NRT,288.15,0.39,N
-29.37457,-61.04187,325.49,0.5,0.41,2026-03-10,0457,N,VIIRS,n,2.0NRT,290.03,3.34,N
-28.83605,-58.83937,309.24,0.42,0.37,2026-03-10,0457,N,VIIRS,n,2.0NRT,289.96,0.79,N
-27.42958,-55.32057,301.82,0.39,0.36,2026-03-10,0457,N,VIIRS,n,2.0NRT,290.53,0.34,N
-26.66189,-59.41647,312.99,0.46,0.39,2026-03-10,0457,N,VIIRS,n,2.0NRT,291.74,0.95,N
-26.66105,-59.42109,305.19,0.46,0.39,2026-03-10,0457,N,VIIRS,n,2.0NRT,291.72,1.06,N
-26.18171,-59.17075,314.66,0.46,0.39,2026-03-10,0457,N,VIIRS,n,2.0NRT,291.08,1.4,N
-30.72156,-57.95527,299.62,0.39,0.36,2026-03-10,0457,N,VIIRS,n,2.0NRT,288.19,0.32,N
-32.52768,-58.989,298.25,0.4,0.37,2026-03-10,0457,N,VIIRS,n,2.0NRT,286.7,0.68,N
-32.51463,-58.48601,306.1,0.39,0.36,2026-03-10,0457,N,VIIRS,n,2.0NRT,287.72,0.74,N
-32.51394,-58.49015,306.59,0.39,0.36,2026-03-10,0457,N,VIIRS,n,2.0NRT,287.97,0.74,N
-38.21676,-57.72249,343.08,0.39,0.37,2026-03-10,0459,N,VIIRS,n,2.0NRT,274.4,5.49,N
-38.21338,-57.7217,320.65,0.39,0.37,2026-03-10,0459,N,VIIRS,n,2.0NRT,274.4,1.64,N
-34.8237,-58.3421,301.02,0.38,0.36,2026-03-10,0459,N,VIIRS,n,2.0NRT,287.33,0.43,N
-34.85535,-57.89265,338.69,0.38,0.36,2026-03-10,0459,N,VIIRS,n,2.0NRT,290.38,3.17,N
-34.73511,-58.5637,301.12,0.38,0.36,2026-03-10,0459,N,VIIRS,n,2.0NRT,287.49,0.34,N
-34.58509,-58.90157,303.84,0.39,0.36,2026-03-10,0459,N,VIIRS,n,2.0NRT,286.73,0.45,N
-34.14697,-58.98722,325.65,0.39,0.36,2026-03-10,0459,N,VIIRS,n,2.0NRT,289.73,2.6,N
-34.14363,-58.98642,323.45,0.39,0.36,2026-03-10,0459,N,VIIRS,n,2.0NRT,289.71,2.05,N
-33.37618,-60.14462,307.68,0.41,0.37,2026-03-10,0459,N,VIIRS,n,2.0NRT,287.79,0.78,N
-33.37195,-60.1482,299.65,0.41,0.37,2026-03-10,0459,N,VIIRS,n,2.0NRT,288.48,3.18,N
-33.37275,-60.14375,329.75,0.41,0.37,2026-03-10,0459,N,VIIRS,n,2.0NRT,290.97,4.09,N
-33.36614,-60.16072,333.72,0.41,0.37,2026-03-10,0459,N,VIIRS,n,2.0NRT,290.76,4.11,N
-33.3627,-60.15985,315.28,0.41,0.37,2026-03-10,0459,N,VIIRS,n,2.0NRT,289.18,1.13,N
-33.35662,-60.15368,307.06,0.41,0.37,2026-03-10,0459,N,VIIRS,n,2.0NRT,290.47,1.65,N
-33.2538,-60.27954,326.17,0.42,0.38,2026-03-10,0459,N,VIIRS,n,2.0NRT,289.47,2.33,N
-33.253,-60.28402,330.52,0.42,0.38,2026-03-10,0459,N,VIIRS,n,2.0NRT,290.63,2.33,N
-38.09619,-68.6695,301.86,0.54,0.51,2026-03-10,0501,N,VIIRS,n,2.0NRT,289.61,1.14,N
-37.08245,-69.47717,309.2,0.63,0.54,2026-03-10,0501,N,VIIRS,n,2.0NRT,286.85,1.65,N
-37.4086,-69.1693,299.23,0.6,0.53,2026-03-10,0501,N,VIIRS,n,2.0NRT,287.39,0.84,N
-37.42304,-69.17457,310.04,0.6,0.53,2026-03-10,0501,N,VIIRS,n,2.0NRT,287.11,1.59,N
-37.42469,-69.16792,301.51,0.6,0.53,2026-03-10,0501,N,VIIRS,n,2.0NRT,286.76,1.59,N
-37.70728,-69.13995,299.81,0.59,0.53,2026-03-10,0501,N,VIIRS,n,2.0NRT,286.37,0.83,N
-37.70896,-69.13319,297.36,0.59,0.53,2026-03-10,0501,N,VIIRS,n,2.0NRT,286.54,0.83,N
-37.71201,-69.14187,298.33,0.59,0.53,2026-03-10,0501,N,VIIRS,n,2.0NRT,286.19,0.83,N
-38.00901,-68.59286,330.25,0.54,0.51,2026-03-10,0501,N,VIIRS,n,2.0NRT,290.65,3.4,N
-38.28384,-68.74876,309.29,0.54,0.51,2026-03-10,0501,N,VIIRS,n,2.0NRT,288.95,1.21,N
-38.45219,-68.49193,329.5,0.52,0.5,2026-03-10,0501,N,VIIRS,n,2.0NRT,289.99,3.26,N
-38.43502,-68.56326,309.84,0.53,0.5,2026-03-10,0501,N,VIIRS,n,2.0NRT,289.77,0.97,N
-38.69511,-68.6995,337.19,0.53,0.5,2026-03-10,0501,N,VIIRS,n,2.0NRT,289.48,4.21,N
-38.69368,-68.70537,302.86,0.53,0.5,2026-03-10,0501,N,VIIRS,n,2.0NRT,287.38,4.21,N
-38.6968,-68.71295,297.26,0.53,0.5,2026-03-10,0501,N,VIIRS,n,2.0NRT,286.86,0.7,N
-38.74053,-68.8409,298.97,0.54,0.51,2026-03-10,0501,N,VIIRS,n,2.0NRT,286.83,1.42,N
-38.742,-68.83479,314.39,0.54,0.51,2026-03-10,0501,N,VIIRS,n,2.0NRT,287.14,1.42,N
-38.74312,-68.8358,323.43,0.54,0.5,2026-03-10,0501,N,VIIRS,n,2.0NRT,287.61,1.59,N
-38.74239,-68.91999,307.3,0.54,0.51,2026-03-10,0501,N,VIIRS,n,2.0NRT,288.9,1,N
-38.90587,-69.1791,310.41,0.55,0.51,2026-03-10,0501,N,VIIRS,n,2.0NRT,287.13,1.52,N
-38.69905,-68.69969,301.36,0.62,0.72,2026-03-10,0642,N,VIIRS,n,2.0NRT,284.66,1.54,N
-38.69225,-68.6993,296.9,0.62,0.72,2026-03-10,0642,N,VIIRS,n,2.0NRT,284.8,1.54,N
-38.45611,-68.49559,306.22,0.64,0.72,2026-03-10,0642,N,VIIRS,n,2.0NRT,287.39,1.45,N
-38.44924,-68.49543,311.82,0.64,0.72,2026-03-10,0642,N,VIIRS,n,2.0NRT,288.02,1.45,N
-38.44984,-68.49887,312.07,0.64,0.72,2026-03-10,0642,N,VIIRS,n,2.0NRT,287.7,1.92,N
-38.12476,-69.23544,315.24,0.58,0.7,2026-03-10,0642,N,VIIRS,n,2.0NRT,287.03,1.6,N
-38.11815,-69.23499,319.6,0.58,0.7,2026-03-10,0642,N,VIIRS,n,2.0NRT,287.26,1.82,N
-38.00856,-68.5985,323.86,0.63,0.72,2026-03-10,0642,N,VIIRS,n,2.0NRT,288.74,2.9,N
-38.00852,-68.59389,300.24,0.63,0.72,2026-03-10,0642,N,VIIRS,n,2.0NRT,287.66,1.39,N
-38.00834,-68.60139,313.91,0.63,0.72,2026-03-10,0642,N,VIIRS,n,2.0NRT,288,2.37,N
-37.70812,-69.13908,314.31,0.59,0.7,2026-03-10,0642,N,VIIRS,n,2.0NRT,284.69,2.53,N
-37.7107,-69.13376,308.83,0.59,0.7,2026-03-10,0642,N,VIIRS,n,2.0NRT,283.96,1.92,N
-37.71049,-69.14046,316.29,0.59,0.7,2026-03-10,0642,N,VIIRS,n,2.0NRT,284.9,3.57,N
-38.7453,-68.84048,300.09,0.61,0.71,2026-03-10,0642,N,VIIRS,n,2.0NRT,285.28,0.93,N
-38.73855,-68.84003,306.02,0.61,0.71,2026-03-10,0642,N,VIIRS,n,2.0NRT,285.35,0.93,N
-38.74347,-68.83542,299.18,0.61,0.71,2026-03-10,0642,N,VIIRS,n,2.0NRT,284.95,1.03,N
-38.74329,-68.84296,304.8,0.61,0.71,2026-03-10,0642,N,VIIRS,n,2.0NRT,285.58,1.03,N
-38.69888,-68.70775,312.08,0.62,0.72,2026-03-10,0642,N,VIIRS,n,2.0NRT,285.47,2.66,N
-38.69209,-68.7073,311.65,0.62,0.72,2026-03-10,0642,N,VIIRS,n,2.0NRT,286.07,2.66,N
-40.14111,-64.32061,338.55,0.51,0.66,2026-03-10,1720,N,VIIRS,n,2.0NRT,295.56,4.25,D
-40.14415,-64.31906,341.15,0.51,0.66,2026-03-10,1720,N,VIIRS,n,2.0NRT,295.84,4.21,D
-29.06144,-58.05132,332.42,0.54,0.42,2026-03-10,1722,N,VIIRS,n,2.0NRT,286.51,11.59,D
-34.86208,-57.88936,332.35,0.41,0.45,2026-03-10,1722,N,VIIRS,n,2.0NRT,298.27,2.56,D
-34.87809,-58.35954,339.84,0.44,0.46,2026-03-10,1722,N,VIIRS,n,2.0NRT,298.05,4.88,D
-34.87377,-58.36014,345.24,0.44,0.46,2026-03-10,1722,N,VIIRS,n,2.0NRT,299.34,5.58,D
-34.7095,-58.67982,338.2,0.45,0.47,2026-03-10,1722,N,VIIRS,n,2.0NRT,299.35,3.99,D
-33.37866,-59.7929,337.3,0.51,0.49,2026-03-10,1722,N,VIIRS,n,2.0NRT,304.23,9.59,D
-34.47908,-58.67551,332.2,0.45,0.47,2026-03-10,1722,N,VIIRS,n,2.0NRT,297.79,1.35,D
-34.34512,-59.3253,332.03,0.49,0.48,2026-03-10,1722,N,VIIRS,n,2.0NRT,294.54,14.5,D
-34.14561,-58.65236,332.38,0.45,0.47,2026-03-10,1722,N,VIIRS,n,2.0NRT,298.5,3.85,D
-34.11641,-58.9027,331.35,0.46,0.47,2026-03-10,1722,N,VIIRS,n,2.0NRT,291.9,5.15,D
-33.50828,-58.60259,344.53,0.44,0.46,2026-03-10,1722,N,VIIRS,n,2.0NRT,301.02,7.54,D
-33.37818,-59.78734,352.19,0.51,0.49,2026-03-10,1722,N,VIIRS,n,2.0NRT,305.4,9.59,D
-34.51732,-58.84513,344.33,0.46,0.47,2026-03-10,1722,N,VIIRS,n,2.0NRT,298.4,4.98,D
-29.06079,-58.04564,337.39,0.54,0.42,2026-03-10,1722,N,VIIRS,n,2.0NRT,291.92,19.21,D
-26.55401,-58.79541,344.81,0.56,0.43,2026-03-10,1724,N,VIIRS,n,2.0NRT,296.75,8.6,D
-25.202,-58.17902,339.24,0.5,0.41,2026-03-10,1724,N,VIIRS,n,2.0NRT,303.19,5.46,D
-25.20282,-58.1765,346.46,0.5,0.41,2026-03-10,1724,N,VIIRS,n,2.0NRT,302.42,10.7,D
-25.55308,-59.37499,333.41,0.39,0.44,2026-03-10,1724,N,VIIRS,n,2.0NRT,298.06,3.34,D
-26.44123,-63.85135,327,0.37,0.58,2026-03-10,1724,N,VIIRS,n,2.0NRT,288.95,0.94,D
-28.40126,-59.02087,327.44,0.4,0.44,2026-03-10,1724,N,VIIRS,n,2.0NRT,289.52,4.67,D
-28.40301,-59.01554,343.07,0.4,0.44,2026-03-10,1724,N,VIIRS,n,2.0NRT,290.27,3.86,D
-28.39935,-59.02027,333.33,0.4,0.44,2026-03-10,1724,N,VIIRS,n,2.0NRT,291.92,3.86,D
-28.38599,-59.01368,330.23,0.4,0.44,2026-03-10,1724,N,VIIRS,n,2.0NRT,296.01,3.71,D
-28.38646,-59.01783,331.17,0.4,0.44,2026-03-10,1724,N,VIIRS,n,2.0NRT,294.28,2.63,D
-28.30913,-59.07946,352.27,0.4,0.44,2026-03-10,1724,N,VIIRS,n,2.0NRT,293.65,7.64,D
-28.259,-59.01736,327.84,0.4,0.44,2026-03-10,1724,N,VIIRS,n,2.0NRT,297.09,1.01,D
-28.23743,-59.01197,329.21,0.4,0.44,2026-03-10,1724,N,VIIRS,n,2.0NRT,295.61,2.4,D
-28.23789,-59.01611,328.7,0.4,0.44,2026-03-10,1724,N,VIIRS,n,2.0NRT,295.61,2.4,D
-28.10325,-59.41986,328.95,0.42,0.45,2026-03-10,1724,N,VIIRS,n,2.0NRT,293.32,2.73,D
-27.09467,-55.42361,334.87,0.41,0.37,2026-03-10,1724,N,VIIRS,n,2.0NRT,288.03,2.7,D
-27.40169,-58.5204,336.27,0.55,0.43,2026-03-10,1724,N,VIIRS,n,2.0NRT,295.67,11.37,D
-27.14065,-58.82526,330.44,0.57,0.43,2026-03-10,1724,N,VIIRS,n,2.0NRT,298.37,4.72,D
-26.46861,-54.62285,332.65,0.39,0.36,2026-03-10,1724,N,VIIRS,n,2.0NRT,300.32,3.61,D
-26.9189,-58.68598,332.23,0.56,0.43,2026-03-10,1724,N,VIIRS,n,2.0NRT,297.52,3.19,D
-26.31588,-54.65331,334.02,0.39,0.36,2026-03-10,1724,N,VIIRS,n,2.0NRT,301.15,5.83,D
-26.76792,-58.34884,336.35,0.53,0.42,2026-03-10,1724,N,VIIRS,n,2.0NRT,293.9,4.79,D
-26.78187,-58.67225,330.43,0.55,0.43,2026-03-10,1724,N,VIIRS,n,2.0NRT,299.55,5.33,D
-26.66986,-58.32179,337.27,0.53,0.42,2026-03-10,1724,N,VIIRS,n,2.0NRT,296.24,6.3,D
-26.66855,-58.34386,340.38,0.53,0.42,2026-03-10,1724,N,VIIRS,n,2.0NRT,299.13,4.86,D
-26.68065,-59.36719,330.42,0.4,0.44,2026-03-10,1724,N,VIIRS,n,2.0NRT,296.8,1.87,D
-26.83253,-61.09325,344.05,0.51,0.49,2026-03-10,1724,N,VIIRS,n,2.0NRT,294.39,6.13,D
-26.5597,-58.88158,346.61,0.56,0.43,2026-03-10,1724,N,VIIRS,n,2.0NRT,297.7,9.23,D
-26.55313,-58.79765,344.33,0.56,0.43,2026-03-10,1724,N,VIIRS,n,2.0NRT,296.93,9.55,D
-26.55935,-58.88366,351.6,0.56,0.43,2026-03-10,1724,N,VIIRS,n,2.0NRT,297.37,11.25,D
-26.58207,-59.25315,333.95,0.39,0.44,2026-03-10,1724,N,VIIRS,n,2.0NRT,296.6,3.87,D
-26.50319,-58.92667,332.45,0.57,0.43,2026-03-10,1724,N,VIIRS,n,2.0NRT,293.63,3.37,D
-26.33753,-58.29554,332.89,0.52,0.42,2026-03-10,1724,N,VIIRS,l,2.0NRT,303.66,4.89,D
-25.20579,-58.17845,332.24,0.5,0.41,2026-03-10,1724,N,VIIRS,n,2.0NRT,300.94,5.46,D
-37.41284,-69.16736,331.15,0.4,0.44,2026-03-10,1902,N,VIIRS,l,2.0NRT,305.99,1.2,D
-38.70028,-68.69634,339.21,0.4,0.44,2026-03-10,1902,N,VIIRS,n,2.0NRT,304.2,2.6,D
-38.70128,-68.70096,339.82,0.4,0.44,2026-03-10,1902,N,VIIRS,n,2.0NRT,305.36,1.91,D
-38.45663,-68.48896,343.26,0.41,0.45,2026-03-10,1902,N,VIIRS,n,2.0NRT,306.58,3.33,D
-38.41895,-68.7635,330.5,0.4,0.44,2026-03-10,1902,N,VIIRS,l,2.0NRT,305.24,3.24,D
-38.41994,-68.76813,343.14,0.4,0.44,2026-03-10,1902,N,VIIRS,n,2.0NRT,306.44,3.24,D
-38.29412,-68.57009,351.1,0.41,0.45,2026-03-10,1902,N,VIIRS,n,2.0NRT,308.02,4.43,D
-38.54527,-67.94987,335.28,0.43,0.46,2026-03-10,1902,N,VIIRS,l,2.0NRT,305.58,5.11,D
-38.29708,-68.56757,332.52,0.41,0.45,2026-03-10,1902,N,VIIRS,l,2.0NRT,306.57,2.26,D
-38.29301,-68.56901,340.92,0.41,0.45,2026-03-10,1902,N,VIIRS,n,2.0NRT,306.94,4.55,D
-37.43183,-69.1669,330.91,0.4,0.44,2026-03-10,1902,N,VIIRS,l,2.0NRT,305.85,1.54,D
-37.42999,-69.16674,333.25,0.4,0.44,2026-03-10,1902,N,VIIRS,l,2.0NRT,305.92,2.98,D
-29.28573,-68.26512,332.51,0.33,0.56,2026-03-10,1904,N,VIIRS,l,2.0NRT,304.37,1.11,D
-28.07898,-55.99389,305.87,0.51,0.41,2026-03-11,0438,N,VIIRS,n,2.0NRT,290.57,0.73,N
-33.25319,-60.28459,315.22,0.45,0.47,2026-03-11,0440,N,VIIRS,n,2.0NRT,288.51,2.83,N
-29.47491,-61.09235,308.02,0.6,0.53,2026-03-11,0440,N,VIIRS,n,2.0NRT,282.24,1.33,N
-29.59046,-60.97034,312.15,0.59,0.53,2026-03-11,0440,N,VIIRS,n,2.0NRT,287.03,2.41,N
-29.589,-60.96429,299.74,0.59,0.53,2026-03-11,0440,N,VIIRS,n,2.0NRT,287.05,0.78,N
-29.59239,-60.97179,309.3,0.59,0.53,2026-03-11,0440,N,VIIRS,n,2.0NRT,286.63,1.66,N
-33.25207,-60.28606,314.62,0.45,0.47,2026-03-11,0440,N,VIIRS,n,2.0NRT,289.07,1.45,N
-33.25311,-60.28126,301.79,0.45,0.47,2026-03-11,0440,N,VIIRS,n,2.0NRT,288.09,1.45,N
-33.35472,-60.1531,324.06,0.44,0.46,2026-03-11,0440,N,VIIRS,n,2.0NRT,290.08,1.79,N
-33.35576,-60.14835,302.36,0.44,0.46,2026-03-11,0440,N,VIIRS,n,2.0NRT,289.83,1.79,N
-33.36218,-60.16035,328.36,0.44,0.46,2026-03-11,0440,N,VIIRS,n,2.0NRT,289.49,2.58,N
-33.36641,-60.16164,307.71,0.44,0.46,2026-03-11,0440,N,VIIRS,n,2.0NRT,288.7,1.17,N
-33.36744,-60.15689,299.37,0.44,0.46,2026-03-11,0440,N,VIIRS,n,2.0NRT,288.86,0.96,N
-33.37474,-60.144,327.44,0.44,0.46,2026-03-11,0440,N,VIIRS,n,2.0NRT,288.89,2.93,N
-34.14589,-58.9874,323.57,0.56,0.43,2026-03-11,0440,N,VIIRS,n,2.0NRT,290.38,3.29,N
-34.6532,-58.32514,310.88,0.51,0.41,2026-03-11,0440,N,VIIRS,n,2.0NRT,290.63,2.06,N
-34.65084,-58.32527,302.23,0.51,0.41,2026-03-11,0440,N,VIIRS,n,2.0NRT,291.75,1.52,N
-34.65461,-58.32637,311.17,0.51,0.41,2026-03-11,0440,N,VIIRS,n,2.0NRT,289.15,0.77,N
-34.74404,-58.1776,329.3,0.5,0.41,2026-03-11,0440,N,VIIRS,n,2.0NRT,288.85,4.49,N
-34.85503,-57.89102,329.2,0.49,0.4,2026-03-11,0440,N,VIIRS,n,2.0NRT,290.25,3.04,N
-34.8553,-57.89264,329.45,0.49,0.4,2026-03-11,0440,N,VIIRS,n,2.0NRT,289.48,3.34,N
-34.82486,-58.34254,302.36,0.51,0.41,2026-03-11,0440,N,VIIRS,n,2.0NRT,286.59,0.52,N
-35.07098,-57.44698,303,0.46,0.39,2026-03-11,0440,N,VIIRS,n,2.0NRT,288.95,0.81,N
-35.07196,-57.44191,304.7,0.46,0.39,2026-03-11,0440,N,VIIRS,n,2.0NRT,289.01,0.81,N
-36.01454,-57.40442,300.04,0.45,0.39,2026-03-11,0440,N,VIIRS,n,2.0NRT,289.82,0.6,N
-37.08428,-69.47756,300.65,0.55,0.68,2026-03-11,0442,N,VIIRS,n,2.0NRT,288.4,0.82,N
-38.69867,-68.70309,303.13,0.46,0.63,2026-03-11,0442,N,VIIRS,n,2.0NRT,287.49,2.46,N
-38.69298,-68.70058,333.97,0.46,0.63,2026-03-11,0442,N,VIIRS,n,2.0NRT,289.07,2.46,N
-37.07823,-69.47463,301.61,0.55,0.68,2026-03-11,0442,N,VIIRS,n,2.0NRT,288.43,0.7,N
-36.98023,-60.24371,299.18,0.57,0.43,2026-03-11,0442,N,VIIRS,n,2.0NRT,287.41,1.02,N
-39.67817,-62.25121,299.45,0.42,0.45,2026-03-11,0442,N,VIIRS,n,2.0NRT,288.27,0.52,N
-38.00841,-68.59272,316.83,0.47,0.64,2026-03-11,0442,N,VIIRS,n,2.0NRT,289.64,1.24,N
-38.00688,-68.59805,304.79,0.47,0.64,2026-03-11,0442,N,VIIRS,n,2.0NRT,289.14,1.24,N
-37.42447,-69.17315,324.68,0.52,0.67,2026-03-11,0442,N,VIIRS,n,2.0NRT,287.83,2.6,N
-37.42197,-69.17278,322.22,0.52,0.67,2026-03-11,0442,N,VIIRS,n,2.0NRT,287.61,2.55,N
-37.70582,-69.13322,307.83,0.51,0.66,2026-03-11,0442,N,VIIRS,n,2.0NRT,287.22,1.42,N
-37.71168,-69.13613,320.92,0.51,0.66,2026-03-11,0442,N,VIIRS,n,2.0NRT,287.05,1.42,N
-37.70993,-69.14207,301.54,0.51,0.66,2026-03-11,0442,N,VIIRS,n,2.0NRT,287.08,2.08,N
-38.43381,-68.56258,317,0.46,0.63,2026-03-11,0442,N,VIIRS,n,2.0NRT,290.03,1.8,N
-37.08402,-69.47829,305.12,0.61,0.54,2026-03-11,0622,N,VIIRS,n,2.0NRT,287.18,1.11,N
-37.42536,-69.17194,326.07,0.32,0.55,2026-03-11,0622,N,VIIRS,n,2.0NRT,286.42,1.64,N
-37.71039,-69.1396,298.09,0.32,0.55,2026-03-11,0622,N,VIIRS,n,2.0NRT,280.78,0.58,N
-37.71225,-69.13461,323.39,0.32,0.55,2026-03-11,0622,N,VIIRS,n,2.0NRT,280.39,1.39,N
-38.00894,-68.59604,325.92,0.35,0.57,2026-03-11,0622,N,VIIRS,n,2.0NRT,290.68,2.27,N
-38.45026,-68.49603,303.17,0.36,0.57,2026-03-11,0622,N,VIIRS,n,2.0NRT,273.26,0.52,N
-38.45051,-68.49181,302.65,0.36,0.57,2026-03-11,0622,N,VIIRS,n,2.0NRT,277.01,0.52,N
-37.71065,-69.13592,311.88,0.32,0.55,2026-03-11,0622,N,VIIRS,n,2.0NRT,280.35,0.58,N
-36.91509,-60.34433,367,0.54,0.68,2026-03-11,1702,N,VIIRS,h,2.0NRT,298.88,10.34,D
-34.68401,-62.1513,340.67,0.65,0.73,2026-03-11,1702,N,VIIRS,n,2.0NRT,297.68,9.69,D
-34.67552,-62.14679,339.83,0.65,0.73,2026-03-11,1702,N,VIIRS,n,2.0NRT,299.19,12.78,D
-34.68245,-62.14648,328.84,0.65,0.73,2026-03-11,1702,N,VIIRS,n,2.0NRT,296.51,6.07,D
-35.21917,-57.642,367,0.37,0.58,2026-03-11,1702,N,VIIRS,h,2.0NRT,303.84,7.48,D
-35.21954,-57.63837,332.45,0.37,0.58,2026-03-11,1702,N,VIIRS,n,2.0NRT,300.26,7.06,D
-35.2198,-57.64257,367,0.37,0.58,2026-03-11,1702,N,VIIRS,h,2.0NRT,302.74,6.43,D
-36.91549,-60.34541,349.7,0.54,0.68,2026-03-11,1702,N,VIIRS,n,2.0NRT,297.82,5.77,D
-38.40847,-61.19876,343.4,0.61,0.71,2026-03-11,1702,N,VIIRS,n,2.0NRT,297.23,8.51,D
-39.68349,-62.2477,367,0.7,0.75,2026-03-11,1702,N,VIIRS,h,2.0NRT,298.04,15.65,D
-39.69062,-62.24768,351.79,0.7,0.75,2026-03-11,1702,N,VIIRS,n,2.0NRT,297.67,15.65,D
-39.6866,-62.24449,367,0.7,0.75,2026-03-11,1702,N,VIIRS,h,2.0NRT,301.64,33.45,D
-33.38329,-59.78734,340.44,0.47,0.64,2026-03-11,1702,N,VIIRS,n,2.0NRT,301.47,5.15,D
-33.52474,-59.6798,339.97,0.47,0.64,2026-03-11,1702,N,VIIRS,n,2.0NRT,296.83,4.69,D
-33.75035,-59.40941,330.28,0.45,0.63,2026-03-11,1702,N,VIIRS,n,2.0NRT,300.2,5.47,D
-34.48958,-59.12993,343.32,0.44,0.63,2026-03-11,1702,N,VIIRS,n,2.0NRT,296.94,5.05,D
-34.6872,-62.2577,333.13,0.66,0.73,2026-03-11,1702,N,VIIRS,n,2.0NRT,297.78,4.96,D
-29.72069,-60.88784,334.71,0.51,0.66,2026-03-11,1705,N,VIIRS,n,2.0NRT,293.45,6.36,D
-29.9665,-61.32967,332.82,0.54,0.68,2026-03-11,1705,N,VIIRS,n,2.0NRT,293.22,4.5,D
-30.01491,-62.56333,335.92,0.64,0.72,2026-03-11,1705,N,VIIRS,n,2.0NRT,287.94,4.47,D
-37.9547,-57.64321,354.42,0.42,0.61,2026-03-11,1841,N,VIIRS,n,2.0NRT,295.27,5.09,D
-39.10805,-64.25079,348.74,0.56,0.43,2026-03-11,1841,N,VIIRS,n,2.0NRT,305.91,23.91,D
-39.10412,-64.25217,348.07,0.56,0.43,2026-03-11,1841,N,VIIRS,n,2.0NRT,306.69,23.91,D
-38.70049,-68.69815,340.58,0.4,0.37,2026-03-11,1841,N,VIIRS,n,2.0NRT,311.8,4.66,D
-38.45725,-68.48956,341.8,0.41,0.37,2026-03-11,1841,N,VIIRS,n,2.0NRT,314.97,7.34,D
-37.31465,-64.26286,340.56,0.41,0.45,2026-03-11,1841,N,VIIRS,n,2.0NRT,301.57,4.36,D
-38.01408,-68.59096,343.12,0.41,0.37,2026-03-11,1841,N,VIIRS,l,2.0NRT,317.1,4.76,D
-35.17873,-60.29113,332.09,0.36,0.58,2026-03-11,1841,N,VIIRS,n,2.0NRT,299.02,3.66,D
-37.71751,-69.12934,339.83,0.4,0.37,2026-03-11,1841,N,VIIRS,l,2.0NRT,314.72,1.61,D
-37.71413,-69.13025,340.27,0.4,0.37,2026-03-11,1841,N,VIIRS,l,2.0NRT,314.45,1.61,D
-37.42971,-69.1681,340.31,0.4,0.37,2026-03-11,1841,N,VIIRS,n,2.0NRT,314.93,3.59,D
-39.31144,-63.91189,333.87,0.39,0.44,2026-03-11,1841,N,VIIRS,n,2.0NRT,306.78,3.69,D
-36.4637,-65.11832,349.94,0.39,0.44,2026-03-11,1841,N,VIIRS,n,2.0NRT,305.55,15.99,D
-39.31048,-63.90744,342.46,0.39,0.44,2026-03-11,1841,N,VIIRS,n,2.0NRT,307.13,6.3,D
-37.95435,-57.64288,349.73,0.42,0.61,2026-03-11,1841,N,VIIRS,n,2.0NRT,294.79,4.46,D
-33.38134,-60.14134,350.35,0.41,0.61,2026-03-11,1843,N,VIIRS,n,2.0NRT,300.72,4.23,D
-42.80649,-66.75382,335.52,0.41,0.37,2026-03-11,1843,N,VIIRS,n,2.0NRT,307.84,1.24,D
-40.85283,-63.1007,340.63,0.39,0.44,2026-03-11,1843,N,VIIRS,n,2.0NRT,303.18,5.48,D
-40.32673,-63.36258,342.98,0.39,0.44,2026-03-11,1843,N,VIIRS,n,2.0NRT,309.08,35.28,D
-40.32175,-63.35949,342.71,0.39,0.44,2026-03-11,1843,N,VIIRS,n,2.0NRT,305.44,35.28,D
-40.32274,-63.36405,309.32,0.39,0.44,2026-03-11,1843,N,VIIRS,l,2.0NRT,313.55,35.28,D
-39.68737,-62.24582,345.62,0.45,0.47,2026-03-11,1843,N,VIIRS,n,2.0NRT,303.59,5.87,D
-39.68312,-62.24743,345.46,0.45,0.47,2026-03-11,1843,N,VIIRS,n,2.0NRT,306.09,7.14,D
-39.68373,-62.25006,341.6,0.45,0.47,2026-03-11,1843,N,VIIRS,n,2.0NRT,305.73,7.52,D
-34.52002,-58.84583,367,0.45,0.63,2026-03-11,1843,N,VIIRS,h,2.0NRT,298.51,7.39,D
-34.51867,-58.84091,331.41,0.45,0.63,2026-03-11,1843,N,VIIRS,n,2.0NRT,297.26,7.39,D
-35.45518,-63.77545,340.23,0.47,0.48,2026-03-11,1843,N,VIIRS,n,2.0NRT,298.32,2.98,D
-34.02336,-58.77144,335.71,0.47,0.64,2026-03-11,1843,N,VIIRS,n,2.0NRT,298.02,3.35,D
-34.02475,-58.77645,330.68,0.47,0.64,2026-03-11,1843,N,VIIRS,n,2.0NRT,297.22,3.35,D
-34.02279,-58.77639,336.83,0.47,0.64,2026-03-11,1843,N,VIIRS,n,2.0NRT,296.97,6.33,D
-34.68639,-62.15119,355.26,0.6,0.53,2026-03-11,1843,N,VIIRS,n,2.0NRT,301.29,13.09,D
-34.68158,-62.15284,341.15,0.6,0.53,2026-03-11,1843,N,VIIRS,n,2.0NRT,300.22,13.09,D
-34.68593,-62.1521,355.88,0.6,0.53,2026-03-11,1843,N,VIIRS,n,2.0NRT,301.35,21.06,D
-35.24952,-65.26659,343.56,0.4,0.44,2026-03-11,1843,N,VIIRS,n,2.0NRT,299.7,3.9,D
-33.74783,-59.40913,341.52,0.44,0.62,2026-03-11,1843,N,VIIRS,n,2.0NRT,300.99,4.06,D
-33.74898,-59.40832,344.56,0.44,0.62,2026-03-11,1843,N,VIIRS,n,2.0NRT,302.68,6.18,D
-33.38134,-59.78622,343.47,0.43,0.62,2026-03-11,1843,N,VIIRS,n,2.0NRT,305.36,6.4,D
-33.37584,-60.14333,331.45,0.41,0.61,2026-03-11,1843,N,VIIRS,l,2.0NRT,302.15,5.01,D
-32.57355,-59.05088,329.02,0.49,0.65,2026-03-11,1843,N,VIIRS,n,2.0NRT,296.13,2.68,D
-32.07868,-59.74591,327.37,0.46,0.64,2026-03-11,1843,N,VIIRS,n,2.0NRT,295.47,1.5,D
-31.16163,-59.84227,331.64,0.48,0.65,2026-03-11,1843,N,VIIRS,n,2.0NRT,294.29,4.34,D
-30.64569,-60.02473,328.46,0.48,0.65,2026-03-11,1843,N,VIIRS,n,2.0NRT,293.89,3.6,D
-29.71986,-57.62751,330.9,0.69,0.74,2026-03-11,1843,N,VIIRS,n,2.0NRT,287.11,3.51,D
-30.16216,-60.50646,351.73,0.47,0.64,2026-03-11,1843,N,VIIRS,n,2.0NRT,289.1,0.87,D
-30.27132,-62.92558,330.18,0.34,0.56,2026-03-11,1843,N,VIIRS,n,2.0NRT,291.45,2.01,D
-30.22129,-62.76378,367,0.35,0.57,2026-03-11,1843,N,VIIRS,h,2.0NRT,293.93,10.58,D
-30.22217,-62.76741,351.71,0.35,0.57,2026-03-11,1843,N,VIIRS,n,2.0NRT,292.06,10.58,D
-29.72021,-60.88782,328.18,0.46,0.63,2026-03-11,1843,N,VIIRS,n,2.0NRT,290.87,2.07,D
-29.72294,-60.88655,328.01,0.46,0.63,2026-03-11,1843,N,VIIRS,n,2.0NRT,292.5,2.51,D
-29.78447,-62.58818,341.31,0.37,0.58,2026-03-11,1843,N,VIIRS,n,2.0NRT,294.12,3.68,D
-28.51697,-61.52433,332.94,0.45,0.63,2026-03-11,1843,N,VIIRS,n,2.0NRT,292.18,4.86,D
-28.09561,-62.18475,327.5,0.42,0.61,2026-03-11,1843,N,VIIRS,n,2.0NRT,289.04,0.81,D
-27.37913,-55.0781,306.15,0.56,0.52,2026-03-12,0419,N,VIIRS,n,2.0NRT,288.12,1.23,N
-29.06026,-60.96917,316.01,0.56,0.69,2026-03-12,0419,N,VIIRS,n,2.0NRT,287.65,1.94,N
-28.11841,-55.88815,311.06,0.61,0.53,2026-03-12,0419,N,VIIRS,n,2.0NRT,289.18,1.54,N
-34.24013,-58.92308,303.25,0.33,0.55,2026-03-12,0421,N,VIIRS,n,2.0NRT,287.74,0.36,N
-33.36359,-60.15819,310.16,0.4,0.6,2026-03-12,0421,N,VIIRS,n,2.0NRT,290.51,1.33,N
-33.37235,-60.14731,326.84,0.4,0.6,2026-03-12,0421,N,VIIRS,n,2.0NRT,290.33,3.15,N
-33.37345,-60.14305,343.07,0.4,0.6,2026-03-12,0421,N,VIIRS,n,2.0NRT,290.37,3.15,N
-33.36902,-60.16016,305.69,0.4,0.6,2026-03-12,0421,N,VIIRS,n,2.0NRT,290.37,0.93,N
-33.37887,-60.14506,306.8,0.4,0.6,2026-03-12,0421,N,VIIRS,n,2.0NRT,289.42,3.15,N
-34.14679,-58.98737,311.66,0.33,0.55,2026-03-12,0421,N,VIIRS,n,2.0NRT,289.72,0.81,N
-34.14767,-58.98379,302.65,0.33,0.55,2026-03-12,0421,N,VIIRS,n,2.0NRT,289.62,0.81,N
-34.14803,-58.9864,321.29,0.33,0.55,2026-03-12,0421,N,VIIRS,n,2.0NRT,289.98,1.29,N
-34.15876,-58.94376,326.55,0.33,0.55,2026-03-12,0421,N,VIIRS,n,2.0NRT,289.04,1.69,N
-34.15786,-58.94732,307.55,0.33,0.55,2026-03-12,0421,N,VIIRS,n,2.0NRT,289.12,2.31,N
-34.23515,-58.92126,297.77,0.33,0.55,2026-03-12,0421,N,VIIRS,n,2.0NRT,287.56,0.36,N
-33.64745,-58.95282,299.56,0.34,0.56,2026-03-12,0421,N,VIIRS,n,2.0NRT,287.81,0.88,N
-33.64835,-58.94918,313.55,0.34,0.56,2026-03-12,0421,N,VIIRS,n,2.0NRT,288.08,0.93,N
-33.65341,-58.95102,311.31,0.34,0.56,2026-03-12,0421,N,VIIRS,n,2.0NRT,288.13,0.93,N
-38.69625,-68.7095,296.1,0.77,0.77,2026-03-12,0423,N,VIIRS,n,2.0NRT,284.36,1.44,N
-38.69907,-68.70129,308.91,0.77,0.77,2026-03-12,0423,N,VIIRS,n,2.0NRT,284.78,1.3,N
-38.7398,-68.84274,313.64,0.78,0.78,2026-03-12,0423,N,VIIRS,n,2.0NRT,284.41,2.21,N
-38.7428,-68.83386,303.09,0.77,0.78,2026-03-12,0423,N,VIIRS,n,2.0NRT,283.99,2.21,N
-38.7411,-68.84139,326.18,0.77,0.78,2026-03-12,0423,N,VIIRS,n,2.0NRT,284.49,4.06,N
-38.69563,-68.70908,300.38,0.77,0.77,2026-03-12,0423,N,VIIRS,n,2.0NRT,284.55,1.67,N
-38.45249,-68.49345,323.66,0.76,0.77,2026-03-12,0423,N,VIIRS,n,2.0NRT,286.14,4.5,N
-38.69841,-68.70084,310.37,0.77,0.77,2026-03-12,0423,N,VIIRS,n,2.0NRT,284.81,1.67,N
-38.45036,-68.49561,324.76,0.76,0.77,2026-03-12,0423,N,VIIRS,n,2.0NRT,286.4,3.34,N
-46.471,-67.52486,329.82,0.4,0.6,2026-03-12,0425,N,VIIRS,n,2.0NRT,286.25,1.31,N
-46.47613,-67.52843,304.47,0.4,0.6,2026-03-12,0425,N,VIIRS,n,2.0NRT,284.42,1.31,N
-28.74859,-65.73734,302.6,0.43,0.46,2026-03-12,0601,N,VIIRS,n,2.0NRT,287.11,0.5,N
-28.71342,-65.81873,297.86,0.43,0.46,2026-03-12,0601,N,VIIRS,n,2.0NRT,286.69,0.44,N
-28.71392,-65.81426,299.84,0.43,0.46,2026-03-12,0601,N,VIIRS,n,2.0NRT,286.99,0.44,N
-28.74678,-65.73554,300.64,0.43,0.46,2026-03-12,0601,N,VIIRS,n,2.0NRT,287.36,0.69,N
-33.36618,-60.1629,299.91,0.51,0.66,2026-03-12,0601,N,VIIRS,n,2.0NRT,289.3,1.14,N
-33.36646,-60.15722,303.65,0.51,0.66,2026-03-12,0601,N,VIIRS,n,2.0NRT,289.47,1.55,N
-34.85751,-57.88967,303.18,0.7,0.75,2026-03-12,0601,N,VIIRS,n,2.0NRT,285.48,2.17,N
-37.08604,-69.4732,312.34,0.52,0.42,2026-03-12,0603,N,VIIRS,n,2.0NRT,287.54,1.82,N
-37.08262,-69.47334,300.16,0.52,0.42,2026-03-12,0603,N,VIIRS,n,2.0NRT,287.52,0.66,N
-37.0865,-69.47398,298.05,0.52,0.42,2026-03-12,0603,N,VIIRS,n,2.0NRT,286.94,0.61,N
-37.7123,-69.14124,328.07,0.55,0.43,2026-03-12,0603,N,VIIRS,n,2.0NRT,288.43,2.65,N
-37.71298,-69.13499,328.32,0.55,0.43,2026-03-12,0603,N,VIIRS,n,2.0NRT,288.01,2.65,N
-38.01235,-68.59592,323.24,0.39,0.44,2026-03-12,0603,N,VIIRS,n,2.0NRT,291,2.41,N
-38.01283,-68.59137,325.73,0.39,0.44,2026-03-12,0603,N,VIIRS,n,2.0NRT,290.49,2.41,N
-38.09301,-68.6066,309.32,0.39,0.44,2026-03-12,0603,N,VIIRS,n,2.0NRT,290.22,0.76,N
-38.11692,-68.5368,312.03,0.4,0.44,2026-03-12,0603,N,VIIRS,n,2.0NRT,290.06,1.11,N
-38.11739,-68.53224,312.39,0.4,0.44,2026-03-12,0603,N,VIIRS,n,2.0NRT,289.67,1.11,N
-38.1997,-68.72255,333.7,0.39,0.44,2026-03-12,0603,N,VIIRS,n,2.0NRT,289.76,2.36,N
-38.19924,-68.72705,317.92,0.39,0.44,2026-03-12,0603,N,VIIRS,n,2.0NRT,289.45,2.79,N
-38.28299,-68.74902,309.27,0.39,0.44,2026-03-12,0603,N,VIIRS,n,2.0NRT,288.69,0.69,N
-38.3173,-68.77787,298.73,0.39,0.44,2026-03-12,0603,N,VIIRS,n,2.0NRT,287.33,0.25,N
-38.32137,-68.77856,299.96,0.39,0.44,2026-03-12,0603,N,VIIRS,n,2.0NRT,286.88,0.25,N
-38.32973,-68.73862,309.09,0.39,0.44,2026-03-12,0603,N,VIIRS,n,2.0NRT,288.06,0.62,N
-38.32817,-68.73647,304.98,0.39,0.44,2026-03-12,0603,N,VIIRS,n,2.0NRT,287.98,1.03,N
-38.438,-68.55836,301.45,0.4,0.44,2026-03-12,0603,N,VIIRS,n,2.0NRT,287.93,0.74,N
-38.45297,-68.49437,303.19,0.4,0.44,2026-03-12,0603,N,VIIRS,n,2.0NRT,289.22,1.14,N
-38.45345,-68.48969,311.83,0.4,0.44,2026-03-12,0603,N,VIIRS,n,2.0NRT,288.67,0.81,N
-38.49609,-68.32527,308.84,0.41,0.45,2026-03-12,0603,N,VIIRS,n,2.0NRT,289.07,0.55,N
-38.52929,-69.09626,314.57,0.56,0.43,2026-03-12,0603,N,VIIRS,n,2.0NRT,286.58,1.58,N
-38.6969,-68.70217,331.38,0.39,0.44,2026-03-12,0603,N,VIIRS,n,2.0NRT,289.58,1.74,N
-38.69738,-68.69746,301.3,0.39,0.44,2026-03-12,0603,N,VIIRS,n,2.0NRT,287.99,1.74,N
-38.74422,-68.91586,308.59,0.39,0.44,2026-03-12,0603,N,VIIRS,n,2.0NRT,287.99,0.88,N
-37.2093,-57.55861,326.51,0.69,0.74,2026-03-12,1641,N,VIIRS,n,2.0NRT,294.81,7.92,D
-28.18913,-59.19307,331.38,0.75,0.77,2026-03-12,1645,N,VIIRS,n,2.0NRT,291.46,5.97,D
-29.28961,-57.70672,336.11,0.63,0.72,2026-03-12,1645,N,VIIRS,n,2.0NRT,297.86,6.39,D
-29.28889,-57.70863,339.35,0.63,0.72,2026-03-12,1645,N,VIIRS,n,2.0NRT,297.61,4.69,D
-29.15352,-57.9029,334.86,0.64,0.72,2026-03-12,1645,N,VIIRS,n,2.0NRT,299.04,10.79,D
-29.06428,-58.04279,345.6,0.65,0.73,2026-03-12,1645,N,VIIRS,n,2.0NRT,296.12,7.53,D
-28.78797,-57.21383,328,0.58,0.7,2026-03-12,1645,N,VIIRS,n,2.0NRT,296.32,3.68,D
-28.53066,-58.43788,338.86,0.68,0.74,2026-03-12,1645,N,VIIRS,n,2.0NRT,294.45,6.76,D
-28.28754,-56.61596,329.7,0.53,0.67,2026-03-12,1645,N,VIIRS,n,2.0NRT,297.36,4.88,D
-28.29164,-56.61805,331.27,0.53,0.67,2026-03-12,1645,N,VIIRS,n,2.0NRT,296.92,6.11,D
-28.35575,-58.98352,345.72,0.73,0.76,2026-03-12,1645,N,VIIRS,n,2.0NRT,293.25,11.35,D
-27.96288,-56.00656,331.23,0.49,0.65,2026-03-12,1645,N,VIIRS,n,2.0NRT,291.62,3.44,D
-27.51329,-57.51757,367,0.59,0.7,2026-03-12,1645,N,VIIRS,h,2.0NRT,298.84,7.53,D
-27.50699,-57.5243,332.45,0.59,0.7,2026-03-12,1645,N,VIIRS,n,2.0NRT,296.16,7.53,D
-27.51568,-57.5182,335.17,0.59,0.7,2026-03-12,1645,N,VIIRS,n,2.0NRT,297.98,8.84,D
-27.50905,-57.51863,344.86,0.59,0.7,2026-03-12,1645,N,VIIRS,n,2.0NRT,296.42,8.84,D
-27.50942,-57.52489,338.84,0.59,0.7,2026-03-12,1645,N,VIIRS,n,2.0NRT,297.21,10.98,D
-27.31041,-59.46527,334.41,0.77,0.77,2026-03-12,1645,N,VIIRS,n,2.0NRT,291.54,4.91,D
-27.31076,-59.47348,333.96,0.77,0.77,2026-03-12,1645,N,VIIRS,n,2.0NRT,291.71,4.91,D
-27.31118,-59.46945,339.89,0.77,0.77,2026-03-12,1645,N,VIIRS,n,2.0NRT,292.58,9.91,D
-26.89165,-59.00055,330.84,0.72,0.75,2026-03-12,1645,N,VIIRS,n,2.0NRT,291.74,14.78,D
-26.88898,-58.9937,339.93,0.72,0.75,2026-03-12,1645,N,VIIRS,n,2.0NRT,291.82,11.14,D
-26.88939,-59.0013,332.13,0.72,0.75,2026-03-12,1645,N,VIIRS,n,2.0NRT,291.65,7.94,D
-26.0743,-58.1499,335.85,0.63,0.72,2026-03-12,1645,N,VIIRS,n,2.0NRT,295.31,16.42,D
-43.40208,-70.24815,339.21,0.53,0.42,2026-03-12,1821,N,VIIRS,n,2.0NRT,299.74,3.84,D
-33.4827,-60.23655,343.7,0.45,0.47,2026-03-12,1824,N,VIIRS,n,2.0NRT,296.2,7.75,D
-33.64442,-59.36304,331.8,0.49,0.49,2026-03-12,1824,N,VIIRS,n,2.0NRT,295.49,1.95,D
-33.74776,-59.41794,330.75,0.49,0.48,2026-03-12,1824,N,VIIRS,n,2.0NRT,299.55,6.9,D
-33.74659,-59.41269,341.32,0.49,0.48,2026-03-12,1824,N,VIIRS,n,2.0NRT,300.08,6.9,D
-34.14277,-58.6869,342.39,0.52,0.5,2026-03-12,1824,N,VIIRS,n,2.0NRT,297.18,8.05,D
-34.14149,-58.68123,341.4,0.52,0.5,2026-03-12,1824,N,VIIRS,n,2.0NRT,299.38,8.05,D
-37.42855,-69.17153,339.45,0.42,0.38,2026-03-12,1824,N,VIIRS,n,2.0NRT,313.22,2.95,D
-37.71585,-69.26609,338.87,0.43,0.38,2026-03-12,1824,N,VIIRS,l,2.0NRT,312.73,1.72,D
-37.71418,-69.14005,341.51,0.43,0.38,2026-03-12,1824,N,VIIRS,l,2.0NRT,311.86,2.8,D
-39.29418,-62.85477,344.57,0.42,0.38,2026-03-12,1824,N,VIIRS,n,2.0NRT,297.32,30.43,D
-37.97171,-57.72887,331.54,0.48,0.48,2026-03-12,1824,N,VIIRS,n,2.0NRT,299.74,3.83,D
-38.09968,-59.60565,343.34,0.39,0.44,2026-03-12,1824,N,VIIRS,n,2.0NRT,304.49,4.68,D
-38.09662,-59.61142,336.81,0.39,0.44,2026-03-12,1824,N,VIIRS,n,2.0NRT,303.35,4.68,D
-38.09264,-59.61277,341.52,0.39,0.44,2026-03-12,1824,N,VIIRS,n,2.0NRT,303.73,5.65,D
-37.7679,-61.47283,334.22,0.49,0.4,2026-03-12,1824,N,VIIRS,n,2.0NRT,301.51,4.98,D
-37.769,-61.47838,346.64,0.49,0.4,2026-03-12,1824,N,VIIRS,n,2.0NRT,302.82,4.98,D
-37.76421,-61.47397,346.66,0.49,0.4,2026-03-12,1824,N,VIIRS,n,2.0NRT,307.27,32.46,D
-37.7653,-61.47952,341.63,0.49,0.4,2026-03-12,1824,N,VIIRS,n,2.0NRT,300.82,32.46,D
-37.32735,-59.44846,335.07,0.41,0.45,2026-03-12,1824,N,VIIRS,n,2.0NRT,299.39,20.54,D
-37.32836,-59.45309,348.04,0.41,0.45,2026-03-12,1824,N,VIIRS,n,2.0NRT,312.55,25.75,D
-37.32428,-59.45446,333.67,0.41,0.45,2026-03-12,1824,N,VIIRS,n,2.0NRT,298.11,25.75,D
-33.08522,-62.3601,338.6,0.53,0.42,2026-03-12,1824,N,VIIRS,n,2.0NRT,302.89,10.84,D
-33.08278,-62.37128,345.61,0.53,0.42,2026-03-12,1824,N,VIIRS,n,2.0NRT,299.99,25.62,D
-33.08163,-62.36557,342.11,0.53,0.42,2026-03-12,1824,N,VIIRS,n,2.0NRT,302.46,13.8,D
-33.08663,-62.37022,338.6,0.53,0.42,2026-03-12,1824,N,VIIRS,n,2.0NRT,302.03,29.88,D
-33.08548,-62.36451,356.42,0.53,0.42,2026-03-12,1824,N,VIIRS,n,2.0NRT,310.22,24.72,D
-33.08433,-62.35881,330.82,0.53,0.42,2026-03-12,1824,N,VIIRS,n,2.0NRT,302.03,24.72,D
-32.94742,-60.51063,331.31,0.44,0.46,2026-03-12,1824,N,VIIRS,n,2.0NRT,296.07,5.38,D
-33.04717,-60.6408,330.52,0.43,0.46,2026-03-12,1824,N,VIIRS,n,2.0NRT,299.13,1.31,D
-33.08634,-62.36581,354.47,0.53,0.42,2026-03-12,1824,N,VIIRS,n,2.0NRT,309.46,51.09,D
-36.69375,-56.96045,337.73,0.56,0.52,2026-03-12,1824,N,VIIRS,n,2.0NRT,295.52,3.45,D
-38.74601,-68.8358,346.31,0.42,0.38,2026-03-12,1824,N,VIIRS,n,2.0NRT,312.49,5.17,D
-38.69984,-68.69999,340.79,0.42,0.38,2026-03-12,1824,N,VIIRS,n,2.0NRT,311.85,2.06,D
-36.55072,-57.3513,341.44,0.54,0.51,2026-03-12,1824,N,VIIRS,n,2.0NRT,298.42,5.61,D
-38.45817,-68.49419,338.3,0.41,0.37,2026-03-12,1824,N,VIIRS,n,2.0NRT,311.01,1.57,D
-36.90284,-59.58355,351.34,0.41,0.45,2026-03-12,1824,N,VIIRS,n,2.0NRT,302.14,6.52,D
-36.90221,-59.58151,343.41,0.41,0.45,2026-03-12,1824,N,VIIRS,n,2.0NRT,304.21,5.99,D
-36.90319,-59.58613,348.47,0.41,0.45,2026-03-12,1824,N,VIIRS,n,2.0NRT,297.77,4.12,D
-38.20161,-68.72478,345.4,0.42,0.37,2026-03-12,1824,N,VIIRS,n,2.0NRT,313.82,5.71,D
-33.08248,-62.36688,355.08,0.53,0.42,2026-03-12,1824,N,VIIRS,n,2.0NRT,305.24,51.09,D
-38.01534,-68.59277,343.59,0.41,0.37,2026-03-12,1824,N,VIIRS,l,2.0NRT,315.23,3.7,D
-33.23821,-60.12094,341.2,0.46,0.47,2026-03-12,1824,N,VIIRS,n,2.0NRT,297.63,14.24,D
-33.3798,-60.14224,329.73,0.45,0.47,2026-03-12,1824,N,VIIRS,l,2.0NRT,302.94,4.16,D
-33.37551,-60.14354,332.11,0.45,0.47,2026-03-12,1824,N,VIIRS,l,2.0NRT,302.52,4.16,D
-29.71271,-62.7667,337.36,0.39,0.44,2026-03-12,1826,N,VIIRS,n,2.0NRT,299.35,2.43,D
-29.30841,-57.79951,340.96,0.38,0.58,2026-03-12,1826,N,VIIRS,n,2.0NRT,300.03,2.42,D
-29.25601,-57.70187,340.08,0.38,0.59,2026-03-12,1826,N,VIIRS,n,2.0NRT,300.27,3.77,D
-29.25062,-57.7035,353.17,0.38,0.59,2026-03-12,1826,N,VIIRS,n,2.0NRT,300.08,3.77,D
-29.25158,-57.70741,331.29,0.38,0.59,2026-03-12,1826,N,VIIRS,n,2.0NRT,300.41,3.77,D
-29.23313,-57.67921,341.32,0.38,0.59,2026-03-12,1826,N,VIIRS,n,2.0NRT,299.47,8.61,D
-29.23409,-57.68312,347.35,0.38,0.59,2026-03-12,1826,N,VIIRS,n,2.0NRT,300.23,4.51,D
-29.2415,-57.80761,367,0.38,0.58,2026-03-12,1826,N,VIIRS,h,2.0NRT,305.18,9.11,D
-29.24142,-57.80888,367,0.38,0.58,2026-03-12,1826,N,VIIRS,h,2.0NRT,304.54,10.27,D
-28.87778,-56.47083,338.95,0.46,0.63,2026-03-12,1826,N,VIIRS,n,2.0NRT,298.49,7.17,D
-29.14984,-57.78669,349.31,0.38,0.59,2026-03-12,1826,N,VIIRS,n,2.0NRT,299.29,5.94,D
-29.14448,-57.78833,341.96,0.38,0.59,2026-03-12,1826,N,VIIRS,n,2.0NRT,294.42,5.44,D
-29.1091,-57.66747,353.65,0.39,0.59,2026-03-12,1826,N,VIIRS,n,2.0NRT,302.19,7.56,D
-29.11301,-57.68341,340.97,0.39,0.59,2026-03-12,1826,N,VIIRS,n,2.0NRT,296.16,3.32,D
-29.07003,-57.53252,343.79,0.39,0.6,2026-03-12,1826,N,VIIRS,n,2.0NRT,298.87,7.43,D
-29.07103,-57.53659,342.7,0.39,0.6,2026-03-12,1826,N,VIIRS,n,2.0NRT,298.66,6.28,D
-29.10468,-57.67313,352.12,0.39,0.59,2026-03-12,1826,N,VIIRS,n,2.0NRT,300.34,5.67,D
-30.2195,-62.75724,339.65,0.57,0.43,2026-03-12,1826,N,VIIRS,n,2.0NRT,300.97,7.79,D
-30.21274,-62.76525,333.62,0.57,0.43,2026-03-12,1826,N,VIIRS,n,2.0NRT,297.17,6.39,D
-30.22309,-62.75722,336.76,0.57,0.43,2026-03-12,1826,N,VIIRS,n,2.0NRT,300.85,4.27,D
-30.21912,-62.75826,335.14,0.57,0.43,2026-03-12,1826,N,VIIRS,n,2.0NRT,300.76,4.27,D
-30.2163,-62.76526,335.68,0.57,0.43,2026-03-12,1826,N,VIIRS,n,2.0NRT,299.41,9.85,D
-29.06628,-57.53596,347.43,0.39,0.6,2026-03-12,1826,N,VIIRS,n,2.0NRT,296.01,3.69,D
-29.06726,-57.54004,336.7,0.39,0.6,2026-03-12,1826,N,VIIRS,n,2.0NRT,296.36,3.69,D
-28.75879,-56.48478,341.8,0.46,0.63,2026-03-12,1826,N,VIIRS,n,2.0NRT,297.44,5.24,D
-29.235,-58.50623,348.4,0.34,0.56,2026-03-12,1826,N,VIIRS,n,2.0NRT,299.22,5.58,D
-29.22652,-58.49368,335.42,0.34,0.56,2026-03-12,1826,N,VIIRS,n,2.0NRT,301.91,4.18,D
-29.22138,-58.49526,349.55,0.34,0.56,2026-03-12,1826,N,VIIRS,n,2.0NRT,302.29,4.18,D
-28.96041,-57.58194,329.04,0.39,0.6,2026-03-12,1826,N,VIIRS,n,2.0NRT,294.7,4.48,D
-28.96141,-57.58599,337.13,0.39,0.6,2026-03-12,1826,N,VIIRS,n,2.0NRT,295.94,2.99,D
-29.07411,-58.06855,335.85,0.37,0.58,2026-03-12,1826,N,VIIRS,n,2.0NRT,299.19,2.9,D
-29.06791,-58.06639,367,0.37,0.58,2026-03-12,1826,N,VIIRS,h,2.0NRT,299.06,36.46,D
-29.06882,-58.07016,350.62,0.37,0.58,2026-03-12,1826,N,VIIRS,n,2.0NRT,306.04,36.46,D
-29.06974,-58.07392,353.68,0.37,0.58,2026-03-12,1826,N,VIIRS,n,2.0NRT,300.05,10.67,D
-29.07065,-58.07768,331.51,0.37,0.58,2026-03-12,1826,N,VIIRS,n,2.0NRT,298.35,10.67,D
-29.072,-58.06649,367,0.37,0.58,2026-03-12,1826,N,VIIRS,h,2.0NRT,304.23,19.7,D
-29.0729,-58.07026,367,0.37,0.58,2026-03-12,1826,N,VIIRS,h,2.0NRT,307.18,19.7,D
-29.06672,-58.06811,367,0.37,0.58,2026-03-12,1826,N,VIIRS,h,2.0NRT,297.02,19.7,D
-31.9623,-59.42493,339.28,0.53,0.5,2026-03-12,1826,N,VIIRS,n,2.0NRT,298.74,5.78,D
-31.72927,-60.5602,337.73,0.47,0.47,2026-03-12,1826,N,VIIRS,n,2.0NRT,300.92,3.2,D
-31.00502,-57.89246,333.21,0.34,0.56,2026-03-12,1826,N,VIIRS,n,2.0NRT,296.41,1.71,D
-31.00567,-57.894,334.4,0.34,0.56,2026-03-12,1826,N,VIIRS,n,2.0NRT,297.17,2.26,D
-30.91634,-57.9567,367,0.34,0.56,2026-03-12,1826,N,VIIRS,h,2.0NRT,296.74,5.81,D
-30.91631,-57.9581,367,0.34,0.56,2026-03-12,1826,N,VIIRS,h,2.0NRT,296.83,6,D
-30.62375,-58.08965,344.8,0.34,0.56,2026-03-12,1826,N,VIIRS,n,2.0NRT,296.73,3.24,D
-30.61864,-58.09123,334.84,0.34,0.56,2026-03-12,1826,N,VIIRS,n,2.0NRT,294.94,3.24,D
-32.64627,-68.64254,340.9,0.39,0.36,2026-03-12,1826,N,VIIRS,n,2.0NRT,306.18,8.02,D
-30.62415,-58.09141,339.62,0.34,0.56,2026-03-12,1826,N,VIIRS,n,2.0NRT,296.33,2.86,D
-30.61905,-58.09299,332.61,0.34,0.56,2026-03-12,1826,N,VIIRS,n,2.0NRT,295,2.86,D
-30.1544,-57.57257,350.03,0.37,0.58,2026-03-12,1826,N,VIIRS,n,2.0NRT,295.77,0.53,D
-30.64754,-60.03483,335.04,0.52,0.5,2026-03-12,1826,N,VIIRS,n,2.0NRT,298.93,5.27,D
-30.39715,-59.51836,332.84,0.57,0.52,2026-03-12,1826,N,VIIRS,n,2.0NRT,299.09,4.01,D
-29.65834,-57.07979,345.68,0.41,0.6,2026-03-12,1826,N,VIIRS,n,2.0NRT,297.58,3.53,D
-30.3326,-60.24116,330.22,0.52,0.5,2026-03-12,1826,N,VIIRS,n,2.0NRT,297.6,2.12,D
-29.65431,-57.69831,333.53,0.37,0.58,2026-03-12,1826,N,VIIRS,n,2.0NRT,298.23,2.91,D
-29.4839,-57.1081,367,0.41,0.6,2026-03-12,1826,N,VIIRS,h,2.0NRT,301.12,9.33,D
-29.65348,-57.69781,337.82,0.37,0.58,2026-03-12,1826,N,VIIRS,n,2.0NRT,298.87,2.95,D
-29.48127,-57.10746,367,0.41,0.6,2026-03-12,1826,N,VIIRS,h,2.0NRT,300.69,17.13,D
-29.48231,-57.11168,367,0.41,0.6,2026-03-12,1826,N,VIIRS,h,2.0NRT,301.29,8.36,D
-29.48335,-57.1159,332.23,0.41,0.6,2026-03-12,1826,N,VIIRS,n,2.0NRT,299.66,8.36,D
-29.47887,-57.12187,346.58,0.41,0.6,2026-03-12,1826,N,VIIRS,n,2.0NRT,300.08,4.35,D
-29.21667,-56.99768,335.5,0.42,0.61,2026-03-12,1826,N,VIIRS,n,2.0NRT,294.78,4.84,D
-29.29395,-57.7156,336.81,0.38,0.59,2026-03-12,1826,N,VIIRS,n,2.0NRT,298.71,3.43,D
-29.28764,-57.71331,339.2,0.38,0.59,2026-03-12,1826,N,VIIRS,n,2.0NRT,298.12,5.61,D
-29.30748,-57.79566,329.84,0.38,0.58,2026-03-12,1826,N,VIIRS,n,2.0NRT,299.69,2.42,D
-29.06761,-58.07188,367,0.37,0.58,2026-03-12,1826,N,VIIRS,h,2.0NRT,296.95,19.7,D
-28.91673,-57.49094,334.62,0.4,0.6,2026-03-12,1826,N,VIIRS,n,2.0NRT,297.42,2.59,D
-28.77792,-56.94927,367,0.43,0.62,2026-03-12,1826,N,VIIRS,h,2.0NRT,299.57,7.44,D
-29.16946,-58.59923,351.86,0.34,0.56,2026-03-12,1826,N,VIIRS,n,2.0NRT,299.49,7.14,D
-28.65898,-56.5724,350.64,0.46,0.63,2026-03-12,1826,N,VIIRS,n,2.0NRT,299.03,9.04,D
-28.65558,-56.58364,341.43,0.46,0.63,2026-03-12,1826,N,VIIRS,n,2.0NRT,298.22,6.72,D
-30.0065,-62.55489,334.85,0.39,0.44,2026-03-12,1826,N,VIIRS,n,2.0NRT,299.02,3.18,D
-28.60962,-56.50129,367,0.46,0.64,2026-03-12,1826,N,VIIRS,h,2.0NRT,301.3,13.6,D
-28.60381,-56.50314,367,0.46,0.64,2026-03-12,1826,N,VIIRS,h,2.0NRT,305.42,38.86,D
-28.7879,-57.23286,330.59,0.42,0.61,2026-03-12,1826,N,VIIRS,l,2.0NRT,301.6,7.48,D
-28.59314,-56.48597,367,0.46,0.64,2026-03-12,1826,N,VIIRS,h,2.0NRT,299.14,9.12,D
-28.58854,-56.49257,367,0.46,0.64,2026-03-12,1826,N,VIIRS,h,2.0NRT,298.75,9.72,D
-28.58732,-56.48783,330.38,0.46,0.64,2026-03-12,1826,N,VIIRS,n,2.0NRT,297.07,9.27,D
-28.57898,-56.57742,342.67,0.46,0.63,2026-03-12,1826,N,VIIRS,n,2.0NRT,297.44,4.26,D
-28.58019,-56.58215,333.12,0.46,0.63,2026-03-12,1826,N,VIIRS,n,2.0NRT,297.65,4.26,D
-28.59123,-56.49059,367,0.46,0.64,2026-03-12,1826,N,VIIRS,h,2.0NRT,301.32,18.25,D
-28.59004,-56.48582,342.74,0.46,0.64,2026-03-12,1826,N,VIIRS,n,2.0NRT,297.26,14.01,D
-28.58121,-56.57581,328.84,0.46,0.63,2026-03-12,1826,N,VIIRS,n,2.0NRT,297.84,4.68,D
-28.5824,-56.58054,349.85,0.46,0.63,2026-03-12,1826,N,VIIRS,n,2.0NRT,298.33,4.68,D
-28.54988,-56.57556,334.08,0.46,0.63,2026-03-12,1826,N,VIIRS,n,2.0NRT,298.96,3.75,D
-28.72567,-57.35288,367,0.41,0.61,2026-03-12,1826,N,VIIRS,h,2.0NRT,301.6,10.34,D
-29.82732,-62.40151,335.74,0.4,0.45,2026-03-12,1826,N,VIIRS,n,2.0NRT,301.46,3.45,D
-29.82818,-62.40569,339.3,0.4,0.44,2026-03-12,1826,N,VIIRS,n,2.0NRT,301.93,4.45,D
-29.82903,-62.40987,349.09,0.4,0.44,2026-03-12,1826,N,VIIRS,n,2.0NRT,304.01,4.45,D
-29.81915,-62.40366,339.08,0.4,0.45,2026-03-12,1826,N,VIIRS,n,2.0NRT,301.46,4.63,D
-29.81593,-62.40892,356.66,0.4,0.44,2026-03-12,1826,N,VIIRS,n,2.0NRT,305.39,13.89,D
-29.81679,-62.4131,339.82,0.4,0.44,2026-03-12,1826,N,VIIRS,n,2.0NRT,299.19,13.89,D
-29.81856,-62.408,367,0.4,0.45,2026-03-12,1826,N,VIIRS,h,2.0NRT,306.42,9.88,D
-29.81772,-62.4038,330.03,0.4,0.45,2026-03-12,1826,N,VIIRS,n,2.0NRT,300.61,4.49,D
-29.8194,-62.41219,332.77,0.4,0.45,2026-03-12,1826,N,VIIRS,n,2.0NRT,302.15,9.88,D
-29.81448,-62.40908,345.05,0.4,0.45,2026-03-12,1826,N,VIIRS,n,2.0NRT,300,9.88,D
-29.81531,-62.41327,340.53,0.4,0.45,2026-03-12,1826,N,VIIRS,n,2.0NRT,297.73,9.88,D
-28.42662,-56.64471,348.01,0.46,0.63,2026-03-12,1826,N,VIIRS,n,2.0NRT,298.43,3.75,D
-29.7119,-62.76268,330.58,0.39,0.44,2026-03-12,1826,N,VIIRS,n,2.0NRT,299.1,2.43,D
-29.67413,-62.76402,335.65,0.39,0.44,2026-03-12,1826,N,VIIRS,n,2.0NRT,299.92,3.58,D
-29.25818,-60.82062,336.52,0.51,0.49,2026-03-12,1826,N,VIIRS,n,2.0NRT,299.88,7.99,D
-29.67011,-62.76506,335.02,0.39,0.44,2026-03-12,1826,N,VIIRS,n,2.0NRT,298.22,2.99,D
-29.25367,-60.82187,345.93,0.51,0.49,2026-03-12,1826,N,VIIRS,n,2.0NRT,298.69,7.99,D
-29.25481,-60.82707,331.29,0.51,0.49,2026-03-12,1826,N,VIIRS,n,2.0NRT,299.4,5.27,D
-29.671,-62.76499,343.91,0.39,0.44,2026-03-12,1826,N,VIIRS,n,2.0NRT,298.86,5.09,D
-29.25404,-60.8197,337.56,0.51,0.49,2026-03-12,1826,N,VIIRS,n,2.0NRT,296.81,6.82,D
-29.25516,-60.82492,351.89,0.51,0.49,2026-03-12,1826,N,VIIRS,n,2.0NRT,301.16,10.62,D
-28.21569,-56.7276,333.27,0.46,0.63,2026-03-12,1826,N,VIIRS,n,2.0NRT,297.54,2.99,D
-28.21108,-56.73408,329.21,0.46,0.63,2026-03-12,1826,N,VIIRS,n,2.0NRT,298.09,2.72,D
-28.12464,-56.44563,367,0.48,0.64,2026-03-12,1826,N,VIIRS,h,2.0NRT,300.35,17.6,D
-28.12338,-56.44074,343.07,0.48,0.64,2026-03-12,1826,N,VIIRS,n,2.0NRT,298.03,22.62,D
-28.11623,-56.4377,367,0.48,0.64,2026-03-12,1826,N,VIIRS,h,2.0NRT,298.55,22.62,D
-28.11749,-56.44258,367,0.48,0.64,2026-03-12,1826,N,VIIRS,h,2.0NRT,301.38,22.62,D
-28.11875,-56.44748,355.07,0.48,0.64,2026-03-12,1826,N,VIIRS,n,2.0NRT,297.73,17.6,D
-28.11033,-56.43955,334.53,0.48,0.64,2026-03-12,1826,N,VIIRS,n,2.0NRT,297.65,4.29,D
-28.21313,-56.73224,340.02,0.46,0.63,2026-03-12,1826,N,VIIRS,n,2.0NRT,299.01,6.43,D
-28.85147,-59.4375,331.13,0.62,0.54,2026-03-12,1826,N,VIIRS,n,2.0NRT,294.69,3.89,D
-28.12137,-56.43979,335.2,0.48,0.65,2026-03-12,1826,N,VIIRS,n,2.0NRT,296.99,23.98,D
-28.1226,-56.4447,356.83,0.48,0.64,2026-03-12,1826,N,VIIRS,n,2.0NRT,304.05,36.86,D
-28.11424,-56.43675,367,0.48,0.65,2026-03-12,1826,N,VIIRS,h,2.0NRT,296.91,18.14,D
-28.11547,-56.44165,367,0.48,0.65,2026-03-12,1826,N,VIIRS,h,2.0NRT,298.26,18.14,D
-28.11671,-56.44656,367,0.48,0.64,2026-03-12,1826,N,VIIRS,h,2.0NRT,298.62,13.97,D
-27.71721,-54.97642,329.6,0.59,0.7,2026-03-12,1826,N,VIIRS,n,2.0NRT,292.43,2.56,D
-27.96807,-56.01422,337.07,0.51,0.66,2026-03-12,1826,N,VIIRS,n,2.0NRT,299.11,6.89,D
-27.96199,-56.01601,367,0.51,0.66,2026-03-12,1826,N,VIIRS,h,2.0NRT,297.85,6.89,D
-28.53444,-58.44389,348.02,0.36,0.57,2026-03-12,1826,N,VIIRS,n,2.0NRT,297.67,6.42,D
-28.52831,-58.44177,367,0.36,0.57,2026-03-12,1826,N,VIIRS,h,2.0NRT,298.55,6.42,D
-28.52919,-58.44545,345.35,0.36,0.57,2026-03-12,1826,N,VIIRS,n,2.0NRT,297.34,6.42,D
-28.52308,-58.44336,330.44,0.36,0.57,2026-03-12,1826,N,VIIRS,n,2.0NRT,294.75,4.77,D
-29.16021,-61.8014,330.61,0.45,0.47,2026-03-12,1826,N,VIIRS,n,2.0NRT,300.01,9.98,D
-29.16118,-61.80601,343.84,0.45,0.47,2026-03-12,1826,N,VIIRS,n,2.0NRT,303.74,9.98,D
-28.21178,-57.89371,343.11,0.39,0.6,2026-03-12,1826,N,VIIRS,n,2.0NRT,297.57,3.11,D
-28.44794,-58.9584,352.1,0.34,0.56,2026-03-12,1826,N,VIIRS,n,2.0NRT,296.61,3.86,D
-28.37975,-58.99466,336.19,0.34,0.56,2026-03-12,1826,N,VIIRS,n,2.0NRT,298.8,6.71,D
-28.37385,-58.99271,367,0.34,0.56,2026-03-12,1826,N,VIIRS,h,2.0NRT,297.59,6.71,D
-28.37465,-58.99615,367,0.34,0.56,2026-03-12,1826,N,VIIRS,h,2.0NRT,296.95,6.71,D
-28.36875,-58.99419,335.96,0.34,0.56,2026-03-12,1826,N,VIIRS,n,2.0NRT,296.82,1.47,D
-28.36955,-58.99764,333.74,0.34,0.56,2026-03-12,1826,N,VIIRS,n,2.0NRT,297.34,1.47,D
-28.35694,-58.99029,337.82,0.34,0.56,2026-03-12,1826,N,VIIRS,n,2.0NRT,299.12,4.37,D
-28.35774,-58.99373,348.88,0.34,0.56,2026-03-12,1826,N,VIIRS,n,2.0NRT,299.8,4.37,D
-28.27358,-59.15078,345.2,0.33,0.55,2026-03-12,1826,N,VIIRS,n,2.0NRT,297.12,3.34,D
-28.1195,-58.63665,367,0.36,0.57,2026-03-12,1826,N,VIIRS,h,2.0NRT,299.72,15.27,D
-28.11863,-58.633,336.88,0.36,0.57,2026-03-12,1826,N,VIIRS,n,2.0NRT,295.2,6.51,D
-28.11339,-58.63454,367,0.36,0.57,2026-03-12,1826,N,VIIRS,h,2.0NRT,298.55,6.51,D
-28.11252,-58.63089,339.7,0.36,0.57,2026-03-12,1826,N,VIIRS,n,2.0NRT,298.09,6.51,D
-28.12251,-58.63773,367,0.36,0.57,2026-03-12,1826,N,VIIRS,h,2.0NRT,299.95,10.96,D
-28.12166,-58.63407,340.12,0.36,0.57,2026-03-12,1826,N,VIIRS,n,2.0NRT,296.39,5.88,D
-28.11558,-58.63195,333.09,0.36,0.57,2026-03-12,1826,N,VIIRS,n,2.0NRT,296.87,5.88,D
-28.11642,-58.63562,345.54,0.36,0.57,2026-03-12,1826,N,VIIRS,n,2.0NRT,297.53,5.88,D
-28.11034,-58.63351,343.62,0.36,0.57,2026-03-12,1826,N,VIIRS,n,2.0NRT,297.55,4.97,D
-28.19751,-59.20051,346.79,0.33,0.55,2026-03-12,1826,N,VIIRS,n,2.0NRT,300.29,3.1,D
-28.19089,-59.19522,367,0.33,0.55,2026-03-12,1826,N,VIIRS,h,2.0NRT,302.39,12.58,D
-28.19167,-59.1986,342.58,0.33,0.55,2026-03-12,1826,N,VIIRS,n,2.0NRT,302.13,12.58,D
-28.19245,-59.20198,333.82,0.33,0.55,2026-03-12,1826,N,VIIRS,n,2.0NRT,300.03,3.1,D
-28.18661,-59.20006,367,0.33,0.55,2026-03-12,1826,N,VIIRS,h,2.0NRT,298.87,10.36,D
-28.18739,-59.20345,332.25,0.33,0.55,2026-03-12,1826,N,VIIRS,n,2.0NRT,298.77,5.18,D
-28.13834,-59.22486,343.83,0.33,0.55,2026-03-12,1826,N,VIIRS,n,2.0NRT,303.12,3.1,D
-28.13248,-59.22293,340.13,0.33,0.55,2026-03-12,1826,N,VIIRS,n,2.0NRT,301.06,5.97,D
-28.13328,-59.22631,331.66,0.33,0.55,2026-03-12,1826,N,VIIRS,n,2.0NRT,301.6,3.1,D
-28.13624,-59.2234,355.9,0.33,0.55,2026-03-12,1826,N,VIIRS,n,2.0NRT,302.69,7.55,D
-28.13701,-59.22678,341.73,0.33,0.55,2026-03-12,1826,N,VIIRS,n,2.0NRT,303.05,4.19,D
-28.05737,-59.16287,334.04,0.33,0.56,2026-03-12,1826,N,VIIRS,n,2.0NRT,297.65,1.86,D
-27.99646,-59.08882,367,0.34,0.56,2026-03-12,1826,N,VIIRS,h,2.0NRT,301.77,20.14,D
-27.99134,-59.09028,367,0.34,0.56,2026-03-12,1826,N,VIIRS,h,2.0NRT,299.82,20.14,D
-27.99215,-59.09373,340.41,0.34,0.56,2026-03-12,1826,N,VIIRS,n,2.0NRT,303.4,30.1,D
-27.99649,-59.089,367,0.34,0.56,2026-03-12,1826,N,VIIRS,h,2.0NRT,301.48,20.3,D
-27.99137,-59.09047,367,0.34,0.56,2026-03-12,1826,N,VIIRS,h,2.0NRT,299.66,20.3,D
-27.99216,-59.09393,339.55,0.34,0.56,2026-03-12,1826,N,VIIRS,n,2.0NRT,303.72,30.45,D
-28.10186,-59.6244,333.64,0.63,0.54,2026-03-12,1826,N,VIIRS,n,2.0NRT,300.61,7.7,D
-27.75266,-58.13996,367,0.39,0.59,2026-03-12,1826,N,VIIRS,h,2.0NRT,300.54,7.25,D
-27.75172,-58.13599,349.58,0.39,0.59,2026-03-12,1826,N,VIIRS,n,2.0NRT,299.68,7.25,D
-27.9701,-59.09294,341.57,0.34,0.56,2026-03-12,1826,N,VIIRS,n,2.0NRT,298.88,2.78,D
-27.52871,-57.66377,367,0.42,0.61,2026-03-12,1826,N,VIIRS,h,2.0NRT,302.75,15.81,D
-27.52768,-57.65949,354.26,0.42,0.61,2026-03-12,1826,N,VIIRS,n,2.0NRT,299.23,15.56,D
-28.16517,-60.42632,343.94,0.56,0.52,2026-03-12,1826,N,VIIRS,n,2.0NRT,297.09,10.25,D
-28.16171,-60.43336,348.25,0.56,0.52,2026-03-12,1826,N,VIIRS,n,2.0NRT,296.7,10.25,D
-27.80346,-58.89466,339.29,0.35,0.57,2026-03-12,1826,N,VIIRS,n,2.0NRT,297.01,3.64,D
-27.7939,-58.90125,367,0.35,0.57,2026-03-12,1826,N,VIIRS,h,2.0NRT,299.48,14.08,D
-27.4885,-57.67126,367,0.42,0.61,2026-03-12,1826,N,VIIRS,h,2.0NRT,301.92,16.12,D
-27.48746,-57.66699,339.6,0.42,0.61,2026-03-12,1826,N,VIIRS,n,2.0NRT,299.93,16.12,D
-27.48955,-57.67553,353.37,0.42,0.61,2026-03-12,1826,N,VIIRS,n,2.0NRT,299.21,11.3,D
-27.77664,-58.89862,342.15,0.35,0.57,2026-03-12,1826,N,VIIRS,n,2.0NRT,297.56,3.72,D
-27.41618,-57.42636,347.46,0.44,0.62,2026-03-12,1826,N,VIIRS,n,2.0NRT,294.13,6.7,D
-28.26974,-61.15399,336.05,0.51,0.49,2026-03-12,1826,N,VIIRS,n,2.0NRT,296.33,4.74,D
-27.69961,-60.91092,335.65,0.54,0.51,2026-03-12,1826,N,VIIRS,n,2.0NRT,298.52,4.08,D
-28.28087,-63.82647,332.97,0.54,0.42,2026-03-12,1826,N,VIIRS,n,2.0NRT,293.52,0.96,D
-27.31371,-59.47091,330.05,0.33,0.55,2026-03-12,1826,N,VIIRS,n,2.0NRT,299.07,3.25,D
-27.31631,-59.46465,367,0.33,0.56,2026-03-12,1826,N,VIIRS,h,2.0NRT,294.9,6.38,D
-27.11636,-58.69035,338.17,0.37,0.58,2026-03-12,1826,N,VIIRS,n,2.0NRT,291.76,4.56,D
-27.80235,-62.30336,332.28,0.45,0.47,2026-03-12,1826,N,VIIRS,n,2.0NRT,293.53,2.94,D
-26.89135,-59.00147,335.2,0.36,0.58,2026-03-12,1826,N,VIIRS,n,2.0NRT,297.42,7,D
-26.88695,-59.00663,367,0.36,0.57,2026-03-12,1826,N,VIIRS,h,2.0NRT,297.35,7,D
-26.88608,-59.00296,343.99,0.36,0.58,2026-03-12,1826,N,VIIRS,n,2.0NRT,296.32,7,D
-26.88866,-58.99998,341.05,0.36,0.58,2026-03-12,1826,N,VIIRS,n,2.0NRT,295.94,5.95,D
-26.8895,-59.00366,337.65,0.36,0.58,2026-03-12,1826,N,VIIRS,n,2.0NRT,298.44,7.57,D
-26.88424,-59.00518,367,0.36,0.58,2026-03-12,1826,N,VIIRS,h,2.0NRT,296.05,5.71,D
-26.88508,-59.00885,334.36,0.36,0.58,2026-03-12,1826,N,VIIRS,n,2.0NRT,294.15,5.71,D
-27.16193,-60.47531,337.58,0.59,0.53,2026-03-12,1826,N,VIIRS,n,2.0NRT,299.98,9.48,D
-27.16323,-60.48124,352.43,0.59,0.52,2026-03-12,1826,N,VIIRS,n,2.0NRT,302.8,10.98,D
-26.63092,-58.2457,345.7,0.41,0.6,2026-03-12,1826,N,VIIRS,n,2.0NRT,298.21,8.67,D
-26.6319,-58.24979,352.97,0.41,0.6,2026-03-12,1826,N,VIIRS,n,2.0NRT,297.97,10.93,D
-26.59936,-58.18859,332.52,0.41,0.61,2026-03-12,1826,N,VIIRS,n,2.0NRT,295.37,2.3,D
-26.53828,-58.89573,332.88,0.37,0.58,2026-03-12,1826,N,VIIRS,n,2.0NRT,296.29,5,D
-26.5368,-58.89495,341,0.37,0.58,2026-03-12,1826,N,VIIRS,n,2.0NRT,296.75,4.08,D
-26.28665,-58.22885,335.04,0.41,0.61,2026-03-12,1826,N,VIIRS,n,2.0NRT,295.43,8.47,D
-26.28765,-58.23301,333.38,0.41,0.61,2026-03-12,1826,N,VIIRS,n,2.0NRT,295.44,8.38,D
-26.26872,-58.33698,337.14,0.41,0.61,2026-03-12,1826,N,VIIRS,n,2.0NRT,296.84,2.84,D
-26.43781,-59.13482,367,0.36,0.58,2026-03-12,1826,N,VIIRS,h,2.0NRT,298.55,8.64,D
-26.41715,-59.06992,330.49,0.37,0.58,2026-03-12,1826,N,VIIRS,n,2.0NRT,296.93,1.78,D
-26.43168,-59.13264,334.75,0.36,0.58,2026-03-12,1826,N,VIIRS,n,2.0NRT,297.1,4.7,D
-26.43253,-59.13631,332.35,0.36,0.58,2026-03-12,1826,N,VIIRS,n,2.0NRT,296.98,3.33,D
-26.07062,-58.16553,337.04,0.42,0.61,2026-03-12,1826,N,VIIRS,n,2.0NRT,296.48,4.79,D
-26.21131,-59.1973,357.74,0.36,0.58,2026-03-12,1826,N,VIIRS,n,2.0NRT,297.11,5.88,D
-26.14187,-59.39497,367,0.36,0.57,2026-03-12,1826,N,VIIRS,h,2.0NRT,299.8,15.27,D
-26.11806,-59.34031,357.5,0.36,0.57,2026-03-12,1826,N,VIIRS,n,2.0NRT,298.76,8.12,D
-25.74689,-57.93313,334.2,0.44,0.63,2026-03-12,1826,N,VIIRS,n,2.0NRT,295.5,7.63,D
-25.74798,-57.93758,334.26,0.44,0.63,2026-03-12,1826,N,VIIRS,n,2.0NRT,295.78,6.75,D
-25.74879,-57.9353,339.58,0.44,0.63,2026-03-12,1826,N,VIIRS,n,2.0NRT,296.06,4.64,D
-25.74307,-57.93695,333.5,0.44,0.63,2026-03-12,1826,N,VIIRS,n,2.0NRT,295.66,4.64,D
-25.67766,-57.76738,339.48,0.45,0.63,2026-03-12,1826,N,VIIRS,n,2.0NRT,297.95,6.62,D
-25.50311,-57.62827,337.81,0.47,0.64,2026-03-12,1826,N,VIIRS,n,2.0NRT,296.02,7.11,D
-25.4914,-57.63166,333.33,0.47,0.64,2026-03-12,1826,N,VIIRS,n,2.0NRT,294.52,2.9,D
-25.48553,-57.63334,332.27,0.47,0.64,2026-03-12,1826,N,VIIRS,n,2.0NRT,295.01,2.9,D
-25.48335,-57.6339,334.54,0.47,0.64,2026-03-12,1826,N,VIIRS,n,2.0NRT,294.74,2.85,D
-25.53336,-58.6867,338.23,0.4,0.6,2026-03-12,1826,N,VIIRS,n,2.0NRT,298.41,2.3,D
-25.02816,-59.30286,348.79,0.38,0.59,2026-03-12,1826,N,VIIRS,n,2.0NRT,298.68,3.98,D
-24.8629,-60.05865,337.27,0.35,0.56,2026-03-12,1826,N,VIIRS,n,2.0NRT,299.32,3.25,D
-24.86368,-60.0621,341.77,0.35,0.56,2026-03-12,1826,N,VIIRS,n,2.0NRT,298.99,3.25,D
-26.07486,-54.53293,303.93,0.53,0.67,2026-03-13,0400,N,VIIRS,n,2.0NRT,288.81,2.04,N
-26.07632,-54.53814,304.96,0.53,0.67,2026-03-13,0400,N,VIIRS,n,2.0NRT,289.32,1.92,N
-26.07764,-54.5329,299.46,0.53,0.67,2026-03-13,0400,N,VIIRS,n,2.0NRT,288.84,0.91,N
-28.1339,-55.90079,317.81,0.57,0.69,2026-03-13,0402,N,VIIRS,n,2.0NRT,290.73,4.87,N
-28.13233,-55.90658,328.14,0.57,0.69,2026-03-13,0402,N,VIIRS,n,2.0NRT,291.96,6.64,N
-28.13684,-55.91366,313.25,0.57,0.69,2026-03-13,0402,N,VIIRS,n,2.0NRT,290.63,56.16,N
-28.1399,-55.90202,343.61,0.57,0.69,2026-03-13,0402,N,VIIRS,n,2.0NRT,291.24,70.04,N
-28.13837,-55.90785,367,0.57,0.69,2026-03-13,0402,N,VIIRS,h,2.0NRT,305.2,70.04,N
-28.13217,-55.90541,329.65,0.57,0.69,2026-03-13,0402,N,VIIRS,n,2.0NRT,291.81,5.24,N
-26.93074,-54.36341,304.56,0.5,0.66,2026-03-13,0402,N,VIIRS,n,2.0NRT,288.83,1.16,N
-26.92947,-54.36842,305.46,0.5,0.66,2026-03-13,0402,N,VIIRS,n,2.0NRT,289.33,1.73,N
-28.95469,-57.59474,303.68,0.67,0.74,2026-03-13,0402,N,VIIRS,n,2.0NRT,288.47,1.84,N
-28.13699,-55.91473,303.85,0.57,0.69,2026-03-13,0402,N,VIIRS,n,2.0NRT,289.99,55.29,N
-28.14011,-55.90316,329,0.57,0.69,2026-03-13,0402,N,VIIRS,n,2.0NRT,292.54,59.55,N
-28.13855,-55.90896,367,0.57,0.69,2026-03-13,0402,N,VIIRS,h,2.0NRT,299.83,55.29,N
-34.85762,-57.89504,311.44,0.5,0.65,2026-03-13,0404,N,VIIRS,n,2.0NRT,287.39,1.77,N
-34.85818,-57.89394,299.72,0.5,0.65,2026-03-13,0404,N,VIIRS,n,2.0NRT,287.14,1.05,N
-34.85667,-57.89933,308.66,0.5,0.66,2026-03-13,0404,N,VIIRS,n,2.0NRT,287.18,1.05,N
-34.85608,-57.90042,297.68,0.5,0.65,2026-03-13,0404,N,VIIRS,n,2.0NRT,286.41,1.85,N
-52.73595,-68.55915,302.52,0.41,0.61,2026-03-13,0408,N,VIIRS,n,2.0NRT,265.68,0.95,N
-24.81826,-60.69194,353.26,0.41,0.45,2026-03-13,0540,N,VIIRS,n,2.0NRT,292.19,7.96,N
-24.81411,-60.69134,327.9,0.41,0.45,2026-03-13,0540,N,VIIRS,n,2.0NRT,291.77,2.18,N
-28.14017,-55.90165,307.5,0.43,0.62,2026-03-13,0542,N,VIIRS,n,2.0NRT,289.62,3.25,N
-27.08136,-60.91581,305.74,0.42,0.45,2026-03-13,0542,N,VIIRS,n,2.0NRT,289.9,0.88,N
-27.08124,-60.91676,301.6,0.42,0.45,2026-03-13,0542,N,VIIRS,n,2.0NRT,289.75,0.66,N
-28.13983,-55.90618,346.56,0.43,0.62,2026-03-13,0542,N,VIIRS,n,2.0NRT,292.45,3.25,N
-30.00275,-62.60896,308.28,0.55,0.43,2026-03-13,0542,N,VIIRS,n,2.0NRT,288.39,1.38,N
-30.00544,-62.55034,298.5,0.55,0.43,2026-03-13,0542,N,VIIRS,n,2.0NRT,288.39,0.5,N
-29.99879,-62.60836,314.22,0.55,0.43,2026-03-13,0542,N,VIIRS,n,2.0NRT,289.1,1.96,N
-30.07207,-60.90453,306.08,0.45,0.47,2026-03-13,0542,N,VIIRS,n,2.0NRT,288.15,1.18,N
-30.07224,-60.90287,304.61,0.45,0.47,2026-03-13,0542,N,VIIRS,n,2.0NRT,288.01,1.36,N
-29.8308,-62.86339,304.12,0.53,0.42,2026-03-13,0542,N,VIIRS,n,2.0NRT,290.61,1.07,N
-29.83012,-62.86895,340.59,0.53,0.42,2026-03-13,0542,N,VIIRS,n,2.0NRT,291.76,5.72,N
-29.79961,-62.85846,301.17,0.53,0.42,2026-03-13,0542,N,VIIRS,n,2.0NRT,290.43,0.63,N
-29.79828,-62.86958,314.5,0.53,0.42,2026-03-13,0542,N,VIIRS,n,2.0NRT,290.65,2.87,N
-29.79895,-62.86402,328.6,0.53,0.42,2026-03-13,0542,N,VIIRS,n,2.0NRT,290.97,2.87,N
-29.79505,-62.8634,328.92,0.53,0.42,2026-03-13,0542,N,VIIRS,n,2.0NRT,290.61,8.7,N
-29.79438,-62.86896,345.31,0.53,0.42,2026-03-13,0542,N,VIIRS,n,2.0NRT,292.72,8.7,N
-29.45615,-61.96333,308.3,0.39,0.44,2026-03-13,0542,N,VIIRS,n,2.0NRT,287.69,0.72,N
-29.45207,-61.96272,301.35,0.39,0.44,2026-03-13,0542,N,VIIRS,n,2.0NRT,287.85,0.72,N
-29.17603,-61.45296,313.83,0.41,0.45,2026-03-13,0542,N,VIIRS,n,2.0NRT,288.09,1.33,N
-29.09331,-61.18938,305.27,0.43,0.46,2026-03-13,0542,N,VIIRS,n,2.0NRT,287.36,1.02,N
-29.09284,-61.19383,303.67,0.43,0.46,2026-03-13,0542,N,VIIRS,n,2.0NRT,287.63,1.02,N
-29.09236,-61.19829,315.21,0.43,0.46,2026-03-13,0542,N,VIIRS,n,2.0NRT,288.19,1.72,N
-28.22158,-62.46804,300.79,0.53,0.42,2026-03-13,0542,N,VIIRS,n,2.0NRT,288.89,0.67,N
-28.22092,-62.47359,301.14,0.53,0.42,2026-03-13,0542,N,VIIRS,n,2.0NRT,288.87,0.67,N
-27.55896,-66.32342,305.58,0.39,0.36,2026-03-13,0542,N,VIIRS,n,2.0NRT,287.99,0.58,N
-33.3682,-60.1642,315.81,0.55,0.51,2026-03-13,0544,N,VIIRS,n,2.0NRT,286.35,3.7,N
-31.8579,-68.29269,306.42,0.38,0.36,2026-03-13,0544,N,VIIRS,n,2.0NRT,290.85,0.59,N
-31.86974,-68.39204,303.41,0.38,0.36,2026-03-13,0544,N,VIIRS,n,2.0NRT,290.93,0.45,N
-33.25623,-60.28601,321.5,0.54,0.5,2026-03-13,0544,N,VIIRS,n,2.0NRT,287.18,4.19,N
-33.37453,-60.14684,322.85,0.55,0.51,2026-03-13,0544,N,VIIRS,n,2.0NRT,286.52,3.38,N
-32.73863,-68.84628,305.84,0.38,0.36,2026-03-13,0544,N,VIIRS,n,2.0NRT,291.04,0.89,N
-34.14889,-58.98982,314.6,0.32,0.55,2026-03-13,0544,N,VIIRS,n,2.0NRT,287.57,1.84,N
-34.14915,-58.98619,309.16,0.32,0.55,2026-03-13,0544,N,VIIRS,n,2.0NRT,287.99,1.54,N
-33.06389,-68.97409,302.33,0.38,0.36,2026-03-13,0544,N,VIIRS,n,2.0NRT,291.18,1.69,N
-34.85556,-57.89698,301.28,0.38,0.59,2026-03-13,0544,N,VIIRS,n,2.0NRT,287.71,1.57,N
-34.85582,-57.89265,311.1,0.38,0.59,2026-03-13,0544,N,VIIRS,n,2.0NRT,288.26,1.59,N
-37.08513,-69.47837,311.45,0.39,0.36,2026-03-13,0544,N,VIIRS,n,2.0NRT,280.38,0.66,N
-37.42875,-69.17375,317.79,0.39,0.36,2026-03-13,0544,N,VIIRS,n,2.0NRT,274.51,1.29,N
-37.52841,-69.08994,320.4,0.39,0.36,2026-03-13,0544,N,VIIRS,n,2.0NRT,289.22,0.95,N
-37.71308,-69.13602,329.15,0.39,0.36,2026-03-13,0544,N,VIIRS,n,2.0NRT,288.37,1.39,N
-37.71242,-69.14044,297.82,0.39,0.36,2026-03-13,0544,N,VIIRS,n,2.0NRT,287.27,1.39,N
-37.71152,-69.26585,305.54,0.39,0.36,2026-03-13,0544,N,VIIRS,n,2.0NRT,288.58,0.64,N
-37.71487,-69.26664,303.64,0.39,0.36,2026-03-13,0544,N,VIIRS,n,2.0NRT,288.29,0.64,N
-38.01229,-68.59622,328.58,0.4,0.37,2026-03-13,0544,N,VIIRS,n,2.0NRT,291.94,2.33,N
-38.01568,-68.59698,307.63,0.4,0.37,2026-03-13,0544,N,VIIRS,n,2.0NRT,290.34,0.93,N
-38.15798,-68.69598,313.01,0.4,0.37,2026-03-13,0544,N,VIIRS,n,2.0NRT,289.91,0.87,N
-38.28579,-68.75137,319.67,0.4,0.37,2026-03-13,0544,N,VIIRS,n,2.0NRT,289.1,1.35,N
-38.45552,-68.4938,330.96,0.4,0.37,2026-03-13,0546,N,VIIRS,n,2.0NRT,289.63,2.92,N
-38.70049,-68.70094,327.56,0.4,0.37,2026-03-13,0546,N,VIIRS,n,2.0NRT,288.2,1.65,N
-38.69983,-68.70558,309.12,0.4,0.37,2026-03-13,0546,N,VIIRS,n,2.0NRT,287.35,1.65,N
-38.74368,-68.83745,329.49,0.4,0.37,2026-03-13,0546,N,VIIRS,n,2.0NRT,289.47,3.38,N
-38.74706,-68.83825,304.84,0.4,0.37,2026-03-13,0546,N,VIIRS,n,2.0NRT,286.49,0.71,N
-38.91042,-69.17929,312.48,0.39,0.36,2026-03-13,0546,N,VIIRS,n,2.0NRT,287.34,0.85,N
-38.37254,-68.60827,303.42,0.4,0.37,2026-03-13,0546,N,VIIRS,n,2.0NRT,288.79,0.48,N
-38.69797,-68.70316,335.98,0.44,0.46,2026-03-13,1804,N,VIIRS,l,2.0NRT,309.65,1.09,D
-38.09847,-68.66409,339.54,0.43,0.46,2026-03-13,1804,N,VIIRS,n,2.0NRT,313.66,1.42,D
-38.01715,-68.59686,339.97,0.43,0.46,2026-03-13,1804,N,VIIRS,l,2.0NRT,314.01,2.68,D
-37.42843,-69.17237,343.44,0.45,0.47,2026-03-13,1804,N,VIIRS,n,2.0NRT,306.81,5.15,D
-36.78907,-59.9095,333.88,0.4,0.37,2026-03-13,1804,N,VIIRS,n,2.0NRT,302.52,1.98,D
-40.13885,-64.39445,333.74,0.45,0.39,2026-03-13,1804,N,VIIRS,n,2.0NRT,297.13,4.3,D
-38.17328,-58.74486,331.88,0.41,0.37,2026-03-13,1804,N,VIIRS,n,2.0NRT,306.35,1.71,D
-38.16422,-62.60363,334.08,0.39,0.36,2026-03-13,1804,N,VIIRS,n,2.0NRT,299.51,3.68,D
-38.74468,-68.83671,345.3,0.45,0.47,2026-03-13,1804,N,VIIRS,n,2.0NRT,310.41,4.07,D
-38.74549,-68.8377,343.23,0.45,0.47,2026-03-13,1804,N,VIIRS,n,2.0NRT,310.96,2.18,D
-33.66977,-59.38191,331.02,0.44,0.39,2026-03-13,1806,N,VIIRS,n,2.0NRT,297.49,5.96,D
-33.75481,-59.41249,331.9,0.44,0.38,2026-03-13,1806,N,VIIRS,l,2.0NRT,306.25,3.77,D
-33.93617,-59.75508,335.34,0.43,0.38,2026-03-13,1806,N,VIIRS,n,2.0NRT,300.74,6.33,D
-33.83298,-59.16266,331.27,0.45,0.39,2026-03-13,1806,N,VIIRS,n,2.0NRT,291.96,2.99,D
-33.7655,-58.6132,338.95,0.47,0.4,2026-03-13,1806,N,VIIRS,n,2.0NRT,299.65,4,D
-34.15,-58.984,330.65,0.45,0.39,2026-03-13,1806,N,VIIRS,n,2.0NRT,295.64,3.15,D
-34.18211,-59.01651,337.83,0.45,0.39,2026-03-13,1806,N,VIIRS,n,2.0NRT,295.01,7.28,D
-34.18567,-59.01558,338.46,0.45,0.39,2026-03-13,1806,N,VIIRS,n,2.0NRT,302.85,27.66,D
-34.18479,-59.01068,342.81,0.45,0.39,2026-03-13,1806,N,VIIRS,n,2.0NRT,297.49,27.66,D
-34.18195,-59.01332,351.5,0.45,0.39,2026-03-13,1806,N,VIIRS,n,2.0NRT,296.32,12.73,D
-34.18642,-59.01727,331.89,0.45,0.39,2026-03-13,1806,N,VIIRS,n,2.0NRT,287.51,12.73,D
-34.18551,-59.01239,350.39,0.45,0.39,2026-03-13,1806,N,VIIRS,n,2.0NRT,299.78,12.73,D
-34.14698,-58.68546,331.8,0.46,0.39,2026-03-13,1806,N,VIIRS,n,2.0NRT,284.14,6.09,D
-34.52015,-59.1206,330.59,0.44,0.38,2026-03-13,1806,N,VIIRS,n,2.0NRT,300,0.8,D
-29.23082,-57.86824,335.44,0.4,0.44,2026-03-13,1806,N,VIIRS,n,2.0NRT,303.77,3.93,D
-29.24517,-57.76786,336.39,0.41,0.45,2026-03-13,1806,N,VIIRS,l,2.0NRT,306.62,3.79,D
-30.10689,-62.7379,331.26,0.39,0.36,2026-03-13,1806,N,VIIRS,n,2.0NRT,300.63,1.36,D
-29.18832,-57.87054,334.56,0.4,0.44,2026-03-13,1806,N,VIIRS,n,2.0NRT,299.5,2.93,D
-29.23388,-58.0956,347.9,0.39,0.44,2026-03-13,1806,N,VIIRS,n,2.0NRT,309.39,6.65,D
-30.00642,-62.54859,335.98,0.39,0.36,2026-03-13,1806,N,VIIRS,n,2.0NRT,304.49,2.36,D
-29.87063,-61.04731,338.92,0.43,0.38,2026-03-13,1806,N,VIIRS,n,2.0NRT,301.14,4.69,D
-29.87081,-61.04853,335.93,0.43,0.38,2026-03-13,1806,N,VIIRS,n,2.0NRT,301.31,3.68,D
-30.18143,-62.80645,347.1,0.39,0.36,2026-03-13,1806,N,VIIRS,n,2.0NRT,302.93,5.52,D
-30.18079,-62.8024,348.89,0.39,0.36,2026-03-13,1806,N,VIIRS,n,2.0NRT,303.36,5.52,D
-29.25426,-57.69954,340.82,0.41,0.45,2026-03-13,1806,N,VIIRS,n,2.0NRT,300.3,7.21,D
-29.05503,-56.59628,343.77,0.48,0.48,2026-03-13,1806,N,VIIRS,n,2.0NRT,296.09,4.27,D
-29.30769,-57.79203,332.96,0.41,0.45,2026-03-13,1806,N,VIIRS,l,2.0NRT,305.06,3.09,D
-29.30684,-57.78785,342.64,0.41,0.45,2026-03-13,1806,N,VIIRS,n,2.0NRT,305.01,3.09,D
-30.12159,-59.92637,333.11,0.47,0.39,2026-03-13,1806,N,VIIRS,n,2.0NRT,301.36,4.28,D
-31.45392,-68.2749,346.43,0.52,0.42,2026-03-13,1806,N,VIIRS,n,2.0NRT,305.81,35.64,D
-30.4662,-61.35343,343.11,0.41,0.37,2026-03-13,1806,N,VIIRS,n,2.0NRT,302.27,4.84,D
-31.44977,-68.27327,348.84,0.52,0.42,2026-03-13,1806,N,VIIRS,n,2.0NRT,300.7,8.33,D
-30.46749,-61.35383,339.43,0.41,0.37,2026-03-13,1806,N,VIIRS,n,2.0NRT,301.58,3.78,D
-31.45365,-68.27266,344.11,0.52,0.42,2026-03-13,1806,N,VIIRS,n,2.0NRT,306.06,24.14,D
-30.38482,-59.52396,346.97,0.48,0.4,2026-03-13,1806,N,VIIRS,n,2.0NRT,301.87,7,D
-29.88261,-57.87319,344.23,0.39,0.44,2026-03-13,1806,N,VIIRS,n,2.0NRT,302.69,5.86,D
-30.76117,-60.87589,331.69,0.42,0.38,2026-03-13,1806,N,VIIRS,n,2.0NRT,300.8,3.25,D
-31.50033,-59.62062,338.91,0.46,0.39,2026-03-13,1806,N,VIIRS,n,2.0NRT,301.27,3.76,D
-31.72796,-60.5615,338.95,0.42,0.38,2026-03-13,1806,N,VIIRS,n,2.0NRT,305.13,6.44,D
-32.7883,-60.75907,338.82,0.41,0.37,2026-03-13,1806,N,VIIRS,n,2.0NRT,301.27,7.86,D
-32.51999,-58.49532,334.15,0.5,0.41,2026-03-13,1806,N,VIIRS,n,2.0NRT,301.72,4.44,D
-33.01966,-60.42449,354,0.42,0.37,2026-03-13,1806,N,VIIRS,n,2.0NRT,303.38,57.17,D
-33.02095,-60.42553,352.16,0.42,0.37,2026-03-13,1806,N,VIIRS,n,2.0NRT,309.64,46.57,D
-33.01297,-59.22095,343.53,0.46,0.39,2026-03-13,1806,N,VIIRS,n,2.0NRT,303.54,14.7,D
-33.1746,-60.00292,332.42,0.43,0.38,2026-03-13,1806,N,VIIRS,n,2.0NRT,302.32,5.36,D
-33.17809,-60.00204,334.88,0.43,0.38,2026-03-13,1806,N,VIIRS,n,2.0NRT,301.93,3.52,D
-33.25726,-60.28581,342.93,0.42,0.38,2026-03-13,1806,N,VIIRS,n,2.0NRT,306.07,5.53,D
-33.36923,-60.16116,339.47,0.42,0.38,2026-03-13,1806,N,VIIRS,n,2.0NRT,307.7,6.46,D
-33.37725,-60.14498,340.28,0.42,0.38,2026-03-13,1806,N,VIIRS,n,2.0NRT,309.13,4.25,D
-33.21717,-58.45139,340.28,0.49,0.4,2026-03-13,1806,N,VIIRS,n,2.0NRT,304.29,4.86,D
-33.22087,-58.4504,338.03,0.49,0.4,2026-03-13,1806,N,VIIRS,n,2.0NRT,306.23,4.86,D
-33.42796,-59.49541,346.95,0.44,0.38,2026-03-13,1806,N,VIIRS,n,2.0NRT,304.63,16.72,D
-26.55682,-59.24001,339.24,0.57,0.43,2026-03-13,1809,N,VIIRS,n,2.0NRT,306.09,33.16,D
-26.55902,-59.25145,335.19,0.57,0.43,2026-03-13,1809,N,VIIRS,n,2.0NRT,304.64,8.41,D
-26.44893,-59.05242,349.55,0.39,0.44,2026-03-13,1809,N,VIIRS,n,2.0NRT,302.83,6.36,D
-26.44933,-59.05238,350.72,0.39,0.44,2026-03-13,1809,N,VIIRS,n,2.0NRT,302.78,5.76,D
-26.4488,-59.09342,338.77,0.39,0.44,2026-03-13,1809,N,VIIRS,n,2.0NRT,301.64,2.34,D
-26.46688,-59.2095,330.46,0.57,0.43,2026-03-13,1809,N,VIIRS,l,2.0NRT,303.33,4.96,D
-26.2692,-58.21984,351.33,0.44,0.46,2026-03-13,1809,N,VIIRS,n,2.0NRT,306.6,8.1,D
-26.38475,-58.89377,354.87,0.4,0.44,2026-03-13,1809,N,VIIRS,n,2.0NRT,311.75,25.28,D
-26.38553,-58.89777,352.12,0.4,0.44,2026-03-13,1809,N,VIIRS,n,2.0NRT,317,25.28,D
-26.38068,-58.89475,347.6,0.4,0.44,2026-03-13,1809,N,VIIRS,n,2.0NRT,306.73,48.75,D
-26.38147,-58.89875,344.4,0.4,0.44,2026-03-13,1809,N,VIIRS,n,2.0NRT,317.74,48.75,D
-26.38225,-58.90276,352.48,0.4,0.44,2026-03-13,1809,N,VIIRS,n,2.0NRT,313.07,8.18,D
-26.37818,-58.90372,331.59,0.4,0.44,2026-03-13,1809,N,VIIRS,l,2.0NRT,304.29,8.18,D
-26.29385,-58.54218,337.17,0.42,0.45,2026-03-13,1809,N,VIIRS,n,2.0NRT,304.85,3.34,D
-26.23545,-58.51221,367,0.42,0.45,2026-03-13,1809,N,VIIRS,h,2.0NRT,308.15,7.28,D
-26.2363,-58.51642,350.25,0.42,0.45,2026-03-13,1809,N,VIIRS,n,2.0NRT,309.2,6.95,D
-26.23042,-58.509,334.49,0.42,0.45,2026-03-13,1809,N,VIIRS,n,2.0NRT,303.53,7.28,D
-26.23128,-58.51321,348.66,0.42,0.45,2026-03-13,1809,N,VIIRS,n,2.0NRT,309.32,7.28,D
-26.23555,-58.51077,345.58,0.42,0.45,2026-03-13,1809,N,VIIRS,n,2.0NRT,305.94,7.66,D
-26.23637,-58.515,352.86,0.42,0.45,2026-03-13,1809,N,VIIRS,n,2.0NRT,308.36,4.85,D
-26.2372,-58.51922,333.58,0.42,0.45,2026-03-13,1809,N,VIIRS,l,2.0NRT,306.37,4.85,D
-26.23138,-58.51178,367,0.42,0.45,2026-03-13,1809,N,VIIRS,h,2.0NRT,309.73,12.6,D
-26.15915,-58.23591,338.8,0.44,0.46,2026-03-13,1809,N,VIIRS,l,2.0NRT,311.09,4.46,D
-26.32385,-59.11837,348.01,0.39,0.44,2026-03-13,1809,N,VIIRS,n,2.0NRT,303.67,8.92,D
-26.32461,-59.12228,352.41,0.39,0.44,2026-03-13,1809,N,VIIRS,n,2.0NRT,304.29,7.26,D
-26.32536,-59.12617,351.04,0.39,0.44,2026-03-13,1809,N,VIIRS,n,2.0NRT,302.4,7.26,D
-26.06504,-58.0583,340.88,0.45,0.47,2026-03-13,1809,N,VIIRS,n,2.0NRT,302.03,2.96,D
-26.05797,-58.04584,340.67,0.45,0.47,2026-03-13,1809,N,VIIRS,n,2.0NRT,301.92,4.81,D
-26.0589,-58.05035,346.61,0.45,0.47,2026-03-13,1809,N,VIIRS,n,2.0NRT,304.16,4.81,D
-26.06075,-58.05935,335.78,0.45,0.47,2026-03-13,1809,N,VIIRS,n,2.0NRT,302.45,5.43,D
-26.06167,-58.06385,342.1,0.45,0.47,2026-03-13,1809,N,VIIRS,n,2.0NRT,303.02,6.07,D
-26.05368,-58.04689,334.07,0.45,0.47,2026-03-13,1809,N,VIIRS,n,2.0NRT,301.53,4.81,D
-26.0546,-58.0514,333.4,0.45,0.47,2026-03-13,1809,N,VIIRS,n,2.0NRT,301.17,4.81,D
-26.1857,-58.69791,342.1,0.41,0.45,2026-03-13,1809,N,VIIRS,n,2.0NRT,303.63,3.6,D
-26.08345,-58.23597,342.67,0.44,0.46,2026-03-13,1809,N,VIIRS,n,2.0NRT,306.58,7.48,D
-26.03986,-58.04557,341.41,0.45,0.47,2026-03-13,1809,N,VIIRS,n,2.0NRT,301.91,6.08,D
-26.04079,-58.05009,341.7,0.45,0.47,2026-03-13,1809,N,VIIRS,n,2.0NRT,302.87,4.9,D
-25.98604,-57.89044,336.98,0.46,0.47,2026-03-13,1809,N,VIIRS,n,2.0NRT,300.83,3.56,D
-26.06423,-58.41391,333.62,0.43,0.46,2026-03-13,1809,N,VIIRS,n,2.0NRT,301.98,1.28,D
-25.76477,-57.81177,330.92,0.47,0.48,2026-03-13,1809,N,VIIRS,l,2.0NRT,303.96,4.44,D
-25.75349,-57.77989,331.72,0.47,0.48,2026-03-13,1809,N,VIIRS,n,2.0NRT,303.68,13.67,D
-25.76526,-57.80976,338.55,0.47,0.48,2026-03-13,1809,N,VIIRS,n,2.0NRT,304.79,5.88,D
-25.75516,-57.78253,339.96,0.47,0.48,2026-03-13,1809,N,VIIRS,n,2.0NRT,303.45,12.62,D
-26.01561,-59.27745,334.68,0.39,0.44,2026-03-13,1809,N,VIIRS,n,2.0NRT,301.53,2.78,D
-25.76643,-58.15256,354.51,0.45,0.47,2026-03-13,1809,N,VIIRS,n,2.0NRT,307.77,14.74,D
-25.76213,-58.1536,340.3,0.45,0.47,2026-03-13,1809,N,VIIRS,n,2.0NRT,302.59,6.37,D
-25.77177,-58.24501,335.09,0.44,0.46,2026-03-13,1809,N,VIIRS,n,2.0NRT,301.64,4.39,D
-25.9373,-59.17799,342.14,0.39,0.44,2026-03-13,1809,N,VIIRS,n,2.0NRT,304.19,3.65,D
-25.63427,-57.71243,341.12,0.48,0.48,2026-03-13,1809,N,VIIRS,n,2.0NRT,301.7,6.67,D
-25.63527,-57.7172,331.01,0.48,0.48,2026-03-13,1809,N,VIIRS,l,2.0NRT,301.09,4.08,D
-25.63689,-57.71387,343.09,0.48,0.48,2026-03-13,1809,N,VIIRS,n,2.0NRT,302.9,4.78,D
-25.63248,-57.71498,342.93,0.48,0.48,2026-03-13,1809,N,VIIRS,n,2.0NRT,300.22,4.78,D
-26.00807,-59.82912,350.17,0.54,0.42,2026-03-13,1809,N,VIIRS,n,2.0NRT,302.7,6.46,D
-25.9866,-59.73744,348.21,0.55,0.42,2026-03-13,1809,N,VIIRS,n,2.0NRT,308.35,21.84,D
-25.98765,-59.74291,342.08,0.55,0.42,2026-03-13,1809,N,VIIRS,n,2.0NRT,305.72,12.18,D
-26.00418,-59.83001,330.57,0.54,0.42,2026-03-13,1809,N,VIIRS,n,2.0NRT,301.19,6.46,D
-25.53846,-57.57537,335.89,0.49,0.49,2026-03-13,1809,N,VIIRS,n,2.0NRT,303.64,2.85,D
-25.5697,-57.99094,333.73,0.46,0.47,2026-03-13,1809,N,VIIRS,l,2.0NRT,303.93,7.71,D
-25.4709,-57.68731,333.95,0.48,0.48,2026-03-13,1809,N,VIIRS,n,2.0NRT,302.69,2.01,D
-25.41227,-57.63028,344.92,0.49,0.49,2026-03-13,1809,N,VIIRS,n,2.0NRT,307.22,9.89,D
-25.4078,-57.63137,335.57,0.49,0.49,2026-03-13,1809,N,VIIRS,l,2.0NRT,306.85,4.12,D
-25.41291,-57.6557,334.75,0.49,0.48,2026-03-13,1809,N,VIIRS,n,2.0NRT,304.71,3.43,D
-25.40641,-57.64706,335.54,0.49,0.48,2026-03-13,1809,N,VIIRS,n,2.0NRT,302.95,4.86,D
-25.40707,-57.67247,330.11,0.49,0.48,2026-03-13,1809,N,VIIRS,l,2.0NRT,303.18,1.87,D
-25.41085,-57.62902,350.91,0.49,0.49,2026-03-13,1809,N,VIIRS,n,2.0NRT,306.77,12.41,D
-25.40936,-57.64477,330.04,0.49,0.49,2026-03-13,1809,N,VIIRS,l,2.0NRT,303.66,5.49,D
-25.41133,-57.65451,334.4,0.49,0.48,2026-03-13,1809,N,VIIRS,n,2.0NRT,303.9,4.75,D
-25.40391,-57.64098,335.5,0.49,0.49,2026-03-13,1809,N,VIIRS,n,2.0NRT,303.22,3.06,D
-26.36465,-62.85892,346.98,0.41,0.37,2026-03-13,1809,N,VIIRS,n,2.0NRT,308.6,21.18,D
-26.36124,-62.85962,353.73,0.41,0.37,2026-03-13,1809,N,VIIRS,n,2.0NRT,307.99,21.18,D
-25.58839,-58.63186,339.96,0.43,0.46,2026-03-13,1809,N,VIIRS,n,2.0NRT,300.47,2.01,D
-25.50853,-59.29866,332.42,0.39,0.44,2026-03-13,1809,N,VIIRS,n,2.0NRT,304.18,3.03,D
-25.17613,-58.31535,337.01,0.45,0.47,2026-03-13,1809,N,VIIRS,l,2.0NRT,307.17,6.83,D
-25.17092,-58.31189,343.06,0.45,0.47,2026-03-13,1809,N,VIIRS,n,2.0NRT,306.1,15.23,D
-25.17183,-58.31639,344.09,0.45,0.47,2026-03-13,1809,N,VIIRS,n,2.0NRT,308.33,6.83,D
-25.15619,-58.39507,338.42,0.45,0.47,2026-03-13,1809,N,VIIRS,l,2.0NRT,311.6,6.69,D
-25.30051,-59.6542,349.66,0.57,0.43,2026-03-13,1809,N,VIIRS,n,2.0NRT,305.12,14.6,D
-25.04963,-58.92849,335.58,0.42,0.45,2026-03-13,1809,N,VIIRS,n,2.0NRT,302.85,2.2,D
-25.04547,-58.92947,353.47,0.42,0.45,2026-03-13,1809,N,VIIRS,n,2.0NRT,304.88,19.46,D
-25.05422,-59.30959,336.72,0.4,0.44,2026-03-13,1809,N,VIIRS,n,2.0NRT,305.8,5.58,D
-25.24399,-60.33407,342.29,0.52,0.42,2026-03-13,1809,N,VIIRS,n,2.0NRT,305.11,6.68,D
-25.04163,-60.22207,345.65,0.53,0.42,2026-03-13,1809,N,VIIRS,n,2.0NRT,309.27,14.86,D
-25.04254,-60.22488,348.8,0.53,0.42,2026-03-13,1809,N,VIIRS,n,2.0NRT,308.35,14.46,D
-24.81596,-60.69131,338.86,0.51,0.41,2026-03-13,1809,N,VIIRS,n,2.0NRT,304.36,4.93,D
-26.57526,-58.62226,356.05,0.41,0.45,2026-03-13,1809,N,VIIRS,n,2.0NRT,311.24,14.53,D
-30.00558,-62.60784,334.5,0.39,0.36,2026-03-13,1809,N,VIIRS,n,2.0NRT,303.65,7.73,D
-30.00623,-62.61192,344.87,0.39,0.36,2026-03-13,1809,N,VIIRS,n,2.0NRT,306.3,11.9,D
-30.00689,-62.61599,332.68,0.39,0.36,2026-03-13,1809,N,VIIRS,n,2.0NRT,301.14,11.9,D
-30.00222,-62.60855,353.16,0.39,0.36,2026-03-13,1809,N,VIIRS,n,2.0NRT,306.83,11.5,D
-30.00288,-62.61263,346.33,0.39,0.36,2026-03-13,1809,N,VIIRS,n,2.0NRT,305.79,3.71,D
-30.00354,-62.6167,333.57,0.39,0.36,2026-03-13,1809,N,VIIRS,n,2.0NRT,304.5,3.71,D
-30.04638,-62.90533,331.04,0.39,0.36,2026-03-13,1809,N,VIIRS,l,2.0NRT,302.79,1.61,D
-30.04703,-62.90937,334.34,0.39,0.36,2026-03-13,1809,N,VIIRS,n,2.0NRT,302.79,1.61,D
-29.59085,-60.9602,338.42,0.43,0.38,2026-03-13,1809,N,VIIRS,n,2.0NRT,304.34,7.46,D
-29.59163,-60.96468,333.24,0.43,0.38,2026-03-13,1809,N,VIIRS,n,2.0NRT,302.11,7.46,D
-29.5715,-60.87111,338.51,0.44,0.38,2026-03-13,1809,N,VIIRS,n,2.0NRT,305.19,7.99,D
-29.80437,-62.85472,331.22,0.39,0.36,2026-03-13,1809,N,VIIRS,n,2.0NRT,301.44,4.51,D
-29.80502,-62.85876,355.18,0.39,0.36,2026-03-13,1809,N,VIIRS,n,2.0NRT,302.83,4.51,D
-29.80102,-62.85542,339.09,0.39,0.36,2026-03-13,1809,N,VIIRS,n,2.0NRT,302.19,4.51,D
-28.59074,-56.49258,340.13,0.49,0.49,2026-03-13,1809,N,VIIRS,n,2.0NRT,297.08,3.97,D
-28.6058,-56.56295,335.42,0.49,0.48,2026-03-13,1809,N,VIIRS,n,2.0NRT,297.18,2.45,D
-28.59552,-56.60267,332.74,0.49,0.48,2026-03-13,1809,N,VIIRS,n,2.0NRT,299.37,3.83,D
-29.71289,-62.70183,331.37,0.39,0.36,2026-03-13,1809,N,VIIRS,l,2.0NRT,305.87,3.6,D
-28.34033,-56.18877,340.73,0.52,0.5,2026-03-13,1809,N,VIIRS,n,2.0NRT,300.58,8.14,D
-29.18913,-60.82339,333.07,0.44,0.38,2026-03-13,1809,N,VIIRS,n,2.0NRT,303.13,5.05,D
-28.13895,-55.90132,330.96,0.54,0.51,2026-03-13,1809,N,VIIRS,n,2.0NRT,297.94,3.27,D
-28.79512,-59.29996,330.15,0.52,0.42,2026-03-13,1809,N,VIIRS,n,2.0NRT,302.68,3.95,D
-29.09978,-61.19552,355.7,0.43,0.38,2026-03-13,1809,N,VIIRS,n,2.0NRT,303.13,7.28,D
-29.0955,-61.19188,332.08,0.43,0.38,2026-03-13,1809,N,VIIRS,n,2.0NRT,305.52,2.83,D
-28.14799,-56.44538,331.3,0.51,0.49,2026-03-13,1809,N,VIIRS,n,2.0NRT,305.05,4.91,D
-28.14236,-56.44144,333.58,0.51,0.49,2026-03-13,1809,N,VIIRS,n,2.0NRT,301.65,5.98,D
-29.04991,-61.11906,336.29,0.43,0.38,2026-03-13,1809,N,VIIRS,n,2.0NRT,303.4,4.16,D
-28.53933,-58.44237,331.55,0.39,0.44,2026-03-13,1809,N,VIIRS,n,2.0NRT,299.61,4.93,D
-28.54012,-58.44632,337.13,0.39,0.44,2026-03-13,1809,N,VIIRS,n,2.0NRT,299.61,4.93,D
-28.11975,-56.44751,336.73,0.51,0.49,2026-03-13,1809,N,VIIRS,n,2.0NRT,304.75,7.56,D
-28.53612,-58.44732,346.63,0.39,0.44,2026-03-13,1809,N,VIIRS,n,2.0NRT,300.49,4.93,D
-28.53357,-58.49766,337.08,0.38,0.43,2026-03-13,1809,N,VIIRS,n,2.0NRT,301.44,3.33,D
-28.64325,-59.22157,330.57,0.53,0.42,2026-03-13,1809,N,VIIRS,l,2.0NRT,301.67,6.03,D
-28.72963,-59.95368,339.8,0.49,0.4,2026-03-13,1809,N,VIIRS,l,2.0NRT,310.51,6.68,D
-28.43622,-59.00536,330.09,0.54,0.42,2026-03-13,1809,N,VIIRS,l,2.0NRT,302.08,2.65,D
-28.43017,-58.99525,334.28,0.55,0.42,2026-03-13,1809,N,VIIRS,n,2.0NRT,303.13,2.99,D
-28.42627,-58.9962,332.56,0.55,0.42,2026-03-13,1809,N,VIIRS,n,2.0NRT,301.21,2.99,D
-28.40723,-59.02411,335.67,0.54,0.42,2026-03-13,1809,N,VIIRS,n,2.0NRT,302.9,9.04,D
-28.51977,-59.62506,340.24,0.51,0.41,2026-03-13,1809,N,VIIRS,n,2.0NRT,307.63,4.39,D
-28.39616,-59.00935,331.86,0.54,0.42,2026-03-13,1809,N,VIIRS,l,2.0NRT,305.15,5.49,D
-28.40744,-59.02055,343.18,0.54,0.42,2026-03-13,1809,N,VIIRS,n,2.0NRT,306.72,9.45,D
-28.52139,-59.62733,336.48,0.51,0.41,2026-03-13,1809,N,VIIRS,l,2.0NRT,308.61,4.92,D
-28.4058,-59.18252,330.58,0.53,0.42,2026-03-13,1809,N,VIIRS,l,2.0NRT,305.15,5.11,D
-28.36594,-58.99572,332.12,0.55,0.42,2026-03-13,1809,N,VIIRS,l,2.0NRT,304.4,6.66,D
-28.40194,-59.18347,342.72,0.53,0.42,2026-03-13,1809,N,VIIRS,n,2.0NRT,304.8,5.11,D
-28.40298,-59.18893,343.71,0.53,0.42,2026-03-13,1809,N,VIIRS,n,2.0NRT,307.32,20.19,D
-28.36096,-58.99109,340.31,0.55,0.42,2026-03-13,1809,N,VIIRS,n,2.0NRT,305.93,6.8,D
-28.36204,-58.99669,345.07,0.55,0.42,2026-03-13,1809,N,VIIRS,n,2.0NRT,308.32,6.8,D
-28.39808,-59.18441,333.22,0.53,0.42,2026-03-13,1809,N,VIIRS,n,2.0NRT,303.06,3.21,D
-28.3549,-58.98087,332.66,0.55,0.43,2026-03-13,1809,N,VIIRS,n,2.0NRT,301.5,6.18,D
-28.35598,-58.98646,335.35,0.55,0.42,2026-03-13,1809,N,VIIRS,n,2.0NRT,302.74,6.18,D
-27.93867,-57.04807,336.13,0.47,0.48,2026-03-13,1809,N,VIIRS,n,2.0NRT,305.6,5.03,D
-27.93968,-57.05286,341.49,0.47,0.48,2026-03-13,1809,N,VIIRS,n,2.0NRT,303.63,5.03,D
-27.93327,-57.0444,332.98,0.47,0.48,2026-03-13,1809,N,VIIRS,n,2.0NRT,302.13,11.92,D
-27.93428,-57.04921,343.21,0.47,0.48,2026-03-13,1809,N,VIIRS,n,2.0NRT,309.87,9.55,D
-27.9353,-57.05402,347.31,0.47,0.48,2026-03-13,1809,N,VIIRS,n,2.0NRT,308.02,9.55,D
-27.9299,-57.05035,367,0.47,0.48,2026-03-13,1809,N,VIIRS,h,2.0NRT,306.85,9.55,D
-27.93091,-57.05516,348.01,0.47,0.48,2026-03-13,1809,N,VIIRS,n,2.0NRT,303.45,9.55,D
-28.34292,-59.19213,332.11,0.53,0.42,2026-03-13,1809,N,VIIRS,n,2.0NRT,301.77,3.56,D
-28.34398,-59.19758,333.3,0.53,0.42,2026-03-13,1809,N,VIIRS,n,2.0NRT,301.29,3.56,D
-28.91288,-62.34435,339.16,0.4,0.37,2026-03-13,1809,N,VIIRS,n,2.0NRT,304.01,11.43,D
-28.34963,-59.24746,332.86,0.53,0.42,2026-03-13,1809,N,VIIRS,l,2.0NRT,303.99,3.03,D
-28.90949,-62.34508,351.5,0.4,0.37,2026-03-13,1809,N,VIIRS,n,2.0NRT,306.27,11.43,D
-28.91018,-62.34921,333.7,0.4,0.37,2026-03-13,1809,N,VIIRS,n,2.0NRT,301.97,7.61,D
-28.34578,-59.24839,345.99,0.53,0.42,2026-03-13,1809,N,VIIRS,n,2.0NRT,303.25,6.39,D
-28.34618,-59.25009,343.26,0.53,0.42,2026-03-13,1809,N,VIIRS,n,2.0NRT,304.34,9.78,D
-28.00686,-57.57628,340.24,0.44,0.46,2026-03-13,1809,N,VIIRS,n,2.0NRT,297.87,3.56,D
-28.20573,-59.21257,338.66,0.54,0.42,2026-03-13,1809,N,VIIRS,n,2.0NRT,307.14,8.75,D
-28.23617,-59.43687,335.64,0.52,0.42,2026-03-13,1809,N,VIIRS,n,2.0NRT,306.79,3.29,D
-28.25334,-59.54901,335.14,0.52,0.41,2026-03-13,1809,N,VIIRS,n,2.0NRT,304.91,4.53,D
-28.24854,-59.54466,337.15,0.52,0.41,2026-03-13,1809,N,VIIRS,n,2.0NRT,304.78,7.74,D
-28.24953,-59.54993,343.92,0.52,0.41,2026-03-13,1809,N,VIIRS,n,2.0NRT,306.21,7.74,D
-28.22994,-59.48838,341.39,0.52,0.41,2026-03-13,1809,N,VIIRS,n,2.0NRT,305.91,12.25,D
-28.22151,-59.50702,337.39,0.52,0.41,2026-03-13,1809,N,VIIRS,n,2.0NRT,303.52,3.84,D
-28.2105,-59.65767,336.64,0.51,0.41,2026-03-13,1809,N,VIIRS,n,2.0NRT,304.55,2.74,D
-28.20918,-59.66109,333.29,0.51,0.41,2026-03-13,1809,N,VIIRS,l,2.0NRT,304.19,3.16,D
-28.18647,-59.96062,338.53,0.49,0.41,2026-03-13,1809,N,VIIRS,n,2.0NRT,301.8,5.29,D
-28.06459,-59.46438,333.51,0.52,0.42,2026-03-13,1809,N,VIIRS,n,2.0NRT,304.46,4.07,D
-27.59636,-57.1977,335.32,0.47,0.48,2026-03-13,1809,N,VIIRS,l,2.0NRT,306.28,7.67,D
-28.06407,-59.4671,336.94,0.52,0.42,2026-03-13,1809,N,VIIRS,n,2.0NRT,304.54,4.44,D
-27.50202,-56.82718,354.69,0.5,0.49,2026-03-13,1809,N,VIIRS,n,2.0NRT,301.16,16.84,D
-27.50308,-56.83222,335.83,0.5,0.49,2026-03-13,1809,N,VIIRS,n,2.0NRT,304.98,6.34,D
-28.48804,-62.08382,339.1,0.41,0.37,2026-03-13,1809,N,VIIRS,n,2.0NRT,302.09,6.22,D
-27.75587,-58.13179,335.78,0.41,0.45,2026-03-13,1809,N,VIIRS,n,2.0NRT,304.79,2.26,D
-28.49103,-62.31212,336.19,0.4,0.37,2026-03-13,1809,N,VIIRS,n,2.0NRT,305.19,3.84,D
-27.85297,-58.92469,342.15,0.56,0.43,2026-03-13,1809,N,VIIRS,n,2.0NRT,302.78,5.96,D
-28.13905,-60.53371,333.52,0.47,0.4,2026-03-13,1809,N,VIIRS,n,2.0NRT,302.97,2.67,D
-27.76314,-58.95261,334.86,0.56,0.43,2026-03-13,1809,N,VIIRS,n,2.0NRT,302.45,4.68,D
-26.92233,-55.09754,331.64,0.32,0.55,2026-03-13,1809,N,VIIRS,n,2.0NRT,300.88,2.77,D
-26.92499,-55.09883,332.22,0.32,0.55,2026-03-13,1809,N,VIIRS,l,2.0NRT,304.08,3.29,D
-26.83695,-54.80256,347.91,0.34,0.56,2026-03-13,1809,N,VIIRS,n,2.0NRT,302.17,2.92,D
-27.7512,-59.26325,335.64,0.54,0.42,2026-03-13,1809,N,VIIRS,n,2.0NRT,305.63,3.86,D
-27.91167,-60.7303,333.29,0.46,0.39,2026-03-13,1809,N,VIIRS,n,2.0NRT,305.75,0.72,D
-27.49888,-58.8914,331.49,0.57,0.43,2026-03-13,1809,N,VIIRS,n,2.0NRT,299.65,3.31,D
-27.78061,-60.44054,346.75,0.48,0.4,2026-03-13,1809,N,VIIRS,n,2.0NRT,307.49,11.61,D
-27.53998,-59.2556,331.13,0.55,0.42,2026-03-13,1809,N,VIIRS,l,2.0NRT,305.81,6.87,D
-27.54104,-59.26114,346.93,0.55,0.42,2026-03-13,1809,N,VIIRS,n,2.0NRT,306.36,6.87,D
-27.38729,-58.64372,337.38,0.39,0.44,2026-03-13,1809,N,VIIRS,n,2.0NRT,306.37,3.92,D
-27.37918,-58.6457,330.89,0.39,0.44,2026-03-13,1809,N,VIIRS,n,2.0NRT,303.59,4.67,D
-27.37998,-58.64969,337.75,0.39,0.44,2026-03-13,1809,N,VIIRS,n,2.0NRT,305.79,4.67,D
-27.37593,-58.65069,367,0.39,0.44,2026-03-13,1809,N,VIIRS,h,2.0NRT,303.66,4.67,D
-27.37514,-58.64669,339.93,0.39,0.44,2026-03-13,1809,N,VIIRS,n,2.0NRT,302.68,4.67,D
-27.10669,-58.74909,335.45,0.39,0.44,2026-03-13,1809,N,VIIRS,n,2.0NRT,304.25,4.06,D
-27.6066,-61.502,334.3,0.43,0.38,2026-03-13,1809,N,VIIRS,n,2.0NRT,302.63,11.57,D
-27.17693,-59.27938,334.45,0.55,0.43,2026-03-13,1809,N,VIIRS,n,2.0NRT,307.13,1.08,D
-27.1683,-59.40324,331.73,0.54,0.42,2026-03-13,1809,N,VIIRS,l,2.0NRT,306.62,2.59,D
-27.16969,-59.40531,331.65,0.55,0.42,2026-03-13,1809,N,VIIRS,l,2.0NRT,305.9,3.46,D
-27.01805,-58.74545,342.06,0.4,0.44,2026-03-13,1809,N,VIIRS,n,2.0NRT,305.66,5.13,D
-26.7649,-58.30132,344.09,0.42,0.45,2026-03-13,1809,N,VIIRS,n,2.0NRT,312.11,10.04,D
-26.76072,-58.30236,342.28,0.42,0.45,2026-03-13,1809,N,VIIRS,n,2.0NRT,303.71,10.04,D
-26.83004,-58.77458,333.78,0.4,0.44,2026-03-13,1809,N,VIIRS,l,2.0NRT,308.65,3.88,D
-26.83084,-58.77857,333.81,0.4,0.44,2026-03-13,1809,N,VIIRS,l,2.0NRT,306.48,1.71,D
-26.83187,-58.77706,333.53,0.4,0.44,2026-03-13,1809,N,VIIRS,l,2.0NRT,308.12,1.65,D
-26.82781,-58.77803,345.08,0.4,0.44,2026-03-13,1809,N,VIIRS,n,2.0NRT,308.35,5.06,D
-27.18617,-60.71869,337.51,0.47,0.4,2026-03-13,1809,N,VIIRS,n,2.0NRT,302.95,6.3,D
-27.18251,-60.71951,341.99,0.47,0.4,2026-03-13,1809,N,VIIRS,n,2.0NRT,302.41,8.86,D
-26.69132,-58.32652,343.05,0.42,0.45,2026-03-13,1809,N,VIIRS,n,2.0NRT,305.29,3.84,D
-26.69218,-58.33078,340.59,0.42,0.45,2026-03-13,1809,N,VIIRS,n,2.0NRT,304.24,3.84,D
-26.59349,-58.18321,334.55,0.43,0.46,2026-03-13,1809,N,VIIRS,l,2.0NRT,306.92,3.15,D
-26.58927,-58.18427,334.12,0.43,0.46,2026-03-13,1809,N,VIIRS,n,2.0NRT,304.11,3.15,D
-26.65096,-58.49559,338.38,0.41,0.45,2026-03-13,1809,N,VIIRS,n,2.0NRT,305.47,2.56,D
-26.57575,-58.18305,332.39,0.43,0.46,2026-03-13,1809,N,VIIRS,l,2.0NRT,306,2.19,D
-26.57153,-58.18411,336.19,0.43,0.46,2026-03-13,1809,N,VIIRS,l,2.0NRT,309.62,2.19,D
-26.57478,-58.31023,342.86,0.43,0.46,2026-03-13,1809,N,VIIRS,n,2.0NRT,307.11,25.43,D
-26.57564,-58.3145,355.34,0.43,0.46,2026-03-13,1809,N,VIIRS,n,2.0NRT,311.63,25.43,D
-26.57317,-58.32408,345.97,0.42,0.46,2026-03-13,1809,N,VIIRS,n,2.0NRT,306.97,9.01,D
-26.53097,-58.28946,338.58,0.43,0.46,2026-03-13,1809,N,VIIRS,n,2.0NRT,301.87,4.39,D
-26.58166,-58.62537,367,0.41,0.45,2026-03-13,1809,N,VIIRS,h,2.0NRT,305.46,6.38,D
-26.58249,-58.62947,336.14,0.41,0.45,2026-03-13,1809,N,VIIRS,n,2.0NRT,303.41,6.38,D
-26.5843,-58.62437,340.68,0.41,0.45,2026-03-13,1809,N,VIIRS,n,2.0NRT,304.04,4.63,D
-26.58018,-58.62538,352.31,0.41,0.45,2026-03-13,1809,N,VIIRS,n,2.0NRT,305.24,6.55,D
-26.58099,-58.6295,330.81,0.41,0.45,2026-03-13,1809,N,VIIRS,l,2.0NRT,303.47,6.55,D
-26.57446,-58.61814,341.14,0.41,0.45,2026-03-13,1809,N,VIIRS,n,2.0NRT,305.25,14.53,D
-26.52927,-58.49852,342.91,0.42,0.45,2026-03-13,1809,N,VIIRS,n,2.0NRT,310,9.71,D
-26.52513,-58.49954,343.11,0.42,0.45,2026-03-13,1809,N,VIIRS,n,2.0NRT,310.57,9.71,D
-26.52596,-58.50372,344.59,0.42,0.45,2026-03-13,1809,N,VIIRS,n,2.0NRT,311.35,9.71,D
-26.57095,-59.24861,338.1,0.57,0.43,2026-03-13,1809,N,VIIRS,n,2.0NRT,305.28,6.23,D
-38.50251,-68.59294,356.2,0.7,0.75,2026-03-13,1945,N,VIIRS,n,2.0NRT,303.8,8.98,D
-37.71056,-69.13066,339.84,0.7,0.75,2026-03-13,1947,N,VIIRS,n,2.0NRT,299.77,6.16,D
-31.46374,-61.22007,299.53,0.41,0.37,2026-03-14,0523,N,VIIRS,n,2.0NRT,288.69,0.54,N
-31.34733,-64.13191,300.37,0.39,0.36,2026-03-14,0523,N,VIIRS,n,2.0NRT,285.66,0.64,N
-31.35066,-64.13266,302.65,0.39,0.36,2026-03-14,0523,N,VIIRS,n,2.0NRT,283.99,0.64,N
-34.1466,-58.98856,304.53,0.54,0.42,2026-03-14,0523,N,VIIRS,n,2.0NRT,280.57,2.62,N
-34.51701,-58.86787,301.93,0.55,0.43,2026-03-14,0523,N,VIIRS,n,2.0NRT,284.96,0.66,N
-34.51895,-58.86866,298.63,0.55,0.43,2026-03-14,0523,N,VIIRS,n,2.0NRT,284.91,0.89,N
-34.85527,-57.89635,297.65,0.41,0.45,2026-03-14,0523,N,VIIRS,n,2.0NRT,286.13,1.44,N
-34.85574,-57.89171,308.37,0.41,0.45,2026-03-14,0523,N,VIIRS,n,2.0NRT,287.11,0.77,N
-34.85994,-57.89236,307.02,0.41,0.45,2026-03-14,0523,N,VIIRS,n,2.0NRT,285.98,0.77,N
-34.83126,-58.74566,306.66,0.56,0.43,2026-03-14,0523,N,VIIRS,n,2.0NRT,283.38,1.54,N
-34.83157,-58.74575,308.09,0.56,0.43,2026-03-14,0523,N,VIIRS,n,2.0NRT,283.46,1.13,N
-24.8159,-60.69194,347.46,0.39,0.36,2026-03-14,0523,N,VIIRS,n,2.0NRT,296.05,7.65,N
-24.95607,-60.66032,309.67,0.39,0.36,2026-03-14,0523,N,VIIRS,n,2.0NRT,292.5,0.93,N
-25.04191,-60.2234,340.02,0.4,0.37,2026-03-14,0523,N,VIIRS,n,2.0NRT,296.1,4.34,N
-25.04531,-60.224,311.01,0.4,0.37,2026-03-14,0523,N,VIIRS,n,2.0NRT,292.16,4.34,N
-25.66059,-61.38538,305.06,0.39,0.36,2026-03-14,0523,N,VIIRS,n,2.0NRT,292.28,0.74,N
-25.67239,-61.37568,326.14,0.39,0.36,2026-03-14,0523,N,VIIRS,n,2.0NRT,293.58,1.39,N
-25.67573,-61.37631,305.16,0.39,0.36,2026-03-14,0523,N,VIIRS,n,2.0NRT,292.17,1.39,N
-25.67632,-61.37245,307.33,0.39,0.36,2026-03-14,0523,N,VIIRS,n,2.0NRT,292.13,1.68,N
-26.23882,-58.51871,312.37,0.47,0.39,2026-03-14,0523,N,VIIRS,n,2.0NRT,289.55,1.38,N
-26.23944,-58.51402,318.03,0.47,0.39,2026-03-14,0523,N,VIIRS,n,2.0NRT,289.41,1.9,N
-26.17164,-59.25734,304.21,0.43,0.38,2026-03-14,0523,N,VIIRS,n,2.0NRT,290.45,0.82,N
-26.32256,-59.12727,301.99,0.44,0.38,2026-03-14,0523,N,VIIRS,n,2.0NRT,291.36,0.49,N
-26.32318,-59.12283,306.37,0.44,0.38,2026-03-14,0523,N,VIIRS,n,2.0NRT,291.91,1.1,N
-26.32504,-59.12552,313.8,0.44,0.38,2026-03-14,0523,N,VIIRS,n,2.0NRT,292.63,1.94,N
-26.38858,-60.41632,304.35,0.4,0.37,2026-03-14,0523,N,VIIRS,n,2.0NRT,291.43,0.82,N
-27.40744,-57.61494,310.38,0.53,0.42,2026-03-14,0523,N,VIIRS,n,2.0NRT,291.25,1.6,N
-27.07783,-60.91776,301.19,0.4,0.37,2026-03-14,0523,N,VIIRS,n,2.0NRT,290.75,0.89,N
-27.07138,-61.10138,301.98,0.39,0.36,2026-03-14,0523,N,VIIRS,n,2.0NRT,290.94,0.87,N
-27.60913,-57.19401,334.36,0.56,0.43,2026-03-14,0523,N,VIIRS,n,2.0NRT,290.86,4.64,N
-27.61312,-57.19461,307.89,0.56,0.43,2026-03-14,0523,N,VIIRS,n,2.0NRT,288.78,1.51,N
-27.55459,-60.70467,307.47,0.4,0.37,2026-03-14,0523,N,VIIRS,n,2.0NRT,291.65,0.51,N
-38.01276,-68.59807,310.84,0.43,0.38,2026-03-14,0525,N,VIIRS,n,2.0NRT,273.84,0.28,N
-37.71099,-69.14197,299.12,0.45,0.39,2026-03-14,0525,N,VIIRS,n,2.0NRT,283.69,0.66,N
-37.71196,-69.13684,323.5,0.45,0.39,2026-03-14,0525,N,VIIRS,n,2.0NRT,284.62,2.46,N
-38.68407,-62.41404,307.43,0.44,0.38,2026-03-14,0525,N,VIIRS,n,2.0NRT,288.05,0.97,N
-38.68631,-62.41315,299.01,0.44,0.38,2026-03-14,0525,N,VIIRS,n,2.0NRT,287.71,0.36,N
-38.68275,-62.4124,299.88,0.44,0.38,2026-03-14,0525,N,VIIRS,n,2.0NRT,287.66,0.4,N
-37.42965,-69.17291,300.19,0.46,0.39,2026-03-14,0525,N,VIIRS,n,2.0NRT,284.65,1.88,N
-37.42607,-69.17189,324.29,0.46,0.39,2026-03-14,0525,N,VIIRS,n,2.0NRT,285.06,1.88,N
-37.41177,-69.16772,300.39,0.46,0.39,2026-03-14,0525,N,VIIRS,n,2.0NRT,283.82,0.62,N
-37.41078,-69.17283,295.28,0.46,0.39,2026-03-14,0525,N,VIIRS,n,2.0NRT,284.27,0.62,N
-37.08469,-69.47549,308.43,0.47,0.4,2026-03-14,0525,N,VIIRS,n,2.0NRT,285.6,1.66,N
-38.69693,-68.70231,329.09,0.42,0.38,2026-03-14,0525,N,VIIRS,n,2.0NRT,287.52,2.3,N
-28.99235,-61.77446,307.99,0.39,0.36,2026-03-14,0525,N,VIIRS,n,2.0NRT,291.65,0.79,N
-28.90892,-62.34604,310.29,0.39,0.36,2026-03-14,0525,N,VIIRS,n,2.0NRT,291.21,0.68,N
-28.91226,-62.3467,303.79,0.39,0.36,2026-03-14,0525,N,VIIRS,n,2.0NRT,290.45,0.68,N
-29.69996,-61.74566,309.03,0.39,0.36,2026-03-14,0525,N,VIIRS,n,2.0NRT,291.02,0.78,N
-29.70057,-61.74156,300.65,0.39,0.36,2026-03-14,0525,N,VIIRS,n,2.0NRT,290.44,0.47,N
-29.70334,-61.74631,307.52,0.39,0.36,2026-03-14,0525,N,VIIRS,n,2.0NRT,290.68,1.03,N
-29.70395,-61.74222,304.02,0.39,0.36,2026-03-14,0525,N,VIIRS,n,2.0NRT,290.34,0.49,N
-30.23801,-59.01863,302.16,0.49,0.4,2026-03-14,0525,N,VIIRS,n,2.0NRT,288.99,0.88,N
-30.07126,-60.90307,311.59,0.41,0.37,2026-03-14,0525,N,VIIRS,n,2.0NRT,290.46,0.98,N
-38.70039,-68.70335,309.16,0.42,0.38,2026-03-14,0525,N,VIIRS,n,2.0NRT,284.33,2.3,N
-38.74468,-68.83983,328.78,0.43,0.38,2026-03-14,0525,N,VIIRS,n,2.0NRT,285.9,3.27,N
-38.26596,-68.62731,299.91,0.43,0.38,2026-03-14,0525,N,VIIRS,n,2.0NRT,284.59,1.05,N
-38.09463,-68.60887,307.21,0.43,0.38,2026-03-14,0525,N,VIIRS,n,2.0NRT,286.01,1.05,N
-38.01365,-68.59319,300.61,0.43,0.38,2026-03-14,0525,N,VIIRS,n,2.0NRT,277.08,0.36,N
-38.50124,-68.67632,314.09,0.43,0.38,2026-03-14,0525,N,VIIRS,n,2.0NRT,283.25,0.87,N
-38.41769,-68.77325,303.26,0.43,0.38,2026-03-14,0525,N,VIIRS,n,2.0NRT,284.01,0.84,N
-38.49572,-68.32701,309.52,0.42,0.37,2026-03-14,0525,N,VIIRS,n,2.0NRT,284.46,1.35,N
-38.41421,-68.77224,315.54,0.43,0.38,2026-03-14,0525,N,VIIRS,n,2.0NRT,285.47,0.84,N
-38.3711,-68.60963,297.33,0.43,0.38,2026-03-14,0525,N,VIIRS,n,2.0NRT,285.41,0.25,N
-38.31887,-68.77722,299.41,0.43,0.38,2026-03-14,0525,N,VIIRS,n,2.0NRT,284.97,0.71,N
-38.28677,-68.75206,310.5,0.43,0.38,2026-03-14,0525,N,VIIRS,n,2.0NRT,284.57,1.11,N
-46.78617,-67.93121,299.91,0.39,0.36,2026-03-14,0527,N,VIIRS,n,2.0NRT,280.93,0.68,N
-35.08258,-69.62057,330.76,0.42,0.61,2026-03-14,1745,N,VIIRS,n,2.0NRT,301.26,2.56,D
-34.59044,-60.97654,334.5,0.44,0.38,2026-03-14,1745,N,VIIRS,n,2.0NRT,297.65,3.27,D
-28.36038,-58.97822,332.73,0.39,0.36,2026-03-14,1747,N,VIIRS,n,2.0NRT,297.48,1.55,D
-28.35981,-59.1288,333.42,0.38,0.36,2026-03-14,1747,N,VIIRS,n,2.0NRT,301.39,2.49,D
-28.35647,-59.12947,335.09,0.38,0.36,2026-03-14,1747,N,VIIRS,n,2.0NRT,299.83,2.49,D
-28.32713,-59.02963,353.67,0.38,0.36,2026-03-14,1747,N,VIIRS,n,2.0NRT,303.13,8.47,D
-28.32775,-59.03357,333.25,0.38,0.36,2026-03-14,1747,N,VIIRS,n,2.0NRT,299.58,1.53,D
-28.32541,-59.02966,367,0.39,0.36,2026-03-14,1747,N,VIIRS,h,2.0NRT,305.69,11.61,D
-28.31997,-59.03888,342.75,0.38,0.36,2026-03-14,1747,N,VIIRS,n,2.0NRT,307.08,3.69,D
-28.31109,-59.00405,339.59,0.39,0.36,2026-03-14,1747,N,VIIRS,n,2.0NRT,303.41,4.38,D
-28.06707,-57.6216,332.3,0.41,0.37,2026-03-14,1747,N,VIIRS,n,2.0NRT,304.03,2.3,D
-28.37068,-59.56863,331.42,0.38,0.36,2026-03-14,1747,N,VIIRS,n,2.0NRT,287.54,4.23,D
-28.25657,-58.9417,340.22,0.39,0.36,2026-03-14,1747,N,VIIRS,n,2.0NRT,302.26,4.72,D
-28.26091,-58.96932,334.31,0.39,0.36,2026-03-14,1747,N,VIIRS,n,2.0NRT,301.04,3.16,D
-28.05507,-57.86667,330.95,0.4,0.37,2026-03-14,1747,N,VIIRS,n,2.0NRT,304.47,1.82,D
-27.63841,-55.69559,338.98,0.48,0.4,2026-03-14,1747,N,VIIRS,n,2.0NRT,307.81,8.03,D
-27.6393,-55.7005,335.56,0.48,0.4,2026-03-14,1747,N,VIIRS,l,2.0NRT,307.34,3.86,D
-28.18981,-58.9631,330.54,0.39,0.36,2026-03-14,1747,N,VIIRS,l,2.0NRT,300.55,2.73,D
-28.20276,-59.42302,335.24,0.38,0.36,2026-03-14,1747,N,VIIRS,n,2.0NRT,300.43,2.57,D
-28.20336,-59.42695,330.48,0.38,0.36,2026-03-14,1747,N,VIIRS,n,2.0NRT,298.16,2.57,D
-27.54473,-55.70692,348.88,0.48,0.4,2026-03-14,1747,N,VIIRS,n,2.0NRT,308.69,12.93,D
-27.54104,-55.70771,346.1,0.48,0.4,2026-03-14,1747,N,VIIRS,n,2.0NRT,311.41,12.93,D
-27.54195,-55.71261,345.43,0.48,0.4,2026-03-14,1747,N,VIIRS,n,2.0NRT,310.44,7.2,D
-27.54724,-55.7094,334.16,0.48,0.4,2026-03-14,1747,N,VIIRS,l,2.0NRT,305.44,3.59,D
-27.54266,-55.70527,336.03,0.48,0.4,2026-03-14,1747,N,VIIRS,l,2.0NRT,308.04,9.75,D
-27.54355,-55.71019,355.14,0.48,0.4,2026-03-14,1747,N,VIIRS,n,2.0NRT,310.58,15.44,D
-27.20822,-54.13477,334.35,0.39,0.44,2026-03-14,1747,N,VIIRS,n,2.0NRT,303.02,2.07,D
-28.01984,-58.74829,332.82,0.39,0.36,2026-03-14,1747,N,VIIRS,n,2.0NRT,303.45,0.81,D
-27.40483,-55.33414,345.3,0.5,0.41,2026-03-14,1747,N,VIIRS,n,2.0NRT,306.29,17.28,D
-27.9732,-59.09463,330.03,0.39,0.36,2026-03-14,1747,N,VIIRS,l,2.0NRT,301.06,2.29,D
-27.57412,-56.72521,337.36,0.44,0.38,2026-03-14,1747,N,VIIRS,l,2.0NRT,308.73,7.75,D
-27.55973,-56.66395,336.84,0.44,0.38,2026-03-14,1747,N,VIIRS,l,2.0NRT,309.5,9.84,D
-27.64311,-57.16561,343.86,0.42,0.38,2026-03-14,1747,N,VIIRS,n,2.0NRT,308.29,22.22,D
-27.61831,-57.18866,351.38,0.42,0.38,2026-03-14,1747,N,VIIRS,n,2.0NRT,308.36,5.29,D
-27.61905,-57.19292,337.65,0.42,0.38,2026-03-14,1747,N,VIIRS,l,2.0NRT,310.72,5.29,D
-27.61484,-57.18941,349.7,0.42,0.38,2026-03-14,1747,N,VIIRS,n,2.0NRT,316.3,12.01,D
-27.61064,-57.18589,334.9,0.42,0.38,2026-03-14,1747,N,VIIRS,l,2.0NRT,307.49,10.03,D
-27.61137,-57.19016,342.03,0.42,0.38,2026-03-14,1747,N,VIIRS,l,2.0NRT,315.88,12.01,D
-27.60717,-57.18663,334.86,0.42,0.38,2026-03-14,1747,N,VIIRS,l,2.0NRT,306.7,18.16,D
-27.60444,-57.19164,343.82,0.42,0.38,2026-03-14,1747,N,VIIRS,l,2.0NRT,315.18,24,D
-27.60097,-57.19239,342.38,0.42,0.38,2026-03-14,1747,N,VIIRS,n,2.0NRT,307.5,6.85,D
-27.52265,-56.84504,341.51,0.43,0.38,2026-03-14,1747,N,VIIRS,n,2.0NRT,303.77,5.85,D
-27.4317,-56.8876,340.89,0.43,0.38,2026-03-14,1747,N,VIIRS,n,2.0NRT,308.96,4,D
-27.43511,-56.92766,336.19,0.43,0.38,2026-03-14,1747,N,VIIRS,n,2.0NRT,304.71,2.12,D
-27.4324,-56.88665,338.47,0.43,0.38,2026-03-14,1747,N,VIIRS,n,2.0NRT,309.04,4.63,D
-27.13564,-55.41015,340.65,0.5,0.41,2026-03-14,1747,N,VIIRS,n,2.0NRT,308.84,4.83,D
-27.69377,-58.9349,333.1,0.39,0.36,2026-03-14,1747,N,VIIRS,l,2.0NRT,304.4,3.19,D
-27.50244,-58.33408,335.51,0.39,0.37,2026-03-14,1747,N,VIIRS,l,2.0NRT,306.49,2.56,D
-27.49907,-58.33477,341.82,0.39,0.37,2026-03-14,1747,N,VIIRS,n,2.0NRT,306.01,2.56,D
-27.43644,-57.99696,342.62,0.4,0.37,2026-03-14,1747,N,VIIRS,n,2.0NRT,311.74,4.46,D
-26.83616,-54.80421,338,0.54,0.42,2026-03-14,1747,N,VIIRS,n,2.0NRT,306.66,12.81,D
-27.46346,-58.30891,332.93,0.4,0.37,2026-03-14,1747,N,VIIRS,l,2.0NRT,305.9,1.2,D
-26.83662,-54.80128,343.08,0.54,0.42,2026-03-14,1747,N,VIIRS,n,2.0NRT,307.84,23.41,D
-27.59226,-59.2946,334.7,0.38,0.36,2026-03-14,1747,N,VIIRS,n,2.0NRT,303.65,2.88,D
-27.58892,-59.29526,334.65,0.38,0.36,2026-03-14,1747,N,VIIRS,n,2.0NRT,301.91,6.63,D
-27.58953,-59.29917,350.85,0.38,0.36,2026-03-14,1747,N,VIIRS,n,2.0NRT,304.85,6.73,D
-27.58619,-59.29982,334.77,0.38,0.36,2026-03-14,1747,N,VIIRS,n,2.0NRT,302.03,6.73,D
-27.58741,-59.30765,351.28,0.38,0.36,2026-03-14,1747,N,VIIRS,n,2.0NRT,307.37,27.6,D
-27.58408,-59.30831,331.72,0.38,0.36,2026-03-14,1747,N,VIIRS,n,2.0NRT,301.71,3.24,D
-27.41157,-58.5258,331.23,0.39,0.36,2026-03-14,1747,N,VIIRS,l,2.0NRT,305.32,2.85,D
-27.31071,-58.03962,340.42,0.4,0.37,2026-03-14,1747,N,VIIRS,n,2.0NRT,310.42,3.81,D
-27.5644,-59.67051,330.5,0.38,0.36,2026-03-14,1747,N,VIIRS,n,2.0NRT,300.16,1.01,D
-27.37933,-58.65444,338.3,0.39,0.36,2026-03-14,1747,N,VIIRS,l,2.0NRT,309.34,5.39,D
-27.39516,-58.88359,355.56,0.39,0.36,2026-03-14,1747,N,VIIRS,n,2.0NRT,304.42,5.82,D
-27.39579,-58.88753,331.97,0.39,0.36,2026-03-14,1747,N,VIIRS,n,2.0NRT,300.66,5.82,D
-26.34745,-54.09939,332.53,0.4,0.44,2026-03-14,1747,N,VIIRS,n,2.0NRT,302.06,2.1,D
-27.24068,-59.18551,338.27,0.39,0.36,2026-03-14,1747,N,VIIRS,n,2.0NRT,301.91,3.57,D
-27.42052,-60.73947,343.02,0.39,0.36,2026-03-14,1747,N,VIIRS,n,2.0NRT,306.32,4.72,D
-27.06006,-58.85708,333.72,0.39,0.36,2026-03-14,1747,N,VIIRS,n,2.0NRT,304.34,2.22,D
-27.15586,-59.48767,335.66,0.38,0.36,2026-03-14,1747,N,VIIRS,n,2.0NRT,304.84,2.68,D
-27.0085,-58.7085,330.59,0.39,0.36,2026-03-14,1747,N,VIIRS,l,2.0NRT,301.82,1.61,D
-27.00353,-58.74215,343.01,0.39,0.36,2026-03-14,1747,N,VIIRS,n,2.0NRT,305.39,4.33,D
-26.74284,-58.38684,331.05,0.4,0.37,2026-03-14,1747,N,VIIRS,l,2.0NRT,303.92,2.41,D
-26.73946,-58.38752,355.03,0.4,0.37,2026-03-14,1747,N,VIIRS,n,2.0NRT,309.52,15.65,D
-26.73476,-58.3802,346.77,0.4,0.37,2026-03-14,1747,N,VIIRS,n,2.0NRT,303.52,7.19,D
-25.98005,-54.25981,331.87,0.4,0.44,2026-03-14,1747,N,VIIRS,n,2.0NRT,301.38,2.38,D
-26.81939,-58.94456,335.45,0.39,0.36,2026-03-14,1747,N,VIIRS,n,2.0NRT,304.86,8.58,D
-26.82001,-58.94848,342.57,0.39,0.36,2026-03-14,1747,N,VIIRS,n,2.0NRT,309.89,16.9,D
-26.81667,-58.94914,344.32,0.39,0.36,2026-03-14,1747,N,VIIRS,n,2.0NRT,309.78,12.16,D
-26.72321,-58.39496,333.79,0.4,0.37,2026-03-14,1747,N,VIIRS,l,2.0NRT,308.49,3.91,D
-26.71983,-58.39565,347.64,0.4,0.37,2026-03-14,1747,N,VIIRS,n,2.0NRT,309.19,5.61,D
-26.72049,-58.39965,334.91,0.4,0.37,2026-03-14,1747,N,VIIRS,l,2.0NRT,305.73,5.61,D
-26.71644,-58.39634,333.33,0.4,0.37,2026-03-14,1747,N,VIIRS,n,2.0NRT,301.79,5.61,D
-26.69246,-58.27246,336.3,0.4,0.37,2026-03-14,1747,N,VIIRS,n,2.0NRT,304.66,3.33,D
-26.93956,-59.88061,347.91,0.38,0.36,2026-03-14,1747,N,VIIRS,n,2.0NRT,306.93,14.1,D
-26.80945,-59.19653,330.49,0.39,0.36,2026-03-14,1747,N,VIIRS,n,2.0NRT,304.77,3.72,D
-26.81007,-59.20044,332.97,0.39,0.36,2026-03-14,1747,N,VIIRS,n,2.0NRT,302.37,1.9,D
-26.62587,-58.27307,331.48,0.4,0.37,2026-03-14,1747,N,VIIRS,n,2.0NRT,303.16,1.99,D
-26.90804,-60.38689,337.99,0.39,0.36,2026-03-14,1747,N,VIIRS,n,2.0NRT,305.53,7.07,D
-26.63753,-58.6667,335.43,0.39,0.36,2026-03-14,1747,N,VIIRS,n,2.0NRT,303.51,2.77,D
-26.57742,-58.78896,331.47,0.39,0.36,2026-03-14,1747,N,VIIRS,l,2.0NRT,306.32,4.74,D
-26.57805,-58.7929,343.25,0.39,0.36,2026-03-14,1747,N,VIIRS,n,2.0NRT,308.86,3.35,D
-26.57869,-58.79685,333.17,0.39,0.36,2026-03-14,1747,N,VIIRS,l,2.0NRT,306.45,3.35,D
-26.57469,-58.79357,331.64,0.39,0.36,2026-03-14,1747,N,VIIRS,n,2.0NRT,304.84,3.7,D
-26.57533,-58.79752,345.1,0.39,0.36,2026-03-14,1747,N,VIIRS,n,2.0NRT,303.63,3.7,D
-26.57597,-58.80146,333.51,0.39,0.36,2026-03-14,1747,N,VIIRS,n,2.0NRT,302.79,1.74,D
-26.67311,-59.4116,345.17,0.39,0.36,2026-03-14,1747,N,VIIRS,n,2.0NRT,310.31,4.15,D
-26.47016,-58.22085,343.87,0.4,0.37,2026-03-14,1747,N,VIIRS,n,2.0NRT,307.03,12.05,D
-26.51388,-58.55172,346.67,0.4,0.37,2026-03-14,1747,N,VIIRS,n,2.0NRT,307.66,21.25,D
-26.51051,-58.5524,297.23,0.4,0.37,2026-03-14,1747,N,VIIRS,l,2.0NRT,308.53,72.19,D
-26.57551,-59.10917,333.45,0.39,0.36,2026-03-14,1747,N,VIIRS,l,2.0NRT,306.01,1.13,D
-26.46178,-58.68117,340.03,0.39,0.36,2026-03-14,1747,N,VIIRS,n,2.0NRT,305.79,4.55,D
-26.40239,-58.4463,352.22,0.4,0.37,2026-03-14,1747,N,VIIRS,n,2.0NRT,304.77,4.59,D
-26.39834,-58.44299,340.56,0.4,0.37,2026-03-14,1747,N,VIIRS,n,2.0NRT,303.92,4.59,D
-26.39901,-58.44698,334.76,0.4,0.37,2026-03-14,1747,N,VIIRS,n,2.0NRT,302.97,4.59,D
-26.44642,-58.75775,338.6,0.39,0.36,2026-03-14,1747,N,VIIRS,n,2.0NRT,304.63,2.22,D
-26.35105,-58.34401,341.71,0.4,0.37,2026-03-14,1747,N,VIIRS,n,2.0NRT,305.73,4.32,D
-26.35171,-58.34803,339.97,0.4,0.37,2026-03-14,1747,N,VIIRS,n,2.0NRT,308.18,4.32,D
-26.34624,-58.35745,347.61,0.4,0.37,2026-03-14,1747,N,VIIRS,n,2.0NRT,306.67,6.16,D
-26.39571,-58.89739,338.44,0.39,0.36,2026-03-14,1747,N,VIIRS,n,2.0NRT,306.23,4.28,D
-26.39235,-58.89806,345.09,0.39,0.36,2026-03-14,1747,N,VIIRS,n,2.0NRT,308.74,4.28,D
-26.37955,-58.90464,336.89,0.39,0.36,2026-03-14,1747,N,VIIRS,l,2.0NRT,309.3,5.19,D
-26.38019,-58.90858,344.6,0.39,0.36,2026-03-14,1747,N,VIIRS,n,2.0NRT,315.22,5.19,D
-27.5868,-59.30374,352.09,0.38,0.36,2026-03-14,1747,N,VIIRS,n,2.0NRT,303.37,6.73,D
-29.39024,-57.12082,367,0.41,0.37,2026-03-14,1747,N,VIIRS,h,2.0NRT,307.31,7.03,D
-29.38952,-57.11661,333.61,0.41,0.37,2026-03-14,1747,N,VIIRS,n,2.0NRT,303.09,7.03,D
-29.39095,-57.12504,346.28,0.41,0.37,2026-03-14,1747,N,VIIRS,n,2.0NRT,303.43,6.76,D
-29.38054,-57.10545,335.73,0.41,0.37,2026-03-14,1747,N,VIIRS,n,2.0NRT,304.7,5.62,D
-29.38126,-57.10967,338.45,0.41,0.37,2026-03-14,1747,N,VIIRS,n,2.0NRT,305.74,4.23,D
-29.37712,-57.10621,345.71,0.41,0.37,2026-03-14,1747,N,VIIRS,n,2.0NRT,306.68,5.62,D
-29.37784,-57.11043,342.87,0.41,0.37,2026-03-14,1747,N,VIIRS,n,2.0NRT,307.66,4.23,D
-29.37855,-57.11465,344.93,0.41,0.37,2026-03-14,1747,N,VIIRS,n,2.0NRT,305.36,4.23,D
-29.3737,-57.10696,343.19,0.41,0.37,2026-03-14,1747,N,VIIRS,n,2.0NRT,306.17,3.97,D
-29.37512,-57.1154,338.43,0.41,0.37,2026-03-14,1747,N,VIIRS,n,2.0NRT,307.82,28.08,D
-29.17702,-56.65618,333.97,0.42,0.38,2026-03-14,1747,N,VIIRS,n,2.0NRT,303.21,5.89,D
-29.2462,-57.68494,349,0.4,0.37,2026-03-14,1747,N,VIIRS,n,2.0NRT,301.4,9.84,D
-29.24688,-57.68904,355.92,0.4,0.37,2026-03-14,1747,N,VIIRS,l,2.0NRT,296.19,9.8,D
-29.08538,-57.5605,330.12,0.4,0.37,2026-03-14,1747,N,VIIRS,l,2.0NRT,301.01,3.6,D
-28.95414,-56.93994,332.34,0.42,0.37,2026-03-14,1747,N,VIIRS,l,2.0NRT,304.46,3.09,D
-28.95486,-56.94422,335.28,0.42,0.37,2026-03-14,1747,N,VIIRS,n,2.0NRT,304.7,2.42,D
-28.82329,-56.4949,342.98,0.43,0.38,2026-03-14,1747,N,VIIRS,n,2.0NRT,302.39,5.5,D
-29.07828,-58.06849,348.82,0.39,0.36,2026-03-14,1747,N,VIIRS,n,2.0NRT,287.65,4.76,D
-28.71446,-56.32828,356.46,0.44,0.38,2026-03-14,1747,N,VIIRS,n,2.0NRT,306.98,18.51,D
-28.59115,-56.45259,367,0.43,0.38,2026-03-14,1747,N,VIIRS,h,2.0NRT,305.44,13.75,D
-28.58763,-56.45338,333.37,0.43,0.38,2026-03-14,1747,N,VIIRS,n,2.0NRT,303.58,10.79,D
-28.58411,-56.45417,342.75,0.43,0.38,2026-03-14,1747,N,VIIRS,n,2.0NRT,305.49,10.79,D
-28.58059,-56.45496,332.13,0.43,0.38,2026-03-14,1747,N,VIIRS,n,2.0NRT,301,3.99,D
-29.00739,-59.28771,351.12,0.38,0.36,2026-03-14,1747,N,VIIRS,n,2.0NRT,289.65,5.72,D
-28.41919,-56.60786,332.2,0.43,0.38,2026-03-14,1747,N,VIIRS,n,2.0NRT,305.24,1.46,D
-28.66852,-59.4387,334.67,0.38,0.36,2026-03-14,1747,N,VIIRS,n,2.0NRT,293.97,2.62,D
-28.02597,-55.64478,330.67,0.47,0.4,2026-03-14,1747,N,VIIRS,n,2.0NRT,305.01,2.02,D
-28.43619,-58.99226,343.14,0.39,0.36,2026-03-14,1747,N,VIIRS,n,2.0NRT,302.55,4.85,D
-28.42266,-59.00241,342.33,0.39,0.36,2026-03-14,1747,N,VIIRS,n,2.0NRT,302.57,3.31,D
-28.41265,-59.00441,337.14,0.39,0.36,2026-03-14,1747,N,VIIRS,n,2.0NRT,300.63,3.92,D
-28.41459,-59.06099,341.31,0.38,0.36,2026-03-14,1747,N,VIIRS,n,2.0NRT,298.69,4.21,D
-28.41125,-59.06166,348.25,0.38,0.36,2026-03-14,1747,N,VIIRS,n,2.0NRT,300.6,11.28,D
-28.43268,-59.19967,333.77,0.38,0.36,2026-03-14,1747,N,VIIRS,n,2.0NRT,298.07,3.07,D
-28.41328,-59.20758,354.28,0.38,0.36,2026-03-14,1747,N,VIIRS,n,2.0NRT,300.07,7.87,D
-28.37199,-59.00847,330.03,0.39,0.36,2026-03-14,1747,N,VIIRS,l,2.0NRT,301.36,2.03,D
-30.26709,-57.96561,349.49,0.39,0.36,2026-03-14,1747,N,VIIRS,n,2.0NRT,274.5,11.01,D
-26.13973,-61.03812,336.41,0.39,0.36,2026-03-14,1749,N,VIIRS,l,2.0NRT,306.69,5.52,D
-26.26546,-58.67841,342.25,0.39,0.37,2026-03-14,1749,N,VIIRS,n,2.0NRT,307.38,3.81,D
-26.32021,-59.12615,338.04,0.39,0.36,2026-03-14,1749,N,VIIRS,n,2.0NRT,307.94,7.66,D
-26.31686,-59.1268,345.67,0.39,0.36,2026-03-14,1749,N,VIIRS,n,2.0NRT,306.08,5.3,D
-26.36643,-59.50595,333.47,0.39,0.36,2026-03-14,1749,N,VIIRS,n,2.0NRT,302.62,2.56,D
-26.36704,-59.50983,336.67,0.39,0.36,2026-03-14,1749,N,VIIRS,n,2.0NRT,305.43,4.36,D
-26.3631,-59.5066,336.1,0.39,0.36,2026-03-14,1749,N,VIIRS,n,2.0NRT,306.03,24.66,D
-26.3637,-59.51047,336.42,0.39,0.36,2026-03-14,1749,N,VIIRS,n,2.0NRT,310.57,26.82,D
-26.14748,-58.23869,334.9,0.4,0.37,2026-03-14,1749,N,VIIRS,l,2.0NRT,309.83,2.38,D
-26.08085,-57.98169,341.84,0.41,0.37,2026-03-14,1749,N,VIIRS,n,2.0NRT,305.67,11.54,D
-26.0953,-58.34492,338.93,0.4,0.37,2026-03-14,1749,N,VIIRS,n,2.0NRT,306.35,4.68,D
-26.01083,-57.98756,340.32,0.41,0.37,2026-03-14,1749,N,VIIRS,n,2.0NRT,303.5,4.03,D
-26.0067,-57.98415,335.72,0.41,0.37,2026-03-14,1749,N,VIIRS,n,2.0NRT,305.04,8.55,D
-26.00809,-57.99238,334.33,0.41,0.37,2026-03-14,1749,N,VIIRS,n,2.0NRT,303.97,4.86,D
-25.83998,-58.03328,348.16,0.41,0.37,2026-03-14,1749,N,VIIRS,n,2.0NRT,311.78,11.92,D
-25.83586,-58.02987,336.65,0.41,0.37,2026-03-14,1749,N,VIIRS,l,2.0NRT,308.97,6.68,D
-25.93706,-58.96167,345,0.39,0.36,2026-03-14,1749,N,VIIRS,n,2.0NRT,313.19,7.17,D
-25.98781,-59.39773,346.63,0.39,0.36,2026-03-14,1749,N,VIIRS,n,2.0NRT,306.31,12.84,D
-25.87043,-58.6853,342.73,0.4,0.37,2026-03-14,1749,N,VIIRS,n,2.0NRT,308.85,9.78,D
-25.87107,-58.68927,345.23,0.4,0.37,2026-03-14,1749,N,VIIRS,n,2.0NRT,310.38,9.78,D
-25.98447,-59.39837,343.73,0.39,0.36,2026-03-14,1749,N,VIIRS,n,2.0NRT,304.73,12.84,D
-25.86769,-58.68995,344.43,0.4,0.37,2026-03-14,1749,N,VIIRS,n,2.0NRT,310.23,8.24,D
-25.95979,-59.35116,339.75,0.39,0.36,2026-03-14,1749,N,VIIRS,n,2.0NRT,306.31,3.55,D
-25.687,-57.77203,338.85,0.42,0.38,2026-03-14,1749,N,VIIRS,n,2.0NRT,307.92,9.63,D
-26.01986,-59.84528,333.04,0.38,0.36,2026-03-14,1749,N,VIIRS,n,2.0NRT,302.6,4.3,D
-25.68007,-57.77346,342.49,0.42,0.38,2026-03-14,1749,N,VIIRS,n,2.0NRT,311.61,5.92,D
-26.01713,-59.84976,333.04,0.38,0.36,2026-03-14,1749,N,VIIRS,n,2.0NRT,302.19,2.21,D
-25.98918,-59.73594,335.73,0.38,0.36,2026-03-14,1749,N,VIIRS,l,2.0NRT,308.78,5.22,D
-26.15718,-60.84607,335.12,0.39,0.36,2026-03-14,1749,N,VIIRS,n,2.0NRT,303.94,4.43,D
-25.66812,-57.89249,338.89,0.42,0.37,2026-03-14,1749,N,VIIRS,n,2.0NRT,306.99,3.63,D
-25.66537,-57.89735,338.07,0.42,0.37,2026-03-14,1749,N,VIIRS,l,2.0NRT,308.25,11.07,D
-25.66121,-57.89391,333.86,0.42,0.37,2026-03-14,1749,N,VIIRS,n,2.0NRT,303.44,6.33,D
-25.66192,-57.89806,354.51,0.42,0.37,2026-03-14,1749,N,VIIRS,n,2.0NRT,311.59,11.07,D
-25.65847,-57.89877,345,0.42,0.37,2026-03-14,1749,N,VIIRS,n,2.0NRT,304.7,6.49,D
-25.65573,-57.90363,349.71,0.42,0.37,2026-03-14,1749,N,VIIRS,n,2.0NRT,307.94,6.49,D
-25.84702,-59.05578,334.55,0.39,0.36,2026-03-14,1749,N,VIIRS,l,2.0NRT,307,1.89,D
-26.23818,-58.51127,347.06,0.4,0.37,2026-03-14,1749,N,VIIRS,n,2.0NRT,310.01,20.33,D
-25.5958,-57.70342,331.76,0.42,0.38,2026-03-14,1749,N,VIIRS,n,2.0NRT,305.12,1.3,D
-26.36442,-62.86351,355.4,0.44,0.38,2026-03-14,1749,N,VIIRS,n,2.0NRT,304.78,18.4,D
-26.36087,-62.86409,367,0.44,0.38,2026-03-14,1749,N,VIIRS,h,2.0NRT,301.43,18.4,D
-26.35731,-62.86467,338.99,0.44,0.38,2026-03-14,1749,N,VIIRS,n,2.0NRT,291.7,6.9,D
-25.50604,-57.62132,335.25,0.43,0.38,2026-03-14,1749,N,VIIRS,l,2.0NRT,308.21,1.72,D
-25.50255,-57.62203,339.95,0.43,0.38,2026-03-14,1749,N,VIIRS,n,2.0NRT,308.4,5.26,D
-25.6493,-58.93654,342.64,0.39,0.36,2026-03-14,1749,N,VIIRS,n,2.0NRT,310.6,6.07,D
-25.68141,-59.20056,343.93,0.39,0.36,2026-03-14,1749,N,VIIRS,l,2.0NRT,317.09,10.67,D
-25.39118,-57.64858,336.83,0.43,0.38,2026-03-14,1749,N,VIIRS,l,2.0NRT,309.42,3.99,D
-25.52378,-58.42797,340.3,0.4,0.37,2026-03-14,1749,N,VIIRS,n,2.0NRT,303.97,5.02,D
-25.38769,-57.6493,342.7,0.43,0.38,2026-03-14,1749,N,VIIRS,n,2.0NRT,312.26,3.99,D
-25.3913,-57.64809,335.46,0.43,0.38,2026-03-14,1749,N,VIIRS,l,2.0NRT,309.76,5.58,D
-25.38781,-57.64881,346.18,0.43,0.38,2026-03-14,1749,N,VIIRS,n,2.0NRT,312.77,5.58,D
-25.50817,-58.47672,342.86,0.4,0.37,2026-03-14,1749,N,VIIRS,n,2.0NRT,304.11,5.65,D
-25.49483,-58.41704,331.28,0.4,0.37,2026-03-14,1749,N,VIIRS,n,2.0NRT,303.4,1.86,D
-25.50477,-58.47739,339.42,0.4,0.37,2026-03-14,1749,N,VIIRS,n,2.0NRT,305.44,5.65,D
-25.35942,-57.69418,345.36,0.42,0.38,2026-03-14,1749,N,VIIRS,n,2.0NRT,309,3.82,D
-25.26282,-58.16471,336.44,0.41,0.37,2026-03-14,1749,N,VIIRS,l,2.0NRT,307.61,5.7,D
-25.45787,-59.37149,334.88,0.39,0.36,2026-03-14,1749,N,VIIRS,n,2.0NRT,303.95,3.83,D
-25.45849,-59.37537,338.77,0.39,0.36,2026-03-14,1749,N,VIIRS,n,2.0NRT,306.52,3.83,D
-25.45911,-59.37924,339.26,0.39,0.36,2026-03-14,1749,N,VIIRS,l,2.0NRT,310.81,4.94,D
-25.45973,-59.38311,335.74,0.39,0.36,2026-03-14,1749,N,VIIRS,l,2.0NRT,307.91,4.94,D
-25.26118,-58.16472,340.32,0.41,0.37,2026-03-14,1749,N,VIIRS,n,2.0NRT,307.39,4.59,D
-25.45686,-59.37178,334.87,0.39,0.36,2026-03-14,1749,N,VIIRS,l,2.0NRT,305.26,22.04,D
-25.45809,-59.37953,338.91,0.39,0.36,2026-03-14,1749,N,VIIRS,l,2.0NRT,309.77,6.26,D
-25.19728,-58.2284,355.46,0.41,0.37,2026-03-14,1749,N,VIIRS,n,2.0NRT,304.55,14.31,D
-25.17873,-58.20256,350.95,0.41,0.37,2026-03-14,1749,N,VIIRS,n,2.0NRT,315.91,28.04,D
-25.17529,-58.20325,357.22,0.41,0.37,2026-03-14,1749,N,VIIRS,n,2.0NRT,310.1,7.53,D
-25.67035,-61.3704,335.32,0.39,0.36,2026-03-14,1749,N,VIIRS,n,2.0NRT,305.11,6.53,D
-25.67092,-61.37434,338.63,0.39,0.36,2026-03-14,1749,N,VIIRS,n,2.0NRT,308,5.74,D
-25.37973,-59.49426,336.14,0.39,0.36,2026-03-14,1749,N,VIIRS,n,2.0NRT,302.15,2.5,D
-25.20594,-58.44882,336.29,0.4,0.37,2026-03-14,1749,N,VIIRS,n,2.0NRT,306.42,3.59,D
-25.20661,-58.45285,355.58,0.4,0.37,2026-03-14,1749,N,VIIRS,n,2.0NRT,308.84,7.64,D
-25.2032,-58.45353,344.79,0.4,0.37,2026-03-14,1749,N,VIIRS,n,2.0NRT,305.17,4.73,D
-25.15764,-58.38722,338.17,0.41,0.37,2026-03-14,1749,N,VIIRS,l,2.0NRT,312.69,6.01,D
-25.60762,-61.34892,339.91,0.39,0.36,2026-03-14,1749,N,VIIRS,n,2.0NRT,308.67,6.38,D
-25.60368,-61.34558,337.5,0.39,0.36,2026-03-14,1749,N,VIIRS,n,2.0NRT,306.98,6.38,D
-25.60425,-61.34952,349.72,0.39,0.36,2026-03-14,1749,N,VIIRS,n,2.0NRT,308.63,6.38,D
-25.32499,-59.61599,346.26,0.39,0.36,2026-03-14,1749,N,VIIRS,n,2.0NRT,305.68,9.54,D
-25.23906,-59.82231,334.14,0.39,0.36,2026-03-14,1749,N,VIIRS,n,2.0NRT,305.26,1.99,D
-25.13019,-59.15834,333.85,0.39,0.36,2026-03-14,1749,N,VIIRS,l,2.0NRT,305.98,2.18,D
-25.23573,-59.82294,336.7,0.39,0.36,2026-03-14,1749,N,VIIRS,n,2.0NRT,307.26,3.75,D
-25.23632,-59.82677,337.63,0.39,0.36,2026-03-14,1749,N,VIIRS,n,2.0NRT,308.7,4.96,D
-25.32811,-60.46809,344.12,0.38,0.36,2026-03-14,1749,N,VIIRS,n,2.0NRT,305.04,3.79,D
-24.8427,-58.53199,350.37,0.41,0.37,2026-03-14,1749,N,VIIRS,n,2.0NRT,300.66,3.71,D
-25.04558,-60.2245,338.73,0.38,0.36,2026-03-14,1749,N,VIIRS,l,2.0NRT,310.8,5.99,D
-25.04166,-60.2213,339.35,0.38,0.36,2026-03-14,1749,N,VIIRS,n,2.0NRT,306.24,7.71,D
-25.04225,-60.22512,345.06,0.38,0.36,2026-03-14,1749,N,VIIRS,n,2.0NRT,314.24,8.84,D
-24.95568,-60.65772,334.63,0.38,0.36,2026-03-14,1749,N,VIIRS,l,2.0NRT,305,6.12,D
-24.86117,-60.06233,335.07,0.38,0.36,2026-03-14,1749,N,VIIRS,l,2.0NRT,309.74,2.44,D
-24.83818,-60.73333,331.82,0.38,0.36,2026-03-14,1749,N,VIIRS,l,2.0NRT,304.04,4.74,D
-24.58481,-59.37453,367,0.39,0.36,2026-03-14,1749,N,VIIRS,h,2.0NRT,326.2,71.75,D
-24.58145,-59.37518,350.23,0.39,0.36,2026-03-14,1749,N,VIIRS,n,2.0NRT,308.56,71.75,D
-24.74893,-60.53793,338.95,0.38,0.36,2026-03-14,1749,N,VIIRS,n,2.0NRT,304.96,4.92,D
-24.31054,-59.59428,337.53,0.39,0.36,2026-03-14,1749,N,VIIRS,n,2.0NRT,305.38,5.51,D
-24.30658,-59.59106,350.75,0.39,0.36,2026-03-14,1749,N,VIIRS,n,2.0NRT,312.11,16.02,D
-24.30719,-59.59492,354.51,0.39,0.36,2026-03-14,1749,N,VIIRS,n,2.0NRT,317.44,16.02,D
-24.30781,-59.59876,345.03,0.39,0.36,2026-03-14,1749,N,VIIRS,n,2.0NRT,309.33,9.77,D
-24.30323,-59.5917,354.42,0.39,0.36,2026-03-14,1749,N,VIIRS,n,2.0NRT,311.24,16.02,D
-24.30384,-59.59555,354.09,0.39,0.36,2026-03-14,1749,N,VIIRS,n,2.0NRT,312.46,16.02,D
-24.30446,-59.5994,335.39,0.39,0.36,2026-03-14,1749,N,VIIRS,n,2.0NRT,304.96,9.77,D
-24.3016,-59.59174,352.17,0.39,0.36,2026-03-14,1749,N,VIIRS,n,2.0NRT,311.55,7.96,D
-24.30221,-59.59558,341.29,0.39,0.36,2026-03-14,1749,N,VIIRS,n,2.0NRT,308.98,7.96,D
-24.30282,-59.59943,333.31,0.39,0.36,2026-03-14,1749,N,VIIRS,l,2.0NRT,304.14,3.04,D
-24.29825,-59.59237,349.93,0.39,0.36,2026-03-14,1749,N,VIIRS,n,2.0NRT,313.43,7.96,D
-24.29886,-59.59621,345.21,0.39,0.36,2026-03-14,1749,N,VIIRS,n,2.0NRT,309.62,7.96,D
-24.2949,-59.59301,336.9,0.39,0.36,2026-03-14,1749,N,VIIRS,n,2.0NRT,306.82,4.78,D
-26.24157,-58.51059,343,0.4,0.37,2026-03-14,1749,N,VIIRS,n,2.0NRT,309.69,13.64,D
-26.26966,-58.33969,345.13,0.4,0.37,2026-03-14,1749,N,VIIRS,n,2.0NRT,306.39,9.35,D
-26.26882,-58.67773,338.4,0.39,0.37,2026-03-14,1749,N,VIIRS,n,2.0NRT,307.21,2.88,D
-27.22317,-55.29787,306.46,0.42,0.37,2026-03-15,0504,N,VIIRS,n,2.0NRT,287.37,1.18,N
-27.22375,-55.29366,318.59,0.42,0.37,2026-03-15,0504,N,VIIRS,n,2.0NRT,290.2,1.18,N
-27.59698,-57.18551,317.54,0.39,0.36,2026-03-15,0504,N,VIIRS,n,2.0NRT,278.4,0.91,N
-27.60032,-57.18616,297.57,0.39,0.36,2026-03-15,0504,N,VIIRS,n,2.0NRT,279.52,0.91,N
-28.55198,-56.63184,344.04,0.39,0.37,2026-03-15,0504,N,VIIRS,n,2.0NRT,289.62,6.89,N
-28.56173,-56.61286,298.81,0.39,0.37,2026-03-15,0504,N,VIIRS,n,2.0NRT,287.78,0.32,N
-29.17842,-56.65904,299.61,0.4,0.37,2026-03-15,0504,N,VIIRS,n,2.0NRT,277.66,0.55,N
-29.07271,-57.52631,329.12,0.39,0.36,2026-03-15,0504,N,VIIRS,n,2.0NRT,273.11,3.19,N
-29.38977,-57.13691,317.62,0.39,0.36,2026-03-15,0504,N,VIIRS,n,2.0NRT,281.43,1.62,N
-31.21585,-58.73509,303.28,0.38,0.36,2026-03-15,0504,N,VIIRS,n,2.0NRT,288.57,0.87,N
-29.39892,-57.12206,309.69,0.39,0.36,2026-03-15,0504,N,VIIRS,n,2.0NRT,279.89,1.37,N
-29.39831,-57.1261,318.93,0.39,0.36,2026-03-15,0504,N,VIIRS,n,2.0NRT,280.34,1.37,N
-29.39771,-57.13014,305.35,0.39,0.36,2026-03-15,0504,N,VIIRS,n,2.0NRT,280.39,0.86,N
-29.39495,-57.12544,295.36,0.39,0.36,2026-03-15,0504,N,VIIRS,n,2.0NRT,280.48,1.33,N
-29.39556,-57.1214,329.4,0.39,0.36,2026-03-15,0504,N,VIIRS,n,2.0NRT,280.91,1.33,N
-33.36772,-60.16128,337.93,0.39,0.36,2026-03-15,0506,N,VIIRS,n,2.0NRT,294,2.8,N
-33.36242,-60.15136,306.46,0.39,0.36,2026-03-15,0506,N,VIIRS,n,2.0NRT,291.03,1.27,N
-33.36173,-60.15553,307.3,0.39,0.36,2026-03-15,0506,N,VIIRS,n,2.0NRT,290.8,1.13,N
-33.35839,-60.15475,339.57,0.39,0.36,2026-03-15,0506,N,VIIRS,n,2.0NRT,293.32,5.05,N
-33.25594,-60.28419,313.57,0.39,0.36,2026-03-15,0506,N,VIIRS,n,2.0NRT,291.66,2.58,N
-33.25524,-60.28838,323,0.39,0.36,2026-03-15,0506,N,VIIRS,n,2.0NRT,292.93,1.87,N
-34.15065,-58.98298,300.79,0.39,0.36,2026-03-15,0506,N,VIIRS,n,2.0NRT,290.58,0.96,N
-34.85836,-57.89373,335.05,0.4,0.37,2026-03-15,0506,N,VIIRS,n,2.0NRT,291.12,3.31,N
-34.82842,-58.3433,313.42,0.39,0.36,2026-03-15,0506,N,VIIRS,n,2.0NRT,287.82,1.36,N
-35.01149,-60.26364,299.66,0.39,0.36,2026-03-15,0506,N,VIIRS,n,2.0NRT,285.3,0.98,N
-35.01482,-60.26444,315.85,0.39,0.36,2026-03-15,0506,N,VIIRS,n,2.0NRT,285.91,0.98,N
-36.98394,-60.24588,312.01,0.38,0.36,2026-03-15,0506,N,VIIRS,n,2.0NRT,288.55,1.43,N
-36.99249,-60.27945,297.75,0.38,0.36,2026-03-15,0506,N,VIIRS,n,2.0NRT,287.37,0.58,N
-36.99317,-60.27512,298.01,0.38,0.36,2026-03-15,0506,N,VIIRS,n,2.0NRT,287.4,0.4,N
-37.03838,-60.29515,300.63,0.38,0.36,2026-03-15,0506,N,VIIRS,n,2.0NRT,288.12,0.49,N
-34.15463,-58.97952,312.83,0.39,0.36,2026-03-15,0506,N,VIIRS,n,2.0NRT,292.44,0.96,N
-34.65713,-58.32575,302.45,0.39,0.36,2026-03-15,0506,N,VIIRS,n,2.0NRT,291.1,1.55,N
-34.15,-58.98718,336.92,0.39,0.36,2026-03-15,0506,N,VIIRS,n,2.0NRT,291.45,7.32,N
-34.14667,-58.98643,327.99,0.39,0.36,2026-03-15,0506,N,VIIRS,n,2.0NRT,290.74,2.64,N
-33.37714,-60.14613,322.06,0.39,0.36,2026-03-15,0506,N,VIIRS,n,2.0NRT,291.89,1.46,N
-33.37175,-60.15788,310.69,0.39,0.36,2026-03-15,0506,N,VIIRS,n,2.0NRT,291.73,2.8,N
-37.71283,-69.14068,313.47,0.49,0.49,2026-03-15,0508,N,VIIRS,n,2.0NRT,283.64,1.57,N
-37.42538,-69.17621,306.68,0.5,0.49,2026-03-15,0508,N,VIIRS,n,2.0NRT,287.15,2.15,N
-37.42669,-69.17069,320.12,0.5,0.49,2026-03-15,0508,N,VIIRS,n,2.0NRT,287.59,2.15,N
-34.14898,-58.9872,334.78,0.38,0.44,2026-03-15,1728,N,VIIRS,n,2.0NRT,302.6,4.56,D
-36.45777,-61.77744,330.83,0.58,0.52,2026-03-15,1728,N,VIIRS,n,2.0NRT,296.27,5.26,D
-36.02229,-57.40391,333.19,0.51,0.41,2026-03-15,1728,N,VIIRS,n,2.0NRT,301.09,8.79,D
-36.02292,-57.40967,330.86,0.51,0.41,2026-03-15,1728,N,VIIRS,n,2.0NRT,299.62,4.08,D
-36.02097,-57.40604,344.48,0.51,0.41,2026-03-15,1728,N,VIIRS,n,2.0NRT,302.36,14.69,D
-36.21096,-59.51822,333.15,0.43,0.46,2026-03-15,1728,N,VIIRS,n,2.0NRT,302.45,5.25,D
-34.92118,-58.28101,330.34,0.54,0.42,2026-03-15,1728,N,VIIRS,l,2.0NRT,304.42,2.51,D
-34.85817,-57.89378,330.75,0.52,0.42,2026-03-15,1728,N,VIIRS,n,2.0NRT,299.72,3.2,D
-34.59692,-58.57928,344.78,0.56,0.43,2026-03-15,1728,N,VIIRS,n,2.0NRT,297.65,4.02,D
-34.44302,-59.06318,334.17,0.39,0.44,2026-03-15,1728,N,VIIRS,n,2.0NRT,306.79,2.63,D
-34.14497,-58.68764,330.57,0.56,0.43,2026-03-15,1728,N,VIIRS,n,2.0NRT,304.78,4.92,D
-33.71808,-58.90902,335.11,0.57,0.43,2026-03-15,1728,N,VIIRS,n,2.0NRT,305.5,3.68,D
-33.75504,-59.40985,334.89,0.4,0.44,2026-03-15,1728,N,VIIRS,n,2.0NRT,303.3,5.09,D
-33.75135,-59.41485,338.5,0.4,0.44,2026-03-15,1728,N,VIIRS,n,2.0NRT,309.65,4.64,D
-33.51727,-58.60646,341.31,0.54,0.42,2026-03-15,1728,N,VIIRS,n,2.0NRT,305.21,6.01,D
-33.50871,-58.60175,332.54,0.54,0.42,2026-03-15,1728,N,VIIRS,l,2.0NRT,305.19,4.54,D
-33.57736,-59.66722,351.98,0.41,0.45,2026-03-15,1728,N,VIIRS,n,2.0NRT,303.07,18.38,D
-33.47816,-59.73971,331.59,0.41,0.45,2026-03-15,1728,N,VIIRS,l,2.0NRT,302.37,3.19,D
-33.47862,-59.74424,340.58,0.41,0.45,2026-03-15,1728,N,VIIRS,n,2.0NRT,302.81,3.19,D
-33.37113,-60.1585,337.39,0.43,0.46,2026-03-15,1728,N,VIIRS,n,2.0NRT,305.8,6.4,D
-33.2593,-60.28371,332.18,0.44,0.46,2026-03-15,1728,N,VIIRS,n,2.0NRT,302.68,3.08,D
-33.18261,-60.00863,344.14,0.42,0.45,2026-03-15,1728,N,VIIRS,n,2.0NRT,302.65,3.44,D
-33.0484,-60.07737,343.22,0.43,0.46,2026-03-15,1728,N,VIIRS,n,2.0NRT,299.54,13.14,D
-32.95858,-60.7848,332.67,0.46,0.47,2026-03-15,1728,N,VIIRS,n,2.0NRT,299.34,2.95,D
-32.65283,-62.50107,329.81,0.58,0.52,2026-03-15,1728,N,VIIRS,n,2.0NRT,295.79,9.17,D
-32.65335,-62.50736,340.96,0.58,0.52,2026-03-15,1728,N,VIIRS,n,2.0NRT,298.77,9.17,D
-31.45368,-58.5532,333.85,0.51,0.41,2026-03-15,1728,N,VIIRS,n,2.0NRT,291.19,3.06,D
-31.44892,-58.81411,367,0.53,0.42,2026-03-15,1728,N,VIIRS,h,2.0NRT,294.25,15.5,D
-30.50722,-59.12453,337.05,0.53,0.42,2026-03-15,1728,N,VIIRS,n,2.0NRT,284.75,3.66,D
-30.04327,-62.4375,329.49,0.54,0.51,2026-03-15,1728,N,VIIRS,n,2.0NRT,295.02,3.59,D
-30.04317,-62.43986,334.33,0.54,0.5,2026-03-15,1728,N,VIIRS,n,2.0NRT,295.15,4.34,D
-26.86932,-54.58538,338.33,0.39,0.36,2026-03-15,1730,N,VIIRS,n,2.0NRT,308.01,4.45,D
-30.01553,-62.93631,351.52,0.57,0.52,2026-03-15,1730,N,VIIRS,n,2.0NRT,295.57,16.41,D
-30.01987,-62.92966,332.41,0.57,0.52,2026-03-15,1730,N,VIIRS,n,2.0NRT,294.42,4.5,D
-26.27898,-54.14717,337.54,0.39,0.36,2026-03-15,1730,N,VIIRS,n,2.0NRT,298.57,6.02,D
-26.27962,-54.15111,338.77,0.39,0.36,2026-03-15,1730,N,VIIRS,n,2.0NRT,298.15,6.02,D
-26.36637,-62.86391,333.55,0.52,0.5,2026-03-15,1730,N,VIIRS,n,2.0NRT,297.05,3.35,D
-28.72201,-57.1078,331.94,0.42,0.38,2026-03-15,1730,N,VIIRS,n,2.0NRT,288.77,2.65,D
-27.98877,-55.4808,333.8,0.39,0.36,2026-03-15,1730,N,VIIRS,n,2.0NRT,301.99,2.02,D
-27.98936,-55.48476,330.42,0.39,0.36,2026-03-15,1730,N,VIIRS,l,2.0NRT,301.23,2.02,D
-27.98601,-55.48539,331.38,0.39,0.36,2026-03-15,1730,N,VIIRS,n,2.0NRT,299.72,3.27,D
-28.84124,-57.73845,334.61,0.45,0.39,2026-03-15,1730,N,VIIRS,n,2.0NRT,283.9,3.62,D
-26.36361,-62.86679,330.93,0.52,0.5,2026-03-15,1730,N,VIIRS,n,2.0NRT,297.36,5.74,D
-27.74295,-55.05289,341.02,0.38,0.36,2026-03-15,1730,N,VIIRS,n,2.0NRT,300.73,3.68,D
-27.65263,-55.21507,336.88,0.38,0.36,2026-03-15,1730,N,VIIRS,n,2.0NRT,300.96,4.03,D
-27.62619,-55.06298,333.05,0.38,0.36,2026-03-15,1730,N,VIIRS,n,2.0NRT,296.49,2.12,D
-27.47689,-55.08725,340.17,0.38,0.36,2026-03-15,1730,N,VIIRS,n,2.0NRT,296.78,5.56,D
-28.03944,-59.22797,331.59,0.51,0.41,2026-03-15,1730,N,VIIRS,n,2.0NRT,291.96,3.59,D
-26.28234,-54.14651,336,0.39,0.36,2026-03-15,1730,N,VIIRS,n,2.0NRT,297.86,7.76,D
-28.04006,-59.2332,326.47,0.51,0.41,2026-03-15,1730,N,VIIRS,n,2.0NRT,292.41,3.59,D
-27.49152,-55.86369,332.93,0.39,0.36,2026-03-15,1730,N,VIIRS,n,2.0NRT,277.39,5.07,D
-27.4921,-55.86766,349.06,0.39,0.36,2026-03-15,1730,N,VIIRS,n,2.0NRT,277.64,5.07,D
-27.48874,-55.86828,338.52,0.39,0.36,2026-03-15,1730,N,VIIRS,n,2.0NRT,278.57,5.87,D
-27.20562,-54.35471,342.23,0.39,0.36,2026-03-15,1730,N,VIIRS,n,2.0NRT,300.33,5.65,D
-27.20228,-54.35537,347.44,0.39,0.36,2026-03-15,1730,N,VIIRS,n,2.0NRT,299.08,5.65,D
-28.53449,-66.8306,339.18,0.47,0.64,2026-03-15,1730,N,VIIRS,n,2.0NRT,307.32,4.38,D
-27.14699,-54.35419,332.77,0.39,0.36,2026-03-15,1730,N,VIIRS,n,2.0NRT,300.56,1.84,D
-27.54319,-57.16993,325.04,0.42,0.37,2026-03-15,1730,N,VIIRS,n,2.0NRT,289.23,3.62,D
-27.47066,-57.24257,347.37,0.42,0.37,2026-03-15,1730,N,VIIRS,n,2.0NRT,270.83,7.34,D
-27.45148,-57.31137,346.73,0.42,0.38,2026-03-15,1730,N,VIIRS,n,2.0NRT,275.07,6.66,D
-27.11388,-55.43185,338.55,0.39,0.36,2026-03-15,1730,N,VIIRS,n,2.0NRT,271.3,4.46,D
-28.72551,-57.1072,327.31,0.42,0.38,2026-03-15,1730,N,VIIRS,n,2.0NRT,290.78,2.65,D
-26.7361,-54.29701,334.16,0.39,0.36,2026-03-15,1730,N,VIIRS,n,2.0NRT,302.51,3.78,D
-26.28297,-54.15045,335.5,0.39,0.36,2026-03-15,1730,N,VIIRS,n,2.0NRT,296.05,7.76,D
-28.83765,-57.73906,350.19,0.45,0.39,2026-03-15,1730,N,VIIRS,n,2.0NRT,291.67,16.59,D
-33.63546,-65.62112,333.24,0.45,0.63,2026-03-15,1908,N,VIIRS,n,2.0NRT,296.15,3.24,D
-31.96509,-62.12403,341.98,0.75,0.77,2026-03-15,1908,N,VIIRS,n,2.0NRT,292.27,7.64,D
-31.96327,-62.12275,346.16,0.75,0.77,2026-03-15,1908,N,VIIRS,n,2.0NRT,292.07,10.27,D
-33.63752,-65.61998,331.25,0.45,0.63,2026-03-15,1908,N,VIIRS,n,2.0NRT,296.07,2.23,D
-33.63414,-65.61628,337.94,0.45,0.63,2026-03-15,1908,N,VIIRS,n,2.0NRT,295.94,6.06,D
-30.01229,-62.93695,332.33,0.77,0.77,2026-03-15,1910,N,VIIRS,n,2.0NRT,289.49,5.31,D
-26.27949,-54.14933,303.54,0.4,0.37,2026-03-16,0444,N,VIIRS,n,2.0NRT,287.43,0.64,N
-33.37411,-60.14658,328.25,0.55,0.43,2026-03-16,0446,N,VIIRS,n,2.0NRT,293.43,2.82,N
-27.03506,-60.31915,305.37,0.5,0.49,2026-03-16,0446,N,VIIRS,n,2.0NRT,290.31,0.53,N
-27.03952,-60.32036,302.19,0.5,0.49,2026-03-16,0446,N,VIIRS,n,2.0NRT,290.29,0.53,N
-28.20986,-59.49426,301.69,0.42,0.45,2026-03-16,0446,N,VIIRS,n,2.0NRT,280.62,0.82,N
-29.93066,-58.27747,310.29,0.51,0.41,2026-03-16,0446,N,VIIRS,n,2.0NRT,286.73,1.58,N
-31.29764,-60.59949,304.18,0.42,0.45,2026-03-16,0446,N,VIIRS,n,2.0NRT,292.11,1.29,N
-31.30179,-60.6007,324.1,0.42,0.45,2026-03-16,0446,N,VIIRS,n,2.0NRT,292.7,1.29,N
-31.30274,-60.59626,317.04,0.42,0.45,2026-03-16,0446,N,VIIRS,n,2.0NRT,292.24,1.29,N
-33.00798,-60.03602,304.39,0.55,0.43,2026-03-16,0446,N,VIIRS,n,2.0NRT,292.13,1.34,N
-33.25618,-60.28753,317.95,0.56,0.43,2026-03-16,0446,N,VIIRS,n,2.0NRT,293.26,2.74,N
-33.36751,-60.13847,324.36,0.55,0.43,2026-03-16,0446,N,VIIRS,n,2.0NRT,292.88,3.42,N
-33.36655,-60.16323,327.48,0.55,0.43,2026-03-16,0446,N,VIIRS,n,2.0NRT,293.67,2.89,N
-33.37801,-60.14772,317.08,0.55,0.43,2026-03-16,0446,N,VIIRS,n,2.0NRT,292.3,2.82,N
-34.14817,-58.98951,327.22,0.48,0.4,2026-03-16,0446,N,VIIRS,n,2.0NRT,292.82,2.42,N
-34.65467,-58.32702,307.55,0.44,0.39,2026-03-16,0446,N,VIIRS,n,2.0NRT,296.28,1.17,N
-34.85715,-57.89598,330.83,0.43,0.38,2026-03-16,0446,N,VIIRS,n,2.0NRT,294.49,2.72,N
-34.85744,-57.8934,333.17,0.43,0.38,2026-03-16,0446,N,VIIRS,n,2.0NRT,294.5,3.72,N
-34.87053,-57.92144,323.37,0.43,0.38,2026-03-16,0446,N,VIIRS,n,2.0NRT,293.29,1.85,N
-36.02235,-57.4122,313.19,0.41,0.37,2026-03-16,0449,N,VIIRS,n,2.0NRT,296.33,1.47,N
-36.02314,-57.40771,313.47,0.41,0.37,2026-03-16,0449,N,VIIRS,n,2.0NRT,294.42,1.47,N
-36.02392,-57.40321,305.4,0.41,0.37,2026-03-16,0449,N,VIIRS,n,2.0NRT,292.63,0.62,N
-36.01974,-57.4068,308.49,0.41,0.37,2026-03-16,0449,N,VIIRS,n,2.0NRT,294.62,1.08,N
-36.02575,-57.41311,312.7,0.41,0.37,2026-03-16,0449,N,VIIRS,n,2.0NRT,295.65,1.47,N
-37.42352,-69.17499,324.79,0.44,0.62,2026-03-16,0449,N,VIIRS,n,2.0NRT,282.56,1.69,N
-37.42918,-69.17711,303.84,0.44,0.62,2026-03-16,0449,N,VIIRS,n,2.0NRT,281.64,1.69,N
-37.52599,-69.09642,296.12,0.43,0.62,2026-03-16,0449,N,VIIRS,n,2.0NRT,280.14,0.56,N
-37.52731,-69.0917,300.94,0.43,0.62,2026-03-16,0449,N,VIIRS,n,2.0NRT,280.57,0.56,N
-37.71132,-69.14513,305.62,0.43,0.62,2026-03-16,0449,N,VIIRS,n,2.0NRT,280.21,1.34,N
-37.71271,-69.14021,308.82,0.43,0.62,2026-03-16,0449,N,VIIRS,n,2.0NRT,280.01,1.93,N
-38.28958,-68.57401,305.39,0.39,0.59,2026-03-16,0449,N,VIIRS,n,2.0NRT,282.4,0.81,N
-38.29483,-68.57652,298.04,0.39,0.59,2026-03-16,0449,N,VIIRS,n,2.0NRT,281.97,0.4,N
-38.40775,-68.72117,302.64,0.39,0.59,2026-03-16,0449,N,VIIRS,n,2.0NRT,282.39,0.93,N
-38.40895,-68.71677,298.83,0.39,0.59,2026-03-16,0449,N,VIIRS,n,2.0NRT,282.55,0.66,N
-38.43729,-68.78759,305.53,0.39,0.59,2026-03-16,0449,N,VIIRS,n,2.0NRT,282.35,0.85,N
-38.44251,-68.79033,298.57,0.39,0.59,2026-03-16,0449,N,VIIRS,n,2.0NRT,282.04,0.85,N
-38.6954,-68.70522,333.37,0.38,0.59,2026-03-16,0449,N,VIIRS,n,2.0NRT,282.16,3.25,N
-38.6984,-68.71593,302.06,0.38,0.59,2026-03-16,0449,N,VIIRS,n,2.0NRT,280.63,0.56,N
-38.69448,-68.70645,307.33,0.38,0.59,2026-03-16,0449,N,VIIRS,n,2.0NRT,280.61,1.25,N
-38.69564,-68.70225,317.38,0.38,0.59,2026-03-16,0449,N,VIIRS,n,2.0NRT,281.8,1.25,N
-38.74043,-68.84109,325.19,0.39,0.59,2026-03-16,0449,N,VIIRS,n,2.0NRT,280.96,1.32,N
-38.74163,-68.83669,300.2,0.39,0.59,2026-03-16,0449,N,VIIRS,n,2.0NRT,280.27,1.32,N
-38.74574,-68.84341,295.04,0.39,0.59,2026-03-16,0449,N,VIIRS,n,2.0NRT,279.73,0.97,N
-38.0167,-68.60205,307.06,0.42,0.61,2026-03-16,0627,N,VIIRS,n,2.0NRT,282.14,0.66,N
-35.7459,-68.57119,299.36,0.41,0.61,2026-03-16,0627,N,VIIRS,n,2.0NRT,278.59,1.17,N
-37.08438,-69.48033,310.43,0.37,0.58,2026-03-16,0627,N,VIIRS,n,2.0NRT,282.18,1.17,N
-37.08482,-69.47717,307.99,0.37,0.58,2026-03-16,0627,N,VIIRS,n,2.0NRT,281.93,1.17,N
-37.42725,-69.0962,309.86,0.39,0.6,2026-03-16,0627,N,VIIRS,n,2.0NRT,280.94,1.08,N
-37.42827,-69.17494,328.86,0.39,0.59,2026-03-16,0627,N,VIIRS,n,2.0NRT,282.08,1.63,N
-37.52588,-69.09185,301.05,0.39,0.6,2026-03-16,0627,N,VIIRS,n,2.0NRT,280.62,0.45,N
-37.5315,-69.09229,300.38,0.39,0.6,2026-03-16,0627,N,VIIRS,n,2.0NRT,280.14,0.45,N
-37.52896,-69.09312,315.74,0.39,0.6,2026-03-16,0627,N,VIIRS,n,2.0NRT,281.18,1.03,N
-37.71504,-69.14362,295.78,0.39,0.6,2026-03-16,0627,N,VIIRS,n,2.0NRT,279.25,0.82,N
-37.7153,-69.13911,300.11,0.39,0.6,2026-03-16,0627,N,VIIRS,n,2.0NRT,279.24,0.73,N
-37.71555,-69.1346,295.51,0.39,0.6,2026-03-16,0627,N,VIIRS,n,2.0NRT,279.03,0.73,N
-38.01114,-68.59667,322.33,0.42,0.61,2026-03-16,0627,N,VIIRS,n,2.0NRT,283.29,1.99,N
-38.01694,-68.59705,296.81,0.42,0.61,2026-03-16,0627,N,VIIRS,n,2.0NRT,281.67,0.66,N
-38.09681,-68.60908,302.54,0.42,0.61,2026-03-16,0627,N,VIIRS,n,2.0NRT,281.81,0.76,N
-38.1188,-68.63603,308.15,0.42,0.61,2026-03-16,0627,N,VIIRS,n,2.0NRT,281.68,1.16,N
-38.29033,-68.57751,312.63,0.43,0.62,2026-03-16,0627,N,VIIRS,n,2.0NRT,281.48,1.22,N
-38.2871,-68.75298,312.92,0.42,0.61,2026-03-16,0627,N,VIIRS,n,2.0NRT,281.66,1.05,N
-38.29614,-68.57787,302.66,0.43,0.62,2026-03-16,0627,N,VIIRS,n,2.0NRT,280.97,0.91,N
-38.28683,-68.75352,304.82,0.42,0.61,2026-03-16,0627,N,VIIRS,n,2.0NRT,281.54,1.31,N
-38.29486,-68.57822,304.18,0.43,0.62,2026-03-16,0627,N,VIIRS,n,2.0NRT,281.07,1.28,N
-38.29509,-68.57327,302.37,0.43,0.62,2026-03-16,0627,N,VIIRS,n,2.0NRT,281.31,0.9,N
-38.4103,-68.72014,303.74,0.42,0.61,2026-03-16,0627,N,VIIRS,n,2.0NRT,280.99,0.92,N
-38.41053,-68.71511,306.52,0.42,0.61,2026-03-16,0627,N,VIIRS,n,2.0NRT,281.33,0.92,N
-38.69505,-68.70343,296.86,0.42,0.61,2026-03-16,0629,N,VIIRS,n,2.0NRT,278.91,1.91,N
-38.70084,-68.70393,335.97,0.42,0.61,2026-03-16,0629,N,VIIRS,n,2.0NRT,279.81,1.91,N
-38.69989,-68.70409,340.12,0.42,0.61,2026-03-16,0629,N,VIIRS,n,2.0NRT,280.65,2.51,N
-38.74586,-68.8382,342.3,0.42,0.61,2026-03-16,0629,N,VIIRS,n,2.0NRT,280.72,4.6,N
-36.02489,-57.40172,357.34,0.6,0.53,2026-03-16,1707,N,VIIRS,n,2.0NRT,298.33,16.3,D
-36.0199,-57.40226,344.1,0.6,0.53,2026-03-16,1707,N,VIIRS,n,2.0NRT,295.41,16.3,D
-34.71466,-58.64723,338.42,0.34,0.56,2026-03-16,1707,N,VIIRS,n,2.0NRT,300.28,2.49,D
-34.4632,-58.97844,338.7,0.35,0.57,2026-03-16,1707,N,VIIRS,n,2.0NRT,298.12,2.45,D
-34.3208,-59.01549,330.52,0.35,0.57,2026-03-16,1707,N,VIIRS,n,2.0NRT,298,2,D
-34.1617,-58.70794,351.67,0.34,0.56,2026-03-16,1707,N,VIIRS,n,2.0NRT,298.01,6.87,D
-34.14873,-58.986,367,0.35,0.57,2026-03-16,1707,N,VIIRS,h,2.0NRT,299.17,9.06,D
-34.10438,-58.8838,337.31,0.35,0.56,2026-03-16,1707,N,VIIRS,n,2.0NRT,296.23,3.74,D
-34.10161,-58.88428,338.53,0.35,0.56,2026-03-16,1707,N,VIIRS,n,2.0NRT,296.15,4.61,D
-34.06535,-58.67582,341.01,0.34,0.56,2026-03-16,1707,N,VIIRS,n,2.0NRT,296.14,2.61,D
-33.82779,-59.47124,331.2,0.37,0.58,2026-03-16,1709,N,VIIRS,n,2.0NRT,296.61,1.37,D
-33.56799,-59.72412,344.21,0.38,0.59,2026-03-16,1709,N,VIIRS,n,2.0NRT,297.41,4.82,D
-33.56244,-59.72462,335.51,0.38,0.59,2026-03-16,1709,N,VIIRS,n,2.0NRT,296.02,4.82,D
-33.55688,-59.7251,367,0.38,0.59,2026-03-16,1709,N,VIIRS,h,2.0NRT,296.49,10.26,D
-33.55053,-59.71279,337.18,0.38,0.59,2026-03-16,1709,N,VIIRS,n,2.0NRT,296.9,3.79,D
-33.37512,-59.80618,348.2,0.39,0.59,2026-03-16,1709,N,VIIRS,n,2.0NRT,298.95,6.03,D
-33.37916,-60.14561,332.68,0.4,0.6,2026-03-16,1709,N,VIIRS,n,2.0NRT,298.03,1.98,D
-33.36239,-60.15163,330.46,0.4,0.6,2026-03-16,1709,N,VIIRS,n,2.0NRT,298.71,3.35,D
-33.22454,-58.45372,332.87,0.32,0.55,2026-03-16,1709,N,VIIRS,n,2.0NRT,297.94,2.91,D
-33.22338,-58.45472,353.24,0.32,0.55,2026-03-16,1709,N,VIIRS,n,2.0NRT,298.94,5.4,D
-33.21825,-58.45525,331.59,0.32,0.55,2026-03-16,1709,N,VIIRS,n,2.0NRT,298.56,3.63,D
-33.21852,-58.4588,336.34,0.32,0.55,2026-03-16,1709,N,VIIRS,n,2.0NRT,298.45,2.38,D
-33.14623,-60.81387,339.05,0.44,0.62,2026-03-16,1709,N,VIIRS,n,2.0NRT,295.34,5.52,D
-32.81381,-60.19016,333.74,0.4,0.6,2026-03-16,1709,N,VIIRS,n,2.0NRT,294.01,1.65,D
-32.82042,-60.15751,367,0.4,0.6,2026-03-16,1709,N,VIIRS,h,2.0NRT,301.27,54.83,D
-31.7818,-58.72063,334.47,0.32,0.55,2026-03-16,1709,N,VIIRS,n,2.0NRT,291.32,2.7,D
-31.78062,-58.72179,334.46,0.32,0.55,2026-03-16,1709,N,VIIRS,n,2.0NRT,292.31,3.94,D
-30.28684,-58.40567,328.05,0.6,0.53,2026-03-16,1709,N,VIIRS,n,2.0NRT,292.09,3.94,D
-30.39621,-59.97303,335.11,0.37,0.58,2026-03-16,1709,N,VIIRS,n,2.0NRT,289.95,3.25,D
-30.28693,-58.40716,329.06,0.59,0.53,2026-03-16,1709,N,VIIRS,n,2.0NRT,292.12,4.44,D
-30.39605,-59.97294,337.32,0.37,0.58,2026-03-16,1709,N,VIIRS,n,2.0NRT,289.76,3.57,D
-29.40683,-56.8601,337.03,0.47,0.48,2026-03-16,1709,N,VIIRS,n,2.0NRT,281.58,4.24,D
-28.58755,-59.72821,331.53,0.34,0.56,2026-03-16,1709,N,VIIRS,n,2.0NRT,290.63,3.77,D
-28.26615,-59.47592,333.56,0.33,0.55,2026-03-16,1709,N,VIIRS,n,2.0NRT,289.94,4.59,D
-28.26672,-59.48281,338.54,0.33,0.55,2026-03-16,1709,N,VIIRS,n,2.0NRT,291.03,4.39,D
-28.26555,-59.47516,334.69,0.33,0.55,2026-03-16,1709,N,VIIRS,n,2.0NRT,289.53,2.93,D
-28.26616,-59.48205,337.91,0.33,0.55,2026-03-16,1709,N,VIIRS,n,2.0NRT,291.08,4.07,D
-28.24167,-59.56122,346.95,0.33,0.55,2026-03-16,1709,N,VIIRS,n,2.0NRT,291.81,6.64,D
-38.74446,-68.83501,340.91,0.44,0.38,2026-03-16,1847,N,VIIRS,n,2.0NRT,306.39,3.08,D
-38.44431,-68.7832,341.06,0.44,0.38,2026-03-16,1847,N,VIIRS,n,2.0NRT,299.49,2.54,D
-38.01355,-68.59578,339.16,0.45,0.39,2026-03-16,1847,N,VIIRS,n,2.0NRT,300.88,3.19,D
-34.16079,-58.70229,333.23,0.56,0.69,2026-03-16,1849,N,VIIRS,n,2.0NRT,294.36,4,D
-32.69019,-58.50853,340.16,0.63,0.72,2026-03-16,1849,N,VIIRS,n,2.0NRT,288.95,6.69,D
-32.69214,-58.51525,336.83,0.63,0.72,2026-03-16,1849,N,VIIRS,n,2.0NRT,289.21,6.69,D
-32.6837,-58.51112,330.82,0.63,0.72,2026-03-16,1849,N,VIIRS,n,2.0NRT,288.97,6.22,D
-31.73094,-58.93963,332.73,0.63,0.72,2026-03-16,1849,N,VIIRS,n,2.0NRT,288.23,4.4,D
-31.72932,-58.94,335.45,0.63,0.72,2026-03-16,1849,N,VIIRS,n,2.0NRT,287.9,7.72,D
-31.70652,-59.16225,334.49,0.61,0.71,2026-03-16,1849,N,VIIRS,n,2.0NRT,288.17,3.62,D
-31.84446,-59.67066,343.14,0.57,0.69,2026-03-16,1849,N,VIIRS,n,2.0NRT,290.03,8.16,D
-31.20846,-58.71791,342.3,0.67,0.73,2026-03-16,1849,N,VIIRS,n,2.0NRT,286.95,6.17,D
-31.21053,-58.72496,328.4,0.67,0.73,2026-03-16,1849,N,VIIRS,n,2.0NRT,287.56,6.17,D
-31.2102,-58.72109,348.62,0.67,0.74,2026-03-16,1849,N,VIIRS,n,2.0NRT,287.02,16.13,D
-30.79395,-58.04947,329.39,0.74,0.76,2026-03-16,1849,N,VIIRS,n,2.0NRT,287.41,5.58,D
-30.4964,-59.9355,338.17,0.6,0.71,2026-03-16,1849,N,VIIRS,n,2.0NRT,288.8,6.23,D
-30.39483,-59.96567,327.5,0.6,0.71,2026-03-16,1849,N,VIIRS,n,2.0NRT,288.94,3.38,D
-29.84284,-59.7009,344.79,0.64,0.72,2026-03-16,1849,N,VIIRS,n,2.0NRT,286.67,8.97,D
-29.84186,-59.70365,344.61,0.64,0.72,2026-03-16,1849,N,VIIRS,n,2.0NRT,286.81,9.96,D
-29.42962,-58.57578,327.65,0.75,0.77,2026-03-16,1849,N,VIIRS,n,2.0NRT,287.04,5.13,D
-31.85066,-68.55384,331.91,0.57,0.43,2026-03-16,1849,N,VIIRS,l,2.0NRT,302.18,2.96,D
-29.42909,-58.57852,336.06,0.75,0.77,2026-03-16,1849,N,VIIRS,n,2.0NRT,286.86,11.78,D
-31.85081,-68.55612,335,0.57,0.43,2026-03-16,1849,N,VIIRS,n,2.0NRT,301.81,4.19,D
-31.56029,-68.38668,334.75,0.39,0.44,2026-03-16,1849,N,VIIRS,n,2.0NRT,303.49,2.67,D
-34.85784,-57.89736,325.83,0.46,0.47,2026-03-17,0427,N,VIIRS,n,2.0NRT,292.03,2.05,N
-36.02007,-57.40467,307.47,0.41,0.45,2026-03-17,0427,N,VIIRS,n,2.0NRT,292.25,2.9,N
-36.01917,-57.40574,303.85,0.41,0.45,2026-03-17,0427,N,VIIRS,n,2.0NRT,292.06,2.42,N
-34.87054,-57.92322,314.77,0.46,0.47,2026-03-17,0427,N,VIIRS,n,2.0NRT,292.39,2.09,N
-32.80895,-60.19506,313.18,0.34,0.56,2026-03-17,0427,N,VIIRS,n,2.0NRT,290.16,1.1,N
-32.87555,-60.17001,301.6,0.34,0.56,2026-03-17,0427,N,VIIRS,n,2.0NRT,289.72,0.54,N
-32.87644,-60.16642,301.87,0.34,0.56,2026-03-17,0427,N,VIIRS,n,2.0NRT,289.71,0.58,N
-32.87734,-60.16282,305.76,0.34,0.56,2026-03-17,0427,N,VIIRS,n,2.0NRT,289.39,0.58,N
-33.25516,-60.28802,328.91,0.34,0.56,2026-03-17,0427,N,VIIRS,n,2.0NRT,291.25,2.61,N
-33.25603,-60.28447,306.29,0.34,0.56,2026-03-17,0427,N,VIIRS,n,2.0NRT,290.47,1.03,N
-33.25556,-60.28718,320.53,0.34,0.56,2026-03-17,0427,N,VIIRS,n,2.0NRT,290.56,1.26,N
-33.25466,-60.29078,306.78,0.34,0.56,2026-03-17,0427,N,VIIRS,n,2.0NRT,290.42,1.26,N
-33.25646,-60.2836,304.63,0.34,0.56,2026-03-17,0427,N,VIIRS,n,2.0NRT,290.31,0.51,N
-33.36803,-60.16452,334.31,0.33,0.55,2026-03-17,0427,N,VIIRS,n,2.0NRT,291.85,3.96,N
-33.36891,-60.16092,313.48,0.33,0.55,2026-03-17,0427,N,VIIRS,n,2.0NRT,290.98,2.23,N
-34.14555,-58.98989,337.99,0.55,0.51,2026-03-17,0427,N,VIIRS,n,2.0NRT,291.25,7.32,N
-34.15989,-58.95033,302.03,0.54,0.51,2026-03-17,0427,N,VIIRS,n,2.0NRT,290.21,2.18,N
-34.23991,-58.9272,304.28,0.54,0.51,2026-03-17,0427,N,VIIRS,n,2.0NRT,289.98,0.61,N
-37.42073,-69.17946,305.26,0.74,0.76,2026-03-17,0429,N,VIIRS,n,2.0NRT,283.54,2.84,N
-37.70895,-69.13585,298.78,0.73,0.76,2026-03-17,0429,N,VIIRS,n,2.0NRT,280.9,1.92,N
-38.00979,-68.60341,311.87,0.67,0.74,2026-03-17,0429,N,VIIRS,n,2.0NRT,285.51,1.54,N
-38.01227,-68.59583,299.33,0.67,0.74,2026-03-17,0429,N,VIIRS,n,2.0NRT,285.46,1.54,N
-29.37346,-66.78374,308.49,0.47,0.48,2026-03-17,0608,N,VIIRS,n,2.0NRT,291.55,1.32,N
-29.37543,-66.78249,313.63,0.47,0.48,2026-03-17,0608,N,VIIRS,n,2.0NRT,291.67,1.73,N
-37.0858,-69.47774,314.81,0.41,0.45,2026-03-17,0610,N,VIIRS,n,2.0NRT,285.36,1.36,N
-37.34589,-69.20652,295.31,0.43,0.46,2026-03-17,0610,N,VIIRS,n,2.0NRT,282.63,0.39,N
-37.42611,-69.09725,306.99,0.44,0.46,2026-03-17,0610,N,VIIRS,n,2.0NRT,283.99,0.69,N
-37.42728,-69.1737,329.56,0.43,0.46,2026-03-17,0610,N,VIIRS,n,2.0NRT,284.7,2.88,N
-37.42377,-69.09321,308.29,0.44,0.46,2026-03-17,0610,N,VIIRS,n,2.0NRT,284.75,0.96,N
-37.4292,-69.17565,328.14,0.43,0.46,2026-03-17,0610,N,VIIRS,n,2.0NRT,284.52,2.54,N
-37.52897,-69.08994,303,0.44,0.46,2026-03-17,0610,N,VIIRS,n,2.0NRT,283.15,1.35,N
-37.52972,-69.09113,313.08,0.44,0.46,2026-03-17,0610,N,VIIRS,n,2.0NRT,284.11,0.93,N
-37.71449,-69.14111,315.85,0.44,0.46,2026-03-17,0610,N,VIIRS,n,2.0NRT,281.48,2.26,N
-37.71497,-69.13612,318.53,0.44,0.46,2026-03-17,0610,N,VIIRS,n,2.0NRT,281.37,2.16,N
-37.71111,-69.26599,307.69,0.43,0.46,2026-03-17,0610,N,VIIRS,n,2.0NRT,280.98,1.3,N
-37.71539,-69.2666,301.24,0.43,0.46,2026-03-17,0610,N,VIIRS,n,2.0NRT,281.44,1.24,N
-38.01371,-68.59583,325.1,0.47,0.48,2026-03-17,0610,N,VIIRS,n,2.0NRT,285.81,1.77,N
-38.0132,-68.6013,299.18,0.47,0.48,2026-03-17,0610,N,VIIRS,n,2.0NRT,283.7,1.77,N
-38.01093,-68.59602,315.18,0.47,0.48,2026-03-17,0610,N,VIIRS,n,2.0NRT,283.98,1.61,N
-38.01538,-68.59661,309.73,0.47,0.48,2026-03-17,0610,N,VIIRS,n,2.0NRT,283.94,1.43,N
-38.70018,-68.70403,306.55,0.47,0.48,2026-03-17,0610,N,VIIRS,n,2.0NRT,278.54,1.48,N
-32.9789,-59.99368,337.46,0.73,0.76,2026-03-17,1650,N,VIIRS,n,2.0NRT,286.98,9.94,D
-32.97694,-59.998,344.97,0.73,0.76,2026-03-17,1650,N,VIIRS,n,2.0NRT,287.11,10.17,D
-39.63866,-65.44812,336.63,0.4,0.37,2026-03-17,1830,N,VIIRS,n,2.0NRT,294.64,3.6,D
-38.7455,-68.83768,337.24,0.39,0.36,2026-03-17,1830,N,VIIRS,n,2.0NRT,304.48,4.75,D
-38.69852,-68.70343,335.17,0.39,0.36,2026-03-17,1830,N,VIIRS,n,2.0NRT,301.59,1.74,D
-38.50206,-68.59742,334.87,0.39,0.36,2026-03-17,1830,N,VIIRS,n,2.0NRT,301.77,2.75,D
-38.2874,-68.75062,332.36,0.39,0.36,2026-03-17,1830,N,VIIRS,l,2.0NRT,303.11,2.17,D
-38.01405,-68.59431,338.33,0.39,0.36,2026-03-17,1830,N,VIIRS,l,2.0NRT,309.82,2.82,D
-37.89762,-69.26639,332.34,0.4,0.37,2026-03-17,1830,N,VIIRS,l,2.0NRT,307.11,1.25,D
-37.71296,-69.14106,344.02,0.39,0.36,2026-03-17,1830,N,VIIRS,n,2.0NRT,308.98,9.48,D
-37.71272,-69.26221,332.23,0.39,0.37,2026-03-17,1830,N,VIIRS,l,2.0NRT,306.25,1.72,D
-37.71336,-69.26675,332.31,0.39,0.37,2026-03-17,1830,N,VIIRS,l,2.0NRT,306.42,1.24,D
-37.42817,-69.16946,335.42,0.39,0.36,2026-03-17,1830,N,VIIRS,l,2.0NRT,305.46,5.35,D
-37.41358,-69.16682,330.16,0.39,0.36,2026-03-17,1830,N,VIIRS,l,2.0NRT,304.77,0.91,D
-31.73176,-58.94537,330.61,0.35,0.57,2026-03-17,1832,N,VIIRS,n,2.0NRT,288.38,1.77,D
-31.7326,-58.94411,327.78,0.35,0.57,2026-03-17,1832,N,VIIRS,n,2.0NRT,288.17,3.24,D
-33.31765,-69.11244,334.25,0.38,0.36,2026-03-17,1832,N,VIIRS,n,2.0NRT,302.79,1.79,D
-29.93467,-62.9071,350.64,0.46,0.47,2026-03-17,1832,N,VIIRS,n,2.0NRT,296.09,12.41,D
-30.02241,-65.70689,333.66,0.49,0.41,2026-03-17,1832,N,VIIRS,n,2.0NRT,296.51,0.92,D
-27.45555,-58.30337,367,0.47,0.64,2026-03-17,1832,N,VIIRS,h,2.0NRT,291.86,9.54,D
-27.45433,-58.29851,329.49,0.48,0.64,2026-03-17,1832,N,VIIRS,n,2.0NRT,291.37,14.64,D
-27.44967,-58.30519,334.53,0.47,0.64,2026-03-17,1832,N,VIIRS,n,2.0NRT,291.14,9.54,D
-27.44256,-58.30215,332.58,0.48,0.64,2026-03-17,1832,N,VIIRS,n,2.0NRT,291.23,3.99,D
-27.62231,-59.32733,337.88,0.41,0.61,2026-03-17,1832,N,VIIRS,n,2.0NRT,292.69,3.73,D
-29.6978,-69.92499,334.89,0.38,0.36,2026-03-17,1832,N,VIIRS,n,2.0NRT,306.28,1.16,D
-27.71933,-60.38748,338.62,0.36,0.57,2026-03-17,1832,N,VIIRS,n,2.0NRT,293.95,3.2,D
-26.99249,-59.85471,346.31,0.4,0.6,2026-03-17,1832,N,VIIRS,n,2.0NRT,293.68,6.9,D
-26.36652,-62.85386,349.2,0.54,0.51,2026-03-17,1832,N,VIIRS,n,2.0NRT,297.48,13.35,D
-26.36186,-62.85509,345.64,0.54,0.51,2026-03-17,1832,N,VIIRS,n,2.0NRT,298.43,13.35,D
-26.36641,-62.85571,353.98,0.54,0.51,2026-03-17,1832,N,VIIRS,n,2.0NRT,298.13,11.49,D
-26.36175,-62.85693,344.62,0.54,0.51,2026-03-17,1832,N,VIIRS,n,2.0NRT,298.14,11.49,D
-26.30593,-58.48553,327.5,0.72,0.75,2026-03-18,0408,N,VIIRS,n,2.0NRT,287.47,6.09,N
-33.36174,-60.16538,298.71,0.59,0.7,2026-03-18,0410,N,VIIRS,n,2.0NRT,287.66,1.68,N
-33.36806,-60.16797,307.77,0.59,0.7,2026-03-18,0410,N,VIIRS,n,2.0NRT,287.86,1.71,N
-34.14521,-58.98949,312.59,0.49,0.65,2026-03-18,0410,N,VIIRS,n,2.0NRT,289.54,1.82,N
-34.85498,-57.89846,310.9,0.41,0.61,2026-03-18,0410,N,VIIRS,n,2.0NRT,288.64,1.87,N
-34.85617,-57.89399,304.86,0.41,0.61,2026-03-18,0410,N,VIIRS,n,2.0NRT,289.37,1.39,N
-29.87266,-59.33532,307.16,0.35,0.56,2026-03-18,0548,N,VIIRS,n,2.0NRT,286.01,0.75,N
-29.87387,-59.33309,310.24,0.35,0.56,2026-03-18,0548,N,VIIRS,n,2.0NRT,286.36,1.42,N
-29.87294,-59.33164,306.97,0.35,0.56,2026-03-18,0548,N,VIIRS,n,2.0NRT,285.9,0.75,N
-29.87323,-59.32796,298.58,0.35,0.56,2026-03-18,0548,N,VIIRS,n,2.0NRT,285.7,0.42,N
-29.87351,-59.32428,304.83,0.35,0.56,2026-03-18,0548,N,VIIRS,n,2.0NRT,285.63,0.42,N
-29.8788,-59.32486,303.4,0.35,0.56,2026-03-18,0548,N,VIIRS,n,2.0NRT,285.84,0.57,N
-24.49094,-64.95769,302.81,0.44,0.39,2026-03-18,0548,N,VIIRS,n,2.0NRT,289.89,0.88,N
-26.48182,-60.34596,304.4,0.55,0.51,2026-03-18,0548,N,VIIRS,n,2.0NRT,291.21,2.05,N
-34.14893,-58.98713,315.99,0.4,0.6,2026-03-18,0550,N,VIIRS,n,2.0NRT,288.71,1.26,N
-34.85506,-57.89722,310.37,0.46,0.64,2026-03-18,0550,N,VIIRS,n,2.0NRT,289.3,0.93,N
-33.37716,-60.14712,310.98,0.34,0.56,2026-03-18,0550,N,VIIRS,n,2.0NRT,287.22,0.89,N
-31.54064,-58.9751,312.38,0.38,0.58,2026-03-18,0550,N,VIIRS,n,2.0NRT,287.92,1.19,N
-34.14865,-58.99159,310.29,0.4,0.6,2026-03-18,0550,N,VIIRS,n,2.0NRT,288.26,1.26,N
-37.08556,-69.47797,310.75,0.4,0.37,2026-03-18,0550,N,VIIRS,n,2.0NRT,282.87,1.26,N
-34.86108,-57.89766,300.72,0.46,0.64,2026-03-18,0550,N,VIIRS,n,2.0NRT,288.13,0.93,N
-38.74705,-68.92114,324.92,0.43,0.38,2026-03-18,0553,N,VIIRS,n,2.0NRT,281.47,2.19,N
-38.90995,-69.18009,300.07,0.42,0.38,2026-03-18,0553,N,VIIRS,n,2.0NRT,278.66,0.46,N
-37.41098,-69.16987,313.25,0.41,0.37,2026-03-18,0553,N,VIIRS,n,2.0NRT,283.68,1.34,N
-38.49787,-68.32581,296.21,0.45,0.39,2026-03-18,0553,N,VIIRS,n,2.0NRT,281.66,0.43,N
-38.6971,-68.70249,314.01,0.44,0.38,2026-03-18,0553,N,VIIRS,n,2.0NRT,281.12,0.96,N
-38.6988,-68.70444,326.87,0.44,0.38,2026-03-18,0553,N,VIIRS,n,2.0NRT,283.35,2.96,N
-38.70104,-68.7154,295.15,0.44,0.38,2026-03-18,0553,N,VIIRS,n,2.0NRT,278.79,0.53,N
-38.74328,-68.83919,328.24,0.43,0.38,2026-03-18,0553,N,VIIRS,n,2.0NRT,282.25,3.29,N
-38.74681,-68.83994,318.66,0.43,0.38,2026-03-18,0553,N,VIIRS,n,2.0NRT,279.59,2.16,N
-38.26627,-68.62467,297.09,0.44,0.38,2026-03-18,0553,N,VIIRS,n,2.0NRT,283.17,0.53,N
-38.27332,-68.6998,295.95,0.43,0.38,2026-03-18,0553,N,VIIRS,n,2.0NRT,283.57,0.42,N
-38.28515,-68.74876,301.81,0.43,0.38,2026-03-18,0553,N,VIIRS,n,2.0NRT,282.97,0.68,N
-38.28868,-68.74951,295.46,0.43,0.38,2026-03-18,0553,N,VIIRS,n,2.0NRT,282.07,0.68,N
-38.37262,-68.60762,303.75,0.44,0.38,2026-03-18,0553,N,VIIRS,n,2.0NRT,282.42,0.6,N
-37.42478,-69.09523,304.51,0.42,0.37,2026-03-18,0553,N,VIIRS,n,2.0NRT,284.12,0.82,N
-37.42824,-69.17371,334.66,0.41,0.37,2026-03-18,0553,N,VIIRS,n,2.0NRT,283.47,3.79,N
-37.52919,-69.09132,317.9,0.42,0.37,2026-03-18,0553,N,VIIRS,n,2.0NRT,283.52,1.74,N
-37.71309,-69.13949,326.56,0.42,0.37,2026-03-18,0553,N,VIIRS,n,2.0NRT,284.28,1.41,N
-37.71373,-69.13477,318.44,0.42,0.37,2026-03-18,0553,N,VIIRS,n,2.0NRT,283.92,1.41,N
-38.01515,-68.59457,328.28,0.43,0.38,2026-03-18,0553,N,VIIRS,n,2.0NRT,286.06,2.21,N
-38.0145,-68.59956,297.75,0.43,0.38,2026-03-18,0553,N,VIIRS,n,2.0NRT,283.58,1.48,N
-38.09567,-68.60788,298.06,0.43,0.38,2026-03-18,0553,N,VIIRS,n,2.0NRT,283.12,0.49,N
-38.21696,-68.63995,295.8,0.43,0.38,2026-03-18,0553,N,VIIRS,n,2.0NRT,283,0.41,N
-38.2205,-68.64069,296.79,0.43,0.38,2026-03-18,0553,N,VIIRS,n,2.0NRT,283.37,0.56,N
-28.08078,-56.40562,338.84,0.79,0.78,2026-03-18,1633,N,VIIRS,n,2.0NRT,291.07,7.25,D
-28.0818,-56.40515,339.19,0.79,0.78,2026-03-18,1633,N,VIIRS,n,2.0NRT,291.3,7.94,D
-26.44891,-54.46248,338.14,0.59,0.7,2026-03-18,1635,N,VIIRS,n,2.0NRT,289.76,4.94,D
-26.45552,-54.46165,333.27,0.59,0.7,2026-03-18,1635,N,VIIRS,n,2.0NRT,289.38,4.94,D
-33.87556,-60.1441,331.45,0.47,0.4,2026-03-18,1811,N,VIIRS,n,2.0NRT,298.57,2.51,D
-33.47431,-59.74,333.6,0.49,0.41,2026-03-18,1811,N,VIIRS,n,2.0NRT,302.52,5.15,D
-33.47533,-59.74532,331.68,0.49,0.41,2026-03-18,1811,N,VIIRS,n,2.0NRT,300.51,5.15,D
-33.47058,-59.74101,334.81,0.49,0.41,2026-03-18,1811,N,VIIRS,n,2.0NRT,302.07,6.79,D
-33.37623,-60.1464,332.9,0.48,0.4,2026-03-18,1811,N,VIIRS,l,2.0NRT,303.66,2.81,D
-33.36715,-60.15959,335.23,0.48,0.4,2026-03-18,1811,N,VIIRS,n,2.0NRT,303.8,4.19,D
-33.25824,-60.28193,342.38,0.47,0.4,2026-03-18,1811,N,VIIRS,n,2.0NRT,304.88,5.09,D
-33.82311,-65.56834,330.98,0.39,0.36,2026-03-18,1811,N,VIIRS,l,2.0NRT,301.64,5.12,D
-32.17223,-59.74465,334.32,0.52,0.41,2026-03-18,1811,N,VIIRS,n,2.0NRT,303.82,3.01,D
-31.95973,-59.42233,330.81,0.54,0.42,2026-03-18,1811,N,VIIRS,n,2.0NRT,300.24,1.85,D
-31.84628,-59.6701,348.52,0.53,0.42,2026-03-18,1811,N,VIIRS,n,2.0NRT,305.86,11.93,D
-33.07853,-68.48614,332.44,0.47,0.4,2026-03-18,1811,N,VIIRS,n,2.0NRT,301.53,1.83,D
-31.36185,-60.55546,331.64,0.49,0.4,2026-03-18,1811,N,VIIRS,n,2.0NRT,299.72,5.74,D
-31.36283,-60.56063,331.75,0.49,0.4,2026-03-18,1811,N,VIIRS,n,2.0NRT,300.25,5.74,D
-30.82083,-57.92624,342.16,0.45,0.47,2026-03-18,1811,N,VIIRS,n,2.0NRT,299.47,3.5,D
-31.54434,-62.46518,331.5,0.42,0.37,2026-03-18,1811,N,VIIRS,n,2.0NRT,300.83,2.21,D
-31.54337,-62.46446,331.29,0.42,0.37,2026-03-18,1811,N,VIIRS,l,2.0NRT,301.86,1.96,D
-31.9595,-59.42617,332.66,0.54,0.42,2026-03-18,1811,N,VIIRS,n,2.0NRT,303.07,4.06,D
-32.00291,-65.40593,339.1,0.39,0.36,2026-03-18,1811,N,VIIRS,n,2.0NRT,299.71,3.96,D
-31.01636,-59.74775,332.1,0.54,0.42,2026-03-18,1811,N,VIIRS,n,2.0NRT,301.16,4.26,D
-40.39106,-62.72232,331.04,0.39,0.36,2026-03-18,1811,N,VIIRS,n,2.0NRT,298.47,2.36,D
-39.4035,-63.2165,334,0.39,0.36,2026-03-18,1811,N,VIIRS,n,2.0NRT,303.22,3.98,D
-39.40015,-63.21732,347.36,0.39,0.36,2026-03-18,1811,N,VIIRS,n,2.0NRT,302.01,4.21,D
-39.39547,-63.20909,343.53,0.39,0.36,2026-03-18,1811,N,VIIRS,n,2.0NRT,303.73,7.13,D
-39.3968,-63.21814,344.02,0.39,0.36,2026-03-18,1811,N,VIIRS,n,2.0NRT,303.91,4.21,D
-39.39813,-63.22719,336.25,0.39,0.36,2026-03-18,1811,N,VIIRS,n,2.0NRT,302.49,2.23,D
-39.39212,-63.20991,345.65,0.39,0.36,2026-03-18,1811,N,VIIRS,n,2.0NRT,304.02,11.93,D
-39.39478,-63.228,332.02,0.39,0.36,2026-03-18,1811,N,VIIRS,l,2.0NRT,303.04,2.99,D
-39.3901,-63.21977,341.47,0.39,0.36,2026-03-18,1811,N,VIIRS,n,2.0NRT,306.86,4.55,D
-39.39077,-63.2243,330.2,0.39,0.36,2026-03-18,1811,N,VIIRS,l,2.0NRT,304.03,4.55,D
-39.39144,-63.22882,344.34,0.39,0.36,2026-03-18,1811,N,VIIRS,n,2.0NRT,304.33,2.99,D
-39.38808,-63.22964,333.98,0.39,0.36,2026-03-18,1811,N,VIIRS,n,2.0NRT,302.94,3.99,D
-38.95783,-63.0818,340.07,0.39,0.36,2026-03-18,1811,N,VIIRS,n,2.0NRT,302.18,4.02,D
-38.95449,-63.08262,339.62,0.39,0.36,2026-03-18,1811,N,VIIRS,n,2.0NRT,301.42,3.05,D
-38.81456,-62.80563,337.78,0.38,0.36,2026-03-18,1811,N,VIIRS,n,2.0NRT,303.51,2.88,D
-38.81055,-62.80201,347.15,0.38,0.36,2026-03-18,1811,N,VIIRS,n,2.0NRT,302.49,6.17,D
-38.81123,-62.80646,349.89,0.38,0.36,2026-03-18,1811,N,VIIRS,n,2.0NRT,305.86,7.76,D
-38.36359,-62.82457,332.49,0.38,0.36,2026-03-18,1811,N,VIIRS,n,2.0NRT,298.93,2.41,D
-38.3589,-62.81656,330.95,0.38,0.36,2026-03-18,1811,N,VIIRS,n,2.0NRT,298.95,3.47,D
-38.35958,-62.82097,347.92,0.38,0.36,2026-03-18,1811,N,VIIRS,n,2.0NRT,300.19,5.32,D
-38.12983,-63.07933,341.54,0.38,0.36,2026-03-18,1811,N,VIIRS,n,2.0NRT,300.89,4.62,D
-38.1265,-63.08014,344.75,0.38,0.36,2026-03-18,1811,N,VIIRS,n,2.0NRT,299.3,4.62,D
-31.11133,-60.40632,333.37,0.5,0.41,2026-03-18,1811,N,VIIRS,n,2.0NRT,302.23,3.9,D
-30.65747,-60.21149,330.43,0.52,0.42,2026-03-18,1811,N,VIIRS,n,2.0NRT,299.6,2.02,D
-30.71988,-59.03995,340.95,0.4,0.44,2026-03-18,1811,N,VIIRS,n,2.0NRT,301.3,4.45,D
-30.72478,-59.04302,351.31,0.4,0.44,2026-03-18,1811,N,VIIRS,n,2.0NRT,300.67,8.84,D
-30.72394,-59.03887,332.21,0.4,0.44,2026-03-18,1811,N,VIIRS,n,2.0NRT,301.06,4.45,D
-30.56534,-58.05787,336.77,0.45,0.47,2026-03-18,1811,N,VIIRS,n,2.0NRT,298.4,3.52,D
-30.61404,-58.09089,339.98,0.45,0.47,2026-03-18,1811,N,VIIRS,n,2.0NRT,300.37,3.51,D
-31.12375,-60.5948,332.35,0.49,0.4,2026-03-18,1811,N,VIIRS,n,2.0NRT,301.37,7.64,D
-31.10179,-60.39768,331.68,0.5,0.41,2026-03-18,1811,N,VIIRS,l,2.0NRT,302.23,5.44,D
-34.14871,-58.98711,330.88,0.52,0.42,2026-03-18,1811,N,VIIRS,n,2.0NRT,298.25,2.32,D
-28.71055,-58.79414,337.98,0.45,0.47,2026-03-18,1813,N,VIIRS,n,2.0NRT,298.58,3.97,D
-38.01508,-68.59165,336.88,0.54,0.42,2026-03-18,1813,N,VIIRS,l,2.0NRT,308.96,4.85,D
-37.71463,-69.13711,332.06,0.57,0.43,2026-03-18,1813,N,VIIRS,l,2.0NRT,304.39,2.07,D
-37.71523,-69.26343,343.62,0.39,0.44,2026-03-18,1813,N,VIIRS,n,2.0NRT,302.62,3.08,D
-37.42718,-69.172,337.82,0.57,0.43,2026-03-18,1813,N,VIIRS,l,2.0NRT,308.24,4.31,D
-37.42786,-69.17306,339.61,0.57,0.43,2026-03-18,1813,N,VIIRS,n,2.0NRT,308.72,4.87,D
-35.79505,-58.53959,338.24,0.51,0.41,2026-03-18,1813,N,VIIRS,n,2.0NRT,298.5,4.52,D
-36.20437,-61.2468,330.71,0.41,0.37,2026-03-18,1813,N,VIIRS,n,2.0NRT,297.47,1.16,D
-35.58029,-58.49949,333.94,0.52,0.41,2026-03-18,1813,N,VIIRS,n,2.0NRT,299.41,3.2,D
-34.85937,-57.8886,331.27,0.57,0.43,2026-03-18,1813,N,VIIRS,n,2.0NRT,297.13,3.62,D
-30.37439,-59.4303,348.22,0.38,0.43,2026-03-18,1813,N,VIIRS,n,2.0NRT,302.25,4.27,D
-30.3704,-59.43136,342.21,0.38,0.43,2026-03-18,1813,N,VIIRS,n,2.0NRT,299.46,4.27,D
-30.35761,-59.43052,350.22,0.38,0.43,2026-03-18,1813,N,VIIRS,n,2.0NRT,301.98,5.94,D
-30.34,-59.42672,354.96,0.38,0.44,2026-03-18,1813,N,VIIRS,n,2.0NRT,302.08,6.87,D
-31.53023,-68.29499,338.1,0.45,0.39,2026-03-18,1813,N,VIIRS,l,2.0NRT,310.78,6.18,D
-29.90425,-59.30916,330.31,0.4,0.44,2026-03-18,1813,N,VIIRS,n,2.0NRT,297.79,3.29,D
-30.18546,-62.75526,333.44,0.42,0.38,2026-03-18,1813,N,VIIRS,n,2.0NRT,299.57,10.97,D
-30.05104,-62.83847,341.87,0.42,0.38,2026-03-18,1813,N,VIIRS,n,2.0NRT,300.32,5.24,D
-28.5857,-56.31189,339.95,0.62,0.54,2026-03-18,1813,N,VIIRS,n,2.0NRT,296.93,6.07,D
-29.83892,-62.49532,335.74,0.43,0.38,2026-03-18,1813,N,VIIRS,n,2.0NRT,299.63,4.21,D
-28.56397,-56.33164,344.09,0.62,0.54,2026-03-18,1813,N,VIIRS,n,2.0NRT,297.41,10.38,D
-28.5884,-56.50506,341.31,0.6,0.53,2026-03-18,1813,N,VIIRS,n,2.0NRT,297.49,6.39,D
-28.58982,-56.51125,333.33,0.6,0.53,2026-03-18,1813,N,VIIRS,n,2.0NRT,296.81,6.39,D
-28.56542,-56.33375,352.21,0.62,0.54,2026-03-18,1813,N,VIIRS,n,2.0NRT,297.04,10.66,D
-29.79488,-62.50912,337.38,0.43,0.38,2026-03-18,1813,N,VIIRS,n,2.0NRT,299.38,3.82,D
-28.58875,-56.50769,349.07,0.6,0.53,2026-03-18,1813,N,VIIRS,n,2.0NRT,297.9,11.34,D
-29.22515,-59.51788,339.46,0.4,0.44,2026-03-18,1813,N,VIIRS,n,2.0NRT,299.85,2.84,D
-29.22109,-59.51893,330.81,0.4,0.44,2026-03-18,1813,N,VIIRS,n,2.0NRT,299.39,2.84,D
-29.79867,-62.65625,331.05,0.43,0.38,2026-03-18,1813,N,VIIRS,n,2.0NRT,297.28,1.5,D
-28.55802,-56.46353,332.34,0.61,0.53,2026-03-18,1813,N,VIIRS,n,2.0NRT,297.47,5.16,D
-29.79518,-62.65704,333.51,0.43,0.38,2026-03-18,1813,N,VIIRS,n,2.0NRT,298.07,2.83,D
-28.55313,-56.46493,334.7,0.61,0.53,2026-03-18,1813,N,VIIRS,n,2.0NRT,297.08,5.16,D
-29.79169,-62.65784,333.38,0.43,0.38,2026-03-18,1813,N,VIIRS,n,2.0NRT,298.37,2.83,D
-29.7882,-62.65864,343.69,0.43,0.38,2026-03-18,1813,N,VIIRS,n,2.0NRT,298.69,5.4,D
-29.78471,-62.65944,336.65,0.43,0.38,2026-03-18,1813,N,VIIRS,n,2.0NRT,297.04,5.4,D
-29.77968,-62.6514,334.32,0.43,0.38,2026-03-18,1813,N,VIIRS,n,2.0NRT,298.94,6.53,D
-29.78122,-62.66024,333.25,0.43,0.38,2026-03-18,1813,N,VIIRS,n,2.0NRT,297.96,8.77,D
-28.55465,-56.5635,332.3,0.6,0.53,2026-03-18,1813,N,VIIRS,n,2.0NRT,298.39,3.78,D
-29.77773,-62.66104,332.9,0.43,0.38,2026-03-18,1813,N,VIIRS,n,2.0NRT,296.81,8.77,D
-29.77269,-62.65299,337.02,0.43,0.38,2026-03-18,1813,N,VIIRS,n,2.0NRT,297.6,3.4,D
-29.77501,-62.66625,331.98,0.43,0.38,2026-03-18,1813,N,VIIRS,n,2.0NRT,296.98,4.33,D
-29.76921,-62.65379,335.7,0.43,0.38,2026-03-18,1813,N,VIIRS,n,2.0NRT,297.05,3.4,D
-29.77152,-62.66705,332.56,0.43,0.38,2026-03-18,1813,N,VIIRS,n,2.0NRT,296.74,4.33,D
-29.76571,-62.65459,331.39,0.43,0.38,2026-03-18,1813,N,VIIRS,n,2.0NRT,297.47,3.43,D
-29.76803,-62.66785,345.12,0.43,0.38,2026-03-18,1813,N,VIIRS,n,2.0NRT,296.72,23.22,D
-29.76222,-62.65539,331.99,0.43,0.38,2026-03-18,1813,N,VIIRS,n,2.0NRT,297.25,3.43,D
-29.76454,-62.66864,335.45,0.43,0.38,2026-03-18,1813,N,VIIRS,n,2.0NRT,299.9,23.22,D
-29.76105,-62.66944,332.7,0.43,0.38,2026-03-18,1813,N,VIIRS,n,2.0NRT,295.33,2.66,D
-28.71938,-57.4568,331.78,0.53,0.5,2026-03-18,1813,N,VIIRS,n,2.0NRT,292.75,3.28,D
-28.45309,-56.32545,330.65,0.62,0.54,2026-03-18,1813,N,VIIRS,n,2.0NRT,297.45,4.24,D
-28.53686,-56.67448,334.25,0.59,0.53,2026-03-18,1813,N,VIIRS,n,2.0NRT,296.9,3.83,D
-28.4542,-56.32687,330.01,0.62,0.54,2026-03-18,1813,N,VIIRS,n,2.0NRT,297.1,4.03,D
-28.44814,-56.41663,346.13,0.62,0.54,2026-03-18,1813,N,VIIRS,n,2.0NRT,298.92,7.64,D
-28.44466,-56.42439,335.06,0.62,0.54,2026-03-18,1813,N,VIIRS,n,2.0NRT,298.15,7.64,D
-28.42849,-56.42237,346.72,0.62,0.54,2026-03-18,1813,N,VIIRS,n,2.0NRT,297.98,10.39,D
-28.45539,-56.63294,347.46,0.6,0.53,2026-03-18,1813,N,VIIRS,n,2.0NRT,298.24,11.9,D
-28.4177,-56.55838,338.74,0.6,0.53,2026-03-18,1813,N,VIIRS,n,2.0NRT,297.42,4.5,D
-28.31835,-56.19572,334.26,0.32,0.54,2026-03-18,1813,N,VIIRS,n,2.0NRT,298.6,3.49,D
-29.03021,-59.47667,330.61,0.4,0.44,2026-03-18,1813,N,VIIRS,n,2.0NRT,297.7,2.14,D
-28.32129,-56.19741,333.47,0.32,0.55,2026-03-18,1813,N,VIIRS,n,2.0NRT,298.01,3.66,D
-28.91752,-59.28905,333.67,0.41,0.45,2026-03-18,1813,N,VIIRS,n,2.0NRT,299.63,4.11,D
-28.27228,-56.58466,335.84,0.61,0.53,2026-03-18,1813,N,VIIRS,n,2.0NRT,299.8,6.1,D
-28.25622,-56.58261,334.11,0.61,0.53,2026-03-18,1813,N,VIIRS,n,2.0NRT,299.29,5.8,D
-28.75755,-59.17125,335.59,0.42,0.45,2026-03-18,1813,N,VIIRS,n,2.0NRT,298.82,5.06,D
-27.89892,-55.47677,332.05,0.36,0.57,2026-03-18,1813,N,VIIRS,n,2.0NRT,295.7,2.43,D
-27.89369,-55.47835,332.21,0.36,0.57,2026-03-18,1813,N,VIIRS,n,2.0NRT,296.33,3.94,D
-28.09922,-56.44037,349.24,0.62,0.54,2026-03-18,1813,N,VIIRS,n,2.0NRT,302.39,68.32,D
-27.81913,-55.25796,367,0.37,0.58,2026-03-18,1813,N,VIIRS,h,2.0NRT,294.74,13.13,D
-28.07854,-56.41901,350.26,0.63,0.54,2026-03-18,1813,N,VIIRS,n,2.0NRT,299.11,20.85,D
-28.06918,-56.40119,345.99,0.63,0.54,2026-03-18,1813,N,VIIRS,n,2.0NRT,296.4,49.99,D
-28.07065,-56.4076,345.56,0.63,0.54,2026-03-18,1813,N,VIIRS,n,2.0NRT,304.05,49.99,D
-28.06422,-56.4026,346.83,0.63,0.54,2026-03-18,1813,N,VIIRS,n,2.0NRT,300.56,56.79,D
-28.06569,-56.40902,354.72,0.63,0.54,2026-03-18,1813,N,VIIRS,n,2.0NRT,299.66,56.79,D
-28.65044,-59.13792,338.33,0.43,0.46,2026-03-18,1813,N,VIIRS,n,2.0NRT,299.42,3.92,D
-28.65135,-59.14228,340.61,0.43,0.46,2026-03-18,1813,N,VIIRS,n,2.0NRT,298.83,3.92,D
-29.08626,-61.41213,334.63,0.48,0.4,2026-03-18,1813,N,VIIRS,n,2.0NRT,297.82,3.01,D
-29.08162,-61.40803,335.8,0.48,0.4,2026-03-18,1813,N,VIIRS,n,2.0NRT,300.88,18.57,D
-29.08256,-61.41302,350.03,0.48,0.4,2026-03-18,1813,N,VIIRS,n,2.0NRT,304.15,24.79,D
-29.0835,-61.418,332.72,0.48,0.4,2026-03-18,1813,N,VIIRS,n,2.0NRT,298.66,24.79,D
-29.07792,-61.40892,340.02,0.48,0.4,2026-03-18,1813,N,VIIRS,n,2.0NRT,298.27,18.57,D
-28.59327,-59.06829,341.6,0.43,0.46,2026-03-18,1813,N,VIIRS,n,2.0NRT,301.11,3.22,D
-28.67494,-59.47396,334.13,0.41,0.45,2026-03-18,1813,N,VIIRS,n,2.0NRT,299.51,0.95,D
-27.95423,-56.35484,353.18,0.32,0.54,2026-03-18,1813,N,VIIRS,n,2.0NRT,297.97,8.49,D
-27.9485,-56.35302,367,0.32,0.54,2026-03-18,1813,N,VIIRS,h,2.0NRT,296.79,8.49,D
-27.94925,-56.35627,367,0.32,0.54,2026-03-18,1813,N,VIIRS,h,2.0NRT,297.97,8.49,D
-27.94775,-56.34977,334.56,0.32,0.54,2026-03-18,1813,N,VIIRS,n,2.0NRT,295.48,4.79,D
-27.68802,-55.65358,347.74,0.35,0.57,2026-03-18,1813,N,VIIRS,n,2.0NRT,296.1,7.16,D
-27.68885,-55.65714,342.04,0.35,0.57,2026-03-18,1813,N,VIIRS,n,2.0NRT,295.41,4.5,D
-28.41162,-59.18911,340.23,0.43,0.46,2026-03-18,1813,N,VIIRS,n,2.0NRT,300.93,5.89,D
-28.41348,-59.19227,342.22,0.43,0.46,2026-03-18,1813,N,VIIRS,n,2.0NRT,300.7,6.36,D
-28.4084,-59.18897,343.63,0.43,0.46,2026-03-18,1813,N,VIIRS,n,2.0NRT,301.67,6.36,D
-28.4042,-59.19006,343.53,0.43,0.46,2026-03-18,1813,N,VIIRS,n,2.0NRT,299.94,5.51,D
-28.42094,-59.27315,336.49,0.42,0.46,2026-03-18,1813,N,VIIRS,n,2.0NRT,302.46,3.87,D
-28.44372,-59.43014,336.54,0.42,0.45,2026-03-18,1813,N,VIIRS,n,2.0NRT,301.91,2.88,D
-28.40222,-59.24585,332.51,0.43,0.46,2026-03-18,1813,N,VIIRS,n,2.0NRT,298.7,4.9,D
-28.45033,-59.61426,331.86,0.41,0.45,2026-03-18,1813,N,VIIRS,n,2.0NRT,299.34,2.13,D
-28.39694,-59.50011,340.74,0.41,0.45,2026-03-18,1813,N,VIIRS,n,2.0NRT,300.59,5.78,D
-28.38089,-59.46415,330.72,0.41,0.45,2026-03-18,1813,N,VIIRS,n,2.0NRT,299.4,4.15,D
-28.3652,-59.47261,332.96,0.41,0.45,2026-03-18,1813,N,VIIRS,n,2.0NRT,298.79,2.2,D
-28.23972,-58.98192,343.47,0.44,0.46,2026-03-18,1813,N,VIIRS,n,2.0NRT,301.99,5.7,D
-28.22582,-59.13219,340.61,0.44,0.46,2026-03-18,1813,N,VIIRS,n,2.0NRT,299.07,6.53,D
-28.1831,-59.11975,335.03,0.44,0.46,2026-03-18,1813,N,VIIRS,n,2.0NRT,298.71,3.8,D
-28.28045,-59.59052,346.16,0.41,0.45,2026-03-18,1813,N,VIIRS,n,2.0NRT,303.16,7.01,D
-28.50697,-60.78635,338.81,0.53,0.42,2026-03-18,1813,N,VIIRS,n,2.0NRT,302.03,7.61,D
-28.18495,-59.1183,336.4,0.44,0.46,2026-03-18,1813,N,VIIRS,n,2.0NRT,299.15,2.78,D
-28.27932,-59.59035,349.64,0.41,0.45,2026-03-18,1813,N,VIIRS,n,2.0NRT,303.66,7.36,D
-28.50601,-60.7835,345.4,0.53,0.42,2026-03-18,1813,N,VIIRS,n,2.0NRT,301.1,4.81,D
-28.69435,-61.80172,335.03,0.47,0.4,2026-03-18,1813,N,VIIRS,n,2.0NRT,299.77,4.76,D
-28.25278,-59.54406,343.98,0.41,0.45,2026-03-18,1813,N,VIIRS,n,2.0NRT,305.45,9.39,D
-28.24864,-59.54512,342.82,0.41,0.45,2026-03-18,1813,N,VIIRS,n,2.0NRT,303.77,4.74,D
-28.17154,-59.44406,348.23,0.42,0.45,2026-03-18,1813,N,VIIRS,n,2.0NRT,301.07,6.7,D
-28.16738,-59.44512,333.93,0.42,0.45,2026-03-18,1813,N,VIIRS,n,2.0NRT,298.88,2.7,D
-28.05165,-58.97209,335.42,0.45,0.47,2026-03-18,1813,N,VIIRS,n,2.0NRT,297.81,3.12,D
-28.18711,-59.62698,333,0.41,0.45,2026-03-18,1813,N,VIIRS,n,2.0NRT,302.4,3.28,D
-28.11984,-59.3209,345.85,0.43,0.46,2026-03-18,1813,N,VIIRS,n,2.0NRT,301.06,6.24,D
-28.05134,-58.97164,335.72,0.45,0.47,2026-03-18,1813,N,VIIRS,n,2.0NRT,297.62,2.78,D
-28.12155,-59.32031,347.69,0.43,0.46,2026-03-18,1813,N,VIIRS,n,2.0NRT,301.55,5.87,D
-28.18362,-59.69814,333.18,0.41,0.45,2026-03-18,1813,N,VIIRS,n,2.0NRT,301.54,3.45,D
-28.11663,-59.60094,345,0.41,0.45,2026-03-18,1813,N,VIIRS,n,2.0NRT,304.25,15.42,D
-28.1091,-59.58514,333.32,0.41,0.45,2026-03-18,1813,N,VIIRS,n,2.0NRT,303.12,5.18,D
-28.1125,-59.60199,357.84,0.41,0.45,2026-03-18,1813,N,VIIRS,n,2.0NRT,302.36,15.42,D
-28.10521,-59.6303,330.03,0.41,0.45,2026-03-18,1813,N,VIIRS,l,2.0NRT,303.16,5.05,D
-28.65061,-62.5562,333.46,0.44,0.38,2026-03-18,1813,N,VIIRS,n,2.0NRT,299.81,8.34,D
-28.65142,-62.56072,346.53,0.44,0.38,2026-03-18,1813,N,VIIRS,n,2.0NRT,301.13,10.05,D
-28.64706,-62.55701,330.67,0.44,0.38,2026-03-18,1813,N,VIIRS,n,2.0NRT,298.01,2.55,D
-28.23023,-60.56229,330.44,0.55,0.43,2026-03-18,1813,N,VIIRS,n,2.0NRT,300.88,9.43,D
-28.22632,-60.56326,345.04,0.55,0.43,2026-03-18,1813,N,VIIRS,n,2.0NRT,302.7,9.43,D
-28.22241,-60.56422,338.84,0.55,0.43,2026-03-18,1813,N,VIIRS,n,2.0NRT,299.21,6.51,D
-27.92831,-59.10284,343.61,0.44,0.46,2026-03-18,1813,N,VIIRS,n,2.0NRT,300.61,12.84,D
-27.92924,-59.10735,340.77,0.44,0.46,2026-03-18,1813,N,VIIRS,n,2.0NRT,300.33,12.84,D
-27.92405,-59.10394,355.24,0.44,0.46,2026-03-18,1813,N,VIIRS,n,2.0NRT,300.23,11.1,D
-29.3096,-67.43856,337.5,0.41,0.37,2026-03-18,1813,N,VIIRS,n,2.0NRT,302.65,2.38,D
-28.08759,-60.25619,340.21,0.57,0.43,2026-03-18,1813,N,VIIRS,n,2.0NRT,301.4,7.62,D
-28.08361,-60.25717,347.38,0.57,0.43,2026-03-18,1813,N,VIIRS,n,2.0NRT,301.13,7.62,D
-28.08771,-60.25843,334.72,0.57,0.43,2026-03-18,1813,N,VIIRS,n,2.0NRT,300.68,5.34,D
-28.08372,-60.25942,345.87,0.57,0.43,2026-03-18,1813,N,VIIRS,n,2.0NRT,300.36,5.34,D
-27.90005,-60.69578,335.19,0.55,0.42,2026-03-18,1813,N,VIIRS,n,2.0NRT,304.52,5.99,D
-27.91832,-60.93816,338.33,0.53,0.42,2026-03-18,1813,N,VIIRS,n,2.0NRT,302.07,5.56,D
-26.45371,-54.45971,367,0.44,0.63,2026-03-18,1813,N,VIIRS,h,2.0NRT,294.86,15.92,D
-26.44793,-54.46115,328.85,0.44,0.63,2026-03-18,1813,N,VIIRS,n,2.0NRT,291.93,2.77,D
-27.77565,-61.35377,338.5,0.51,0.41,2026-03-18,1813,N,VIIRS,n,2.0NRT,303.48,4.72,D
-27.66052,-60.88008,330.78,0.54,0.42,2026-03-18,1813,N,VIIRS,l,2.0NRT,304.05,4.27,D
-27.66131,-60.88136,335.97,0.54,0.42,2026-03-18,1813,N,VIIRS,n,2.0NRT,304.88,3.66,D
-26.93691,-59.87943,344.06,0.42,0.45,2026-03-18,1813,N,VIIRS,n,2.0NRT,299.85,7.35,D
-27.89682,-67.08249,340.54,0.39,0.36,2026-03-18,1813,N,VIIRS,l,2.0NRT,312.71,8.55,D
-27.8974,-67.0865,348.72,0.39,0.36,2026-03-18,1813,N,VIIRS,n,2.0NRT,314.32,8.55,D
-26.32023,-58.44617,348.31,0.52,0.5,2026-03-18,1813,N,VIIRS,n,2.0NRT,297.36,13.96,D
-26.31454,-58.44213,353.53,0.52,0.5,2026-03-18,1813,N,VIIRS,n,2.0NRT,297.01,13.96,D
-26.31566,-58.44735,349.07,0.52,0.5,2026-03-18,1813,N,VIIRS,n,2.0NRT,296.92,13.96,D
-26.36379,-62.85261,342.25,0.46,0.39,2026-03-18,1813,N,VIIRS,n,2.0NRT,295.47,11.32,D
-34.85506,-57.9038,296.58,0.72,0.76,2026-03-19,0349,N,VIIRS,n,2.0NRT,285.41,1.49,N
-34.85755,-57.89592,301.27,0.72,0.76,2026-03-19,0349,N,VIIRS,n,2.0NRT,286.17,1.49,N
-26.52419,-58.47109,320.42,0.56,0.43,2026-03-19,0527,N,VIIRS,n,2.0NRT,291.28,2.8,N
-26.1387,-61.04074,302.57,0.43,0.38,2026-03-19,0527,N,VIIRS,n,2.0NRT,292.04,0.82,N
-25.9065,-61.65863,302.88,0.41,0.37,2026-03-19,0527,N,VIIRS,n,2.0NRT,291.84,0.45,N
-25.95869,-60.65938,303.74,0.44,0.38,2026-03-19,0527,N,VIIRS,n,2.0NRT,292.51,0.62,N
-25.98735,-59.39936,330.48,0.5,0.41,2026-03-19,0527,N,VIIRS,n,2.0NRT,292.8,5.1,N
-25.98358,-59.39875,334.56,0.5,0.41,2026-03-19,0527,N,VIIRS,n,2.0NRT,293.22,5.1,N
-26.02992,-54.56277,303.84,0.63,0.54,2026-03-19,0527,N,VIIRS,n,2.0NRT,290.95,1.3,N
-26.03057,-54.55615,305.83,0.63,0.54,2026-03-19,0527,N,VIIRS,n,2.0NRT,290.99,1.3,N
-27.38045,-55.08011,306.06,0.61,0.53,2026-03-19,0527,N,VIIRS,n,2.0NRT,291.87,1.38,N
-33.25674,-60.28188,300.97,0.54,0.42,2026-03-19,0529,N,VIIRS,n,2.0NRT,288.92,2.16,N
-27.37288,-61.46162,305.97,0.42,0.38,2026-03-19,0529,N,VIIRS,n,2.0NRT,291.28,0.87,N
-27.77467,-61.35756,304.42,0.43,0.38,2026-03-19,0529,N,VIIRS,n,2.0NRT,291.52,1.12,N
-28.31657,-61.51465,316.05,0.43,0.38,2026-03-19,0529,N,VIIRS,n,2.0NRT,291.15,1.32,N
-28.8428,-57.43443,303.5,0.46,0.47,2026-03-19,0529,N,VIIRS,n,2.0NRT,291.56,0.87,N
-29.04933,-58.56288,334.58,0.4,0.44,2026-03-19,0529,N,VIIRS,n,2.0NRT,292.5,2.46,N
-29.0498,-58.55875,307.8,0.4,0.44,2026-03-19,0529,N,VIIRS,n,2.0NRT,292.13,2.46,N
-29.05251,-58.57173,326.53,0.4,0.44,2026-03-19,0529,N,VIIRS,n,2.0NRT,291.42,2.96,N
-29.08029,-61.41482,307.94,0.44,0.38,2026-03-19,0529,N,VIIRS,n,2.0NRT,290.8,1.13,N
-29.08384,-61.41544,301.69,0.44,0.38,2026-03-19,0529,N,VIIRS,n,2.0NRT,290.26,0.97,N
-29.4594,-61.2504,319.34,0.45,0.39,2026-03-19,0529,N,VIIRS,n,2.0NRT,290.16,1.89,N
-29.76816,-62.65266,302.55,0.41,0.37,2026-03-19,0529,N,VIIRS,n,2.0NRT,291.07,1.21,N
-29.77159,-62.65331,309.71,0.41,0.37,2026-03-19,0529,N,VIIRS,n,2.0NRT,290.57,1.56,N
-29.77563,-62.64972,312.29,0.41,0.37,2026-03-19,0529,N,VIIRS,n,2.0NRT,290.85,1.19,N
-29.77916,-62.6921,307.48,0.41,0.37,2026-03-19,0529,N,VIIRS,n,2.0NRT,291.4,0.69,N
-29.78156,-62.67519,312.57,0.41,0.37,2026-03-19,0529,N,VIIRS,n,2.0NRT,290.59,1.14,N
-29.78378,-62.6843,332.66,0.41,0.37,2026-03-19,0529,N,VIIRS,n,2.0NRT,292.24,3.67,N
-29.78438,-62.68007,343.41,0.41,0.37,2026-03-19,0529,N,VIIRS,n,2.0NRT,293.03,3.67,N
-29.78498,-62.67585,316.81,0.41,0.37,2026-03-19,0529,N,VIIRS,n,2.0NRT,291.64,1.26,N
-30.42188,-57.85239,302.89,0.45,0.47,2026-03-19,0529,N,VIIRS,n,2.0NRT,289.87,0.85,N
-30.67196,-58.08244,306.15,0.44,0.46,2026-03-19,0529,N,VIIRS,n,2.0NRT,289.43,0.74,N
-31.27137,-58.24686,301.1,0.44,0.46,2026-03-19,0529,N,VIIRS,n,2.0NRT,289.68,0.57,N
-31.35228,-58.06726,304.59,0.45,0.47,2026-03-19,0529,N,VIIRS,n,2.0NRT,287.7,1.13,N
-31.53857,-58.97366,306.98,0.4,0.44,2026-03-19,0529,N,VIIRS,n,2.0NRT,288.14,1.13,N
-33.25607,-60.2878,322.72,0.54,0.42,2026-03-19,0529,N,VIIRS,n,2.0NRT,290.32,2.16,N
-33.35816,-60.15453,327.64,0.55,0.43,2026-03-19,0529,N,VIIRS,n,2.0NRT,291.71,4.94,N
-33.36212,-60.15523,300.9,0.55,0.43,2026-03-19,0529,N,VIIRS,n,2.0NRT,288.3,2.15,N
-33.36541,-60.16189,302.14,0.55,0.43,2026-03-19,0529,N,VIIRS,n,2.0NRT,289,1.2,N
-33.36937,-60.16255,318.52,0.55,0.43,2026-03-19,0529,N,VIIRS,n,2.0NRT,289.69,2.66,N
-33.37537,-60.1452,329.21,0.55,0.43,2026-03-19,0529,N,VIIRS,n,2.0NRT,289.9,3.97,N
-33.37934,-60.14584,313.2,0.55,0.43,2026-03-19,0529,N,VIIRS,n,2.0NRT,287.37,1.76,N
-37.41219,-69.17197,312.24,0.41,0.37,2026-03-19,0531,N,VIIRS,n,2.0NRT,286.96,0.83,N
-37.41074,-69.1692,304.77,0.41,0.37,2026-03-19,0531,N,VIIRS,n,2.0NRT,286.3,0.76,N
-38.28559,-68.74757,306.43,0.4,0.37,2026-03-19,0531,N,VIIRS,n,2.0NRT,286.95,2.2,N
-38.42523,-68.71369,296.19,0.39,0.37,2026-03-19,0531,N,VIIRS,n,2.0NRT,285.34,0.28,N
-38.49827,-68.32446,309.15,0.39,0.36,2026-03-19,0531,N,VIIRS,n,2.0NRT,287.59,1.08,N
-38.69785,-68.70066,328.34,0.39,0.36,2026-03-19,0531,N,VIIRS,n,2.0NRT,288.17,3.46,N
-38.69888,-68.7151,298.74,0.39,0.36,2026-03-19,0531,N,VIIRS,n,2.0NRT,284.53,0.54,N
-38.70119,-68.70158,299.07,0.39,0.36,2026-03-19,0531,N,VIIRS,n,2.0NRT,282.94,0.5,N
-38.74472,-68.83674,335.34,0.39,0.37,2026-03-19,0531,N,VIIRS,n,2.0NRT,289.54,5.75,N
-38.74814,-68.91935,297.07,0.4,0.37,2026-03-19,0531,N,VIIRS,n,2.0NRT,284.54,0.37,N
-38.91101,-69.1772,305.99,0.4,0.37,2026-03-19,0531,N,VIIRS,n,2.0NRT,286.38,0.92,N
-37.71208,-69.13414,329.89,0.41,0.37,2026-03-19,0531,N,VIIRS,n,2.0NRT,285.79,2.67,N
-37.52974,-69.09326,312.3,0.41,0.37,2026-03-19,0531,N,VIIRS,n,2.0NRT,285.09,1.03,N
-37.52635,-69.09232,304.93,0.41,0.37,2026-03-19,0531,N,VIIRS,n,2.0NRT,284.91,1.03,N
-37.43007,-69.17203,298.16,0.41,0.37,2026-03-19,0531,N,VIIRS,n,2.0NRT,285.62,1.14,N
-37.42665,-69.1711,328.07,0.41,0.37,2026-03-19,0531,N,VIIRS,n,2.0NRT,287.13,1.14,N
-37.42624,-69.09361,309.2,0.41,0.37,2026-03-19,0531,N,VIIRS,n,2.0NRT,286.02,0.4,N
-37.42377,-69.09536,304.93,0.41,0.37,2026-03-19,0531,N,VIIRS,n,2.0NRT,286.92,0.76,N
-37.08646,-69.47887,323.23,0.42,0.38,2026-03-19,0531,N,VIIRS,n,2.0NRT,286.5,1.26,N
-36.99065,-60.27872,297.48,0.4,0.44,2026-03-19,0531,N,VIIRS,n,2.0NRT,286.2,0.54,N
-34.14761,-58.98623,332.91,0.43,0.46,2026-03-19,0531,N,VIIRS,n,2.0NRT,289.8,2.62,N
-34.23815,-58.92335,311.33,0.43,0.46,2026-03-19,0531,N,VIIRS,n,2.0NRT,286.19,1.68,N
-33.82162,-65.5705,306.17,0.38,0.36,2026-03-19,0531,N,VIIRS,n,2.0NRT,288.58,0.69,N
-34.85622,-57.89662,316.98,0.5,0.49,2026-03-19,0531,N,VIIRS,n,2.0NRT,288.01,2.08,N
-34.85672,-57.89099,299.12,0.5,0.49,2026-03-19,0531,N,VIIRS,n,2.0NRT,288.23,1.2,N
-37.03917,-60.29573,300.36,0.4,0.44,2026-03-19,0531,N,VIIRS,n,2.0NRT,285.99,0.85,N
-37.71547,-69.13511,316.29,0.41,0.37,2026-03-19,0531,N,VIIRS,n,2.0NRT,283.98,1.96,N
-37.71372,-69.26617,295.53,0.41,0.37,2026-03-19,0531,N,VIIRS,n,2.0NRT,285.28,0.23,N
-38.78035,-62.28489,301.89,0.5,0.41,2026-03-19,0531,N,VIIRS,n,2.0NRT,287.69,1.57,N
-38.78416,-62.2856,298.53,0.5,0.41,2026-03-19,0531,N,VIIRS,n,2.0NRT,287.86,1.54,N
-38.01332,-68.59522,336.64,0.4,0.37,2026-03-19,0531,N,VIIRS,n,2.0NRT,291.31,1.58,N
-38.01255,-68.59972,301.85,0.4,0.37,2026-03-19,0531,N,VIIRS,n,2.0NRT,288.15,1.58,N
-38.01591,-68.60065,300.61,0.4,0.37,2026-03-19,0531,N,VIIRS,n,2.0NRT,287.22,1.58,N
-38.04922,-68.85375,297.38,0.4,0.37,2026-03-19,0531,N,VIIRS,n,2.0NRT,286.46,0.27,N
-38.05259,-68.85469,296.38,0.4,0.37,2026-03-19,0531,N,VIIRS,n,2.0NRT,285.53,0.27,N
-38.09489,-68.61021,304.53,0.39,0.37,2026-03-19,0531,N,VIIRS,n,2.0NRT,288.99,0.49,N
-38.12432,-68.68452,301.11,0.4,0.37,2026-03-19,0531,N,VIIRS,n,2.0NRT,288.75,0.5,N
-38.15757,-68.69617,303.39,0.4,0.37,2026-03-19,0531,N,VIIRS,n,2.0NRT,289.41,0.49,N
-38.22884,-68.5267,313.12,0.39,0.36,2026-03-19,0531,N,VIIRS,n,2.0NRT,289,1.07,N
-38.28482,-68.75208,327.66,0.4,0.37,2026-03-19,0531,N,VIIRS,n,2.0NRT,288.81,2.2,N
-34.0134,-58.83578,337.26,0.39,0.36,2026-03-19,1752,N,VIIRS,n,2.0NRT,304.41,4.2,D
-34.01406,-58.83998,345.9,0.39,0.36,2026-03-19,1752,N,VIIRS,n,2.0NRT,303.35,4.09,D
-35.6143,-62.17509,335.5,0.44,0.38,2026-03-19,1752,N,VIIRS,n,2.0NRT,301.02,2.94,D
-34.85852,-57.89288,336.13,0.39,0.36,2026-03-19,1752,N,VIIRS,n,2.0NRT,301.44,3.25,D
-34.85794,-57.89201,338.65,0.39,0.36,2026-03-19,1752,N,VIIRS,n,2.0NRT,300.91,4.44,D
-34.947,-58.7078,342.44,0.38,0.36,2026-03-19,1752,N,VIIRS,n,2.0NRT,304.04,4.22,D
-34.73227,-58.54447,337.82,0.39,0.36,2026-03-19,1752,N,VIIRS,n,2.0NRT,304.96,2.34,D
-34.71832,-58.69695,335.4,0.39,0.36,2026-03-19,1752,N,VIIRS,n,2.0NRT,308.89,2.79,D
-34.40916,-58.90571,334.17,0.38,0.36,2026-03-19,1752,N,VIIRS,n,2.0NRT,307.58,3.64,D
-34.0174,-58.83922,337.24,0.39,0.36,2026-03-19,1752,N,VIIRS,n,2.0NRT,302.45,2.07,D
-37.37473,-60.28032,347.22,0.4,0.37,2026-03-19,1752,N,VIIRS,n,2.0NRT,302.09,4.17,D
-36.30834,-57.62006,334.83,0.39,0.36,2026-03-19,1752,N,VIIRS,n,2.0NRT,302.31,3.66,D
-37.52741,-69.08954,330.36,0.33,0.56,2026-03-19,1752,N,VIIRS,l,2.0NRT,303.27,0.67,D
-37.42717,-69.17178,347.2,0.34,0.56,2026-03-19,1752,N,VIIRS,n,2.0NRT,304.66,3.42,D
-37.42765,-69.17149,350.58,0.34,0.56,2026-03-19,1752,N,VIIRS,n,2.0NRT,304.51,3.48,D
-35.57821,-58.50013,338.98,0.38,0.36,2026-03-19,1752,N,VIIRS,n,2.0NRT,308.03,7.62,D
-29.82382,-60.67206,351.82,0.38,0.36,2026-03-19,1754,N,VIIRS,n,2.0NRT,303.98,7.93,D
-29.82048,-60.67273,332.59,0.38,0.36,2026-03-19,1754,N,VIIRS,n,2.0NRT,303.2,3.4,D
-29.32741,-57.72689,335.54,0.44,0.38,2026-03-19,1754,N,VIIRS,n,2.0NRT,303.06,4.63,D
-29.32548,-57.73669,335.29,0.44,0.38,2026-03-19,1754,N,VIIRS,n,2.0NRT,304.6,1.2,D
-29.1951,-57.05614,339.25,0.46,0.39,2026-03-19,1754,N,VIIRS,n,2.0NRT,304.57,5.07,D
-29.31762,-57.73379,338.36,0.44,0.38,2026-03-19,1754,N,VIIRS,n,2.0NRT,307.41,6.49,D
-29.1844,-57.0186,330.71,0.47,0.39,2026-03-19,1754,N,VIIRS,l,2.0NRT,302.86,2.22,D
-29.19235,-57.0618,337.48,0.46,0.39,2026-03-19,1754,N,VIIRS,n,2.0NRT,304.24,2.85,D
-29.31409,-57.7346,355.63,0.44,0.38,2026-03-19,1754,N,VIIRS,n,2.0NRT,315.79,13.19,D
-29.18872,-57.06265,330.78,0.46,0.39,2026-03-19,1754,N,VIIRS,l,2.0NRT,304.22,2.85,D
-29.31056,-57.73539,340.81,0.44,0.38,2026-03-19,1754,N,VIIRS,n,2.0NRT,307.14,13.19,D
-29.19424,-57.1953,338.94,0.46,0.39,2026-03-19,1754,N,VIIRS,n,2.0NRT,302.39,3.06,D
-29.19858,-57.21891,337.1,0.46,0.39,2026-03-19,1754,N,VIIRS,n,2.0NRT,302.94,2.6,D
-29.19449,-57.1937,333.92,0.46,0.39,2026-03-19,1754,N,VIIRS,n,2.0NRT,300.38,3.3,D
-29.19871,-57.21735,335.25,0.46,0.39,2026-03-19,1754,N,VIIRS,n,2.0NRT,302.66,3.23,D
-29.27328,-57.86885,332.82,0.43,0.38,2026-03-19,1754,N,VIIRS,l,2.0NRT,306.7,3.37,D
-29.26976,-57.86964,340.41,0.43,0.38,2026-03-19,1754,N,VIIRS,n,2.0NRT,306.95,3.37,D
-29.26625,-57.87045,339.07,0.43,0.38,2026-03-19,1754,N,VIIRS,n,2.0NRT,304.56,4.57,D
-29.9849,-62.62315,332.87,0.41,0.37,2026-03-19,1754,N,VIIRS,n,2.0NRT,303.69,2.13,D
-29.12491,-57.51938,342.01,0.45,0.39,2026-03-19,1754,N,VIIRS,n,2.0NRT,303.57,5.08,D
-29.18557,-57.86423,337.84,0.43,0.38,2026-03-19,1754,N,VIIRS,n,2.0NRT,301.86,5.26,D
-29.12053,-57.51559,345.47,0.45,0.39,2026-03-19,1754,N,VIIRS,n,2.0NRT,302.97,5.08,D
-29.09568,-57.68788,353.35,0.44,0.38,2026-03-19,1754,N,VIIRS,n,2.0NRT,303.54,6.17,D
-29.09214,-57.68869,342.16,0.44,0.38,2026-03-19,1754,N,VIIRS,n,2.0NRT,303.74,6.17,D
-28.89201,-56.82825,330.56,0.48,0.4,2026-03-19,1754,N,VIIRS,l,2.0NRT,303.63,6.43,D
-28.93778,-57.30946,334.03,0.46,0.39,2026-03-19,1754,N,VIIRS,n,2.0NRT,301.54,3.04,D
-28.93949,-57.31887,345.11,0.46,0.39,2026-03-19,1754,N,VIIRS,n,2.0NRT,301.87,5.79,D
-28.99279,-57.61552,335.09,0.44,0.39,2026-03-19,1754,N,VIIRS,n,2.0NRT,302.78,4.8,D
-29.79081,-62.67403,339.75,0.41,0.37,2026-03-19,1754,N,VIIRS,n,2.0NRT,299.56,3.74,D
-28.93674,-57.32439,330.92,0.46,0.39,2026-03-19,1754,N,VIIRS,l,2.0NRT,301.97,3.11,D
-28.82574,-56.76131,331.88,0.48,0.4,2026-03-19,1754,N,VIIRS,l,2.0NRT,303.98,4.92,D
-28.92783,-57.31668,349.54,0.46,0.39,2026-03-19,1754,N,VIIRS,n,2.0NRT,304.25,6.77,D
-29.14667,-58.60017,331.53,0.41,0.37,2026-03-19,1754,N,VIIRS,l,2.0NRT,302.49,2.31,D
-28.8165,-56.77385,333.95,0.48,0.4,2026-03-19,1754,N,VIIRS,n,2.0NRT,303.39,2.74,D
-29.20418,-59.06562,337.42,0.4,0.37,2026-03-19,1754,N,VIIRS,n,2.0NRT,304.63,2.6,D
-28.67072,-56.20139,335.44,0.52,0.41,2026-03-19,1754,N,VIIRS,n,2.0NRT,301.99,3.74,D
-28.67639,-56.50482,335.66,0.5,0.41,2026-03-19,1754,N,VIIRS,n,2.0NRT,301,5.75,D
-28.67735,-56.50994,353,0.5,0.41,2026-03-19,1754,N,VIIRS,n,2.0NRT,304.72,5.75,D
-28.6736,-56.51083,341.69,0.5,0.41,2026-03-19,1754,N,VIIRS,n,2.0NRT,302.64,5.75,D
-29.58081,-62.11829,345.06,0.4,0.37,2026-03-19,1754,N,VIIRS,n,2.0NRT,302.2,8.93,D
-29.57742,-62.11892,347.06,0.4,0.37,2026-03-19,1754,N,VIIRS,n,2.0NRT,304.93,8.93,D
-28.78227,-57.24044,347.75,0.46,0.39,2026-03-19,1754,N,VIIRS,n,2.0NRT,308.42,8.7,D
-28.77865,-57.24128,353.19,0.46,0.39,2026-03-19,1754,N,VIIRS,n,2.0NRT,307.04,8.7,D
-29.38381,-60.86977,343.33,0.38,0.36,2026-03-19,1754,N,VIIRS,n,2.0NRT,305.62,5.79,D
-29.38503,-60.87774,330.72,0.38,0.36,2026-03-19,1754,N,VIIRS,l,2.0NRT,303.34,3.25,D
-28.61392,-56.50051,334.46,0.5,0.41,2026-03-19,1754,N,VIIRS,n,2.0NRT,301.77,7.52,D
-28.61487,-56.50564,339.61,0.5,0.41,2026-03-19,1754,N,VIIRS,n,2.0NRT,300.85,6.01,D
-28.61583,-56.51077,337.95,0.5,0.41,2026-03-19,1754,N,VIIRS,n,2.0NRT,302.33,6.01,D
-28.61207,-56.51167,349.05,0.5,0.41,2026-03-19,1754,N,VIIRS,n,2.0NRT,300.71,6.01,D
-28.72102,-57.35568,339.54,0.46,0.39,2026-03-19,1754,N,VIIRS,n,2.0NRT,306.35,8.19,D
-28.71741,-57.35651,333.83,0.46,0.39,2026-03-19,1754,N,VIIRS,l,2.0NRT,306.31,5.78,D
-28.55465,-56.68457,346.99,0.49,0.4,2026-03-19,1754,N,VIIRS,n,2.0NRT,303.21,5.21,D
-28.55093,-56.68545,338.39,0.49,0.4,2026-03-19,1754,N,VIIRS,n,2.0NRT,301.9,5.21,D
-28.55404,-56.68227,337.65,0.49,0.4,2026-03-19,1754,N,VIIRS,n,2.0NRT,303.26,6.8,D
-28.55497,-56.68732,342.04,0.49,0.4,2026-03-19,1754,N,VIIRS,n,2.0NRT,303.15,2.34,D
-28.55124,-56.68821,332.88,0.49,0.4,2026-03-19,1754,N,VIIRS,n,2.0NRT,301.71,2.34,D
-29.15444,-60.22951,330.65,0.39,0.36,2026-03-19,1754,N,VIIRS,l,2.0NRT,303.75,2.04,D
-28.44628,-56.41929,336.29,0.51,0.41,2026-03-19,1754,N,VIIRS,l,2.0NRT,307.82,7.7,D
-28.4425,-56.42021,345.94,0.51,0.41,2026-03-19,1754,N,VIIRS,n,2.0NRT,304.8,10.95,D
-28.43495,-56.42203,339.69,0.51,0.41,2026-03-19,1754,N,VIIRS,n,2.0NRT,300.74,3.97,D
-28.43117,-56.42294,334.47,0.51,0.41,2026-03-19,1754,N,VIIRS,n,2.0NRT,302.61,3.97,D
-28.42838,-56.42905,343.12,0.51,0.41,2026-03-19,1754,N,VIIRS,n,2.0NRT,305.45,3.79,D
-28.42937,-56.43426,330.75,0.51,0.41,2026-03-19,1754,N,VIIRS,l,2.0NRT,301.59,3.79,D
-29.35068,-62.58034,342.68,0.4,0.37,2026-03-19,1754,N,VIIRS,n,2.0NRT,304,3.67,D
-29.08125,-61.41106,337.83,0.39,0.36,2026-03-19,1754,N,VIIRS,n,2.0NRT,306.52,26.04,D
-29.08244,-61.41905,340.66,0.39,0.36,2026-03-19,1754,N,VIIRS,n,2.0NRT,300.39,28.05,D
-29.0785,-61.4157,334.29,0.39,0.36,2026-03-19,1754,N,VIIRS,n,2.0NRT,301.5,28.05,D
-29.07909,-61.4197,331.08,0.39,0.36,2026-03-19,1754,N,VIIRS,l,2.0NRT,301.27,28.05,D
-28.12795,-56.54636,355.9,0.51,0.41,2026-03-19,1754,N,VIIRS,n,2.0NRT,304.4,10.52,D
-28.09965,-56.43896,343.85,0.51,0.41,2026-03-19,1754,N,VIIRS,n,2.0NRT,304.8,23.64,D
-28.10065,-56.44418,332.89,0.51,0.41,2026-03-19,1754,N,VIIRS,l,2.0NRT,304.15,5.66,D
-28.12333,-56.56363,330.11,0.51,0.41,2026-03-19,1754,N,VIIRS,l,2.0NRT,303.6,1.39,D
-28.12053,-56.56968,334.15,0.51,0.41,2026-03-19,1754,N,VIIRS,n,2.0NRT,304.25,3.24,D
-28.12151,-56.57482,334.18,0.5,0.41,2026-03-19,1754,N,VIIRS,n,2.0NRT,304.06,3.24,D
-28.07141,-56.40442,332.06,0.52,0.41,2026-03-19,1754,N,VIIRS,l,2.0NRT,306.37,1.68,D
-28.49125,-59.02865,333.64,0.41,0.37,2026-03-19,1754,N,VIIRS,n,2.0NRT,307.37,2.65,D
-27.76654,-55.20808,331.44,0.4,0.44,2026-03-19,1754,N,VIIRS,n,2.0NRT,305.44,2.38,D
-27.73857,-55.09002,341.33,0.41,0.45,2026-03-19,1754,N,VIIRS,n,2.0NRT,305.97,6.21,D
-27.7345,-55.09124,338.48,0.41,0.45,2026-03-19,1754,N,VIIRS,n,2.0NRT,301.78,6.21,D
-28.63012,-60.06745,331.56,0.39,0.36,2026-03-19,1754,N,VIIRS,l,2.0NRT,304.15,2.98,D
-27.95166,-56.36134,341.57,0.52,0.42,2026-03-19,1754,N,VIIRS,n,2.0NRT,309.85,10.98,D
-28.49199,-59.39151,342.6,0.4,0.37,2026-03-19,1754,N,VIIRS,n,2.0NRT,305.53,3.51,D
-27.95514,-56.36356,347.06,0.52,0.42,2026-03-19,1754,N,VIIRS,n,2.0NRT,307.06,6.33,D
-27.95132,-56.36449,347.79,0.52,0.42,2026-03-19,1754,N,VIIRS,n,2.0NRT,309.17,7.36,D
-28.40837,-59.01145,341.81,0.41,0.37,2026-03-19,1754,N,VIIRS,n,2.0NRT,311.96,10.01,D
-28.8961,-62.1686,342.59,0.39,0.36,2026-03-19,1754,N,VIIRS,n,2.0NRT,299.18,6.5,D
-28.89669,-62.17268,335.41,0.39,0.37,2026-03-19,1754,N,VIIRS,n,2.0NRT,298.17,6.5,D
-27.6128,-55.15622,332.31,0.41,0.45,2026-03-19,1754,N,VIIRS,n,2.0NRT,301.33,4.04,D
-28.32074,-59.01729,367,0.41,0.37,2026-03-19,1754,N,VIIRS,h,2.0NRT,306.48,14,D
-27.61115,-55.15633,330.96,0.41,0.45,2026-03-19,1754,N,VIIRS,l,2.0NRT,302.41,4.28,D
-27.61039,-55.37,344.2,0.39,0.44,2026-03-19,1754,N,VIIRS,n,2.0NRT,301.27,11.28,D
-28.27111,-59.22062,334.83,0.4,0.37,2026-03-19,1754,N,VIIRS,n,2.0NRT,304.6,2.44,D
-28.33678,-59.65892,341.8,0.39,0.37,2026-03-19,1754,N,VIIRS,n,2.0NRT,301.82,3.03,D
-27.73258,-56.8433,339.54,0.5,0.41,2026-03-19,1754,N,VIIRS,n,2.0NRT,305.92,4.4,D
-27.79718,-57.23083,331.07,0.48,0.4,2026-03-19,1754,N,VIIRS,n,2.0NRT,304.49,2.83,D
-28.12137,-59.32738,333.63,0.4,0.37,2026-03-19,1754,N,VIIRS,l,2.0NRT,304.06,4.9,D
-28.34274,-61.13091,338.35,0.38,0.36,2026-03-19,1754,N,VIIRS,n,2.0NRT,303.23,2.75,D
-28.17346,-60.42498,346.33,0.39,0.36,2026-03-19,1754,N,VIIRS,n,2.0NRT,305.01,5.43,D
-28.17011,-60.42566,338.15,0.39,0.36,2026-03-19,1754,N,VIIRS,n,2.0NRT,304.11,5.43,D
-28.16677,-60.42633,338.05,0.39,0.36,2026-03-19,1754,N,VIIRS,l,2.0NRT,309.46,6.07,D
-27.55101,-56.86954,333.15,0.5,0.41,2026-03-19,1754,N,VIIRS,l,2.0NRT,305.28,2.09,D
-27.51616,-56.82998,335.54,0.5,0.41,2026-03-19,1754,N,VIIRS,l,2.0NRT,307.43,3.71,D
-28.21299,-60.92101,348.53,0.38,0.36,2026-03-19,1754,N,VIIRS,n,2.0NRT,300.46,3.85,D
-28.20966,-60.92167,367,0.38,0.36,2026-03-19,1754,N,VIIRS,h,2.0NRT,301.81,6.38,D
-28.20905,-60.91773,355.96,0.38,0.36,2026-03-19,1754,N,VIIRS,n,2.0NRT,305.28,6.33,D
-28.2051,-60.91445,331.96,0.38,0.36,2026-03-19,1754,N,VIIRS,n,2.0NRT,301.92,6.33,D
-28.20571,-60.91838,350.38,0.38,0.36,2026-03-19,1754,N,VIIRS,n,2.0NRT,303.66,6.33,D
-28.20632,-60.92232,337.27,0.38,0.36,2026-03-19,1754,N,VIIRS,n,2.0NRT,301.23,6.38,D
-28.20238,-60.91904,331.98,0.38,0.36,2026-03-19,1754,N,VIIRS,n,2.0NRT,301.88,3.53,D
-27.07715,-54.99128,337.84,0.42,0.45,2026-03-19,1754,N,VIIRS,n,2.0NRT,300.57,2.97,D
-27.48528,-57.29067,336.61,0.48,0.4,2026-03-19,1754,N,VIIRS,n,2.0NRT,306.38,3.62,D
-27.49918,-57.42802,344.65,0.47,0.4,2026-03-19,1754,N,VIIRS,n,2.0NRT,301.88,7.69,D
-27.49464,-57.42406,346.41,0.47,0.4,2026-03-19,1754,N,VIIRS,n,2.0NRT,307.52,21.42,D
-27.49552,-57.42885,340.72,0.47,0.4,2026-03-19,1754,N,VIIRS,n,2.0NRT,305.13,21.42,D
-27.4901,-57.42011,336.94,0.47,0.4,2026-03-19,1754,N,VIIRS,n,2.0NRT,306.2,7.92,D
-27.49098,-57.4249,355.99,0.47,0.4,2026-03-19,1754,N,VIIRS,n,2.0NRT,310.68,21.42,D
-27.49617,-57.42208,343.68,0.47,0.4,2026-03-19,1754,N,VIIRS,n,2.0NRT,304.38,7.65,D
-27.49703,-57.42688,335.97,0.47,0.4,2026-03-19,1754,N,VIIRS,n,2.0NRT,303.53,7.65,D
-27.49252,-57.42292,340.72,0.47,0.4,2026-03-19,1754,N,VIIRS,l,2.0NRT,311.82,16.69,D
-27.49337,-57.42771,342.43,0.47,0.4,2026-03-19,1754,N,VIIRS,n,2.0NRT,305.81,16.69,D
-27.48886,-57.42375,355.93,0.47,0.4,2026-03-19,1754,N,VIIRS,n,2.0NRT,306.49,16.69,D
-27.48972,-57.42854,340.05,0.47,0.4,2026-03-19,1754,N,VIIRS,n,2.0NRT,308.11,16.69,D
-27.48347,-57.41499,334.92,0.47,0.4,2026-03-19,1754,N,VIIRS,l,2.0NRT,305.97,3.84,D
-27.48434,-57.41979,341.09,0.47,0.4,2026-03-19,1754,N,VIIRS,n,2.0NRT,305.55,3.84,D
-27.96806,-60.5391,339.16,0.39,0.36,2026-03-19,1754,N,VIIRS,n,2.0NRT,303.59,2.8,D
-33.68626,-58.95491,345.89,0.39,0.36,2026-03-19,1754,N,VIIRS,n,2.0NRT,303.57,6.55,D
-33.69442,-59.31594,337.49,0.38,0.36,2026-03-19,1754,N,VIIRS,n,2.0NRT,307.06,3.66,D
-33.69108,-59.31669,350.6,0.38,0.36,2026-03-19,1754,N,VIIRS,n,2.0NRT,307.39,3.66,D
-33.56719,-59.71712,330.9,0.38,0.36,2026-03-19,1754,N,VIIRS,l,2.0NRT,305.01,2.54,D
-33.56178,-59.7269,336.66,0.38,0.36,2026-03-19,1754,N,VIIRS,l,2.0NRT,307.26,3.74,D
-33.3494,-58.53049,334.42,0.39,0.36,2026-03-19,1754,N,VIIRS,n,2.0NRT,307.24,2.56,D
-33.34536,-58.52705,347.63,0.39,0.36,2026-03-19,1754,N,VIIRS,n,2.0NRT,308.52,9.28,D
-33.34604,-58.53127,340.29,0.39,0.36,2026-03-19,1754,N,VIIRS,n,2.0NRT,310.31,9.28,D
-33.342,-58.52782,350.62,0.39,0.36,2026-03-19,1754,N,VIIRS,n,2.0NRT,312.71,9.28,D
-33.30223,-58.43501,346.78,0.39,0.36,2026-03-19,1754,N,VIIRS,n,2.0NRT,313.33,6.83,D
-33.29888,-58.43579,349.23,0.39,0.36,2026-03-19,1754,N,VIIRS,n,2.0NRT,319.64,14.12,D
-33.46982,-59.74117,354.15,0.38,0.36,2026-03-19,1754,N,VIIRS,n,2.0NRT,309.98,6.38,D
-33.46827,-59.84467,347.39,0.38,0.36,2026-03-19,1754,N,VIIRS,n,2.0NRT,310.07,9.71,D
-33.46493,-59.84539,346.54,0.38,0.36,2026-03-19,1754,N,VIIRS,n,2.0NRT,306.52,7.3,D
-33.45491,-59.84755,330.42,0.38,0.36,2026-03-19,1754,N,VIIRS,l,2.0NRT,304.28,1.97,D
-33.4522,-59.85242,339.25,0.38,0.36,2026-03-19,1754,N,VIIRS,n,2.0NRT,305.17,3.25,D
-33.44886,-59.85315,343,0.38,0.36,2026-03-19,1754,N,VIIRS,n,2.0NRT,305.09,3.25,D
-33.43048,-59.82272,331.75,0.38,0.36,2026-03-19,1754,N,VIIRS,l,2.0NRT,306.17,3.87,D
-33.42894,-59.82236,341.28,0.38,0.36,2026-03-19,1754,N,VIIRS,n,2.0NRT,308.29,6.44,D
-33.36815,-60.15744,333.47,0.39,0.36,2026-03-19,1754,N,VIIRS,l,2.0NRT,308.21,3.93,D
-33.36877,-60.16161,337.26,0.39,0.36,2026-03-19,1754,N,VIIRS,l,2.0NRT,309.75,3.93,D
-33.21039,-59.91966,333.42,0.38,0.36,2026-03-19,1754,N,VIIRS,l,2.0NRT,305.85,8.48,D
-33.20705,-59.92038,340.94,0.38,0.36,2026-03-19,1754,N,VIIRS,n,2.0NRT,305.04,3.66,D
-33.25797,-60.28326,333.59,0.39,0.36,2026-03-19,1754,N,VIIRS,l,2.0NRT,308.13,2.56,D
-33.25859,-60.28745,334.26,0.39,0.36,2026-03-19,1754,N,VIIRS,l,2.0NRT,308.06,2.56,D
-33.00557,-60.41123,349.22,0.39,0.36,2026-03-19,1754,N,VIIRS,n,2.0NRT,312.79,7.53,D
-33.00619,-60.4154,350.57,0.39,0.36,2026-03-19,1754,N,VIIRS,n,2.0NRT,310.76,7.53,D
-33.00544,-60.81651,332.99,0.39,0.36,2026-03-19,1754,N,VIIRS,n,2.0NRT,307.89,2.4,D
-32.62038,-58.52142,339.14,0.39,0.36,2026-03-19,1754,N,VIIRS,n,2.0NRT,308.28,12.06,D
-32.61701,-58.52219,350.08,0.39,0.36,2026-03-19,1754,N,VIIRS,n,2.0NRT,307.74,12.06,D
-32.89878,-60.44145,340.26,0.39,0.36,2026-03-19,1754,N,VIIRS,n,2.0NRT,307.36,2.13,D
-32.46426,-58.57302,333.41,0.39,0.36,2026-03-19,1754,N,VIIRS,l,2.0NRT,306.68,2.76,D
-31.88478,-58.7946,338.28,0.39,0.36,2026-03-19,1754,N,VIIRS,n,2.0NRT,306.6,7.68,D
-31.88142,-58.79535,354.05,0.39,0.36,2026-03-19,1754,N,VIIRS,n,2.0NRT,308.66,7.68,D
-31.96144,-59.42717,338.29,0.39,0.36,2026-03-19,1754,N,VIIRS,l,2.0NRT,310.18,20.5,D
-32.16195,-61.38952,335.27,0.4,0.37,2026-03-19,1754,N,VIIRS,n,2.0NRT,305.86,2.59,D
-31.84652,-59.67161,346.78,0.38,0.36,2026-03-19,1754,N,VIIRS,n,2.0NRT,309.3,8.37,D
-31.73954,-59.54627,333.73,0.39,0.36,2026-03-19,1754,N,VIIRS,n,2.0NRT,302.19,2.28,D
-31.45967,-58.17568,335.07,0.41,0.37,2026-03-19,1754,N,VIIRS,l,2.0NRT,306.26,7.7,D
-31.46039,-58.17997,330.88,0.41,0.37,2026-03-19,1754,N,VIIRS,l,2.0NRT,303.99,4.3,D
-31.56626,-59.00951,340.49,0.39,0.36,2026-03-19,1754,N,VIIRS,n,2.0NRT,304.89,5.01,D
-31.64818,-59.52316,340.17,0.39,0.36,2026-03-19,1754,N,VIIRS,n,2.0NRT,309.59,3.59,D
-31.55282,-59.01247,332.93,0.39,0.36,2026-03-19,1754,N,VIIRS,n,2.0NRT,304.23,1.73,D
-31.53874,-58.96844,355.45,0.39,0.36,2026-03-19,1754,N,VIIRS,n,2.0NRT,311.9,12.6,D
-31.35342,-58.0653,337.16,0.41,0.37,2026-03-19,1754,N,VIIRS,n,2.0NRT,307.23,2.95,D
-31.53239,-59.49633,333.69,0.39,0.36,2026-03-19,1754,N,VIIRS,n,2.0NRT,304.58,1.66,D
-31.40181,-59.0917,334.88,0.39,0.36,2026-03-19,1754,N,VIIRS,n,2.0NRT,302.65,2.71,D
-31.22937,-58.42862,332.76,0.4,0.37,2026-03-19,1754,N,VIIRS,n,2.0NRT,302.37,2.66,D
-31.20639,-58.56516,332.48,0.4,0.37,2026-03-19,1754,N,VIIRS,n,2.0NRT,305.03,2.31,D
-31.20301,-58.56592,338.53,0.4,0.37,2026-03-19,1754,N,VIIRS,n,2.0NRT,302.46,4.17,D
-31.19841,-58.72776,335.01,0.4,0.37,2026-03-19,1754,N,VIIRS,n,2.0NRT,303.8,3.57,D
-31.1986,-58.72726,336.6,0.4,0.37,2026-03-19,1754,N,VIIRS,n,2.0NRT,304.42,2.69,D
-31.09958,-58.25883,334.47,0.41,0.37,2026-03-19,1754,N,VIIRS,n,2.0NRT,305.86,3.64,D
-31.32669,-59.65359,337,0.39,0.36,2026-03-19,1754,N,VIIRS,n,2.0NRT,307.3,3.04,D
-31.16432,-59.77178,331.15,0.39,0.36,2026-03-19,1754,N,VIIRS,n,2.0NRT,302.47,2.16,D
-31.16099,-59.77249,330.29,0.39,0.36,2026-03-19,1754,N,VIIRS,n,2.0NRT,304.76,2.15,D
-30.78641,-57.96951,333.48,0.42,0.37,2026-03-19,1754,N,VIIRS,l,2.0NRT,305.1,6.22,D
-31.0514,-59.56762,349.09,0.39,0.36,2026-03-19,1754,N,VIIRS,n,2.0NRT,308.26,17.06,D
-30.79375,-58.05363,336.6,0.41,0.37,2026-03-19,1754,N,VIIRS,l,2.0NRT,308.08,7.23,D
-30.7945,-58.05796,333.7,0.41,0.37,2026-03-19,1754,N,VIIRS,l,2.0NRT,304.44,4.01,D
-30.76117,-57.94812,334.09,0.42,0.37,2026-03-19,1754,N,VIIRS,n,2.0NRT,301.91,2.69,D
-31.45482,-64.11589,341.93,0.47,0.4,2026-03-19,1754,N,VIIRS,n,2.0NRT,298.4,4.75,D
-31.45543,-64.12093,332.17,0.47,0.4,2026-03-19,1754,N,VIIRS,n,2.0NRT,299.82,2.99,D
-31.47008,-64.24271,339.19,0.48,0.4,2026-03-19,1754,N,VIIRS,n,2.0NRT,297.57,3.44,D
-30.72727,-59.05215,332.59,0.39,0.36,2026-03-19,1754,N,VIIRS,n,2.0NRT,301.89,2.64,D
-30.64056,-59.0577,332.77,0.39,0.36,2026-03-19,1754,N,VIIRS,n,2.0NRT,301,3.01,D
-30.70834,-60.04899,334.34,0.38,0.36,2026-03-19,1754,N,VIIRS,n,2.0NRT,297.34,2.72,D
-30.70437,-60.04564,335.33,0.38,0.36,2026-03-19,1754,N,VIIRS,n,2.0NRT,295.76,1.73,D
-30.69833,-60.05107,334,0.38,0.36,2026-03-19,1754,N,VIIRS,n,2.0NRT,302.89,2.69,D
-30.68334,-60.08754,337.6,0.38,0.36,2026-03-19,1754,N,VIIRS,n,2.0NRT,300.82,3.78,D
-30.1953,-57.79833,347.91,0.43,0.38,2026-03-19,1754,N,VIIRS,n,2.0NRT,306.29,8.22,D
-30.36909,-59.42844,349.09,0.39,0.36,2026-03-19,1754,N,VIIRS,n,2.0NRT,302.57,8.53,D
-30.36574,-59.42916,367,0.39,0.36,2026-03-19,1754,N,VIIRS,h,2.0NRT,304.53,8.53,D
-30.36238,-59.42988,330.3,0.39,0.36,2026-03-19,1754,N,VIIRS,n,2.0NRT,303,3.42,D
-30.34896,-59.43275,333.73,0.39,0.36,2026-03-19,1754,N,VIIRS,n,2.0NRT,302.1,3.57,D
-30.17072,-59.94125,332.61,0.39,0.36,2026-03-19,1754,N,VIIRS,n,2.0NRT,301.48,3.11,D
-29.71781,-57.60011,348.19,0.44,0.38,2026-03-19,1754,N,VIIRS,n,2.0NRT,304.78,9.91,D
-29.71994,-57.63256,330.78,0.44,0.38,2026-03-19,1754,N,VIIRS,l,2.0NRT,301.36,1.41,D
-29.88757,-59.19925,334.88,0.39,0.37,2026-03-19,1754,N,VIIRS,n,2.0NRT,301.95,2.9,D
-29.88014,-59.19659,339.56,0.39,0.37,2026-03-19,1754,N,VIIRS,n,2.0NRT,300.21,6.6,D
-29.88019,-59.32757,347.88,0.39,0.36,2026-03-19,1754,N,VIIRS,n,2.0NRT,304.8,7.01,D
-29.88085,-59.33165,348.09,0.39,0.36,2026-03-19,1754,N,VIIRS,n,2.0NRT,304.33,11.39,D
-29.87682,-59.32829,336.85,0.39,0.36,2026-03-19,1754,N,VIIRS,n,2.0NRT,302.82,7.01,D
-29.45148,-57.144,347.29,0.46,0.39,2026-03-19,1754,N,VIIRS,n,2.0NRT,303.43,5.47,D
-29.45234,-57.14873,332.89,0.46,0.39,2026-03-19,1754,N,VIIRS,n,2.0NRT,300.55,5.47,D
-29.44788,-57.14485,341.28,0.46,0.39,2026-03-19,1754,N,VIIRS,n,2.0NRT,300.4,5.21,D
-29.44874,-57.14958,331.53,0.46,0.39,2026-03-19,1754,N,VIIRS,n,2.0NRT,298.22,5.21,D
-29.44341,-57.14097,346.19,0.46,0.39,2026-03-19,1754,N,VIIRS,n,2.0NRT,303.79,7.71,D
-29.43981,-57.14182,343.35,0.46,0.39,2026-03-19,1754,N,VIIRS,n,2.0NRT,300.52,5.82,D
-29.50533,-57.82812,334.25,0.43,0.38,2026-03-19,1754,N,VIIRS,n,2.0NRT,303.1,4.22,D
-29.80228,-59.70929,338.11,0.39,0.36,2026-03-19,1754,N,VIIRS,n,2.0NRT,300.78,13.76,D
-30.25361,-62.83425,334.51,0.42,0.37,2026-03-19,1754,N,VIIRS,n,2.0NRT,303.34,4.14,D
-29.64044,-58.84876,330.15,0.4,0.37,2026-03-19,1754,N,VIIRS,n,2.0NRT,298.77,2.08,D
-30.23629,-62.86421,334.83,0.42,0.37,2026-03-19,1754,N,VIIRS,n,2.0NRT,300.68,3.11,D
-29.26307,-57.24311,341.05,0.46,0.39,2026-03-19,1754,N,VIIRS,n,2.0NRT,303.34,6.27,D
-29.25947,-57.24395,339.79,0.46,0.39,2026-03-19,1754,N,VIIRS,n,2.0NRT,300.73,6.27,D
-29.82654,-60.66739,334.27,0.38,0.36,2026-03-19,1754,N,VIIRS,n,2.0NRT,301.22,4.67,D
-25.67087,-61.37755,333.3,0.38,0.36,2026-03-19,1756,N,VIIRS,n,2.0NRT,300.68,3.65,D
-26.92442,-55.0986,349.74,0.42,0.45,2026-03-19,1756,N,VIIRS,n,2.0NRT,309.87,5.84,D
-28.6607,-66.5116,337.85,0.38,0.44,2026-03-19,1756,N,VIIRS,l,2.0NRT,308.86,4.91,D
-28.16397,-64.01285,348.26,0.44,0.38,2026-03-19,1756,N,VIIRS,n,2.0NRT,303.25,11.51,D
-27.74597,-61.1117,355.27,0.38,0.36,2026-03-19,1756,N,VIIRS,n,2.0NRT,312.64,16.1,D
-28.16041,-64.01344,349.9,0.44,0.38,2026-03-19,1756,N,VIIRS,n,2.0NRT,308.7,52.81,D
-27.69689,-60.83873,345.84,0.38,0.36,2026-03-19,1756,N,VIIRS,n,2.0NRT,310.37,14.39,D
-27.34794,-59.17841,331.56,0.41,0.37,2026-03-19,1756,N,VIIRS,n,2.0NRT,300.73,3.36,D
-26.45102,-54.46138,334.56,0.47,0.47,2026-03-19,1756,N,VIIRS,l,2.0NRT,306.5,6.08,D
-27.49575,-60.3148,334.59,0.39,0.36,2026-03-19,1756,N,VIIRS,n,2.0NRT,303.93,0.5,D
-27.44765,-60.62893,331.18,0.39,0.36,2026-03-19,1756,N,VIIRS,l,2.0NRT,305.37,1.93,D
-27.06937,-58.77114,334.03,0.42,0.38,2026-03-19,1756,N,VIIRS,n,2.0NRT,304.34,3.13,D
-27.06589,-58.77189,330.76,0.42,0.38,2026-03-19,1756,N,VIIRS,l,2.0NRT,302.95,3.13,D
-27.02945,-59.7266,342.11,0.4,0.37,2026-03-19,1756,N,VIIRS,n,2.0NRT,303.67,6.56,D
-26.93574,-59.39069,337.52,0.41,0.37,2026-03-19,1756,N,VIIRS,n,2.0NRT,304.46,3,D
-26.93996,-59.88189,331.5,0.4,0.37,2026-03-19,1756,N,VIIRS,l,2.0NRT,305.56,1.58,D
-26.71519,-58.64693,334.4,0.43,0.38,2026-03-19,1756,N,VIIRS,n,2.0NRT,302.25,2.55,D
-26.64068,-58.32394,333.5,0.44,0.39,2026-03-19,1756,N,VIIRS,n,2.0NRT,301.63,2.92,D
-27.08913,-61.12472,341.65,0.38,0.36,2026-03-19,1756,N,VIIRS,n,2.0NRT,310.72,3.43,D
-27.07156,-61.10004,336.11,0.38,0.36,2026-03-19,1756,N,VIIRS,n,2.0NRT,304.55,2.26,D
-27.07515,-61.32386,331.14,0.38,0.36,2026-03-19,1756,N,VIIRS,l,2.0NRT,304.96,2.64,D
-26.67598,-59.47275,344.89,0.41,0.37,2026-03-19,1756,N,VIIRS,n,2.0NRT,301.16,17.91,D
-26.67256,-59.47346,341.12,0.41,0.37,2026-03-19,1756,N,VIIRS,n,2.0NRT,304.6,17.91,D
-26.83775,-60.59348,336.88,0.39,0.36,2026-03-19,1756,N,VIIRS,l,2.0NRT,308.52,6.19,D
-26.824,-60.68105,333.9,0.39,0.36,2026-03-19,1756,N,VIIRS,n,2.0NRT,303.89,4.42,D
-26.57908,-59.24771,330.4,0.41,0.37,2026-03-19,1756,N,VIIRS,n,2.0NRT,300.02,3.14,D
-26.46847,-58.66552,347.2,0.43,0.38,2026-03-19,1756,N,VIIRS,n,2.0NRT,298.62,3.58,D
-26.47478,-58.72287,335.05,0.43,0.38,2026-03-19,1756,N,VIIRS,n,2.0NRT,297.51,7.81,D
-26.47202,-58.72795,334.65,0.43,0.38,2026-03-19,1756,N,VIIRS,n,2.0NRT,299.13,6.39,D
-25.98968,-59.40091,337.5,0.42,0.37,2026-03-19,1756,N,VIIRS,n,2.0NRT,298.21,3.81,D
-25.98553,-59.39746,338.2,0.42,0.37,2026-03-19,1756,N,VIIRS,n,2.0NRT,300.27,3.81,D
-25.87977,-58.98648,343.76,0.43,0.38,2026-03-19,1756,N,VIIRS,n,2.0NRT,295.06,8.42,D
-25.8805,-58.99076,347.58,0.43,0.38,2026-03-19,1756,N,VIIRS,n,2.0NRT,302.02,15.09,D
-25.88124,-58.99506,338.29,0.43,0.38,2026-03-19,1756,N,VIIRS,n,2.0NRT,298.81,15.09,D
-25.87626,-58.98722,352.03,0.43,0.38,2026-03-19,1756,N,VIIRS,n,2.0NRT,299.64,11.11,D
-25.877,-58.9915,351.63,0.43,0.38,2026-03-19,1756,N,VIIRS,n,2.0NRT,299.07,9.41,D
-25.67361,-61.37307,334.61,0.38,0.36,2026-03-19,1756,N,VIIRS,n,2.0NRT,297.06,11.34,D
-25.67421,-61.37692,346.43,0.38,0.36,2026-03-19,1756,N,VIIRS,n,2.0NRT,304.77,11.34,D
-25.67027,-61.3737,343.06,0.38,0.36,2026-03-19,1756,N,VIIRS,n,2.0NRT,298.9,3.65,D
-34.8758,-67.83448,332.03,0.68,0.74,2026-03-19,1934,N,VIIRS,n,2.0NRT,296.82,5.76,D
-31.52476,-68.29472,338.73,0.79,0.78,2026-03-19,1934,N,VIIRS,n,2.0NRT,302.94,5.74,D
-31.52513,-68.2973,333.79,0.79,0.78,2026-03-19,1934,N,VIIRS,n,2.0NRT,303.22,4.31,D
-34.87576,-67.83149,339.76,0.68,0.74,2026-03-19,1934,N,VIIRS,n,2.0NRT,297.09,4.92,D
-28.12312,-56.57178,316.68,0.43,0.38,2026-03-20,0510,N,VIIRS,n,2.0NRT,294.18,1.42,N
-28.12372,-56.56735,311.92,0.43,0.38,2026-03-20,0510,N,VIIRS,n,2.0NRT,293.78,1.42,N
-28.12786,-56.56351,334.89,0.43,0.38,2026-03-20,0510,N,VIIRS,n,2.0NRT,294.53,3.27,N
-28.12726,-56.56796,308.62,0.43,0.38,2026-03-20,0510,N,VIIRS,n,2.0NRT,293.97,1.42,N
-28.13139,-56.56413,320.21,0.43,0.38,2026-03-20,0510,N,VIIRS,n,2.0NRT,293.54,1.78,N
-27.37032,-61.45282,305.16,0.41,0.37,2026-03-20,0510,N,VIIRS,n,2.0NRT,292.4,0.9,N
-28.132,-56.55968,319.82,0.43,0.38,2026-03-20,0510,N,VIIRS,n,2.0NRT,294.09,1.78,N
-27.74469,-61.11358,308.25,0.4,0.37,2026-03-20,0510,N,VIIRS,n,2.0NRT,293.32,0.77,N
-28.70966,-57.36345,335.14,0.41,0.37,2026-03-20,0510,N,VIIRS,n,2.0NRT,294.11,3.83,N
-28.71026,-57.35919,331.33,0.41,0.37,2026-03-20,0510,N,VIIRS,n,2.0NRT,293.89,2.59,N
-28.71596,-57.36897,309.37,0.41,0.37,2026-03-20,0510,N,VIIRS,n,2.0NRT,293.53,0.83,N
-28.25636,-61.27814,309.89,0.4,0.37,2026-03-20,0510,N,VIIRS,n,2.0NRT,291.72,0.71,N
-28.86292,-60.05182,304.33,0.39,0.36,2026-03-20,0510,N,VIIRS,n,2.0NRT,292.07,0.56,N
-28.86625,-60.05251,305.66,0.39,0.36,2026-03-20,0510,N,VIIRS,n,2.0NRT,291.93,0.56,N
-29.081,-61.41602,312.6,0.4,0.37,2026-03-20,0510,N,VIIRS,n,2.0NRT,292.43,1.15,N
-29.82532,-60.67436,308.6,0.39,0.36,2026-03-20,0510,N,VIIRS,n,2.0NRT,292.07,1.18,N
-29.78872,-62.84264,298.91,0.44,0.38,2026-03-20,0510,N,VIIRS,n,2.0NRT,285.28,1.33,N
-27.38167,-55.07916,304.93,0.49,0.4,2026-03-20,0510,N,VIIRS,n,2.0NRT,293.17,0.87,N
-27.42588,-56.01368,309.61,0.45,0.39,2026-03-20,0510,N,VIIRS,n,2.0NRT,295.05,1.59,N
-27.49154,-60.54045,306.03,0.39,0.36,2026-03-20,0510,N,VIIRS,n,2.0NRT,292.92,0.52,N
-25.04162,-60.22461,307.21,0.4,0.37,2026-03-20,0510,N,VIIRS,n,2.0NRT,293.93,0.68,N
-25.98383,-59.39888,316.23,0.39,0.36,2026-03-20,0510,N,VIIRS,n,2.0NRT,294.75,1.21,N
-25.98716,-59.39955,338.14,0.39,0.36,2026-03-20,0510,N,VIIRS,n,2.0NRT,295.49,2.39,N
-25.99049,-59.4002,311.41,0.39,0.36,2026-03-20,0510,N,VIIRS,n,2.0NRT,294.38,2.39,N
-25.66962,-61.3748,306.5,0.43,0.38,2026-03-20,0510,N,VIIRS,n,2.0NRT,293.68,0.44,N
-25.67311,-61.37555,318.57,0.43,0.38,2026-03-20,0510,N,VIIRS,n,2.0NRT,294.31,1.27,N
-25.84492,-61.44952,312.42,0.43,0.38,2026-03-20,0510,N,VIIRS,n,2.0NRT,293.83,0.81,N
-26.49217,-58.43341,311.46,0.39,0.36,2026-03-20,0510,N,VIIRS,n,2.0NRT,292.76,2.09,N
-26.49551,-58.43404,334.79,0.39,0.36,2026-03-20,0510,N,VIIRS,n,2.0NRT,294.28,2.09,N
-26.49611,-58.43016,317.54,0.39,0.36,2026-03-20,0510,N,VIIRS,n,2.0NRT,292.94,1.05,N
-26.49944,-58.4308,308.83,0.39,0.36,2026-03-20,0510,N,VIIRS,n,2.0NRT,293.3,0.59,N
-26.47861,-60.34215,309.15,0.4,0.37,2026-03-20,0510,N,VIIRS,n,2.0NRT,293.78,0.53,N
-26.48197,-60.34285,318.21,0.4,0.37,2026-03-20,0510,N,VIIRS,n,2.0NRT,293.97,1.32,N
-33.36116,-60.15078,331.59,0.39,0.36,2026-03-20,0512,N,VIIRS,n,2.0NRT,292.64,3.01,N
-33.08443,-58.51677,348.39,0.41,0.37,2026-03-20,0512,N,VIIRS,n,2.0NRT,290.87,7.53,N
-33.08727,-58.52191,303.03,0.41,0.37,2026-03-20,0512,N,VIIRS,n,2.0NRT,288.97,0.5,N
-33.08789,-58.51745,316.18,0.41,0.37,2026-03-20,0512,N,VIIRS,n,2.0NRT,289.19,1.43,N
-33.08851,-58.513,302.65,0.41,0.37,2026-03-20,0512,N,VIIRS,n,2.0NRT,289.6,1.43,N
-32.96838,-60.74588,322.86,0.38,0.36,2026-03-20,0512,N,VIIRS,n,2.0NRT,290.95,1.59,N
-32.9717,-60.74663,319.68,0.38,0.36,2026-03-20,0512,N,VIIRS,n,2.0NRT,290.58,1.56,N
-33.25682,-60.28493,329.01,0.39,0.36,2026-03-20,0512,N,VIIRS,n,2.0NRT,292.01,2.28,N
-33.25618,-60.28909,306.78,0.39,0.36,2026-03-20,0512,N,VIIRS,n,2.0NRT,291.56,2.28,N
-33.25746,-60.28078,316.85,0.39,0.36,2026-03-20,0512,N,VIIRS,n,2.0NRT,290.53,1.81,N
-34.70673,-58.57298,313.81,0.42,0.38,2026-03-20,0512,N,VIIRS,n,2.0NRT,290.87,1.27,N
-34.85757,-57.89297,332.5,0.45,0.39,2026-03-20,0512,N,VIIRS,n,2.0NRT,293.23,3.94,N
-34.86874,-57.9203,332,0.44,0.39,2026-03-20,0512,N,VIIRS,n,2.0NRT,292.67,2.29,N
-34.87232,-57.92099,312.41,0.44,0.39,2026-03-20,0512,N,VIIRS,n,2.0NRT,291.56,2.29,N
-33.06374,-68.97583,302.16,0.5,0.49,2026-03-20,0512,N,VIIRS,n,2.0NRT,290.9,2.19,N
-30.787,-57.96879,328.86,0.41,0.37,2026-03-20,0512,N,VIIRS,n,2.0NRT,292.87,2.41,N
-30.796,-58.05466,313.84,0.41,0.37,2026-03-20,0512,N,VIIRS,n,2.0NRT,292.36,1.33,N
-31.04994,-59.56657,310.97,0.39,0.36,2026-03-20,0512,N,VIIRS,n,2.0NRT,292.47,1.37,N
-31.53674,-58.97013,307.66,0.39,0.37,2026-03-20,0512,N,VIIRS,n,2.0NRT,291.41,0.68,N
-31.54012,-58.97081,307.36,0.39,0.37,2026-03-20,0512,N,VIIRS,n,2.0NRT,290.88,0.66,N
-31.59986,-58.94221,303.56,0.4,0.37,2026-03-20,0512,N,VIIRS,n,2.0NRT,291.36,0.54,N
-31.60324,-58.94289,303.06,0.4,0.37,2026-03-20,0512,N,VIIRS,n,2.0NRT,291.46,0.59,N
-31.5305,-59.50032,307.02,0.39,0.36,2026-03-20,0512,N,VIIRS,n,2.0NRT,291.48,0.82,N
-33.36052,-60.15496,316.23,0.39,0.36,2026-03-20,0512,N,VIIRS,n,2.0NRT,292.92,3.01,N
-33.36179,-60.14661,314.6,0.39,0.36,2026-03-20,0512,N,VIIRS,n,2.0NRT,293.23,1.63,N
-33.36657,-60.16058,343.99,0.39,0.36,2026-03-20,0512,N,VIIRS,n,2.0NRT,294.17,4.19,N
-33.36992,-60.1613,318.73,0.39,0.36,2026-03-20,0512,N,VIIRS,n,2.0NRT,291.93,4.19,N
-33.37055,-60.15712,302.38,0.39,0.36,2026-03-20,0512,N,VIIRS,n,2.0NRT,291.53,0.7,N
-33.3758,-60.14531,329.31,0.39,0.36,2026-03-20,0512,N,VIIRS,n,2.0NRT,293.44,2.18,N
-33.37914,-60.14604,306.57,0.39,0.36,2026-03-20,0512,N,VIIRS,n,2.0NRT,289.24,2.18,N
-31.86879,-68.29148,319.25,0.49,0.48,2026-03-20,0512,N,VIIRS,n,2.0NRT,290.62,1.84,N
-34.1473,-58.98908,322.88,0.41,0.37,2026-03-20,0512,N,VIIRS,n,2.0NRT,292.92,1.44,N
-34.14792,-58.98462,308.64,0.41,0.37,2026-03-20,0512,N,VIIRS,n,2.0NRT,291.65,1.44,N
-34.2411,-58.92539,308.02,0.41,0.37,2026-03-20,0512,N,VIIRS,n,2.0NRT,290.2,1.09,N
-36.92576,-60.16032,298.71,0.4,0.37,2026-03-20,0514,N,VIIRS,n,2.0NRT,285.89,0.25,N
-36.99264,-60.2755,303.09,0.4,0.37,2026-03-20,0514,N,VIIRS,n,2.0NRT,287.68,0.85,N
-37.03885,-60.29509,300.4,0.4,0.37,2026-03-20,0514,N,VIIRS,n,2.0NRT,286.06,0.71,N
-37.97742,-57.61657,301.82,0.49,0.4,2026-03-20,0514,N,VIIRS,n,2.0NRT,285.24,0.51,N
-37.52868,-69.09355,319.6,0.41,0.45,2026-03-20,0514,N,VIIRS,n,2.0NRT,283.38,1.26,N
-36.62178,-61.49844,303.01,0.38,0.36,2026-03-20,0514,N,VIIRS,n,2.0NRT,286.86,0.37,N
-36.63309,-61.51458,311.11,0.38,0.36,2026-03-20,0514,N,VIIRS,n,2.0NRT,287.35,0.82,N
-36.32049,-57.17669,339.95,0.44,0.38,2026-03-20,1734,N,VIIRS,n,2.0NRT,303.25,6.46,D
-36.31693,-57.17737,350.96,0.44,0.38,2026-03-20,1734,N,VIIRS,n,2.0NRT,300.58,13.99,D
-31.4621,-58.17696,337.66,0.43,0.38,2026-03-20,1734,N,VIIRS,n,2.0NRT,266.04,5.18,D
-36.31923,-57.16685,334.94,0.44,0.38,2026-03-20,1734,N,VIIRS,n,2.0NRT,300.47,2.99,D
-36.3186,-57.16193,342.95,0.44,0.38,2026-03-20,1734,N,VIIRS,n,2.0NRT,300.79,4.08,D
-36.32216,-57.16124,329.47,0.44,0.38,2026-03-20,1734,N,VIIRS,n,2.0NRT,298.38,4.08,D
-27.53284,-56.97812,334.49,0.39,0.36,2026-03-20,1737,N,VIIRS,n,2.0NRT,300,5.69,D
-27.50476,-56.81399,333.81,0.38,0.36,2026-03-20,1737,N,VIIRS,n,2.0NRT,302.09,3.59,D
-27.50535,-56.81791,338.32,0.38,0.36,2026-03-20,1737,N,VIIRS,n,2.0NRT,304.32,6.94,D
-27.49139,-56.81652,332.72,0.38,0.36,2026-03-20,1737,N,VIIRS,l,2.0NRT,303.49,5.61,D
-27.49198,-56.82044,346.34,0.38,0.36,2026-03-20,1737,N,VIIRS,n,2.0NRT,301.75,5.18,D
-27.46912,-57.04262,332.09,0.39,0.36,2026-03-20,1737,N,VIIRS,n,2.0NRT,301.87,5.45,D
-26.97295,-54.54841,334.06,0.41,0.37,2026-03-20,1737,N,VIIRS,n,2.0NRT,303.45,2.74,D
-26.99837,-54.7224,332.23,0.41,0.37,2026-03-20,1737,N,VIIRS,n,2.0NRT,301.05,1.73,D
-28.16059,-64.01246,339.56,0.51,0.49,2026-03-20,1737,N,VIIRS,n,2.0NRT,294.8,8.34,D
-26.91912,-55.02436,335.34,0.4,0.37,2026-03-20,1737,N,VIIRS,l,2.0NRT,308.06,2.97,D
-26.83366,-54.74307,338.42,0.41,0.37,2026-03-20,1737,N,VIIRS,n,2.0NRT,304.59,3.77,D
-26.83645,-54.8019,341.75,0.4,0.37,2026-03-20,1737,N,VIIRS,n,2.0NRT,306.85,9.66,D
-26.83304,-54.80262,337.61,0.4,0.37,2026-03-20,1737,N,VIIRS,n,2.0NRT,304.35,4.33,D
-26.82323,-54.90942,343.49,0.4,0.37,2026-03-20,1737,N,VIIRS,n,2.0NRT,303.05,3.96,D
-26.81983,-54.91013,346.28,0.4,0.37,2026-03-20,1737,N,VIIRS,n,2.0NRT,301.71,5.76,D
-27.36385,-58.57785,334.36,0.41,0.37,2026-03-20,1737,N,VIIRS,n,2.0NRT,303.9,4.57,D
-27.36443,-58.58204,334.53,0.41,0.37,2026-03-20,1737,N,VIIRS,l,2.0NRT,304.72,3.41,D
-26.74418,-54.66736,334.25,0.41,0.37,2026-03-20,1737,N,VIIRS,n,2.0NRT,303.64,2.32,D
-26.77481,-54.95706,330.07,0.4,0.37,2026-03-20,1737,N,VIIRS,n,2.0NRT,302.99,1.79,D
-27.05877,-58.78217,344.92,0.41,0.37,2026-03-20,1737,N,VIIRS,n,2.0NRT,303.28,9.63,D
-26.95581,-58.52277,332.13,0.41,0.37,2026-03-20,1737,N,VIIRS,l,2.0NRT,304.47,3.21,D
-26.94662,-58.59986,337.98,0.41,0.37,2026-03-20,1737,N,VIIRS,n,2.0NRT,302.78,3.21,D
-26.9472,-58.604,334.01,0.41,0.37,2026-03-20,1737,N,VIIRS,n,2.0NRT,301.24,3.21,D
-27.242,-60.97642,336.22,0.51,0.41,2026-03-20,1737,N,VIIRS,n,2.0NRT,300.87,4.6,D
-26.88686,-58.44978,346.72,0.4,0.37,2026-03-20,1737,N,VIIRS,n,2.0NRT,303.18,7.49,D
-26.88516,-58.46268,344.49,0.4,0.37,2026-03-20,1737,N,VIIRS,n,2.0NRT,304.31,6.07,D
-26.94693,-58.90827,337.83,0.42,0.37,2026-03-20,1737,N,VIIRS,n,2.0NRT,304.1,4.2,D
-26.88116,-58.45917,337.83,0.4,0.37,2026-03-20,1737,N,VIIRS,n,2.0NRT,302.36,6,D
-26.88173,-58.46328,346,0.4,0.37,2026-03-20,1737,N,VIIRS,n,2.0NRT,305.51,6,D
-26.94288,-58.90464,332.62,0.42,0.37,2026-03-20,1737,N,VIIRS,n,2.0NRT,303.65,4.01,D
-26.94346,-58.90887,342.95,0.42,0.37,2026-03-20,1737,N,VIIRS,n,2.0NRT,305.97,8.99,D
-26.87773,-58.45977,367,0.4,0.37,2026-03-20,1737,N,VIIRS,h,2.0NRT,303.91,6,D
-26.87716,-58.45567,349.26,0.4,0.37,2026-03-20,1737,N,VIIRS,n,2.0NRT,304.02,7.67,D
-26.87831,-58.46387,335.89,0.4,0.37,2026-03-20,1737,N,VIIRS,n,2.0NRT,302.87,6,D
-27.06488,-60.7199,345.83,0.49,0.4,2026-03-20,1737,N,VIIRS,n,2.0NRT,303.48,7.72,D
-26.72744,-58.64845,338.52,0.41,0.37,2026-03-20,1737,N,VIIRS,n,2.0NRT,302.67,7.26,D
-26.08084,-54.52965,330.27,0.42,0.37,2026-03-20,1737,N,VIIRS,n,2.0NRT,303.63,2.87,D
-26.07117,-54.53606,334.89,0.42,0.37,2026-03-20,1737,N,VIIRS,n,2.0NRT,304.6,3.21,D
-26.84747,-60.48321,345.05,0.48,0.4,2026-03-20,1737,N,VIIRS,n,2.0NRT,303.21,5.17,D
-26.54329,-58.37804,334.97,0.4,0.37,2026-03-20,1737,N,VIIRS,n,2.0NRT,302.13,3.8,D
-26.80562,-60.42088,333.31,0.47,0.4,2026-03-20,1737,N,VIIRS,n,2.0NRT,300.27,3.31,D
-26.52456,-58.46873,331.89,0.4,0.37,2026-03-20,1737,N,VIIRS,n,2.0NRT,299.1,2.11,D
-25.81759,-54.0088,333.24,0.44,0.38,2026-03-20,1737,N,VIIRS,n,2.0NRT,303.6,2.25,D
-26.50122,-58.42698,332.75,0.4,0.37,2026-03-20,1737,N,VIIRS,l,2.0NRT,305.15,4.23,D
-26.50157,-58.4263,331.24,0.4,0.37,2026-03-20,1737,N,VIIRS,l,2.0NRT,304.38,8.23,D
-26.49816,-58.4269,348.63,0.4,0.37,2026-03-20,1737,N,VIIRS,n,2.0NRT,308,8.23,D
-26.4999,-58.43908,331.32,0.4,0.37,2026-03-20,1737,N,VIIRS,l,2.0NRT,302.7,2.34,D
-26.49475,-58.42749,345.52,0.4,0.37,2026-03-20,1737,N,VIIRS,n,2.0NRT,306.96,22.48,D
-26.49648,-58.43967,340.11,0.4,0.37,2026-03-20,1737,N,VIIRS,n,2.0NRT,304.86,5.35,D
-26.49249,-58.43621,351.92,0.4,0.37,2026-03-20,1737,N,VIIRS,n,2.0NRT,306.76,10.78,D
-26.48907,-58.4368,340.62,0.4,0.37,2026-03-20,1737,N,VIIRS,n,2.0NRT,305.29,8.95,D
-26.26287,-58.23994,335.02,0.4,0.37,2026-03-20,1737,N,VIIRS,n,2.0NRT,301.55,3.82,D
-26.51351,-60.59723,347.9,0.48,0.4,2026-03-20,1737,N,VIIRS,n,2.0NRT,300.19,15.7,D
-26.29309,-59.72006,342.14,0.44,0.38,2026-03-20,1737,N,VIIRS,n,2.0NRT,301.92,7.58,D
-25.98849,-59.39933,339.47,0.42,0.38,2026-03-20,1737,N,VIIRS,n,2.0NRT,304.98,5.76,D
-25.988,-59.39761,336.7,0.42,0.38,2026-03-20,1737,N,VIIRS,n,2.0NRT,303.93,7.17,D
-26.05872,-60.11039,338.98,0.45,0.39,2026-03-20,1737,N,VIIRS,n,2.0NRT,299.08,4.22,D
-26.05451,-60.10642,333.01,0.45,0.39,2026-03-20,1737,N,VIIRS,n,2.0NRT,299.13,4.22,D
-25.88295,-59.02349,340.82,0.41,0.37,2026-03-20,1737,N,VIIRS,n,2.0NRT,301.93,2.99,D
-25.87892,-59.01994,332.14,0.41,0.37,2026-03-20,1737,N,VIIRS,n,2.0NRT,300.18,2.99,D
-25.49942,-57.59285,342.84,0.39,0.36,2026-03-20,1737,N,VIIRS,n,2.0NRT,301.67,6.69,D
-25.49665,-57.59732,339.76,0.39,0.36,2026-03-20,1737,N,VIIRS,n,2.0NRT,301.54,4.68,D
-25.70466,-59.11184,332.78,0.41,0.37,2026-03-20,1737,N,VIIRS,n,2.0NRT,300.12,2.36,D
-31.08622,-59.79565,348.58,0.49,0.4,2026-03-20,1737,N,VIIRS,n,2.0NRT,298.86,9.22,D
-31.05067,-59.55974,335.67,0.48,0.4,2026-03-20,1737,N,VIIRS,n,2.0NRT,298.68,7.95,D
-31.05128,-59.56483,348.18,0.48,0.4,2026-03-20,1737,N,VIIRS,n,2.0NRT,301.66,7.95,D
-31.08719,-59.79811,341.3,0.49,0.4,2026-03-20,1737,N,VIIRS,n,2.0NRT,298.21,5.04,D
-31.08342,-59.79872,335.73,0.49,0.4,2026-03-20,1737,N,VIIRS,n,2.0NRT,297.09,5.89,D
-31.05043,-59.56254,367,0.48,0.4,2026-03-20,1737,N,VIIRS,h,2.0NRT,302.45,15.58,D
-31.01946,-59.74538,347.87,0.49,0.4,2026-03-20,1737,N,VIIRS,n,2.0NRT,297.65,10.64,D
-31.04626,-60.37417,334.44,0.52,0.42,2026-03-20,1737,N,VIIRS,n,2.0NRT,297.7,4.92,D
-31.04593,-60.37626,335.78,0.52,0.42,2026-03-20,1737,N,VIIRS,n,2.0NRT,298.06,4.83,D
-30.71906,-58.06116,331.59,0.42,0.38,2026-03-20,1737,N,VIIRS,n,2.0NRT,302.34,2.84,D
-30.69201,-58.23429,331.55,0.42,0.38,2026-03-20,1737,N,VIIRS,n,2.0NRT,303.58,2.24,D
-30.60632,-57.99472,332.9,0.42,0.37,2026-03-20,1737,N,VIIRS,n,2.0NRT,302.98,3.63,D
-30.68773,-60.16102,347.13,0.5,0.41,2026-03-20,1737,N,VIIRS,n,2.0NRT,298.97,7.99,D
-30.66356,-60.15395,336.4,0.5,0.41,2026-03-20,1737,N,VIIRS,n,2.0NRT,299.69,6.51,D
-30.42875,-58.32662,330.15,0.42,0.38,2026-03-20,1737,N,VIIRS,l,2.0NRT,302.11,2.99,D
-30.53513,-59.56435,343.04,0.47,0.4,2026-03-20,1737,N,VIIRS,n,2.0NRT,299.51,5.87,D
-30.36584,-58.47403,332.94,0.43,0.38,2026-03-20,1737,N,VIIRS,n,2.0NRT,300.62,6.47,D
-30.37984,-59.46388,334.48,0.47,0.39,2026-03-20,1737,N,VIIRS,n,2.0NRT,300.38,5.29,D
-30.38046,-59.46879,333.54,0.47,0.39,2026-03-20,1737,N,VIIRS,n,2.0NRT,300.12,4.86,D
-30.3343,-59.99281,333.27,0.49,0.4,2026-03-20,1737,N,VIIRS,n,2.0NRT,298.06,4.52,D
-30.20338,-59.12567,333.97,0.45,0.39,2026-03-20,1737,N,VIIRS,n,2.0NRT,300.01,4.38,D
-30.03612,-58.09899,333.57,0.42,0.37,2026-03-20,1737,N,VIIRS,n,2.0NRT,302.23,3.11,D
-29.94457,-57.92879,331.04,0.41,0.37,2026-03-20,1737,N,VIIRS,l,2.0NRT,305.37,2.28,D
-30.15785,-59.92393,336.28,0.49,0.4,2026-03-20,1737,N,VIIRS,n,2.0NRT,298.02,3.36,D
-29.8725,-58.37674,343.84,0.42,0.38,2026-03-20,1737,N,VIIRS,n,2.0NRT,299.86,7.7,D
-29.45531,-57.14678,332.67,0.39,0.36,2026-03-20,1737,N,VIIRS,l,2.0NRT,306.15,3.75,D
-29.42978,-57.06765,332.11,0.39,0.36,2026-03-20,1737,N,VIIRS,l,2.0NRT,305.25,2.88,D
-29.51735,-57.70266,350.08,0.4,0.37,2026-03-20,1737,N,VIIRS,n,2.0NRT,302.35,18.46,D
-29.51335,-57.6991,356.3,0.4,0.37,2026-03-20,1737,N,VIIRS,n,2.0NRT,310.68,29.73,D
-29.51393,-57.70328,347.34,0.4,0.37,2026-03-20,1737,N,VIIRS,n,2.0NRT,306.16,18.46,D
-29.51452,-57.70747,342.94,0.4,0.37,2026-03-20,1737,N,VIIRS,n,2.0NRT,305.92,18.46,D
-29.51052,-57.7039,351.85,0.4,0.37,2026-03-20,1737,N,VIIRS,n,2.0NRT,306.67,6.3,D
-29.50651,-57.70034,335.65,0.4,0.37,2026-03-20,1737,N,VIIRS,n,2.0NRT,305.31,7.38,D
-29.83778,-60.67324,345.76,0.52,0.42,2026-03-20,1737,N,VIIRS,n,2.0NRT,299.78,14.84,D
-29.8339,-60.67383,355.01,0.52,0.42,2026-03-20,1737,N,VIIRS,n,2.0NRT,302.29,19.82,D
-29.1668,-56.62479,333.47,0.39,0.36,2026-03-20,1737,N,VIIRS,n,2.0NRT,305.12,4.04,D
-29.16739,-56.62873,333.41,0.39,0.36,2026-03-20,1737,N,VIIRS,n,2.0NRT,304.7,2.56,D
-29.20347,-57.04291,342.05,0.39,0.36,2026-03-20,1737,N,VIIRS,n,2.0NRT,304.86,3.42,D
-29.19893,-57.03547,331.67,0.39,0.36,2026-03-20,1737,N,VIIRS,n,2.0NRT,304.85,3.64,D
-29.19952,-57.03951,351.01,0.39,0.36,2026-03-20,1737,N,VIIRS,n,2.0NRT,305.94,3.64,D
-29.20011,-57.04355,340.46,0.39,0.36,2026-03-20,1737,N,VIIRS,n,2.0NRT,305.14,3.13,D
-29.91768,-62.978,331.43,0.46,0.47,2026-03-20,1737,N,VIIRS,n,2.0NRT,293.73,8.23,D
-29.91868,-62.98784,344.56,0.46,0.47,2026-03-20,1737,N,VIIRS,n,2.0NRT,294.42,11.71,D
-29.258,-57.71434,336.07,0.4,0.37,2026-03-20,1737,N,VIIRS,n,2.0NRT,303.5,2.66,D
-29.23825,-57.77353,343.15,0.4,0.37,2026-03-20,1737,N,VIIRS,n,2.0NRT,302.39,4.07,D
-29.23883,-57.7777,339.36,0.4,0.37,2026-03-20,1737,N,VIIRS,n,2.0NRT,302.36,2.64,D
-29.68119,-61.46482,330.91,0.57,0.43,2026-03-20,1737,N,VIIRS,n,2.0NRT,298.41,4.95,D
-29.19745,-57.63171,346.3,0.4,0.37,2026-03-20,1737,N,VIIRS,n,2.0NRT,303.3,5,D
-29.68124,-61.46642,332.89,0.57,0.43,2026-03-20,1737,N,VIIRS,n,2.0NRT,297.66,6.91,D
-29.04428,-56.69703,340.01,0.39,0.36,2026-03-20,1737,N,VIIRS,n,2.0NRT,303.85,2.98,D
-29.16769,-57.54319,343.11,0.4,0.37,2026-03-20,1737,N,VIIRS,n,2.0NRT,302.94,3.89,D
-29.16429,-57.54382,337.66,0.4,0.37,2026-03-20,1737,N,VIIRS,n,2.0NRT,304.25,3.94,D
-29.15691,-57.54095,347.73,0.4,0.37,2026-03-20,1737,N,VIIRS,n,2.0NRT,306.88,5.58,D
-29.15351,-57.54157,335.63,0.4,0.37,2026-03-20,1737,N,VIIRS,n,2.0NRT,303.33,5.58,D
-29.14425,-57.50108,335.37,0.4,0.37,2026-03-20,1737,N,VIIRS,n,2.0NRT,302.97,4.44,D
-29.15038,-57.74171,352.86,0.4,0.37,2026-03-20,1737,N,VIIRS,n,2.0NRT,310.08,15.71,D
-29.14697,-57.74233,335.84,0.4,0.37,2026-03-20,1737,N,VIIRS,n,2.0NRT,304.19,15.71,D
-29.18414,-58.26823,333.18,0.41,0.37,2026-03-20,1737,N,VIIRS,l,2.0NRT,306.98,3.19,D
-28.99678,-57.0069,333.43,0.39,0.36,2026-03-20,1737,N,VIIRS,l,2.0NRT,304.29,2.99,D
-28.99736,-57.01093,345.12,0.39,0.36,2026-03-20,1737,N,VIIRS,n,2.0NRT,303.39,2.99,D
-28.99795,-57.01495,331.66,0.39,0.36,2026-03-20,1737,N,VIIRS,l,2.0NRT,303.2,3.16,D
-29.10292,-58.07146,335.09,0.41,0.37,2026-03-20,1737,N,VIIRS,n,2.0NRT,303.31,3.89,D
-28.89326,-56.82363,332.94,0.39,0.36,2026-03-20,1737,N,VIIRS,l,2.0NRT,305.7,4.36,D
-28.9316,-57.42514,355.13,0.39,0.37,2026-03-20,1737,N,VIIRS,n,2.0NRT,304.23,8.44,D
-28.93219,-57.42921,356.32,0.39,0.37,2026-03-20,1737,N,VIIRS,n,2.0NRT,305.95,8.44,D
-28.92822,-57.42576,335.56,0.39,0.37,2026-03-20,1737,N,VIIRS,n,2.0NRT,303.74,8.44,D
-28.79477,-56.58819,334.46,0.39,0.36,2026-03-20,1737,N,VIIRS,n,2.0NRT,305.99,2.07,D
-28.79537,-56.59216,332.33,0.39,0.36,2026-03-20,1737,N,VIIRS,n,2.0NRT,304.8,2.05,D
-28.79596,-56.59614,338.38,0.39,0.36,2026-03-20,1737,N,VIIRS,n,2.0NRT,305.27,2.05,D
-28.91923,-57.43579,332.99,0.39,0.37,2026-03-20,1737,N,VIIRS,n,2.0NRT,301.48,2.1,D
-28.79143,-56.58884,333.87,0.39,0.36,2026-03-20,1737,N,VIIRS,n,2.0NRT,306.25,2.07,D
-28.76683,-56.58541,336.46,0.39,0.36,2026-03-20,1737,N,VIIRS,n,2.0NRT,306.71,2.88,D
-28.79196,-56.77702,341.78,0.39,0.36,2026-03-20,1737,N,VIIRS,n,2.0NRT,305.93,3.68,D
-28.78802,-56.77368,343.22,0.39,0.36,2026-03-20,1737,N,VIIRS,n,2.0NRT,309.59,9.53,D
-28.7886,-56.77766,345.99,0.39,0.36,2026-03-20,1737,N,VIIRS,n,2.0NRT,308.87,9.53,D
-28.75383,-56.5675,331.27,0.39,0.36,2026-03-20,1737,N,VIIRS,n,2.0NRT,304.43,1.26,D
-28.78526,-56.77831,344.38,0.39,0.36,2026-03-20,1737,N,VIIRS,n,2.0NRT,305.21,9.53,D
-28.78585,-56.78229,336.29,0.39,0.36,2026-03-20,1737,N,VIIRS,n,2.0NRT,305.52,3.13,D
-28.78644,-56.78628,348.38,0.39,0.36,2026-03-20,1737,N,VIIRS,n,2.0NRT,305.38,3.13,D
-28.7825,-56.78293,343.08,0.39,0.36,2026-03-20,1737,N,VIIRS,n,2.0NRT,305.74,3.63,D
-28.78309,-56.78692,341.04,0.39,0.36,2026-03-20,1737,N,VIIRS,n,2.0NRT,306.06,3.63,D
-28.78368,-56.7909,348.85,0.39,0.36,2026-03-20,1737,N,VIIRS,n,2.0NRT,307.27,3.79,D
-28.78427,-56.79489,334.14,0.39,0.36,2026-03-20,1737,N,VIIRS,n,2.0NRT,303.54,3.79,D
-28.78033,-56.79155,333.61,0.39,0.36,2026-03-20,1737,N,VIIRS,l,2.0NRT,305.88,3.79,D
-28.78092,-56.79553,351.21,0.39,0.36,2026-03-20,1737,N,VIIRS,n,2.0NRT,305.23,3.79,D
-28.77698,-56.79219,331.25,0.39,0.36,2026-03-20,1737,N,VIIRS,l,2.0NRT,305.72,3.36,D
-28.77816,-56.80016,337.26,0.39,0.36,2026-03-20,1737,N,VIIRS,n,2.0NRT,305.17,2.72,D
-28.73748,-56.55024,336.23,0.39,0.36,2026-03-20,1737,N,VIIRS,n,2.0NRT,305.64,2.8,D
-28.77422,-56.79681,332.19,0.39,0.36,2026-03-20,1737,N,VIIRS,l,2.0NRT,305.84,3.36,D
-28.77481,-56.8008,337.58,0.39,0.36,2026-03-20,1737,N,VIIRS,n,2.0NRT,305.86,2.72,D
-29.12694,-59.53646,337.88,0.46,0.39,2026-03-20,1737,N,VIIRS,n,2.0NRT,295.57,5.31,D
-29.12737,-59.53468,333.94,0.46,0.39,2026-03-20,1737,N,VIIRS,n,2.0NRT,296.53,5.28,D
-28.87074,-57.75181,346.18,0.4,0.37,2026-03-20,1737,N,VIIRS,n,2.0NRT,309.12,18.31,D
-28.86734,-57.75243,340.21,0.4,0.37,2026-03-20,1737,N,VIIRS,n,2.0NRT,303.15,18.31,D
-28.79251,-57.37534,344.54,0.39,0.36,2026-03-20,1737,N,VIIRS,n,2.0NRT,305.43,7.41,D
-29.44583,-62.78271,334.63,0.45,0.47,2026-03-20,1737,N,VIIRS,n,2.0NRT,296.7,5.13,D
-28.73978,-57.20244,332.12,0.39,0.36,2026-03-20,1737,N,VIIRS,l,2.0NRT,305.17,5.7,D
-28.73368,-57.32799,336.29,0.39,0.36,2026-03-20,1737,N,VIIRS,n,2.0NRT,304.42,2.72,D
-28.97655,-59.1366,334.63,0.44,0.38,2026-03-20,1737,N,VIIRS,n,2.0NRT,302.41,3.46,D
-28.67414,-57.01262,343.99,0.39,0.36,2026-03-20,1737,N,VIIRS,n,2.0NRT,305.09,5.56,D
-28.67078,-57.01326,338.37,0.39,0.36,2026-03-20,1737,N,VIIRS,n,2.0NRT,303.03,5.56,D
-28.88495,-58.63071,335.28,0.42,0.38,2026-03-20,1737,N,VIIRS,n,2.0NRT,305.04,3.35,D
-28.47612,-56.36435,333.79,0.38,0.36,2026-03-20,1737,N,VIIRS,l,2.0NRT,307.29,2.85,D
-29.1576,-61.80562,344.16,0.39,0.44,2026-03-20,1737,N,VIIRS,n,2.0NRT,298.23,7.48,D
-29.08,-61.41064,333.53,0.56,0.43,2026-03-20,1737,N,VIIRS,n,2.0NRT,296.73,12.79,D
-29.08066,-61.41648,344.68,0.56,0.43,2026-03-20,1737,N,VIIRS,n,2.0NRT,300.58,36.88,D
-28.79492,-59.33665,350.2,0.45,0.39,2026-03-20,1737,N,VIIRS,n,2.0NRT,305.24,10.43,D
-28.79551,-59.34126,349.44,0.45,0.39,2026-03-20,1737,N,VIIRS,n,2.0NRT,304.65,5.86,D
-28.7961,-59.34588,336.18,0.45,0.39,2026-03-20,1737,N,VIIRS,n,2.0NRT,302.57,5.86,D
-28.79132,-59.33724,347.54,0.45,0.39,2026-03-20,1737,N,VIIRS,n,2.0NRT,305.59,7.57,D
-28.79191,-59.34186,347.5,0.45,0.39,2026-03-20,1737,N,VIIRS,n,2.0NRT,304.2,5.43,D
-28.77418,-59.23213,331.61,0.44,0.38,2026-03-20,1737,N,VIIRS,n,2.0NRT,300.52,4.2,D
-28.77477,-59.23671,345.36,0.44,0.38,2026-03-20,1737,N,VIIRS,n,2.0NRT,301.76,4.2,D
-28.78714,-59.33323,338.97,0.45,0.39,2026-03-20,1737,N,VIIRS,n,2.0NRT,304.38,7.57,D
-28.78773,-59.33784,350,0.45,0.39,2026-03-20,1737,N,VIIRS,n,2.0NRT,304.4,7.57,D
-28.78832,-59.34246,330.54,0.45,0.39,2026-03-20,1737,N,VIIRS,l,2.0NRT,301.95,5.43,D
-28.77119,-59.23731,339.99,0.44,0.38,2026-03-20,1737,N,VIIRS,n,2.0NRT,302.08,6.84,D
-28.39524,-56.61084,337.01,0.38,0.36,2026-03-20,1737,N,VIIRS,n,2.0NRT,303.73,1.94,D
-28.40649,-56.68598,346.26,0.39,0.36,2026-03-20,1737,N,VIIRS,n,2.0NRT,304.3,3.63,D
-28.40497,-56.68603,348.07,0.39,0.36,2026-03-20,1737,N,VIIRS,n,2.0NRT,304.18,7.29,D
-28.39769,-56.68335,340.93,0.39,0.36,2026-03-20,1737,N,VIIRS,n,2.0NRT,302.78,2.85,D
-28.36884,-56.58315,350.33,0.38,0.36,2026-03-20,1737,N,VIIRS,n,2.0NRT,306.91,7.55,D
-28.36944,-56.5871,335.96,0.38,0.36,2026-03-20,1737,N,VIIRS,n,2.0NRT,307.02,7.55,D
-28.36491,-56.57985,336.29,0.38,0.36,2026-03-20,1737,N,VIIRS,l,2.0NRT,306.35,5.25,D
-28.3655,-56.58379,342.76,0.38,0.36,2026-03-20,1737,N,VIIRS,n,2.0NRT,309.71,7.55,D
-28.3661,-56.58774,346.72,0.38,0.36,2026-03-20,1737,N,VIIRS,n,2.0NRT,307.3,7.55,D
-28.36729,-56.59565,340.95,0.38,0.36,2026-03-20,1737,N,VIIRS,n,2.0NRT,305.49,3.31,D
-28.36216,-56.58443,344.61,0.38,0.36,2026-03-20,1737,N,VIIRS,n,2.0NRT,307.53,16.31,D
-28.36455,-56.60024,331.52,0.38,0.36,2026-03-20,1737,N,VIIRS,l,2.0NRT,303.25,4.44,D
-28.36514,-56.60419,348.64,0.38,0.36,2026-03-20,1737,N,VIIRS,n,2.0NRT,306.78,4.44,D
-28.40782,-56.88934,337.16,0.39,0.36,2026-03-20,1737,N,VIIRS,n,2.0NRT,305.2,4.21,D
-28.35763,-56.57718,340.05,0.38,0.36,2026-03-20,1737,N,VIIRS,n,2.0NRT,307.74,10.38,D
-28.35823,-56.58113,352.15,0.38,0.36,2026-03-20,1737,N,VIIRS,n,2.0NRT,308.74,10.38,D
-28.35882,-56.58508,342.03,0.38,0.36,2026-03-20,1737,N,VIIRS,n,2.0NRT,308.32,16.31,D
-28.3612,-56.60088,338.75,0.38,0.36,2026-03-20,1737,N,VIIRS,n,2.0NRT,304.33,4.44,D
-28.3618,-56.60483,338.06,0.38,0.36,2026-03-20,1737,N,VIIRS,n,2.0NRT,307.35,4.44,D
-28.35786,-56.60152,342.94,0.38,0.36,2026-03-20,1737,N,VIIRS,n,2.0NRT,308.02,5.8,D
-28.35333,-56.59426,352.13,0.38,0.36,2026-03-20,1737,N,VIIRS,n,2.0NRT,307.32,5.86,D
-28.35393,-56.59822,353.95,0.38,0.36,2026-03-20,1737,N,VIIRS,n,2.0NRT,307.49,5.86,D
-28.70091,-59.13144,334.55,0.44,0.38,2026-03-20,1737,N,VIIRS,n,2.0NRT,301.19,2.69,D
-29.04985,-57.25434,333.36,0.39,0.36,2026-03-20,1737,N,VIIRS,l,2.0NRT,303.7,3.11,D
-28.61897,-59.1301,340.7,0.44,0.38,2026-03-20,1737,N,VIIRS,n,2.0NRT,302.31,5.08,D
-28.49912,-59.14876,339.34,0.44,0.38,2026-03-20,1737,N,VIIRS,n,2.0NRT,302.45,4.93,D
-28.45537,-59.00985,348.64,0.43,0.38,2026-03-20,1737,N,VIIRS,n,2.0NRT,306.81,6.16,D
-28.45183,-59.01046,337.12,0.43,0.38,2026-03-20,1737,N,VIIRS,n,2.0NRT,305.67,6.16,D
-28.47717,-59.20316,335.83,0.44,0.38,2026-03-20,1737,N,VIIRS,n,2.0NRT,302.67,4.02,D
-28.4483,-59.01106,344.06,0.43,0.38,2026-03-20,1737,N,VIIRS,n,2.0NRT,308.27,7.52,D
-28.47361,-59.20376,340.76,0.44,0.38,2026-03-20,1737,N,VIIRS,n,2.0NRT,302.01,3.87,D
-28.44477,-59.01166,332.76,0.43,0.38,2026-03-20,1737,N,VIIRS,l,2.0NRT,305.08,7.52,D
-28.46887,-59.19532,332.19,0.44,0.38,2026-03-20,1737,N,VIIRS,l,2.0NRT,304.25,5.78,D
-28.43475,-59.0179,331.4,0.43,0.38,2026-03-20,1737,N,VIIRS,l,2.0NRT,304.49,2.48,D
-28.45219,-59.23508,330.72,0.44,0.38,2026-03-20,1737,N,VIIRS,l,2.0NRT,301.19,0.77,D
-28.41121,-59.00374,331.57,0.43,0.38,2026-03-20,1737,N,VIIRS,l,2.0NRT,304.43,4.51,D
-28.41276,-59.00683,330.3,0.43,0.38,2026-03-20,1737,N,VIIRS,l,2.0NRT,304.4,4.46,D
-28.44312,-59.42636,336.9,0.45,0.39,2026-03-20,1737,N,VIIRS,n,2.0NRT,300.12,2.59,D
-28.4771,-59.74509,331.9,0.46,0.39,2026-03-20,1737,N,VIIRS,l,2.0NRT,304.15,4.21,D
-28.47771,-59.74983,341.06,0.46,0.39,2026-03-20,1737,N,VIIRS,n,2.0NRT,304.04,5.16,D
-28.42813,-59.39597,354.4,0.44,0.39,2026-03-20,1737,N,VIIRS,n,2.0NRT,304.94,6.29,D
-28.42394,-59.39197,334.64,0.44,0.39,2026-03-20,1737,N,VIIRS,n,2.0NRT,303.72,5.95,D
-28.42454,-59.39656,340.8,0.44,0.39,2026-03-20,1737,N,VIIRS,n,2.0NRT,304.9,6.29,D
-28.42035,-59.39257,331.83,0.44,0.39,2026-03-20,1737,N,VIIRS,n,2.0NRT,302.15,2.9,D
-28.42095,-59.39715,348.16,0.44,0.39,2026-03-20,1737,N,VIIRS,n,2.0NRT,304.78,5.41,D
-28.39649,-59.23843,334.19,0.44,0.38,2026-03-20,1737,N,VIIRS,n,2.0NRT,303.17,2.58,D
-28.34919,-58.99045,334.34,0.43,0.38,2026-03-20,1737,N,VIIRS,n,2.0NRT,302.46,19.5,D
-28.37333,-59.22846,343.11,0.44,0.38,2026-03-20,1737,N,VIIRS,n,2.0NRT,301.05,4.88,D
-27.73568,-54.95222,337.76,0.4,0.37,2026-03-20,1737,N,VIIRS,n,2.0NRT,305.83,5.81,D
-27.75353,-55.06102,339.37,0.39,0.37,2026-03-20,1737,N,VIIRS,n,2.0NRT,308.16,19.47,D
-27.75016,-55.06171,346.61,0.39,0.37,2026-03-20,1737,N,VIIRS,n,2.0NRT,303.16,9.83,D
-27.767,-55.20756,335.29,0.39,0.36,2026-03-20,1737,N,VIIRS,n,2.0NRT,306.49,2.57,D
-27.7379,-55.09334,347.68,0.39,0.37,2026-03-20,1737,N,VIIRS,n,2.0NRT,309.04,22.43,D
-27.71537,-54.97746,330.74,0.4,0.37,2026-03-20,1737,N,VIIRS,l,2.0NRT,304.4,2.32,D
-27.73454,-55.09409,343.55,0.39,0.37,2026-03-20,1737,N,VIIRS,n,2.0NRT,301.84,8.78,D
-28.22709,-58.37532,335.94,0.41,0.37,2026-03-20,1737,N,VIIRS,n,2.0NRT,302.54,7.63,D
-28.22767,-58.37955,355.47,0.41,0.37,2026-03-20,1737,N,VIIRS,n,2.0NRT,307.39,16.75,D
-28.22422,-58.38015,346.16,0.41,0.37,2026-03-20,1737,N,VIIRS,n,2.0NRT,302.66,16.75,D
-27.82228,-55.82136,346.49,0.39,0.36,2026-03-20,1737,N,VIIRS,n,2.0NRT,304.77,3.67,D
-27.81894,-55.82203,342.55,0.39,0.36,2026-03-20,1737,N,VIIRS,n,2.0NRT,303.63,3.68,D
-28.34287,-59.65343,346.23,0.45,0.39,2026-03-20,1737,N,VIIRS,n,2.0NRT,301.59,6.88,D
-28.33925,-59.65402,345.97,0.45,0.39,2026-03-20,1737,N,VIIRS,n,2.0NRT,299.1,7.48,D
-28.22143,-59.22391,337.1,0.44,0.38,2026-03-20,1737,N,VIIRS,n,2.0NRT,302.93,2.77,D
-28.21952,-59.22301,338.17,0.44,0.38,2026-03-20,1737,N,VIIRS,n,2.0NRT,302.71,5.49,D
-28.22876,-59.51409,332.33,0.45,0.39,2026-03-20,1737,N,VIIRS,l,2.0NRT,303.45,3.83,D
-28.22515,-59.51468,344.22,0.45,0.39,2026-03-20,1737,N,VIIRS,n,2.0NRT,303.68,3.83,D
-27.49491,-54.65942,346.29,0.4,0.37,2026-03-20,1737,N,VIIRS,n,2.0NRT,309.86,8.5,D
-27.4915,-54.66012,333.17,0.4,0.37,2026-03-20,1737,N,VIIRS,n,2.0NRT,305.26,8.5,D
-27.5294,-54.88869,336.13,0.4,0.37,2026-03-20,1737,N,VIIRS,n,2.0NRT,304.01,2.57,D
-28.13147,-58.91638,332.4,0.43,0.38,2026-03-20,1737,N,VIIRS,n,2.0NRT,301.51,3.57,D
-28.86763,-65.78307,332.44,0.33,0.55,2026-03-20,1737,N,VIIRS,n,2.0NRT,300.71,3.89,D
-27.6177,-55.49577,332.51,0.39,0.36,2026-03-20,1737,N,VIIRS,l,2.0NRT,306.74,1.64,D
-28.21249,-59.61602,344.19,0.45,0.39,2026-03-20,1737,N,VIIRS,n,2.0NRT,302.85,6.05,D
-27.56755,-55.29247,334.33,0.39,0.36,2026-03-20,1737,N,VIIRS,n,2.0NRT,303.76,2.43,D
-28.13778,-59.20919,337.8,0.44,0.38,2026-03-20,1737,N,VIIRS,n,2.0NRT,302.23,2.7,D
-27.42602,-54.72887,336.8,0.4,0.37,2026-03-20,1737,N,VIIRS,n,2.0NRT,306.52,5.09,D
-28.06481,-59.16996,333.78,0.43,0.38,2026-03-20,1737,N,VIIRS,n,2.0NRT,301.93,6.3,D
-28.05241,-59.15841,332.99,0.43,0.38,2026-03-20,1737,N,VIIRS,n,2.0NRT,301,3.74,D
-28.053,-59.16285,334.06,0.43,0.38,2026-03-20,1737,N,VIIRS,n,2.0NRT,301.58,3.74,D
-27.49853,-55.5155,344.08,0.39,0.36,2026-03-20,1737,N,VIIRS,n,2.0NRT,305.22,3.79,D
-28.14401,-60.25554,331.35,0.48,0.4,2026-03-20,1737,N,VIIRS,n,2.0NRT,298.94,1.88,D
-28.21531,-60.91862,334.62,0.52,0.41,2026-03-20,1737,N,VIIRS,n,2.0NRT,297.75,5.96,D
-28.14305,-60.25348,337.52,0.48,0.4,2026-03-20,1737,N,VIIRS,n,2.0NRT,302.08,5.72,D
-28.21415,-60.91579,336.1,0.52,0.41,2026-03-20,1737,N,VIIRS,n,2.0NRT,294.03,8.29,D
-27.40129,-55.34618,330.34,0.39,0.36,2026-03-20,1737,N,VIIRS,n,2.0NRT,304.24,1.29,D
-27.21966,-54.43879,336.41,0.41,0.37,2026-03-20,1737,N,VIIRS,n,2.0NRT,303.11,28.77,D
-27.88705,-58.91135,338.35,0.42,0.38,2026-03-20,1737,N,VIIRS,n,2.0NRT,303.45,11.46,D
-27.88763,-58.9157,333.72,0.42,0.38,2026-03-20,1737,N,VIIRS,n,2.0NRT,302.76,6.48,D
-27.88413,-58.91629,334.54,0.42,0.38,2026-03-20,1737,N,VIIRS,n,2.0NRT,301.59,2.52,D
-27.57037,-56.82684,348.41,0.38,0.36,2026-03-20,1737,N,VIIRS,n,2.0NRT,304.87,9.29,D
-27.56762,-56.83139,334.4,0.38,0.36,2026-03-20,1737,N,VIIRS,n,2.0NRT,302.06,2.14,D
-27.4393,-56.01834,333.04,0.39,0.36,2026-03-20,1737,N,VIIRS,n,2.0NRT,302.93,1.47,D
-27.43737,-56.01765,346.95,0.39,0.36,2026-03-20,1737,N,VIIRS,n,2.0NRT,308.03,13.62,D
-27.56531,-56.85091,335.01,0.38,0.36,2026-03-20,1737,N,VIIRS,l,2.0NRT,305.04,4.37,D
-27.43403,-56.01831,367,0.39,0.36,2026-03-20,1737,N,VIIRS,h,2.0NRT,308.13,13.62,D
-27.43342,-56.01439,340.6,0.39,0.36,2026-03-20,1737,N,VIIRS,n,2.0NRT,306.91,6.97,D
-27.42885,-56.00721,348.35,0.39,0.36,2026-03-20,1737,N,VIIRS,n,2.0NRT,307.79,15.38,D
-27.42551,-56.00788,354.52,0.39,0.36,2026-03-20,1737,N,VIIRS,n,2.0NRT,310.34,15.38,D
-27.42613,-56.01179,352.54,0.39,0.36,2026-03-20,1737,N,VIIRS,n,2.0NRT,308.4,8.11,D
-27.55017,-56.84167,331.91,0.38,0.36,2026-03-20,1737,N,VIIRS,l,2.0NRT,302.41,1.69,D
-27.52535,-56.74562,339.31,0.38,0.36,2026-03-20,1737,N,VIIRS,n,2.0NRT,304.66,4.38,D
-27.52594,-56.74954,336.58,0.38,0.36,2026-03-20,1737,N,VIIRS,n,2.0NRT,305.53,3.74,D
-27.86992,-59.1584,345.55,0.43,0.38,2026-03-20,1737,N,VIIRS,n,2.0NRT,300.6,2.44,D
-27.83039,-58.91893,334.37,0.42,0.38,2026-03-20,1737,N,VIIRS,n,2.0NRT,303.07,3.6,D
-27.50806,-56.74488,333,0.38,0.36,2026-03-20,1737,N,VIIRS,l,2.0NRT,304.05,1.37,D
-27.50865,-56.7488,333.34,0.38,0.36,2026-03-20,1737,N,VIIRS,n,2.0NRT,302.94,1.37,D
-27.51026,-56.80489,335.59,0.38,0.36,2026-03-20,1737,N,VIIRS,n,2.0NRT,302.76,2.09,D
-47.41452,-71.43806,336.84,0.44,0.38,2026-03-20,1913,N,VIIRS,n,2.0NRT,296.77,5.12,D
-47.39856,-71.41375,341.06,0.44,0.38,2026-03-20,1913,N,VIIRS,n,2.0NRT,300.68,21.28,D
-47.39967,-71.41948,354.52,0.44,0.38,2026-03-20,1913,N,VIIRS,n,2.0NRT,312.27,21.28,D
-47.39618,-71.42092,345.83,0.44,0.38,2026-03-20,1913,N,VIIRS,n,2.0NRT,297.15,5.51,D
-30.88378,-68.88726,367,0.42,0.61,2026-03-20,1915,N,VIIRS,h,2.0NRT,303.25,8.17,D
-30.8825,-68.88679,367,0.42,0.61,2026-03-20,1915,N,VIIRS,h,2.0NRT,302.39,10.35,D
-25.74798,-68.06528,331.38,0.63,0.72,2026-03-20,1917,N,VIIRS,l,2.0NRT,304.7,2.57,D
-26.10075,-54.25155,311.27,0.38,0.36,2026-03-21,0449,N,VIIRS,n,2.0NRT,292.82,1.79,N
-26.26909,-54.16796,312.76,0.38,0.36,2026-03-21,0449,N,VIIRS,n,2.0NRT,294.04,1.08,N
-26.10469,-54.24835,304.5,0.38,0.36,2026-03-21,0449,N,VIIRS,n,2.0NRT,293.07,1.26,N
-26.10408,-54.2522,331.79,0.38,0.36,2026-03-21,0449,N,VIIRS,n,2.0NRT,293.8,1.79,N
-27.62581,-64.2957,307.46,0.33,0.55,2026-03-21,0451,N,VIIRS,n,2.0NRT,290.14,0.82,N
-25.65183,-60.51505,311.67,0.44,0.46,2026-03-21,0451,N,VIIRS,n,2.0NRT,292.92,4.32,N
-25.9892,-59.40084,313.22,0.56,0.43,2026-03-21,0451,N,VIIRS,n,2.0NRT,292.84,2.41,N
-25.59145,-61.37132,310.78,0.49,0.49,2026-03-21,0451,N,VIIRS,n,2.0NRT,292.12,1.51,N
-25.60105,-61.34801,319.52,0.49,0.49,2026-03-21,0451,N,VIIRS,n,2.0NRT,292.17,3.24,N
-26.95723,-54.52406,307.72,0.38,0.36,2026-03-21,0451,N,VIIRS,n,2.0NRT,294.87,0.99,N
-26.31471,-58.29805,320.5,0.49,0.4,2026-03-21,0451,N,VIIRS,n,2.0NRT,293,2.35,N
-26.97532,-54.53967,305.07,0.38,0.36,2026-03-21,0451,N,VIIRS,n,2.0NRT,293.07,0.43,N
-26.48545,-58.42465,312.45,0.49,0.41,2026-03-21,0451,N,VIIRS,n,2.0NRT,292.77,1.95,N
-26.48918,-58.42552,322.78,0.49,0.41,2026-03-21,0451,N,VIIRS,n,2.0NRT,293.14,1.95,N
-26.49659,-58.44794,305.05,0.49,0.41,2026-03-21,0451,N,VIIRS,n,2.0NRT,292.75,1.21,N
-26.49938,-58.45377,314.76,0.5,0.41,2026-03-21,0451,N,VIIRS,n,2.0NRT,292.6,1.4,N
-26.47807,-60.98317,322.11,0.45,0.47,2026-03-21,0451,N,VIIRS,n,2.0NRT,292.89,3.19,N
-26.48235,-60.98427,326.08,0.45,0.47,2026-03-21,0451,N,VIIRS,n,2.0NRT,292.52,2.79,N
-26.48142,-60.98879,310.12,0.45,0.47,2026-03-21,0451,N,VIIRS,n,2.0NRT,292.68,2.79,N
-27.42674,-56.00569,318.61,0.4,0.37,2026-03-21,0451,N,VIIRS,n,2.0NRT,295.25,1.38,N
-26.96135,-58.84682,306.56,0.51,0.41,2026-03-21,0451,N,VIIRS,n,2.0NRT,292.77,0.96,N
-27.52825,-57.01698,319.89,0.42,0.38,2026-03-21,0451,N,VIIRS,n,2.0NRT,294.98,1.23,N
-27.529,-57.01271,314.2,0.42,0.38,2026-03-21,0451,N,VIIRS,n,2.0NRT,294.58,1.23,N
-27.53172,-57.01776,308.22,0.42,0.38,2026-03-21,0451,N,VIIRS,n,2.0NRT,294.97,1.23,N
-27.54016,-57.01075,323.07,0.42,0.38,2026-03-21,0451,N,VIIRS,n,2.0NRT,294.35,1.96,N
-27.5394,-57.01503,315.87,0.42,0.38,2026-03-21,0451,N,VIIRS,n,2.0NRT,294.59,1.96,N
-27.08798,-60.43429,311.59,0.41,0.45,2026-03-21,0451,N,VIIRS,n,2.0NRT,288.91,5.89,N
-27.08882,-60.43018,305.03,0.41,0.45,2026-03-21,0451,N,VIIRS,n,2.0NRT,288.14,2.37,N
-27.09208,-60.43534,347.05,0.41,0.45,2026-03-21,0451,N,VIIRS,n,2.0NRT,292.66,5.89,N
-27.09291,-60.43123,327.95,0.41,0.45,2026-03-21,0451,N,VIIRS,n,2.0NRT,291.25,2.37,N
-27.09617,-60.4364,321.96,0.41,0.45,2026-03-21,0451,N,VIIRS,n,2.0NRT,291.54,4.09,N
-27.09701,-60.43229,324.07,0.41,0.45,2026-03-21,0451,N,VIIRS,n,2.0NRT,291.27,3.58,N
-28.76925,-56.49544,307.65,0.4,0.37,2026-03-21,0451,N,VIIRS,n,2.0NRT,294.39,0.61,N
-28.8067,-56.64432,308.25,0.4,0.37,2026-03-21,0451,N,VIIRS,n,2.0NRT,294.8,0.91,N
-28.45561,-59.03477,332.48,0.49,0.41,2026-03-21,0451,N,VIIRS,n,2.0NRT,294.32,5.57,N
-28.20133,-60.90569,309.77,0.41,0.45,2026-03-21,0451,N,VIIRS,n,2.0NRT,291.54,0.97,N
-28.23956,-60.86716,306.92,0.41,0.45,2026-03-21,0451,N,VIIRS,n,2.0NRT,291.43,0.66,N
-28.59034,-59.34459,314.36,0.51,0.41,2026-03-21,0451,N,VIIRS,n,2.0NRT,293.61,2.24,N
-28.15937,-64.0167,304.14,0.62,0.54,2026-03-21,0451,N,VIIRS,n,2.0NRT,290.43,0.56,N
-29.3883,-58.53896,319.01,0.46,0.39,2026-03-21,0451,N,VIIRS,n,2.0NRT,294.04,1.87,N
-29.39103,-58.54454,320.74,0.46,0.39,2026-03-21,0451,N,VIIRS,n,2.0NRT,294.3,2.51,N
-29.38787,-58.54142,317.05,0.46,0.39,2026-03-21,0451,N,VIIRS,n,2.0NRT,293.89,1.66,N
-29.39146,-58.54229,326.58,0.46,0.39,2026-03-21,0451,N,VIIRS,n,2.0NRT,294.28,2.74,N
-29.45144,-58.70559,309.32,0.46,0.39,2026-03-21,0451,N,VIIRS,n,2.0NRT,293.27,2.36,N
-29.45505,-58.70648,330.91,0.46,0.39,2026-03-21,0451,N,VIIRS,n,2.0NRT,293.58,2.36,N
-29.52875,-58.55329,310.57,0.46,0.39,2026-03-21,0451,N,VIIRS,n,2.0NRT,293.72,0.99,N
-30.02926,-58.10372,318.61,0.43,0.38,2026-03-21,0451,N,VIIRS,n,2.0NRT,294.22,1.85,N
-30.30495,-57.67499,307.1,0.42,0.37,2026-03-21,0451,N,VIIRS,n,2.0NRT,294.88,0.59,N
-30.30839,-57.67581,309.64,0.42,0.37,2026-03-21,0451,N,VIIRS,n,2.0NRT,294.65,0.59,N
-30.30652,-57.6735,317.87,0.42,0.37,2026-03-21,0451,N,VIIRS,n,2.0NRT,295.29,1.63,N
-29.45807,-62.78571,308.65,0.5,0.49,2026-03-21,0451,N,VIIRS,n,2.0NRT,290.61,3.98,N
-30.60444,-57.9941,316.64,0.42,0.38,2026-03-21,0451,N,VIIRS,n,2.0NRT,294.97,1.49,N
-31.00279,-57.89605,306.71,0.42,0.37,2026-03-21,0451,N,VIIRS,n,2.0NRT,294.84,0.82,N
-31.68793,-59.07192,314.78,0.45,0.39,2026-03-21,0451,N,VIIRS,n,2.0NRT,271.78,1.02,N
-31.6888,-59.06718,296.29,0.45,0.39,2026-03-21,0451,N,VIIRS,n,2.0NRT,272.32,1.02,N
-31.69149,-59.07285,302.07,0.45,0.39,2026-03-21,0451,N,VIIRS,n,2.0NRT,269.51,1.02,N
-31.68822,-59.07471,295.57,0.45,0.39,2026-03-21,0451,N,VIIRS,n,2.0NRT,271.32,0.83,N
-31.68911,-59.06996,318.13,0.45,0.39,2026-03-21,0451,N,VIIRS,n,2.0NRT,269.87,2.33,N
-31.69267,-59.07088,295.88,0.45,0.39,2026-03-21,0451,N,VIIRS,n,2.0NRT,270.51,0.7,N
-37.42679,-69.17598,330.21,0.36,0.58,2026-03-21,0453,N,VIIRS,n,2.0NRT,279.18,1.58,N
-37.42785,-69.17199,300.14,0.36,0.58,2026-03-21,0453,N,VIIRS,n,2.0NRT,277.76,1.58,N
-38.74204,-68.83918,367,0.32,0.55,2026-03-21,0455,N,VIIRS,h,2.0NRT,283.75,2.22,N
-38.2857,-68.75103,306.18,0.33,0.55,2026-03-21,0455,N,VIIRS,n,2.0NRT,281.84,0.77,N
-38.15487,-68.69728,305.11,0.33,0.55,2026-03-21,0455,N,VIIRS,n,2.0NRT,283.39,0.55,N
-38.01332,-68.59492,298.19,0.33,0.55,2026-03-21,0455,N,VIIRS,n,2.0NRT,280.54,1.27,N
-37.71405,-69.26903,328.41,0.36,0.57,2026-03-21,0455,N,VIIRS,n,2.0NRT,278.15,1.59,N
-37.70894,-69.26667,316.78,0.36,0.57,2026-03-21,0455,N,VIIRS,n,2.0NRT,278.23,1.03,N
-38.01237,-68.59862,332.94,0.33,0.55,2026-03-21,0455,N,VIIRS,n,2.0NRT,282.4,2.84,N
-38.74697,-68.84124,299.78,0.32,0.55,2026-03-21,0455,N,VIIRS,n,2.0NRT,277.21,2.22,N
-46.55722,-68.10533,297.83,0.39,0.44,2026-03-21,0457,N,VIIRS,n,2.0NRT,278.08,0.49,N
-37.08472,-69.4819,302.98,0.46,0.63,2026-03-21,0635,N,VIIRS,n,2.0NRT,275.13,1.05,N
-38.01402,-68.60033,325.42,0.51,0.66,2026-03-21,0635,N,VIIRS,n,2.0NRT,280.67,3,N
-38.1237,-69.23318,298.49,0.48,0.64,2026-03-21,0635,N,VIIRS,n,2.0NRT,279.1,0.99,N
-38.15768,-68.69955,312.48,0.51,0.66,2026-03-21,0635,N,VIIRS,n,2.0NRT,280.01,1.61,N
-37.4296,-69.17901,297.82,0.48,0.64,2026-03-21,0635,N,VIIRS,n,2.0NRT,277.98,1.48,N
-38.15498,-68.69839,317.97,0.51,0.66,2026-03-21,0635,N,VIIRS,n,2.0NRT,279.65,1.54,N
-38.28756,-68.75493,302.39,0.51,0.66,2026-03-21,0635,N,VIIRS,n,2.0NRT,279.37,0.9,N
-38.28777,-68.74882,298.72,0.51,0.66,2026-03-21,0635,N,VIIRS,n,2.0NRT,279.43,0.9,N
-38.69738,-68.70311,312.69,0.51,0.66,2026-03-21,0635,N,VIIRS,n,2.0NRT,278.54,1.59,N
-38.74295,-68.84008,351.28,0.51,0.66,2026-03-21,0635,N,VIIRS,n,2.0NRT,279.99,5.51,N
-37.43006,-69.17381,298.57,0.48,0.64,2026-03-21,0635,N,VIIRS,n,2.0NRT,277.73,0.77,N
-37.42979,-69.17971,295.73,0.48,0.64,2026-03-21,0635,N,VIIRS,n,2.0NRT,277.73,0.77,N
-37.08748,-69.47751,295.29,0.46,0.63,2026-03-21,0635,N,VIIRS,n,2.0NRT,274.44,1.23,N
-37.42983,-69.17314,304.11,0.48,0.64,2026-03-21,0635,N,VIIRS,n,2.0NRT,278.03,1.18,N
-37.63866,-66.5933,327.5,0.79,0.78,2026-03-21,1713,N,VIIRS,n,2.0NRT,293.32,0.52,D
-31.76945,-58.30906,325.59,0.49,0.49,2026-03-21,1715,N,VIIRS,n,2.0NRT,291.33,1.96,D
-30.8993,-62.55297,327.52,0.43,0.62,2026-03-21,1715,N,VIIRS,n,2.0NRT,291.59,3.2,D
-28.04111,-56.04628,334.1,0.51,0.41,2026-03-21,1715,N,VIIRS,n,2.0NRT,297.89,3.4,D
-27.43506,-56.91982,331.88,0.55,0.43,2026-03-21,1717,N,VIIRS,n,2.0NRT,295.43,6.56,D
-27.09856,-54.31219,338.22,0.42,0.38,2026-03-21,1717,N,VIIRS,n,2.0NRT,296.46,6.98,D
-26.92697,-54.31725,333.74,0.42,0.38,2026-03-21,1717,N,VIIRS,n,2.0NRT,295.52,3.58,D
-27.07317,-58.78167,330.87,0.46,0.47,2026-03-21,1717,N,VIIRS,n,2.0NRT,293.97,8.12,D
-26.4316,-54.20664,331.68,0.41,0.37,2026-03-21,1717,N,VIIRS,n,2.0NRT,297.34,5.27,D
-26.73402,-59.72892,330.82,0.52,0.5,2026-03-21,1717,N,VIIRS,n,2.0NRT,295.48,7.61,D
-26.72935,-59.72948,341.89,0.52,0.5,2026-03-21,1717,N,VIIRS,n,2.0NRT,295.24,7.61,D
-26.73198,-59.7314,350.06,0.52,0.5,2026-03-21,1717,N,VIIRS,n,2.0NRT,296.21,13.37,D
-26.50576,-58.44531,343.67,0.44,0.46,2026-03-21,1717,N,VIIRS,n,2.0NRT,291.42,9.2,D
-26.50671,-58.45425,344.52,0.44,0.46,2026-03-21,1717,N,VIIRS,n,2.0NRT,295.88,8.4,D
-26.49908,-58.42368,339.75,0.43,0.46,2026-03-21,1717,N,VIIRS,n,2.0NRT,292.04,3.16,D
-26.50241,-58.45482,346.59,0.44,0.46,2026-03-21,1717,N,VIIRS,n,2.0NRT,295.37,8.4,D
-26.48572,-58.42096,330.14,0.43,0.46,2026-03-21,1717,N,VIIRS,n,2.0NRT,295.18,4.29,D
-26.48284,-58.43486,342.44,0.44,0.46,2026-03-21,1717,N,VIIRS,n,2.0NRT,295.53,6.81,D
-26.48529,-58.43225,343.29,0.43,0.46,2026-03-21,1717,N,VIIRS,n,2.0NRT,298.52,5.44,D
-26.48099,-58.43282,333.19,0.43,0.46,2026-03-21,1717,N,VIIRS,n,2.0NRT,295.66,5.44,D
-26.28662,-58.5931,344.65,0.44,0.46,2026-03-21,1717,N,VIIRS,n,2.0NRT,297.65,17.33,D
-26.2871,-58.59761,336.06,0.44,0.46,2026-03-21,1717,N,VIIRS,n,2.0NRT,298.49,17.33,D
-26.28229,-58.59367,345.42,0.44,0.46,2026-03-21,1717,N,VIIRS,n,2.0NRT,299.47,43.36,D
-26.28277,-58.59819,341.71,0.44,0.46,2026-03-21,1717,N,VIIRS,n,2.0NRT,303.65,43.36,D
-26.28324,-58.6027,348.79,0.44,0.46,2026-03-21,1717,N,VIIRS,n,2.0NRT,301.67,38.31,D
-26.27843,-58.59876,350.32,0.44,0.46,2026-03-21,1717,N,VIIRS,n,2.0NRT,293.18,43.36,D
-26.28565,-58.59203,342.93,0.44,0.46,2026-03-21,1717,N,VIIRS,n,2.0NRT,296.09,44.01,D
-26.28616,-58.59653,340.6,0.44,0.46,2026-03-21,1717,N,VIIRS,n,2.0NRT,304.4,44.01,D
-26.28666,-58.60104,330.61,0.44,0.46,2026-03-21,1717,N,VIIRS,n,2.0NRT,298.11,7.27,D
-26.28183,-58.5971,354.19,0.44,0.46,2026-03-21,1717,N,VIIRS,n,2.0NRT,300.48,61.35,D
-26.28233,-58.6016,349.31,0.44,0.46,2026-03-21,1717,N,VIIRS,n,2.0NRT,299.44,49.87,D
-26.48354,-60.98592,333.24,0.62,0.54,2026-03-21,1717,N,VIIRS,n,2.0NRT,292.33,6.5,D
-25.98989,-59.39582,340.52,0.49,0.49,2026-03-21,1717,N,VIIRS,n,2.0NRT,295.79,7.89,D
-25.9904,-59.40079,337.67,0.49,0.49,2026-03-21,1717,N,VIIRS,n,2.0NRT,294.62,5.79,D
-25.98536,-59.3964,336.97,0.49,0.49,2026-03-21,1717,N,VIIRS,n,2.0NRT,296.27,5.39,D
-26.04119,-60.39729,333.54,0.56,0.52,2026-03-21,1717,N,VIIRS,n,2.0NRT,293.31,7.65,D
-26.48954,-58.41594,339.62,0.43,0.46,2026-03-21,1717,N,VIIRS,n,2.0NRT,294.48,5.47,D
-27.40693,-54.50024,346.52,0.43,0.38,2026-03-21,1717,N,VIIRS,n,2.0NRT,297.65,5.9,D
-27.40808,-54.5089,344.52,0.43,0.38,2026-03-21,1717,N,VIIRS,n,2.0NRT,297.52,13.8,D
-27.40455,-54.50953,333.69,0.43,0.38,2026-03-21,1717,N,VIIRS,n,2.0NRT,298.5,45.67,D
-27.43132,-55.32239,335.96,0.46,0.39,2026-03-21,1717,N,VIIRS,n,2.0NRT,298.06,7.27,D
-27.33051,-54.6553,332.25,0.44,0.38,2026-03-21,1717,N,VIIRS,n,2.0NRT,296.19,4.21,D
-27.24906,-54.4158,334.29,0.43,0.38,2026-03-21,1717,N,VIIRS,n,2.0NRT,295.14,3.61,D
-27.52956,-56.67633,345.52,0.54,0.42,2026-03-21,1717,N,VIIRS,n,2.0NRT,297.21,164.84,D
-27.24678,-54.5325,343.11,0.43,0.38,2026-03-21,1717,N,VIIRS,n,2.0NRT,292.62,8.56,D
-27.54282,-56.96012,339.8,0.56,0.43,2026-03-21,1717,N,VIIRS,n,2.0NRT,295.27,8.4,D
-27.53883,-56.96072,342.54,0.56,0.43,2026-03-21,1717,N,VIIRS,n,2.0NRT,298.95,39.94,D
-27.53949,-56.96645,333.39,0.56,0.43,2026-03-21,1717,N,VIIRS,n,2.0NRT,295.19,7.93,D
-27.54281,-56.99513,336.77,0.56,0.43,2026-03-21,1717,N,VIIRS,n,2.0NRT,294.96,7.4,D
-27.5355,-56.96704,342.74,0.56,0.43,2026-03-21,1717,N,VIIRS,n,2.0NRT,295.9,7.93,D
-27.53815,-56.98997,339.4,0.56,0.43,2026-03-21,1717,N,VIIRS,n,2.0NRT,295.07,7.4,D
-27.53415,-56.99054,335.35,0.56,0.43,2026-03-21,1717,N,VIIRS,n,2.0NRT,295.33,7.87,D
-27.53481,-56.99629,330.75,0.56,0.43,2026-03-21,1717,N,VIIRS,n,2.0NRT,295.2,7.87,D
-27.53547,-57.00203,334.7,0.56,0.43,2026-03-21,1717,N,VIIRS,n,2.0NRT,295.23,9.77,D
-27.53016,-56.99113,351.56,0.56,0.43,2026-03-21,1717,N,VIIRS,n,2.0NRT,297.47,7.87,D
-27.53082,-56.99687,343.65,0.56,0.43,2026-03-21,1717,N,VIIRS,n,2.0NRT,297.58,7.87,D
-27.52616,-56.9917,335.29,0.56,0.43,2026-03-21,1717,N,VIIRS,n,2.0NRT,296.06,11.08,D
-27.52879,-57.0147,343.19,0.56,0.43,2026-03-21,1717,N,VIIRS,n,2.0NRT,296.46,6.95,D
-27.52945,-57.02046,331.72,0.56,0.43,2026-03-21,1717,N,VIIRS,n,2.0NRT,293.98,6.95,D
-27.51597,-57.08117,339.35,0.56,0.43,2026-03-21,1717,N,VIIRS,n,2.0NRT,295.95,22.02,D
-27.51261,-57.08755,338.87,0.56,0.43,2026-03-21,1717,N,VIIRS,n,2.0NRT,298.65,16.5,D
-27.51129,-57.08369,336.78,0.56,0.43,2026-03-21,1717,N,VIIRS,n,2.0NRT,295.51,13.9,D
-27.2749,-55.45553,333.94,0.47,0.4,2026-03-21,1717,N,VIIRS,n,2.0NRT,296.7,4.03,D
-27.46905,-57.03689,337.18,0.56,0.43,2026-03-21,1717,N,VIIRS,n,2.0NRT,296.95,10.92,D
-27.09509,-54.18188,343.49,0.42,0.38,2026-03-21,1717,N,VIIRS,n,2.0NRT,295.66,11.93,D
-30.19711,-62.7438,341.94,0.52,0.67,2026-03-21,1856,N,VIIRS,n,2.0NRT,292.07,6.31,D
-30.19994,-62.7435,348.94,0.52,0.67,2026-03-21,1858,N,VIIRS,n,2.0NRT,293.29,7.54,D
-31.43252,-58.08092,323.37,0.46,0.47,2026-03-22,0434,N,VIIRS,n,2.0NRT,285.53,2.67,N
-30.67367,-58.08407,302.91,0.47,0.48,2026-03-22,0434,N,VIIRS,n,2.0NRT,287.42,1.05,N
-33.35902,-60.15311,308.72,0.54,0.51,2026-03-22,0434,N,VIIRS,n,2.0NRT,288.75,3.74,N
-33.3669,-60.16189,322.52,0.54,0.51,2026-03-22,0434,N,VIIRS,n,2.0NRT,287.67,3.7,N
-33.36555,-60.16774,299.01,0.54,0.51,2026-03-22,0434,N,VIIRS,n,2.0NRT,285.18,1.6,N
-33.36958,-60.15031,303.04,0.54,0.51,2026-03-22,0434,N,VIIRS,n,2.0NRT,286.63,1.56,N
-33.37551,-60.14607,305.91,0.54,0.51,2026-03-22,0434,N,VIIRS,n,2.0NRT,286.84,1.64,N
-34.14967,-58.98831,319.19,0.45,0.47,2026-03-22,0434,N,VIIRS,n,2.0NRT,286.87,2.2,N
-34.85519,-57.89678,305.98,0.38,0.43,2026-03-22,0434,N,VIIRS,n,2.0NRT,285.07,1.21,N
-34.85606,-57.89262,311.86,0.38,0.43,2026-03-22,0434,N,VIIRS,n,2.0NRT,289.65,1.34,N
-34.86003,-57.89385,301.18,0.38,0.43,2026-03-22,0434,N,VIIRS,n,2.0NRT,286.5,0.62,N
-34.87066,-57.9239,327.43,0.38,0.44,2026-03-22,0434,N,VIIRS,n,2.0NRT,286.08,2.77,N
-36.98223,-60.24553,297.76,0.45,0.47,2026-03-22,0436,N,VIIRS,n,2.0NRT,283.16,0.75,N
-38.78623,-62.28892,316.9,0.52,0.5,2026-03-22,0436,N,VIIRS,n,2.0NRT,286.64,2.73,N
-33.3726,-60.16054,298.54,0.77,0.77,2026-03-22,0616,N,VIIRS,n,2.0NRT,283.99,2.03,N
-33.37278,-60.1518,299.95,0.77,0.77,2026-03-22,0616,N,VIIRS,n,2.0NRT,284.12,2.03,N
-38.78476,-62.28584,323.89,0.63,0.72,2026-03-22,0616,N,VIIRS,n,2.0NRT,283.65,4.15,N
-38.78478,-62.28653,325.4,0.63,0.72,2026-03-22,0616,N,VIIRS,n,2.0NRT,284.56,3.76,N
-34.7543,-58.52042,332.85,0.5,0.66,2026-03-22,1656,N,VIIRS,n,2.0NRT,296.11,3.2,D
-34.75105,-58.51751,329.12,0.5,0.66,2026-03-22,1656,N,VIIRS,n,2.0NRT,295.37,3.23,D
-33.37116,-60.13477,329.19,0.61,0.71,2026-03-22,1656,N,VIIRS,n,2.0NRT,294.35,5.06,D
-33.36931,-60.13295,328.48,0.61,0.71,2026-03-22,1656,N,VIIRS,n,2.0NRT,293.41,4.11,D
-38.89508,-68.15675,331.63,0.39,0.36,2026-03-22,1836,N,VIIRS,n,2.0NRT,299.85,1.29,D
-38.69886,-68.70174,338.05,0.38,0.36,2026-03-22,1836,N,VIIRS,n,2.0NRT,302.7,2.47,D
-34.85697,-57.89193,329.01,0.41,0.6,2026-03-22,1836,N,VIIRS,n,2.0NRT,297.11,1.5,D
-34.6145,-58.74329,335.33,0.37,0.58,2026-03-22,1838,N,VIIRS,n,2.0NRT,296.32,2.28,D
-34.61438,-58.74187,335.64,0.37,0.58,2026-03-22,1838,N,VIIRS,n,2.0NRT,295.83,2.16,D
-34.14735,-58.98525,342.72,0.37,0.58,2026-03-22,1838,N,VIIRS,n,2.0NRT,298.42,3.84,D
-28.86867,-65.7846,353.38,0.41,0.45,2026-03-22,1838,N,VIIRS,n,2.0NRT,295,5.33,D
-28.53465,-66.82971,346.47,0.55,0.43,2026-03-22,1841,N,VIIRS,n,2.0NRT,312.79,6.03,D
-28.53691,-66.83194,339.76,0.55,0.43,2026-03-22,1841,N,VIIRS,l,2.0NRT,312.72,4.88,D
-34.14884,-58.99281,304.79,0.4,0.6,2026-03-23,0417,N,VIIRS,n,2.0NRT,286.32,1.17,N
-34.14997,-58.98843,307.8,0.4,0.6,2026-03-23,0417,N,VIIRS,n,2.0NRT,286.65,1.17,N
-34.5671,-58.81779,296.49,0.38,0.59,2026-03-23,0417,N,VIIRS,n,2.0NRT,286,1.17,N
-34.85506,-57.8952,319.44,0.34,0.56,2026-03-23,0417,N,VIIRS,n,2.0NRT,289.78,0.67,N
-34.86011,-57.89712,302.98,0.34,0.56,2026-03-23,0417,N,VIIRS,n,2.0NRT,287.1,0.67,N
-31.71496,-68.50947,302.25,0.44,0.38,2026-03-23,0555,N,VIIRS,n,2.0NRT,284.33,1.03,N
-31.71312,-68.51116,307.83,0.44,0.38,2026-03-23,0555,N,VIIRS,n,2.0NRT,285.62,1.04,N
-34.85944,-57.89874,305.62,0.57,0.69,2026-03-23,0555,N,VIIRS,n,2.0NRT,285.54,0.81,N
-34.85966,-57.89217,296.38,0.57,0.69,2026-03-23,0555,N,VIIRS,n,2.0NRT,285.44,0.81,N
-37.41243,-69.17269,302.55,0.47,0.39,2026-03-23,0557,N,VIIRS,n,2.0NRT,279.28,1.19,N
-37.08564,-69.47507,321.13,0.45,0.39,2026-03-23,0557,N,VIIRS,n,2.0NRT,276.84,2.02,N
-37.1547,-69.65511,327.25,0.44,0.39,2026-03-23,0557,N,VIIRS,n,2.0NRT,278.24,4.11,N
-37.15163,-69.65602,310.31,0.44,0.39,2026-03-23,0557,N,VIIRS,n,2.0NRT,278.31,0.88,N
-37.15521,-69.65675,322.14,0.44,0.39,2026-03-23,0557,N,VIIRS,n,2.0NRT,276.8,1.52,N
-37.42772,-69.17036,326.61,0.47,0.39,2026-03-23,0557,N,VIIRS,n,2.0NRT,279.04,2.03,N
-37.42705,-69.1757,297.5,0.47,0.39,2026-03-23,0557,N,VIIRS,n,2.0NRT,278.38,2.03,N
-37.42941,-69.17193,331.02,0.47,0.39,2026-03-23,0557,N,VIIRS,n,2.0NRT,279.01,3.13,N
-37.52918,-69.09328,305.81,0.47,0.4,2026-03-23,0557,N,VIIRS,n,2.0NRT,277.12,1.11,N
-38.0141,-68.59583,329.2,0.5,0.41,2026-03-23,0557,N,VIIRS,n,2.0NRT,281.3,3.35,N
-38.09675,-68.6073,299.54,0.5,0.41,2026-03-23,0557,N,VIIRS,n,2.0NRT,278.68,0.42,N
-38.15854,-68.6953,326.56,0.49,0.41,2026-03-23,0557,N,VIIRS,n,2.0NRT,279.94,2.51,N
-38.12536,-69.23179,296.37,0.47,0.4,2026-03-23,0557,N,VIIRS,n,2.0NRT,279.87,0.58,N
-38.2864,-68.75047,310.09,0.49,0.41,2026-03-23,0557,N,VIIRS,n,2.0NRT,279.2,1.32,N
-38.43848,-68.56037,305.54,0.5,0.41,2026-03-23,0557,N,VIIRS,n,2.0NRT,279.56,0.64,N
-38.41786,-68.76985,303.02,0.49,0.41,2026-03-23,0557,N,VIIRS,n,2.0NRT,279.84,0.7,N
-38.46551,-69.04707,305.6,0.48,0.4,2026-03-23,0557,N,VIIRS,n,2.0NRT,277.97,1.52,N
-38.46924,-69.04778,297.99,0.48,0.4,2026-03-23,0557,N,VIIRS,n,2.0NRT,278.14,1.24,N
-38.70058,-68.70293,316.19,0.5,0.41,2026-03-23,0557,N,VIIRS,n,2.0NRT,278.71,1.5,N
-38.74301,-68.83695,309.64,0.49,0.41,2026-03-23,0557,N,VIIRS,n,2.0NRT,275.95,1.1,N
-38.74678,-68.83768,321.76,0.49,0.41,2026-03-23,0557,N,VIIRS,n,2.0NRT,276.63,2.52,N
-38.74553,-68.838,327.76,0.5,0.41,2026-03-23,0557,N,VIIRS,n,2.0NRT,278.5,3.74,N
-40.36526,-62.63353,342.31,0.39,0.36,2026-03-23,1815,N,VIIRS,n,2.0NRT,296.84,7.57,D
-40.36266,-62.63907,329.74,0.39,0.36,2026-03-23,1815,N,VIIRS,n,2.0NRT,296.24,3.09,D
-40.35932,-62.64001,343.95,0.39,0.36,2026-03-23,1815,N,VIIRS,n,2.0NRT,296.77,3.09,D
-38.74696,-68.83717,337.8,0.48,0.4,2026-03-23,1817,N,VIIRS,n,2.0NRT,300.09,2.9,D
-36.81351,-58.8165,327.74,0.57,0.43,2026-03-23,1817,N,VIIRS,n,2.0NRT,297.35,2.77,D
-38.32294,-68.77297,336.1,0.47,0.4,2026-03-23,1817,N,VIIRS,l,2.0NRT,307.03,5.29,D
-38.15748,-68.69537,348.11,0.47,0.4,2026-03-23,1817,N,VIIRS,n,2.0NRT,308.24,6.67,D
-38.15591,-68.69258,336.96,0.47,0.4,2026-03-23,1817,N,VIIRS,l,2.0NRT,308.06,2.99,D
-38.01416,-68.59455,339.74,0.46,0.39,2026-03-23,1817,N,VIIRS,n,2.0NRT,310,4,D
-37.42931,-69.17286,335.5,0.48,0.4,2026-03-23,1817,N,VIIRS,n,2.0NRT,304.18,2.8,D
-37.15334,-69.659,336.28,0.5,0.41,2026-03-23,1817,N,VIIRS,l,2.0NRT,308.78,2.25,D
-34.88431,-57.91773,336.3,0.46,0.47,2026-03-23,1817,N,VIIRS,n,2.0NRT,296.66,3.98,D
-34.86052,-57.89332,326.91,0.46,0.47,2026-03-23,1817,N,VIIRS,n,2.0NRT,295.35,3.3,D
-34.09771,-58.87133,328.55,0.42,0.45,2026-03-23,1817,N,VIIRS,n,2.0NRT,296.96,2.63,D
-34.814,-65.11336,333.72,0.38,0.36,2026-03-23,1817,N,VIIRS,n,2.0NRT,300.37,3.38,D
-32.97601,-60.49694,339.76,0.55,0.43,2026-03-23,1817,N,VIIRS,n,2.0NRT,297.06,5.94,D
-33.88242,-66.11296,343.85,0.38,0.36,2026-03-23,1817,N,VIIRS,n,2.0NRT,299.44,3.81,D
-33.25779,-60.28643,333.82,0.56,0.43,2026-03-23,1817,N,VIIRS,n,2.0NRT,301.73,3.48,D
-39.63903,-65.45158,340.15,0.39,0.36,2026-03-23,1817,N,VIIRS,n,2.0NRT,302.96,16.16,D
-37.62243,-59.04726,334.07,0.53,0.42,2026-03-23,1817,N,VIIRS,n,2.0NRT,293.9,5.26,D
-32.17184,-64.46558,343.9,0.4,0.37,2026-03-23,1819,N,VIIRS,n,2.0NRT,300.53,10.17,D
-32.6944,-68.65165,337.25,0.42,0.38,2026-03-23,1819,N,VIIRS,n,2.0NRT,302.71,3.99,D
-32.63593,-68.64642,339.54,0.42,0.37,2026-03-23,1819,N,VIIRS,l,2.0NRT,313.27,6.31,D
-32.63245,-68.64708,339.61,0.42,0.37,2026-03-23,1819,N,VIIRS,l,2.0NRT,311.22,6.31,D
-31.86881,-68.28601,339.22,0.4,0.37,2026-03-23,1819,N,VIIRS,l,2.0NRT,313.62,2.88,D
-31.51472,-68.29221,346.24,0.4,0.37,2026-03-23,1819,N,VIIRS,n,2.0NRT,307.03,2.68,D
-31.51532,-68.29649,335.4,0.4,0.37,2026-03-23,1819,N,VIIRS,l,2.0NRT,308.01,2.68,D
-31.5113,-68.29285,346.97,0.4,0.37,2026-03-23,1819,N,VIIRS,n,2.0NRT,317.9,15.07,D
-29.67935,-62.45741,348.56,0.5,0.41,2026-03-23,1819,N,VIIRS,n,2.0NRT,293.84,9.27,D
-34.85589,-57.90274,300.52,0.6,0.7,2026-03-24,0357,N,VIIRS,n,2.0NRT,283.24,1.82,N
-34.85783,-57.89621,301.65,0.6,0.7,2026-03-24,0357,N,VIIRS,n,2.0NRT,283.75,1.71,N
-34.8539,-57.90181,296.44,0.6,0.7,2026-03-24,0357,N,VIIRS,n,2.0NRT,283.62,1.55,N
-34.85587,-57.89529,306.06,0.6,0.7,2026-03-24,0357,N,VIIRS,n,2.0NRT,285.25,1.55,N
-26.61627,-64.04031,304.69,0.4,0.37,2026-03-24,0536,N,VIIRS,n,2.0NRT,285.71,0.62,N
-28.46776,-65.22805,302.63,0.39,0.36,2026-03-24,0536,N,VIIRS,n,2.0NRT,288.05,0.58,N
-37.08521,-69.4782,327.89,0.39,0.36,2026-03-24,0538,N,VIIRS,n,2.0NRT,285.88,2.21,N
-31.4826,-64.35387,298.13,0.42,0.37,2026-03-24,0538,N,VIIRS,n,2.0NRT,285.32,0.46,N
-32.03574,-63.85203,324.48,0.44,0.38,2026-03-24,0538,N,VIIRS,n,2.0NRT,282.3,2.49,N
-32.17125,-64.46545,302.06,0.42,0.37,2026-03-24,0538,N,VIIRS,n,2.0NRT,282.1,0.6,N
-33.0051,-60.81881,300.43,0.41,0.45,2026-03-24,0538,N,VIIRS,n,2.0NRT,283.06,0.89,N
-33.25712,-60.28805,315.33,0.44,0.46,2026-03-24,0538,N,VIIRS,n,2.0NRT,284.02,0.91,N
-33.25761,-60.28326,297.88,0.44,0.46,2026-03-24,0538,N,VIIRS,n,2.0NRT,283.06,0.91,N
-33.36718,-60.16429,305.36,0.44,0.46,2026-03-24,0538,N,VIIRS,n,2.0NRT,283.58,1.27,N
-33.36767,-60.15944,314.36,0.45,0.47,2026-03-24,0538,N,VIIRS,n,2.0NRT,284.95,1.27,N
-33.37201,-60.16008,299.19,0.45,0.47,2026-03-24,0538,N,VIIRS,n,2.0NRT,283.22,1.27,N
-32.73758,-68.8452,303.14,0.4,0.37,2026-03-24,0538,N,VIIRS,n,2.0NRT,287.44,1.03,N
-34.15004,-58.98616,309.12,0.53,0.5,2026-03-24,0538,N,VIIRS,n,2.0NRT,283.7,2.53,N
-34.1469,-58.98643,312.74,0.53,0.5,2026-03-24,0538,N,VIIRS,n,2.0NRT,283.8,1.96,N
-32.96559,-68.70128,306.35,0.4,0.37,2026-03-24,0538,N,VIIRS,n,2.0NRT,280.4,0.96,N
-34.62362,-58.97237,306.62,0.53,0.5,2026-03-24,0538,N,VIIRS,n,2.0NRT,278.67,1.26,N
-34.75403,-58.31784,298.3,0.58,0.52,2026-03-24,0538,N,VIIRS,n,2.0NRT,281.48,0.8,N
-34.85797,-57.89436,316.32,0.62,0.54,2026-03-24,0538,N,VIIRS,n,2.0NRT,284.86,3.04,N
-34.85701,-57.89429,316.89,0.62,0.54,2026-03-24,0538,N,VIIRS,n,2.0NRT,285.64,2.96,N
-36.98198,-60.24461,300.77,0.48,0.48,2026-03-24,0538,N,VIIRS,n,2.0NRT,282.53,1.43,N
-36.98292,-60.24668,301.22,0.48,0.48,2026-03-24,0538,N,VIIRS,n,2.0NRT,281.7,1.31,N
-37.4106,-69.16927,307.06,0.39,0.36,2026-03-24,0538,N,VIIRS,n,2.0NRT,284.86,1.22,N
-37.42609,-69.0959,308.72,0.39,0.36,2026-03-24,0538,N,VIIRS,n,2.0NRT,285.45,0.86,N
-37.42723,-69.17352,333.78,0.39,0.36,2026-03-24,0538,N,VIIRS,n,2.0NRT,285.86,3.49,N
-37.41764,-69.35805,325.49,0.39,0.36,2026-03-24,0538,N,VIIRS,n,2.0NRT,283.64,1.43,N
-37.42096,-69.35892,295.34,0.39,0.36,2026-03-24,0538,N,VIIRS,n,2.0NRT,282.64,0.3,N
-37.52809,-69.09249,320.83,0.39,0.36,2026-03-24,0538,N,VIIRS,n,2.0NRT,286.36,1.51,N
-37.71325,-69.14043,301.41,0.39,0.36,2026-03-24,0538,N,VIIRS,n,2.0NRT,284.26,0.62,N
-37.71397,-69.13605,307.17,0.39,0.36,2026-03-24,0538,N,VIIRS,n,2.0NRT,284.66,0.9,N
-38.01456,-68.594,328,0.38,0.36,2026-03-24,0538,N,VIIRS,n,2.0NRT,288.65,1.8,N
-38.01387,-68.5984,308.52,0.38,0.36,2026-03-24,0538,N,VIIRS,n,2.0NRT,286.94,1.8,N
-38.09501,-68.60971,305.99,0.38,0.36,2026-03-24,0538,N,VIIRS,n,2.0NRT,286.18,0.69,N
-38.15555,-68.69606,305.12,0.38,0.36,2026-03-24,0538,N,VIIRS,n,2.0NRT,286.54,0.73,N
-38.15887,-68.6969,295.01,0.38,0.36,2026-03-24,0538,N,VIIRS,n,2.0NRT,284.94,0.42,N
-38.22709,-68.52669,304.13,0.38,0.36,2026-03-24,0538,N,VIIRS,n,2.0NRT,283.99,0.71,N
-38.21725,-68.64069,308.07,0.38,0.36,2026-03-24,0538,N,VIIRS,n,2.0NRT,285.34,0.55,N
-38.12553,-69.23502,300.46,0.39,0.36,2026-03-24,0538,N,VIIRS,n,2.0NRT,286.76,0.45,N
-38.93555,-68.35769,298.62,0.39,0.36,2026-03-24,0540,N,VIIRS,n,2.0NRT,286.08,0.47,N
-38.92908,-69.18211,295.48,0.38,0.36,2026-03-24,0540,N,VIIRS,n,2.0NRT,284.96,0.37,N
-38.29039,-68.90893,320.76,0.38,0.36,2026-03-24,0540,N,VIIRS,n,2.0NRT,284.35,1.86,N
-38.37234,-68.60906,305.65,0.38,0.36,2026-03-24,0540,N,VIIRS,n,2.0NRT,285.96,0.71,N
-38.43852,-68.56153,299.61,0.38,0.36,2026-03-24,0540,N,VIIRS,n,2.0NRT,285.32,0.52,N
-38.49673,-68.32626,297.2,0.39,0.36,2026-03-24,0540,N,VIIRS,n,2.0NRT,285.44,0.39,N
-38.6998,-68.70425,325.88,0.38,0.36,2026-03-24,0540,N,VIIRS,n,2.0NRT,286.89,1.73,N
-38.69841,-68.71312,295.83,0.38,0.36,2026-03-24,0540,N,VIIRS,n,2.0NRT,284.48,0.3,N
-38.74262,-68.83742,299.9,0.38,0.36,2026-03-24,0540,N,VIIRS,n,2.0NRT,284.16,0.56,N
-38.74594,-68.83827,334.08,0.38,0.36,2026-03-24,0540,N,VIIRS,n,2.0NRT,284.73,3.4,N
-38.28646,-68.74977,309.97,0.38,0.36,2026-03-24,0540,N,VIIRS,n,2.0NRT,285.47,0.81,N
-38.77319,-62.67793,345.46,0.43,0.38,2026-03-24,1758,N,VIIRS,n,2.0NRT,304.92,11.16,D
-38.77113,-62.67551,331.45,0.43,0.38,2026-03-24,1758,N,VIIRS,l,2.0NRT,302.38,5.98,D
-38.77466,-62.67477,334.58,0.43,0.38,2026-03-24,1758,N,VIIRS,n,2.0NRT,303.63,5.98,D
-32.0541,-58.69137,331.79,0.43,0.38,2026-03-24,1800,N,VIIRS,n,2.0NRT,299.94,1.37,D
-33.9691,-59.03484,331.04,0.4,0.37,2026-03-24,1800,N,VIIRS,l,2.0NRT,301.07,4.94,D
-33.96985,-59.03923,331.12,0.4,0.37,2026-03-24,1800,N,VIIRS,n,2.0NRT,299.29,4.6,D
-31.10205,-58.01224,335.47,0.47,0.4,2026-03-24,1800,N,VIIRS,n,2.0NRT,298.91,4.28,D
-30.83913,-57.91303,332.71,0.48,0.4,2026-03-24,1800,N,VIIRS,n,2.0NRT,298.39,4.64,D
-31.06255,-60.37001,333.46,0.4,0.37,2026-03-24,1800,N,VIIRS,n,2.0NRT,298.66,2.52,D
-31.99158,-68.36932,342.51,0.43,0.46,2026-03-24,1800,N,VIIRS,n,2.0NRT,310.97,4.47,D
-30.51477,-60.13158,332.66,0.4,0.37,2026-03-24,1800,N,VIIRS,n,2.0NRT,298.75,3.02,D
-30.5122,-60.1313,333.17,0.4,0.37,2026-03-24,1800,N,VIIRS,n,2.0NRT,298.72,2.01,D
-31.36157,-68.44389,343.57,0.43,0.46,2026-03-24,1800,N,VIIRS,l,2.0NRT,317.19,13.3,D
-30.19423,-60.1833,343.59,0.41,0.37,2026-03-24,1800,N,VIIRS,n,2.0NRT,300.67,7.81,D
-30.19548,-60.18174,343.51,0.41,0.37,2026-03-24,1800,N,VIIRS,n,2.0NRT,299.8,5.11,D
-30.19207,-60.1825,340.81,0.41,0.37,2026-03-24,1800,N,VIIRS,n,2.0NRT,300.13,5.11,D
-30.2591,-62.82303,332.92,0.39,0.36,2026-03-24,1800,N,VIIRS,n,2.0NRT,299.88,4.01,D
-33.3769,-60.14626,337.5,0.39,0.36,2026-03-24,1800,N,VIIRS,n,2.0NRT,307.37,5.54,D
-33.36888,-60.16115,349.27,0.39,0.36,2026-03-24,1800,N,VIIRS,n,2.0NRT,309.81,6.77,D
-34.85804,-57.89352,335.47,0.43,0.38,2026-03-24,1800,N,VIIRS,n,2.0NRT,297.9,2.92,D
-34.79168,-58.69841,339.3,0.41,0.37,2026-03-24,1800,N,VIIRS,n,2.0NRT,300.7,2.9,D
-33.25622,-60.2864,341.07,0.39,0.36,2026-03-24,1800,N,VIIRS,n,2.0NRT,306.7,4.26,D
-34.07024,-58.73868,333.64,0.41,0.37,2026-03-24,1800,N,VIIRS,n,2.0NRT,300.12,1.76,D
-33.88495,-66.10117,337.81,0.52,0.42,2026-03-24,1800,N,VIIRS,n,2.0NRT,302.15,3.78,D
-32.50761,-60.24223,333.33,0.39,0.36,2026-03-24,1800,N,VIIRS,n,2.0NRT,301.83,2.65,D
-34.09303,-58.87218,330.59,0.41,0.37,2026-03-24,1800,N,VIIRS,n,2.0NRT,297.98,2.78,D
-28.08004,-61.80437,326.93,0.39,0.36,2026-03-24,1802,N,VIIRS,l,2.0NRT,300.75,2.11,D
-28.07605,-61.80107,327.67,0.39,0.36,2026-03-24,1802,N,VIIRS,l,2.0NRT,302.15,2.11,D
-28.07307,-61.80905,330.82,0.39,0.36,2026-03-24,1802,N,VIIRS,l,2.0NRT,301.94,1.63,D
-28.06908,-61.80576,329.66,0.39,0.36,2026-03-24,1802,N,VIIRS,n,2.0NRT,301.93,1.72,D
-27.83486,-61.6062,356.35,0.39,0.36,2026-03-24,1802,N,VIIRS,n,2.0NRT,305.08,13.06,D
-27.83551,-61.61019,331.21,0.39,0.36,2026-03-24,1802,N,VIIRS,n,2.0NRT,300.85,2.3,D
-27.36014,-64.54845,327.82,0.4,0.37,2026-03-24,1802,N,VIIRS,n,2.0NRT,300.84,2.48,D
-25.94883,-59.06905,343.58,0.49,0.41,2026-03-24,1802,N,VIIRS,n,2.0NRT,295.27,7.51,D
-25.94973,-59.07401,331.08,0.49,0.41,2026-03-24,1802,N,VIIRS,n,2.0NRT,295.36,2.84,D
-29.19152,-57.01239,329.48,0.56,0.43,2026-03-24,1802,N,VIIRS,n,2.0NRT,299.23,2.76,D
-30.13805,-62.77981,336.8,0.39,0.36,2026-03-24,1802,N,VIIRS,n,2.0NRT,302.08,3.7,D
-30.13864,-62.78386,344.49,0.39,0.36,2026-03-24,1802,N,VIIRS,n,2.0NRT,301.81,7.25,D
-29.83189,-61.03214,328.29,0.39,0.36,2026-03-24,1802,N,VIIRS,n,2.0NRT,299.53,1.27,D
-30.04513,-62.50374,337.3,0.38,0.36,2026-03-24,1802,N,VIIRS,n,2.0NRT,300.52,2.67,D
-30.03552,-62.58728,328.07,0.39,0.36,2026-03-24,1802,N,VIIRS,l,2.0NRT,298.79,1.67,D
-30.01913,-62.56983,335.78,0.38,0.36,2026-03-24,1802,N,VIIRS,n,2.0NRT,299.57,3.2,D
-29.97879,-62.46207,328.4,0.38,0.36,2026-03-24,1802,N,VIIRS,n,2.0NRT,300.17,1.62,D
-29.94145,-62.37454,342.6,0.38,0.36,2026-03-24,1802,N,VIIRS,n,2.0NRT,301.43,7.12,D
-29.61683,-61.32755,345.95,0.39,0.36,2026-03-24,1802,N,VIIRS,n,2.0NRT,302.1,9.11,D
-29.73425,-62.41125,330.05,0.38,0.36,2026-03-24,1802,N,VIIRS,n,2.0NRT,299.95,3.08,D
-29.73486,-62.41525,332.52,0.38,0.36,2026-03-24,1802,N,VIIRS,n,2.0NRT,300.14,2.39,D
-29.72848,-62.39592,336.67,0.38,0.36,2026-03-24,1802,N,VIIRS,n,2.0NRT,302.41,3.03,D
-29.72909,-62.39992,352.48,0.38,0.36,2026-03-24,1802,N,VIIRS,n,2.0NRT,305.12,4.39,D
-29.73152,-62.41592,342.91,0.38,0.36,2026-03-24,1802,N,VIIRS,n,2.0NRT,302.17,7.83,D
-29.72514,-62.39659,332.8,0.38,0.36,2026-03-24,1802,N,VIIRS,n,2.0NRT,301.71,3.03,D
-29.72575,-62.40059,331.24,0.38,0.36,2026-03-24,1802,N,VIIRS,n,2.0NRT,301.41,4.39,D
-29.71756,-62.41458,347.48,0.38,0.36,2026-03-24,1802,N,VIIRS,n,2.0NRT,303.8,17.86,D
-29.71483,-62.41924,356.61,0.38,0.36,2026-03-24,1802,N,VIIRS,l,2.0NRT,303.82,11.22,D
-29.28843,-61.15249,331.16,0.39,0.36,2026-03-24,1802,N,VIIRS,n,2.0NRT,299.23,0.23,D
-29.40855,-62.40075,336.99,0.38,0.36,2026-03-24,1802,N,VIIRS,n,2.0NRT,304.91,9.56,D
-29.12878,-61.13924,330.14,0.39,0.36,2026-03-24,1802,N,VIIRS,n,2.0NRT,301.18,2.22,D
-28.31237,-59.36874,342.21,0.45,0.39,2026-03-24,1802,N,VIIRS,n,2.0NRT,302.76,4.11,D
-28.31135,-59.3678,333.43,0.45,0.39,2026-03-24,1802,N,VIIRS,n,2.0NRT,302.19,3.23,D
-28.26511,-59.2538,332.66,0.45,0.39,2026-03-24,1802,N,VIIRS,n,2.0NRT,302.74,4.24,D
-28.26593,-59.25842,336.45,0.45,0.39,2026-03-24,1802,N,VIIRS,n,2.0NRT,302.52,4.61,D
-29.29896,-66.7283,333.64,0.5,0.41,2026-03-24,1802,N,VIIRS,n,2.0NRT,301.95,2.53,D
-29.29942,-66.72517,331.8,0.5,0.41,2026-03-24,1802,N,VIIRS,n,2.0NRT,300.87,3.59,D
-28.37789,-60.78641,347.82,0.4,0.37,2026-03-24,1802,N,VIIRS,n,2.0NRT,303.13,3.56,D
-28.37858,-60.79055,333.91,0.4,0.37,2026-03-24,1802,N,VIIRS,n,2.0NRT,300.78,3.56,D
-28.1083,-61.69999,333.67,0.39,0.36,2026-03-24,1802,N,VIIRS,n,2.0NRT,303.46,2.59,D
-28.08546,-61.79506,343.14,0.39,0.36,2026-03-24,1802,N,VIIRS,n,2.0NRT,304.39,6.54,D
-28.0861,-61.79904,339.62,0.39,0.36,2026-03-24,1802,N,VIIRS,n,2.0NRT,302.33,6.2,D
-28.08212,-61.79575,343.22,0.39,0.36,2026-03-24,1802,N,VIIRS,n,2.0NRT,302.57,6.54,D
-28.07876,-61.79643,335.28,0.39,0.36,2026-03-24,1802,N,VIIRS,n,2.0NRT,303.01,2.49,D
-28.0794,-61.8004,329.35,0.39,0.36,2026-03-24,1802,N,VIIRS,l,2.0NRT,302.77,2.11,D
-26.6319,-66.88036,320.06,0.42,0.45,2026-03-25,0516,N,VIIRS,n,2.0NRT,277.3,0.25,N
-22.48541,-63.6072,305.47,0.49,0.41,2026-03-25,0516,N,VIIRS,n,2.0NRT,281.72,0.04,N
-27.95135,-60.44172,308.68,0.39,0.36,2026-03-25,0516,N,VIIRS,n,2.0NRT,286.77,0.14,N
-22.87151,-63.18084,299.43,0.47,0.39,2026-03-25,0516,N,VIIRS,n,2.0NRT,287.26,0.43,N
-23.05746,-62.7256,307.83,0.44,0.39,2026-03-25,0516,N,VIIRS,n,2.0NRT,284.1,0.06,N
-23.24869,-64.5666,317.52,0.54,0.42,2026-03-25,0516,N,VIIRS,n,2.0NRT,278.87,0.16,N
-24.22249,-64.04801,296.68,0.49,0.4,2026-03-25,0516,N,VIIRS,n,2.0NRT,282.46,0.16,N
-25.2099,-59.40284,318.93,0.39,0.36,2026-03-25,0516,N,VIIRS,n,2.0NRT,288.29,0.04,N
-24.21847,-65.47143,304.13,0.39,0.44,2026-03-25,0516,N,VIIRS,n,2.0NRT,270.08,0.31,N
-26.07085,-53.90607,322.87,0.45,0.47,2026-03-25,0516,N,VIIRS,n,2.0NRT,289.64,0.09,N
-24.53885,-65.93545,313.36,0.41,0.45,2026-03-25,0516,N,VIIRS,n,2.0NRT,276.2,0.29,N
-26.45452,-54.4557,299.4,0.42,0.45,2026-03-25,0516,N,VIIRS,n,2.0NRT,284.63,0.77,N
-26.59748,-53.79873,310.19,0.46,0.47,2026-03-25,0516,N,VIIRS,n,2.0NRT,289.54,1.54,N
-26.59802,-53.79391,312.44,0.46,0.47,2026-03-25,0516,N,VIIRS,n,2.0NRT,289.34,1.54,N
-25.94264,-59.07287,299.01,0.4,0.37,2026-03-25,0516,N,VIIRS,n,2.0NRT,287.65,0.28,N
-25.3584,-62.69841,297.54,0.42,0.38,2026-03-25,0516,N,VIIRS,n,2.0NRT,283.36,0.18,N
-25.987,-59.40084,300.59,0.39,0.36,2026-03-25,0516,N,VIIRS,n,2.0NRT,288.15,0.41,N
-26.68778,-54.68439,308.33,0.41,0.45,2026-03-25,0516,N,VIIRS,n,2.0NRT,289.28,0.33,N
-25.46152,-63.39032,311.29,0.44,0.39,2026-03-25,0516,N,VIIRS,n,2.0NRT,285.59,1.57,N
-25.46506,-63.39109,299.41,0.44,0.39,2026-03-25,0516,N,VIIRS,n,2.0NRT,285.11,0.73,N
-25.27448,-66.11074,299.35,0.4,0.44,2026-03-25,0516,N,VIIRS,n,2.0NRT,282.3,0.13,N
-25.89143,-62.92912,298.71,0.42,0.38,2026-03-25,0516,N,VIIRS,n,2.0NRT,278.96,0.46,N
-27.29389,-55.46142,304.88,0.56,0.43,2026-03-25,0516,N,VIIRS,n,2.0NRT,288.73,0.07,N
-26.71858,-60.24215,299.41,0.39,0.36,2026-03-25,0516,N,VIIRS,n,2.0NRT,288.04,0.09,N
-26.54482,-61.43882,298.57,0.39,0.36,2026-03-25,0516,N,VIIRS,n,2.0NRT,286.46,0.06,N
-27.48003,-63.58186,299.46,0.43,0.38,2026-03-25,0516,N,VIIRS,n,2.0NRT,286.47,0.05,N
-26.61375,-61.46455,300.65,0.39,0.36,2026-03-25,0516,N,VIIRS,n,2.0NRT,287.71,0.23,N
-26.88255,-59.92016,301.52,0.39,0.36,2026-03-25,0516,N,VIIRS,n,2.0NRT,288.62,0.2,N
-26.81797,-61.32369,309.23,0.39,0.36,2026-03-25,0516,N,VIIRS,n,2.0NRT,286.4,0.07,N
-26.3039,-64.72881,298.58,0.49,0.41,2026-03-25,0516,N,VIIRS,n,2.0NRT,287.94,0.17,N
-27.55685,-57.25547,299.11,0.47,0.39,2026-03-25,0516,N,VIIRS,n,2.0NRT,288.03,0.17,N
-26.78307,-62.77364,296.46,0.41,0.37,2026-03-25,0516,N,VIIRS,n,2.0NRT,283.95,0.06,N
-27.06715,-61.95295,296.9,0.39,0.36,2026-03-25,0516,N,VIIRS,n,2.0NRT,284.33,0.06,N
-27.58058,-59.73661,316.96,0.39,0.36,2026-03-25,0516,N,VIIRS,n,2.0NRT,290.61,0.21,N
-34.15757,-58.94865,299.12,0.46,0.39,2026-03-25,0518,N,VIIRS,n,2.0NRT,288.2,1.14,N
-34.85789,-57.89166,327.17,0.52,0.41,2026-03-25,0518,N,VIIRS,n,2.0NRT,289.82,3.59,N
-34.8861,-57.91999,298.79,0.52,0.41,2026-03-25,0518,N,VIIRS,n,2.0NRT,287.87,1.64,N
-33.78383,-65.43565,297.8,0.43,0.38,2026-03-25,0518,N,VIIRS,n,2.0NRT,283.96,0.5,N
-28.25501,-61.28387,335.42,0.38,0.36,2026-03-25,0518,N,VIIRS,n,2.0NRT,286,3.34,N
-28.25438,-61.28779,353.35,0.38,0.36,2026-03-25,0518,N,VIIRS,n,2.0NRT,288.55,9.17,N
-29.83603,-62.73216,316.8,0.39,0.36,2026-03-25,0518,N,VIIRS,n,2.0NRT,287.54,0.46,N
-29.83267,-62.73141,299.9,0.39,0.36,2026-03-25,0518,N,VIIRS,n,2.0NRT,288.09,0.3,N
-29.89318,-61.63634,295.49,0.38,0.36,2026-03-25,0518,N,VIIRS,n,2.0NRT,282.33,0.06,N
-29.09,-64.92534,299.55,0.46,0.39,2026-03-25,0518,N,VIIRS,n,2.0NRT,286.35,0.18,N
-31.21606,-58.38905,295.92,0.45,0.39,2026-03-25,0518,N,VIIRS,n,2.0NRT,283.85,0.11,N
-31.37344,-58.08044,311.42,0.47,0.4,2026-03-25,0518,N,VIIRS,n,2.0NRT,283.83,0.58,N
-30.62492,-65.96095,297.46,0.49,0.4,2026-03-25,0518,N,VIIRS,n,2.0NRT,285.96,0.05,N
-31.60805,-60.71217,310.14,0.39,0.36,2026-03-25,0518,N,VIIRS,n,2.0NRT,283.79,0.06,N
-31.65131,-60.79642,295.64,0.39,0.36,2026-03-25,0518,N,VIIRS,n,2.0NRT,282.67,0.09,N
-31.05416,-64.49846,297.96,0.42,0.38,2026-03-25,0518,N,VIIRS,n,2.0NRT,283.14,0.12,N
-31.40907,-63.16808,295.39,0.39,0.36,2026-03-25,0518,N,VIIRS,n,2.0NRT,284.33,0.12,N
-31.48311,-64.3538,299.83,0.42,0.37,2026-03-25,0518,N,VIIRS,n,2.0NRT,288.09,0.56,N
-31.48463,-64.35179,298.84,0.42,0.37,2026-03-25,0518,N,VIIRS,n,2.0NRT,286.1,0.4,N
-32.30985,-59.78489,300.41,0.42,0.37,2026-03-25,0518,N,VIIRS,n,2.0NRT,280.44,0.05,N
-31.85997,-63.11467,312.84,0.39,0.36,2026-03-25,0518,N,VIIRS,n,2.0NRT,283.96,0.12,N
-31.85513,-64.20551,298.3,0.41,0.37,2026-03-25,0518,N,VIIRS,n,2.0NRT,284.01,0.1,N
-31.07513,-69.38155,302.99,0.48,0.48,2026-03-25,0518,N,VIIRS,n,2.0NRT,283.72,0.09,N
-31.08065,-69.37756,322.88,0.48,0.48,2026-03-25,0518,N,VIIRS,n,2.0NRT,283.79,0.09,N
-33.25639,-60.28734,328.85,0.41,0.37,2026-03-25,0518,N,VIIRS,n,2.0NRT,290.25,3.21,N
-33.25701,-60.28291,326.65,0.41,0.37,2026-03-25,0518,N,VIIRS,n,2.0NRT,288.02,3.18,N
-33.36137,-60.15501,304.55,0.41,0.37,2026-03-25,0518,N,VIIRS,n,2.0NRT,287.61,0.79,N
-33.36198,-60.15054,297.62,0.41,0.37,2026-03-25,0518,N,VIIRS,n,2.0NRT,287.42,0.79,N
-33.3626,-60.14605,307.45,0.41,0.37,2026-03-25,0518,N,VIIRS,n,2.0NRT,289.27,0.81,N
-33.36606,-60.14674,301.06,0.41,0.37,2026-03-25,0518,N,VIIRS,n,2.0NRT,286.49,0.81,N
-33.36766,-60.16087,335.06,0.41,0.37,2026-03-25,0518,N,VIIRS,n,2.0NRT,289.02,2.36,N
-33.37112,-60.16156,305.44,0.41,0.37,2026-03-25,0518,N,VIIRS,n,2.0NRT,287.4,2.36,N
-33.37174,-60.15709,307.13,0.41,0.37,2026-03-25,0518,N,VIIRS,n,2.0NRT,288.46,1.2,N
-33.37706,-60.14432,306.64,0.41,0.37,2026-03-25,0518,N,VIIRS,n,2.0NRT,287.2,1.3,N
-34.6251,-58.96892,311.55,0.46,0.39,2026-03-25,0518,N,VIIRS,n,2.0NRT,281.9,0.96,N
-29.24191,-67.60342,296.75,0.41,0.45,2026-03-25,0518,N,VIIRS,n,2.0NRT,285.49,0.16,N
-30.77275,-58.09562,295.27,0.46,0.39,2026-03-25,0518,N,VIIRS,n,2.0NRT,283.32,0.27,N
-29.68487,-61.336,316.39,0.38,0.36,2026-03-25,0518,N,VIIRS,n,2.0NRT,283.71,0.08,N
-28.77125,-65.63793,313.14,0.5,0.41,2026-03-25,0518,N,VIIRS,n,2.0NRT,283.3,0.04,N
-29.54911,-60.82074,313.52,0.39,0.36,2026-03-25,0518,N,VIIRS,n,2.0NRT,284.75,1.13,N
-28.93818,-61.70758,296.63,0.39,0.36,2026-03-25,0518,N,VIIRS,n,2.0NRT,285.33,0.19,N
-29.08669,-60.60975,297.46,0.39,0.36,2026-03-25,0518,N,VIIRS,n,2.0NRT,285.72,0.15,N
-28.21669,-64.26254,307,0.45,0.39,2026-03-25,0518,N,VIIRS,n,2.0NRT,285.18,0.04,N
-27.88457,-63.9486,308.32,0.44,0.38,2026-03-25,0518,N,VIIRS,n,2.0NRT,287.52,2.03,N
-34.65229,-63.48569,296.12,0.39,0.36,2026-03-25,0521,N,VIIRS,n,2.0NRT,284.57,0.08,N
-34.53228,-64.37273,302.2,0.4,0.37,2026-03-25,0521,N,VIIRS,n,2.0NRT,284.04,0.12,N
-34.3812,-67.92329,298.85,0.52,0.42,2026-03-25,0521,N,VIIRS,n,2.0NRT,282.54,0.04,N
-34.33798,-68.91666,296.86,0.39,0.44,2026-03-25,0521,N,VIIRS,n,2.0NRT,276.64,0.07,N
-38.2178,-68.63992,322.93,0.48,0.4,2026-03-25,0521,N,VIIRS,n,2.0NRT,279.97,1.68,N
-35.22203,-69.3707,309.52,0.39,0.44,2026-03-25,0521,N,VIIRS,n,2.0NRT,279.33,0.06,N
-36.38239,-63.41121,297.85,0.38,0.36,2026-03-25,0521,N,VIIRS,n,2.0NRT,282.29,0.25,N
-36.9829,-60.24428,298.82,0.44,0.38,2026-03-25,0521,N,VIIRS,n,2.0NRT,285.06,0.67,N
-36.98437,-60.24628,303.49,0.44,0.38,2026-03-25,0521,N,VIIRS,n,2.0NRT,283.78,1.01,N
-37.03979,-60.29832,301.07,0.44,0.38,2026-03-25,0521,N,VIIRS,n,2.0NRT,284.36,1.12,N
-37.08669,-69.47897,314.94,0.55,0.43,2026-03-25,0521,N,VIIRS,n,2.0NRT,277.69,2.4,N
-37.42746,-69.17384,325.59,0.53,0.42,2026-03-25,0521,N,VIIRS,n,2.0NRT,278.32,3.29,N
-37.71106,-69.14353,299.31,0.52,0.41,2026-03-25,0521,N,VIIRS,n,2.0NRT,276.34,0.64,N
-37.71228,-69.13763,300.64,0.52,0.41,2026-03-25,0521,N,VIIRS,n,2.0NRT,276.36,1.05,N
-38.01356,-68.59924,314.13,0.49,0.4,2026-03-25,0521,N,VIIRS,n,2.0NRT,279.81,2.69,N
-38.01465,-68.59372,310.15,0.49,0.4,2026-03-25,0521,N,VIIRS,n,2.0NRT,279.1,1.59,N
-38.01126,-68.59389,311.11,0.49,0.4,2026-03-25,0521,N,VIIRS,n,2.0NRT,278.51,1.24,N
-38.28577,-68.74973,313.91,0.49,0.4,2026-03-25,0521,N,VIIRS,n,2.0NRT,278.03,1.5,N
-38.49142,-69.46978,302.58,0.52,0.41,2026-03-25,0521,N,VIIRS,n,2.0NRT,279.81,1.02,N
-38.69856,-68.70576,308.73,0.48,0.4,2026-03-25,0521,N,VIIRS,n,2.0NRT,277.15,1.08,N
-38.49759,-68.32667,306.71,0.47,0.4,2026-03-25,0521,N,VIIRS,n,2.0NRT,279.72,0.89,N
-38.7429,-68.83732,301.73,0.48,0.4,2026-03-25,0521,N,VIIRS,n,2.0NRT,276.37,0.81,N
-40.75946,-64.90732,304.75,0.38,0.36,2026-03-25,0521,N,VIIRS,n,2.0NRT,282.6,1.05,N
-38.49611,-68.32781,312.71,0.47,0.4,2026-03-25,0521,N,VIIRS,n,2.0NRT,279.28,1.04,N
-38.81378,-67.77879,305.74,0.44,0.39,2026-03-25,0521,N,VIIRS,n,2.0NRT,276.58,1.13,N
-38.49045,-69.46861,309.95,0.52,0.41,2026-03-25,0521,N,VIIRS,n,2.0NRT,279.51,1.76,N
-38.48766,-69.46844,298.44,0.52,0.41,2026-03-25,0521,N,VIIRS,n,2.0NRT,279.4,1,N
-38.01382,-68.60059,301.78,0.49,0.4,2026-03-25,0521,N,VIIRS,n,2.0NRT,278.03,1.24,N
-38.01494,-68.59509,306.3,0.49,0.4,2026-03-25,0521,N,VIIRS,n,2.0NRT,279.49,1.24,N
-38.15525,-68.69543,310.47,0.49,0.4,2026-03-25,0521,N,VIIRS,n,2.0NRT,279.63,1.93,N
-38.21738,-68.63843,327.72,0.49,0.4,2026-03-25,0521,N,VIIRS,n,2.0NRT,279.42,2.12,N
